{"type": "FeatureCollection", "features": [{"type": "Feature", "id": 945, "geometry": {"type": "LineString", "coordinates": [[-69.5816908189952, 44.0955448887061], [-69.5817418475914, 44.0957520929525], [-69.581782347964, 44.0960475205307], [-69.5818920936538, 44.0964979391017], [-69.5819019406994, 44.0972663422548], [-69.5818961763645, 44.09730278113]]}, "properties": {"OBJECTID": 945, "SOURCE_OF_DATA": "ngesi.maine.gov", "DATEUPDATE": 1699460411000, "EFFECTIVE": 1369612800000, "EXPIRE": null, "RCL_UID": "urn:emergency:uid:gis:RCL:74205:ngesi.maine.gov", "L_ADD_PRE": "", "L_ADD_FROM": 2, "L_ADD_TO": 24, "R_ADD_PRE": "", "R_ADD_FROM": 1, "R_ADD_TO": 23, "LPARITY": "E", "RPARITY": "O", "ST_PREMOD": "", "ST_PREDIR": "", "ST_PRETYP": "", "ST_PRESEP": "", "ST_NAME": "Happy Valley", "ST_POSTTYP": "Road", "ST_POSTDIR": "", "ST_POSTMOD": "", "ST_FULLNAME": "Happy Valley Road", "DIRTRAVEL": null, "PREDIR": "", "STREETNAME": "Happy Valley", "SUFFIX": "Rd", "POSTDIR": "", "RDNAME": "Happy Valley Rd", "LESN": "142", "RESN": "142", "LMSAGCOMM": "Newcastle", "RMSAGCOMM": "Newcastle", "LMSAG_CODE": "2315", "RMSAG_CODE": "2315", "LCOUNTRY": "US", "RCOUNTRY": "US", "LSTATE": "ME", "RSTATE": "ME", "LCOUNTY": "Lincoln County", "RCOUNTY": "Lincoln County", "LCITY": "Newcastle", "RCITY": "Newcastle", "L_A4": null, "R_A4": null, "L_A5": null, "R_A5": null, "LPOSTCOMM": "Newcastle", "RPOSTCOMM": "Newcastle", "LZIPCODE": "04553", "RZIPCODE": "04553", "RDCLASS": "Local", "MDOTJURIS": "Townway", "ONEWAY": "B", "SPEED": 35, "LVALID": "N", "RVALID": "N", "TOWN": "Newcastle", "ROUTE_NUM": "", "MAP_LABEL": "Happy Valley Rd", "SOURCE": "43", "FEET": 645, "MINUTES": 0.20938579, "PSAP": "Lincoln RCC", "GEONAMEID": 24121, "SEGMENTID": 74205, "MCODE": 440, "LGEOCODE": "15110", "RGEOCODE": "15110", "GC_EXCEPTION": null, "AMUPDDAT": 1699460411000, "AMUPDORG": "es.ngesi.maine.gov", "FMUPDDAT": 1295339780000, "FMUPDORG": "jt.ngesi.maine.gov", "CREATDAT": 1295339780000, "CREATORG": "jt.ngesi.maine.gov", "GlobalID": "1d8ea693-48cc-4848-b46b-737c67d710cf", "Shape__Length": 196.56842075308685}}, {"type": "Feature", "id": 992, "geometry": {"type": "LineString", "coordinates": [[-69.56044786162, 44.0963104325944], [-69.5602710496999, 44.0965686874352], [-69.5600569148943, 44.0968741404217], [-69.5598333888905, 44.0972093500436], [-69.5596302038273, 44.0975344208454], [-69.559427621313, 44.0978202787617], [-69.559233743045, 44.0980688378694], [-69.5590925147154, 44.098231643263]]}, "properties": {"OBJECTID": 992, "SOURCE_OF_DATA": "ngesi.maine.gov", "DATEUPDATE": 1704304429000, "EFFECTIVE": 1369612800000, "EXPIRE": null, "RCL_UID": "urn:emergency:uid:gis:RCL:64660:ngesi.maine.gov", "L_ADD_PRE": "", "L_ADD_FROM": 170, "L_ADD_TO": 200, "R_ADD_PRE": "", "R_ADD_FROM": 169, "R_ADD_TO": 199, "LPARITY": "E", "RPARITY": "O", "ST_PREMOD": "", "ST_PREDIR": "", "ST_PRETYP": "", "ST_PRESEP": "", "ST_NAME": "Ridge", "ST_POSTTYP": "Road", "ST_POSTDIR": "", "ST_POSTMOD": "", "ST_FULLNAME": "Ridge Road", "DIRTRAVEL": null, "PREDIR": "", "STREETNAME": "Ridge", "SUFFIX": "Rd", "POSTDIR": "", "RDNAME": "Ridge Rd", "LESN": "142", "RESN": "142", "LMSAGCOMM": "Newcastle", "RMSAGCOMM": "Newcastle", "LMSAG_CODE": "2315", "RMSAG_CODE": "2315", "LCOUNTRY": "US", "RCOUNTRY": "US", "LSTATE": "ME", "RSTATE": "ME", "LCOUNTY": "Lincoln County", "RCOUNTY": "Lincoln County", "LCITY": "Newcastle", "RCITY": "Newcastle", "L_A4": null, "R_A4": null, "L_A5": null, "R_A5": null, "LPOSTCOMM": "Newcastle", "RPOSTCOMM": "Newcastle", "LZIPCODE": "04553", "RZIPCODE": "04553", "RDCLASS": "Secondary", "MDOTJURIS": "State Aid", "ONEWAY": "B", "SPEED": 45, "LVALID": "N", "RVALID": "N", "TOWN": "Newcastle", "ROUTE_NUM": "215", "MAP_LABEL": "Ridge Rd - Route 215", "SOURCE": "43", "FEET": 786, "MINUTES": 0.19847011, "PSAP": "Lincoln RCC", "GEONAMEID": 48188, "SEGMENTID": 64660, "MCODE": 440, "LGEOCODE": "15110", "RGEOCODE": "15110", "GC_EXCEPTION": null, "AMUPDDAT": 1704304429000, "AMUPDORG": "es.ngesi.maine.gov", "FMUPDDAT": 1271063066000, "FMUPDORG": "jt.ngesi.maine.gov", "CREATDAT": 1271063066000, "CREATORG": "jt.ngesi.maine.gov", "GlobalID": "a1330c58-d75b-4788-9275-178084afcb3d", "Shape__Length": 239.55548656136773}}, {"type": "Feature", "id": 1026, "geometry": {"type": "LineString", "coordinates": [[-69.5334197254931, 44.0855333763839], [-69.5346229267991, 44.0857053797226], [-69.5347467258511, 44.0857347635325], [-69.5348687249614, 44.0857653800921], [-69.5349730012592, 44.0858225043791], [-69.5350756321895, 44.0858786008895], [-69.5353506841938, 44.0860271283185], [-69.5356279400261, 44.0861761039203], [-69.5359087799698, 44.0863248369489], [-69.5361876507996, 44.0864725251309], [-69.536470115964, 44.086619718572], [-69.5367902361426, 44.0867233291938], [-69.5368863733556, 44.0867447196116], [-69.5369925360248, 44.0867628036104], [-69.537099592745, 44.0867692509652], [-69.5372055246068, 44.0867756224785], [-69.5375372132644, 44.0867909166619], [-69.5378671938813, 44.0868230902214], [-69.538191828484, 44.0868607530511], [-69.538525036112, 44.0869029572587], [-69.5385910768105, 44.0869250192991], [-69.5386543989362, 44.0869461937827], [-69.5387048292372, 44.086990648686], [-69.5387487815681, 44.0870342607884], [-69.5387861537813, 44.0870767874883], [-69.5388144010898, 44.0871227334707], [-69.5388827884272, 44.0872339985697], [-69.5389284541869, 44.0873479727803], [-69.5389486679723, 44.0874679912494], [-69.5389515068951, 44.0875894241746], [-69.5389101307441, 44.0877126682664], [-69.5387111889783, 44.0883051631916], [-69.5385288915823, 44.0889028462197], [-69.5384503800858, 44.0892110050398], [-69.5384449296962, 44.0892380948183], [-69.5384407094463, 44.0892603349928], [-69.5384462982625, 44.0892829250856], [-69.5384531451909, 44.0893106321585], [-69.5384617000102, 44.0893283194488], [-69.5384913530326, 44.0893404872763], [-69.5385257204348, 44.0893545866027], [-69.5385526651191, 44.0893656327575], [-69.5385764752811, 44.089375397199], [-69.538603585706, 44.0893730455656], [-69.5386405568017, 44.0893698461378], [-69.5386782268211, 44.0893665803792], [-69.5387089388212, 44.089363293397], [-69.5387413053467, 44.089359251326], [-69.5389148041469, 44.0893183050935], [-69.5390888177606, 44.0892653006734], [-69.5392581494996, 44.0892332238813], [-69.5393020587238, 44.0892306217258], [-69.5393455184304, 44.0892280396823], [-69.5393755858316, 44.0892280597958], [-69.5394201682593, 44.0892335574379], [-69.539459773451, 44.0892384393259], [-69.5394932519393, 44.0892481759307], [-69.5395202017958, 44.0892693956262], [-69.5395502845326, 44.0892930854464], [-69.5395681234842, 44.0893220460274], [-69.5395807513702, 44.0893535251466], [-69.5395726465759, 44.0894183515787], [-69.5395483841924, 44.0894770329971], [-69.5395208579929, 44.0895394572123], [-69.5394949789183, 44.0895975700379], [-69.5394597362757, 44.0896562582687], [-69.5394257610854, 44.0897128427217], [-69.539336386645, 44.0898616849946], [-69.5390869286631, 44.0905687074036], [-69.5390668695393, 44.0906996658127], [-69.5390704664606, 44.0908302334946], [-69.5390830794133, 44.0909604525173], [-69.5391034728892, 44.0910918232645], [-69.5391227701321, 44.0912015191022], [-69.5392001952825, 44.0913829854463], [-69.5393117987793, 44.0914434383853]]}, "properties": {"OBJECTID": 1026, "SOURCE_OF_DATA": "ngesi.maine.gov", "DATEUPDATE": 1699460412000, "EFFECTIVE": 1369612800000, "EXPIRE": null, "RCL_UID": "urn:emergency:uid:gis:RCL:61457:ngesi.maine.gov", "L_ADD_PRE": "", "L_ADD_FROM": 2, "L_ADD_TO": 150, "R_ADD_PRE": "", "R_ADD_FROM": 1, "R_ADD_TO": 149, "LPARITY": "E", "RPARITY": "O", "ST_PREMOD": "", "ST_PREDIR": "", "ST_PRETYP": "", "ST_PRESEP": "", "ST_NAME": "Hunt Hill", "ST_POSTTYP": "Road", "ST_POSTDIR": "", "ST_POSTMOD": "", "ST_FULLNAME": "Hunt Hill Road", "DIRTRAVEL": null, "PREDIR": "", "STREETNAME": "Hunt Hill", "SUFFIX": "Rd", "POSTDIR": "", "RDNAME": "Hunt Hill Rd", "LESN": "142", "RESN": "142", "LMSAGCOMM": "Newcastle", "RMSAGCOMM": "Newcastle", "LMSAG_CODE": "2315", "RMSAG_CODE": "2315", "LCOUNTRY": "US", "RCOUNTRY": "US", "LSTATE": "ME", "RSTATE": "ME", "LCOUNTY": "Lincoln County", "RCOUNTY": "Lincoln County", "LCITY": "Newcastle", "RCITY": "Newcastle", "L_A4": null, "R_A4": null, "L_A5": null, "R_A5": null, "LPOSTCOMM": "Newcastle", "RPOSTCOMM": "Newcastle", "LZIPCODE": "04553", "RZIPCODE": "04553", "RDCLASS": "Private", "MDOTJURIS": "Private", "ONEWAY": "B", "SPEED": 25, "LVALID": "N", "RVALID": "N", "TOWN": "Newcastle", "ROUTE_NUM": "", "MAP_LABEL": "Hunt Hill Rd", "SOURCE": "14", "FEET": 3538, "MINUTES": 1.60797969, "PSAP": "Lincoln RCC", "GEONAMEID": 27544, "SEGMENTID": 61457, "MCODE": 440, "LGEOCODE": "15110", "RGEOCODE": "15110", "GC_EXCEPTION": null, "AMUPDDAT": 1699460412000, "AMUPDORG": "es.ngesi.maine.gov", "FMUPDDAT": 1271067694000, "FMUPDORG": "jt.ngesi.maine.gov", "CREATDAT": 1271067694000, "CREATORG": "jt.ngesi.maine.gov", "GlobalID": "26a43c13-2e0e-4a02-85b4-a0707b9534b2", "Shape__Length": 1078.2490199136726}}, {"type": "Feature", "id": 1032, "geometry": {"type": "LineString", "coordinates": [[-69.5259987191367, 44.0595574582301], [-69.5261452889016, 44.0595903840539], [-69.5263141531543, 44.0596256199017], [-69.5265276413104, 44.0596553378513], [-69.5267328929262, 44.0596727857217], [-69.5270326702669, 44.0596943349395], [-69.5272252329566, 44.0597239860491], [-69.5274209407846, 44.0597633279841], [-69.5276013251454, 44.05982750871], [-69.5277502702158, 44.0598915282628], [-69.5279058073163, 44.0599765581157], [-69.5280754728054, 44.0600960775158], [-69.5282227156964, 44.0602325186871], [-69.5283110580435, 44.0603456971476], [-69.5283697345597, 44.0604531965363], [-69.5284303310997, 44.0606066853952], [-69.5284296907459, 44.060759287021], [-69.528433339781, 44.0609337110566], [-69.5284870107179, 44.0610651105465], [-69.5285713440606, 44.0611807742649], [-69.5286930685014, 44.061300208389], [-69.5288032353287, 44.0613920014132], [-69.5288711264835, 44.0614460046832], [-69.5289339533532, 44.0614907308446], [-69.5290056857085, 44.0615231801157], [-69.5290780145253, 44.0615440842195], [-69.5291343584669, 44.0615618300886], [-69.5291780969058, 44.0615661292142], [-69.5292592910773, 44.0615702548191], [-69.5293153807339, 44.061559451993], [-69.529367091079, 44.0615518116171], [-69.5294468389561, 44.0615309503492], [-69.529536382023, 44.0615010042125], [-69.5300290494438, 44.0612174714771]]}, "properties": {"OBJECTID": 1032, "SOURCE_OF_DATA": "ngesi.maine.gov", "DATEUPDATE": 1697646773000, "EFFECTIVE": 1369612800000, "EXPIRE": null, "RCL_UID": "urn:emergency:uid:gis:RCL:64676:ngesi.maine.gov", "L_ADD_PRE": "", "L_ADD_FROM": 2, "L_ADD_TO": 64, "R_ADD_PRE": "", "R_ADD_FROM": 1, "R_ADD_TO": 63, "LPARITY": "E", "RPARITY": "O", "ST_PREMOD": "", "ST_PREDIR": "", "ST_PRETYP": "", "ST_PRESEP": "", "ST_NAME": "Austin", "ST_POSTTYP": "Road", "ST_POSTDIR": "", "ST_POSTMOD": "", "ST_FULLNAME": "Austin Road", "DIRTRAVEL": null, "PREDIR": "", "STREETNAME": "Austin", "SUFFIX": "Rd", "POSTDIR": "", "RDNAME": "Austin Rd", "LESN": "142", "RESN": "142", "LMSAGCOMM": "Newcastle", "RMSAGCOMM": "Newcastle", "LMSAG_CODE": "2315", "RMSAG_CODE": "2315", "LCOUNTRY": "US", "RCOUNTRY": "US", "LSTATE": "ME", "RSTATE": "ME", "LCOUNTY": "Lincoln County", "RCOUNTY": "Lincoln County", "LCITY": "Newcastle", "RCITY": "Newcastle", "L_A4": null, "R_A4": null, "L_A5": null, "R_A5": null, "LPOSTCOMM": "Newcastle", "RPOSTCOMM": "Newcastle", "LZIPCODE": "04553", "RZIPCODE": "04553", "RDCLASS": "Secondary", "MDOTJURIS": "State Aid", "ONEWAY": "TF", "SPEED": 45, "LVALID": "N", "RVALID": "N", "TOWN": "Newcastle", "ROUTE_NUM": "215", "MAP_LABEL": "Austin Rd - Route 215", "SOURCE": "43", "FEET": 1504, "MINUTES": 0.37992026, "PSAP": "Lincoln RCC", "GEONAMEID": 2348, "SEGMENTID": 64676, "MCODE": 440, "LGEOCODE": "15110", "RGEOCODE": "15110", "GC_EXCEPTION": null, "AMUPDDAT": 1697646773000, "AMUPDORG": "es.ngesi.maine.gov", "FMUPDDAT": 1518449605000, "FMUPDORG": "es.ngesi.maine.gov", "CREATDAT": 1518449605000, "CREATORG": "es.ngesi.maine.gov", "GlobalID": "05f00b6f-86e5-4b25-827d-d128bd15c7d9", "Shape__Length": 458.5677091935313}}, {"type": "Feature", "id": 1062, "geometry": {"type": "LineString", "coordinates": [[-69.5737933051757, 44.0941920804412], [-69.573932940678, 44.0940880296277], [-69.5741469468454, 44.0938564506375], [-69.5747930228255, 44.093278554263], [-69.5753004200007, 44.0928654206293], [-69.5757808386165, 44.0925719491567], [-69.5761052990063, 44.092380063702], [-69.5764212623909, 44.0922203081316], [-69.5767110908583, 44.0921004424092], [-69.5768825582531, 44.0920413070434], [-69.5771900285988, 44.0919656024889], [-69.577383830086, 44.0919538732183], [-69.5775738115167, 44.0919680835777], [-69.577827827234, 44.0920168757638], [-69.5780804278442, 44.092048595189], [-69.5783561670104, 44.0920639368722], [-69.578564995793, 44.0920610878578], [-69.5786876519096, 44.0920516613673]]}, "properties": {"OBJECTID": 1062, "SOURCE_OF_DATA": "ngesi.maine.gov", "DATEUPDATE": 1704304430000, "EFFECTIVE": 1369612800000, "EXPIRE": null, "RCL_UID": "urn:emergency:uid:gis:RCL:74209:ngesi.maine.gov", "L_ADD_PRE": "", "L_ADD_FROM": 148, "L_ADD_TO": 210, "R_ADD_PRE": "", "R_ADD_FROM": 147, "R_ADD_TO": 209, "LPARITY": "E", "RPARITY": "O", "ST_PREMOD": "", "ST_PREDIR": "", "ST_PRETYP": "", "ST_PRESEP": "", "ST_NAME": "Hassan", "ST_POSTTYP": "Avenue", "ST_POSTDIR": "", "ST_POSTMOD": "", "ST_FULLNAME": "Hassan Avenue", "DIRTRAVEL": null, "PREDIR": "", "STREETNAME": "Hassan", "SUFFIX": "Ave", "POSTDIR": "", "RDNAME": "Hassan Ave", "LESN": "142", "RESN": "142", "LMSAGCOMM": "Newcastle", "RMSAGCOMM": "Newcastle", "LMSAG_CODE": "2315", "RMSAG_CODE": "2315", "LCOUNTRY": "US", "RCOUNTRY": "US", "LSTATE": "ME", "RSTATE": "ME", "LCOUNTY": "Lincoln County", "RCOUNTY": "Lincoln County", "LCITY": "Newcastle", "RCITY": "Newcastle", "L_A4": null, "R_A4": null, "L_A5": null, "R_A5": null, "LPOSTCOMM": "Newcastle", "RPOSTCOMM": "Newcastle", "LZIPCODE": "04553", "RZIPCODE": "04553", "RDCLASS": "Local", "MDOTJURIS": "Townway", "ONEWAY": "B", "SPEED": 35, "LVALID": "N", "RVALID": "N", "TOWN": "Newcastle", "ROUTE_NUM": "", "MAP_LABEL": "Hassan Ave", "SOURCE": "43", "FEET": 1623, "MINUTES": 0.52700652, "PSAP": "Lincoln RCC", "GEONAMEID": 24705, "SEGMENTID": 74209, "MCODE": 440, "LGEOCODE": "15110", "RGEOCODE": "15110", "GC_EXCEPTION": null, "AMUPDDAT": 1704304430000, "AMUPDORG": "es.ngesi.maine.gov", "FMUPDDAT": 1295346040000, "FMUPDORG": "jt.ngesi.maine.gov", "CREATDAT": 1295346040000, "CREATORG": "jt.ngesi.maine.gov", "GlobalID": "1a16c5c4-fc6e-413a-b139-9452b8f7c3fc", "Shape__Length": 494.74627416083445}}, {"type": "Feature", "id": 1108, "geometry": {"type": "LineString", "coordinates": [[-69.5923188373851, 44.0618824005899], [-69.5921700691407, 44.0618473562506], [-69.5919650402743, 44.0618323836967], [-69.5917785438218, 44.0618215103678], [-69.5916658813517, 44.0618149361636], [-69.5915244464064, 44.0618153624043], [-69.5913899124833, 44.0618091532587], [-69.5913176578265, 44.0618242748083], [-69.5912476227672, 44.0618516564559]]}, "properties": {"OBJECTID": 1108, "SOURCE_OF_DATA": "ngesi.maine.gov", "DATEUPDATE": 1740151553000, "EFFECTIVE": 1369612800000, "EXPIRE": null, "RCL_UID": "urn:emergency:uid:gis:RCL:122529:ngesi.maine.gov", "L_ADD_PRE": "", "L_ADD_FROM": 2, "L_ADD_TO": 30, "R_ADD_PRE": "", "R_ADD_FROM": 1, "R_ADD_TO": 29, "LPARITY": "E", "RPARITY": "O", "ST_PREMOD": "", "ST_PREDIR": "", "ST_PRETYP": "", "ST_PRESEP": "", "ST_NAME": "Mandys", "ST_POSTTYP": "Way", "ST_POSTDIR": "", "ST_POSTMOD": "", "ST_FULLNAME": "Mandys Way", "DIRTRAVEL": null, "PREDIR": "", "STREETNAME": "Mandys", "SUFFIX": "Way", "POSTDIR": "", "RDNAME": "Mandys Way", "LESN": "142", "RESN": "142", "LMSAGCOMM": "Newcastle", "RMSAGCOMM": "Newcastle", "LMSAG_CODE": "2315", "RMSAG_CODE": "2315", "LCOUNTRY": "US", "RCOUNTRY": "US", "LSTATE": "ME", "RSTATE": "ME", "LCOUNTY": "Lincoln County", "RCOUNTY": "Lincoln County", "LCITY": "Newcastle", "RCITY": "Newcastle", "L_A4": null, "R_A4": null, "L_A5": null, "R_A5": null, "LPOSTCOMM": "Newcastle", "RPOSTCOMM": "Newcastle", "LZIPCODE": "04553", "RZIPCODE": "04553", "RDCLASS": "Private", "MDOTJURIS": "Private", "ONEWAY": "B", "SPEED": 25, "LVALID": "N", "RVALID": "N", "TOWN": "Newcastle", "ROUTE_NUM": "", "MAP_LABEL": "Mandys Way", "SOURCE": "2", "FEET": 287, "MINUTES": 0.13065338, "PSAP": "Lincoln RCC", "GEONAMEID": 35158, "SEGMENTID": 122529, "MCODE": 440, "LGEOCODE": "15110", "RGEOCODE": "15110", "GC_EXCEPTION": null, "AMUPDDAT": 1740151553000, "AMUPDORG": "es.ngesi.maine.gov", "FMUPDDAT": 1740151553000, "FMUPDORG": "es.ngesi.maine.gov", "CREATDAT": 1331637458000, "CREATORG": "es.ngesi.maine.gov", "GlobalID": "04d685f3-7033-4e5a-b21a-cce7155b45b3", "Shape__Length": 87.61110364535752}}, {"type": "Feature", "id": 1153, "geometry": {"type": "LineString", "coordinates": [[-69.6089022214273, 44.0228234581403], [-69.6088897174585, 44.023020808526], [-69.6088699969244, 44.0233323251746], [-69.6088037511988, 44.0235296918092], [-69.6087414285047, 44.0237153960291], [-69.6086823142265, 44.0238915394539], [-69.6086838802989, 44.0240445898514], [-69.6087049699636, 44.0242155071287], [-69.6087326441645, 44.0244396897672], [-69.6088344986842, 44.0246746864275], [-69.6089605269042, 44.0248624300699], [-69.6092872437217, 44.0250857745973], [-69.6094828574691, 44.0253008141609], [-69.6095537899144, 44.0255255220812], [-69.6097059475698, 44.0259819055299], [-69.6099159369064, 44.026564073371], [-69.6100273914698, 44.0270006228975], [-69.6100483449779, 44.0273500069519], [-69.6100364170765, 44.0275667296546], [-69.6099797607914, 44.0278547733833], [-69.609891798993, 44.0282515297599], [-69.6097322585182, 44.0289368774173]]}, "properties": {"OBJECTID": 1153, "SOURCE_OF_DATA": "ngesi.maine.gov", "DATEUPDATE": 1733775746000, "EFFECTIVE": 1369612800000, "EXPIRE": null, "RCL_UID": "urn:emergency:uid:gis:RCL:61529:ngesi.maine.gov", "L_ADD_PRE": "", "L_ADD_FROM": 0, "L_ADD_TO": 0, "R_ADD_PRE": "", "R_ADD_FROM": 1, "R_ADD_TO": 1, "LPARITY": "Z", "RPARITY": "O", "ST_PREMOD": "", "ST_PREDIR": "", "ST_PRETYP": "", "ST_PRESEP": "", "ST_NAME": "Cunningham", "ST_POSTTYP": "Island", "ST_POSTDIR": "", "ST_POSTMOD": "", "ST_FULLNAME": "Cunningham Island", "DIRTRAVEL": null, "PREDIR": "", "STREETNAME": "Cunningham", "SUFFIX": "Is", "POSTDIR": "", "RDNAME": "Cunningham Is", "LESN": "142", "RESN": "142", "LMSAGCOMM": "Newcastle", "RMSAGCOMM": "Newcastle", "LMSAG_CODE": "2315", "RMSAG_CODE": "2315", "LCOUNTRY": "US", "RCOUNTRY": "US", "LSTATE": "ME", "RSTATE": "ME", "LCOUNTY": "Lincoln County", "RCOUNTY": "Lincoln County", "LCITY": "Newcastle", "RCITY": "Newcastle", "L_A4": null, "R_A4": null, "L_A5": null, "R_A5": null, "LPOSTCOMM": "Newcastle", "RPOSTCOMM": "Newcastle", "LZIPCODE": "04553", "RZIPCODE": "04553", "RDCLASS": "Private", "MDOTJURIS": "Private", "ONEWAY": "B", "SPEED": 25, "LVALID": "N", "RVALID": "N", "TOWN": "Newcastle", "ROUTE_NUM": "", "MAP_LABEL": "Cunningham Is", "SOURCE": "2", "FEET": 2322, "MINUTES": 1.05527149, "PSAP": "Lincoln RCC", "GEONAMEID": 14063, "SEGMENTID": 61529, "MCODE": 440, "LGEOCODE": "15110", "RGEOCODE": "15110", "GC_EXCEPTION": null, "AMUPDDAT": 1733775746000, "AMUPDORG": "es.ngesi.maine.gov", "FMUPDDAT": 1267195132000, "FMUPDORG": "jt.ngesi.maine.gov", "CREATDAT": 1267195132000, "CREATORG": "jt.ngesi.maine.gov", "GlobalID": "de3b979b-f879-4a3f-9696-9eddf31a695b", "Shape__Length": 707.6242667857086}}, {"type": "Feature", "id": 1163, "geometry": {"type": "LineString", "coordinates": [[-69.5336059340419, 44.0409558373353], [-69.533447032873, 44.0412799286295], [-69.5332212664666, 44.0417404186354], [-69.5330081316728, 44.042220800835], [-69.5327540474232, 44.0427158600679], [-69.5325757613715, 44.0430632152703], [-69.5321804095814, 44.0437574391638], [-69.5316818985617, 44.0445300933842], [-69.5312855461557, 44.0451467271382], [-69.531006337068, 44.0456128810293], [-69.530836929578, 44.04590681978]]}, "properties": {"OBJECTID": 1163, "SOURCE_OF_DATA": "ngesi.maine.gov", "DATEUPDATE": 1704304430000, "EFFECTIVE": 1369612800000, "EXPIRE": null, "RCL_UID": "urn:emergency:uid:gis:RCL:63100:ngesi.maine.gov", "L_ADD_PRE": "", "L_ADD_FROM": 96, "L_ADD_TO": 172, "R_ADD_PRE": "", "R_ADD_FROM": 95, "R_ADD_TO": 171, "LPARITY": "E", "RPARITY": "O", "ST_PREMOD": "", "ST_PREDIR": "", "ST_PRETYP": "", "ST_PRESEP": "", "ST_NAME": "Mills", "ST_POSTTYP": "Road", "ST_POSTDIR": "", "ST_POSTMOD": "", "ST_FULLNAME": "Mills Road", "DIRTRAVEL": null, "PREDIR": "", "STREETNAME": "Mills", "SUFFIX": "Rd", "POSTDIR": "", "RDNAME": "Mills Rd", "LESN": "142", "RESN": "142", "LMSAGCOMM": "Newcastle", "RMSAGCOMM": "Newcastle", "LMSAG_CODE": "2315", "RMSAG_CODE": "2315", "LCOUNTRY": "US", "RCOUNTRY": "US", "LSTATE": "ME", "RSTATE": "ME", "LCOUNTY": "Lincoln County", "RCOUNTY": "Lincoln County", "LCITY": "Newcastle", "RCITY": "Newcastle", "L_A4": null, "R_A4": null, "L_A5": null, "R_A5": null, "LPOSTCOMM": "Newcastle", "RPOSTCOMM": "Newcastle", "LZIPCODE": "04553", "RZIPCODE": "04553", "RDCLASS": "Secondary", "MDOTJURIS": "State Aid", "ONEWAY": "B", "SPEED": 45, "LVALID": "N", "RVALID": "N", "TOWN": "Newcastle", "ROUTE_NUM": "215", "MAP_LABEL": "Mills Rd - Route 215", "SOURCE": "43", "FEET": 1947, "MINUTES": 0.49171107, "PSAP": "Lincoln RCC", "GEONAMEID": 37899, "SEGMENTID": 63100, "MCODE": 440, "LGEOCODE": "15110", "RGEOCODE": "15110", "GC_EXCEPTION": null, "AMUPDDAT": 1704304430000, "AMUPDORG": "es.ngesi.maine.gov", "FMUPDDAT": 1267183838000, "FMUPDORG": "jt.ngesi.maine.gov", "CREATDAT": 1267183838000, "CREATORG": "jt.ngesi.maine.gov", "GlobalID": "1043e815-1d8e-4f1f-a382-c1c3e903f0d9", "Shape__Length": 593.5003820707992}}, {"type": "Feature", "id": 1251, "geometry": {"type": "LineString", "coordinates": [[-69.5261678993399, 44.0587190744726], [-69.5263491752762, 44.0589027282698], [-69.5265821555624, 44.0591358962962], [-69.5268707017284, 44.0593935039476], [-69.5270523658035, 44.0595556907008]]}, "properties": {"OBJECTID": 1251, "SOURCE_OF_DATA": "ngesi.maine.gov", "DATEUPDATE": 1731703977000, "EFFECTIVE": 1369612800000, "EXPIRE": null, "RCL_UID": "urn:emergency:uid:gis:RCL:63099:ngesi.maine.gov", "L_ADD_PRE": "", "L_ADD_FROM": 2, "L_ADD_TO": 16, "R_ADD_PRE": "", "R_ADD_FROM": 1, "R_ADD_TO": 7, "LPARITY": "E", "RPARITY": "O", "ST_PREMOD": "Old", "ST_PREDIR": "", "ST_PRETYP": "", "ST_PRESEP": "", "ST_NAME": "Austin", "ST_POSTTYP": "Road", "ST_POSTDIR": "", "ST_POSTMOD": "", "ST_FULLNAME": "Old Austin Road", "DIRTRAVEL": null, "PREDIR": "", "STREETNAME": "Old Austin", "SUFFIX": "Rd", "POSTDIR": "", "RDNAME": "Old Austin Rd", "LESN": "142", "RESN": "142", "LMSAGCOMM": "Newcastle", "RMSAGCOMM": "Newcastle", "LMSAG_CODE": "2315", "RMSAG_CODE": "2315", "LCOUNTRY": "US", "RCOUNTRY": "US", "LSTATE": "ME", "RSTATE": "ME", "LCOUNTY": "Lincoln County", "RCOUNTY": "Lincoln County", "LCITY": "Newcastle", "RCITY": "Newcastle", "L_A4": null, "R_A4": null, "L_A5": null, "R_A5": null, "LPOSTCOMM": "Newcastle", "RPOSTCOMM": "Newcastle", "LZIPCODE": "04553", "RZIPCODE": "04553", "RDCLASS": "Local", "MDOTJURIS": "Townway", "ONEWAY": "B", "SPEED": 35, "LVALID": "N", "RVALID": "N", "TOWN": "Newcastle", "ROUTE_NUM": "", "MAP_LABEL": "Old Austin Rd", "SOURCE": "43", "FEET": 384, "MINUTES": 0.12451933, "PSAP": "Lincoln RCC", "GEONAMEID": 41335, "SEGMENTID": 63099, "MCODE": 440, "LGEOCODE": "15110", "RGEOCODE": "15110", "GC_EXCEPTION": null, "AMUPDDAT": 1731703977000, "AMUPDORG": "es.ngesi.maine.gov", "FMUPDDAT": 1516958606000, "FMUPDORG": "es.ngesi.maine.gov", "CREATDAT": 1516958606000, "CREATORG": "es.ngesi.maine.gov", "GlobalID": "75cc30a1-0726-46ba-83a4-b8b12f948525", "Shape__Length": 116.89699025225352}}, {"type": "Feature", "id": 1253, "geometry": {"type": "LineString", "coordinates": [[-69.5523167069492, 43.9997118588157], [-69.551383499342, 43.999593927496], [-69.5509025284744, 43.999510714305], [-69.550608932745, 43.9994581085272], [-69.5506077210298, 43.999457907286], [-69.5506064968425, 43.9994577061048], [-69.5506052851275, 43.9994575048636], [-69.5506040733291, 43.9994572946192], [-69.550602861614, 43.9994570933779], [-69.5506016498156, 43.9994568831335], [-69.5506004381006, 43.9994566818922], [-69.5505992138301, 43.9994564717079], [-69.5505980020317, 43.9994562614635], [-69.5505967902334, 43.999456051219], [-69.5505955784351, 43.9994558409746], [-69.5505943665536, 43.999455621727], [-69.5505931547553, 43.9994554114826], [-69.5505919428738, 43.999455192235], [-69.5505907435476, 43.9994549819304], [-69.5505895316661, 43.9994547626827], [-69.5505883197846, 43.9994545434351], [-69.5505871079031, 43.9994543241875], [-69.5505858960216, 43.9994541049398], [-69.550584696529, 43.999453876629], [-69.5505834846476, 43.9994536573813], [-69.5505822726828, 43.9994534291305], [-69.5505810732735, 43.9994532098227], [-69.5505798613088, 43.9994529815719], [-69.5505786493441, 43.9994527533211], [-69.5505774498516, 43.9994525250101], [-69.5505762378037, 43.9994522877562], [-69.5505750383112, 43.9994520594452], [-69.5505738388187, 43.9994518311342], [-69.5505726267707, 43.9994515938802], [-69.5505714272783, 43.9994513655692], [-69.5505702277026, 43.9994511282551], [-69.5505690156547, 43.9994508910011], [-69.5505678159957, 43.9994506446839], [-69.55056661642, 43.9994504073697], [-69.5505654168443, 43.9994501700556], [-69.5505642172687, 43.9994499327414], [-69.5505630176097, 43.9994496864241], [-69.5505618179508, 43.9994494401068], [-69.5505606058198, 43.9994491938496], [-69.5505594061609, 43.9994489475323], [-69.5505582065852, 43.999448710218], [-69.5505570068431, 43.9994484548976], [-69.5505558196564, 43.9994482085201], [-69.5505546199975, 43.9994479622028], [-69.5505534202555, 43.9994477068823], [-69.5505522205134, 43.9994474515618], [-69.5505510207713, 43.9994471962413], [-69.5505498335014, 43.9994469408607], [-69.5505486337593, 43.9994466855401], [-69.5505474340173, 43.9994464302196], [-69.5505462467474, 43.999446174839], [-69.5505450593943, 43.9994459104552], [-69.5505438596523, 43.9994456551346], [-69.550542659827, 43.9994453908109], [-69.5505414724739, 43.9994451264271], [-69.5505402851209, 43.9994448620433], [-69.5505390852956, 43.9994445977196], [-69.5505378979426, 43.9994443333358], [-69.5505367105895, 43.9994440689519], [-69.5505355231532, 43.999443795565], [-69.5505343233281, 43.9994435312412], [-69.5505331358918, 43.9994432578542], [-69.5505319484556, 43.9994429844672], [-69.5505307610193, 43.9994427110802], [-69.5505295735831, 43.9994424376932], [-69.5505283861469, 43.9994421643062], [-69.5505271987107, 43.9994418909191], [-69.5501897454589, 43.999399633309], [-69.549963604905, 43.9993944645879], [-69.549797826172, 43.9994169968549], [-69.5497966946142, 43.9994173714432], [-69.5497955505011, 43.9994177370884], [-69.5497944189433, 43.9994181116767], [-69.5497932873023, 43.9994184772618], [-69.5497921557445, 43.9994188518501], [-69.5497910242697, 43.9994192354414], [-69.5497898927119, 43.9994196100296], [-69.549788761154, 43.9994199846178], [-69.5497876296792, 43.9994203682091], [-69.5497865105934, 43.9994207427372], [-69.5497853791186, 43.9994211263285], [-69.5497842476438, 43.9994215099198], [-69.5497831286412, 43.999421893451], [-69.5497819971663, 43.9994222770422], [-69.5497808782468, 43.9994226695765], [-69.549779759244, 43.9994230531077], [-69.5497786278523, 43.999423445702], [-69.5497775088495, 43.9994238292332], [-69.5497763899299, 43.9994242217674], [-69.5497752585381, 43.9994246143617], [-69.5497741521738, 43.9994250158391], [-69.5497730207819, 43.9994254084333], [-69.5497719143344, 43.9994258009075], [-69.5497707954978, 43.9994262024448], [-69.5497696765781, 43.999426594979], [-69.5497685577415, 43.9994269965163], [-69.5497674513771, 43.9994273979936], [-69.5497663325405, 43.9994277995308], [-69.5497652137039, 43.9994282010681], [-69.5497641074225, 43.9994286115484], [-69.5497629885858, 43.9994290130856], [-69.5497618823044, 43.9994294235659], [-69.549760776023, 43.9994298340462], [-69.5497596697416, 43.9994302445265], [-69.549758563377, 43.9994306460037], [-69.5497574571787, 43.999431065487], [-69.5497563508973, 43.9994314759673], [-69.5497552446158, 43.9994318864475], [-69.5497541384174, 43.9994323059308], [-69.5497530321359, 43.9994327164111], [-69.5497519259375, 43.9994331358944], [-69.5497508197391, 43.9994335553777], [-69.5497497260129, 43.9994339748009], [-69.5497486198144, 43.9994343942842], [-69.5497475261713, 43.9994348227106], [-69.549746432445, 43.9994352421338], [-69.5497453263296, 43.9994356706201], [-69.5497442326864, 43.9994360990465], [-69.5497431390432, 43.9994365274728], [-69.5497420453999, 43.9994369558991], [-69.5497409517567, 43.9994373843254], [-69.5497398581134, 43.9994378127516], [-69.5497387644701, 43.9994382411779], [-69.5497376709099, 43.9994386786072], [-69.5497365773497, 43.9994391160366], [-69.5497354961786, 43.9994395444028], [-69.5497344026184, 43.9994399818321], [-69.5497333090581, 43.9994404192615], [-69.54973222797, 43.9994408566308], [-69.549731146965, 43.9994413030031], [-69.5497300534048, 43.9994417404324], [-69.5497289723998, 43.9994421868048], [-69.5497278913116, 43.9994426241741], [-69.5497268103066, 43.9994430705464], [-69.5497257293015, 43.9994435169187], [-69.5497246482964, 43.9994439632911], [-69.5497235672913, 43.9994444096634], [-69.5497224863694, 43.9994448650388], [-69.5497214053642, 43.9994453114111], [-69.5497203369144, 43.9994457667264], [-69.5497192559924, 43.9994462221018], [-69.5497181874594, 43.999446668414], [-69.5497171066204, 43.9994471327925], [-69.5497160381705, 43.9994475881078], [-69.5497149572484, 43.9994480434831], [-69.5497138887985, 43.9994484987985], [-69.5497134158537, 43.9994486091158], [-69.5497129305198, 43.9994487284963], [-69.5497124575751, 43.9994488388136], [-69.5497119722412, 43.9994489581941], [-69.5497114992964, 43.9994490685115], [-69.5497110139626, 43.9994491878919], [-69.5497105411009, 43.9994493072123], [-69.5497100682392, 43.9994494265328], [-69.5497095828223, 43.9994495369101], [-69.5497091099606, 43.9994496562306], [-69.5497086370989, 43.999449775551], [-69.5497081517651, 43.9994498949315], [-69.5497076789033, 43.9994500142519], [-69.5497072060417, 43.9994501335723], [-69.54970673318, 43.9994502528928], [-69.5497062478461, 43.9994503722732], [-69.5497057750675, 43.9994505005968], [-69.5497053022058, 43.9994506199172], [-69.549704816872, 43.9994507392976], [-69.5497043564825, 43.999450858558], [-69.5497038712317, 43.9994509869416], [-69.5497033984531, 43.999451115265], [-69.5497029255914, 43.9994512345855], [-69.5497024528128, 43.999451362909], [-69.5497019799511, 43.9994514822294], [-69.5497015071725, 43.9994516105529], [-69.5497010343939, 43.9994517388764], [-69.5497005616154, 43.9994518671999], [-69.5497000888368, 43.9994519955234], [-69.5496996160582, 43.9994521238469], [-69.5496991432796, 43.9994522521704], [-69.549698670501, 43.9994523804939], [-69.5496981977224, 43.9994525088174], [-69.5496977249438, 43.9994526371409], [-69.5496972646373, 43.9994527654044], [-69.5496967919418, 43.999452902731], [-69.5496963191632, 43.9994530310545], [-69.5496958464677, 43.9994531683811], [-69.5496953736891, 43.9994532967045], [-69.5496949009936, 43.9994534340311], [-69.5496944406872, 43.9994535622946], [-69.5496939679917, 43.9994536996212], [-69.5496935077684, 43.9994538368877], [-69.5496930349897, 43.9994539652112], [-69.5496925622942, 43.9994541025378], [-69.5496920895987, 43.9994542398643], [-69.5496916293754, 43.9994543771309], [-69.5496911566799, 43.9994545144574], [-69.5496906964565, 43.999454651724], [-69.549690223761, 43.9994547890506], [-69.5496897636208, 43.9994549353202], [-69.5496892909253, 43.9994550726468], [-69.5496888307019, 43.9994552099133], [-69.5496883580064, 43.9994553472399], [-69.5496878978661, 43.9994554935095], [-69.5496874376428, 43.9994556307761], [-69.5496869649472, 43.9994557681026], [-69.549686504807, 43.9994559143723], [-69.5496860446668, 43.9994560606419], [-69.5496855719712, 43.9994561979684], [-69.549685111831, 43.9994563442381], [-69.5496846516907, 43.9994564905077], [-69.5496841790783, 43.9994566368373], [-69.5496837188549, 43.9994567741039], [-69.5496832587147, 43.9994569203735], [-69.5496827986575, 43.9994570756462], [-69.5496823385173, 43.9994572219158], [-69.549681878377, 43.9994573681855], [-69.5496814182367, 43.9994575144551], [-69.5496809580964, 43.9994576607247], [-69.5496804979562, 43.9994578069943], [-69.5496800378991, 43.999457962267], [-69.5496795777588, 43.9994581085366], [-69.5496791176185, 43.9994582548062], [-69.5496786575613, 43.9994584100789], [-69.5496781975042, 43.9994585653516], [-69.5496777373639, 43.9994587116212], [-69.5496772773067, 43.9994588668939], [-69.5496768171664, 43.9994590131635], [-69.5496763695814, 43.9994591683762], [-69.5496759095242, 43.9994593236489], [-69.5496754494671, 43.9994594789216], [-69.5496749894099, 43.9994596341943], [-69.5496745293527, 43.999459789467], [-69.5496740817677, 43.9994599446797], [-69.5496736217105, 43.9994600999524], [-69.5496731741255, 43.999460255165], [-69.5496727140683, 43.9994604104377], [-69.5496722540942, 43.9994605747135], [-69.5496718065092, 43.9994607299262], [-69.549671346452, 43.9994608851989], [-69.5496708989501, 43.9994610494146], [-69.5496704388929, 43.9994612046873], [-69.549669991391, 43.9994613689031], [-69.549669543889, 43.9994615331188], [-69.5496690838318, 43.9994616883915], [-69.5496686363299, 43.9994618526073], [-69.5496681763558, 43.999462016883], [-69.5496677287708, 43.9994621720957], [-69.5496672812688, 43.9994623363114], [-69.5496668337669, 43.9994625005272], [-69.5496663737928, 43.9994626648029], [-69.5496659262908, 43.9994628290187], [-69.5496654787889, 43.9994629932344], [-69.5496650313701, 43.9994631664533], [-69.549664571396, 43.999463330729], [-69.5496641363662, 43.9994634948848], [-69.5496636763921, 43.9994636591605], [-69.5496632289732, 43.9994638323793], [-69.5496627814713, 43.9994639965951], [-69.5496623340524, 43.9994641698139], [-69.5496618865505, 43.9994643340296], [-69.5496614515207, 43.9994644981854], [-69.5496610041018, 43.9994646714042], [-69.5496605566829, 43.999464844623], [-69.5496601092641, 43.9994650178419], [-69.5496596617621, 43.9994651820576], [-69.5496592143433, 43.9994653552764], [-69.5496587669244, 43.9994655284952], [-69.5496583319777, 43.9994657016541], [-69.5496578845589, 43.9994658748729], [-69.54965743714, 43.9994660480917], [-69.5496569897211, 43.9994662213105], [-69.5496565547744, 43.9994663944693], [-69.5496561073555, 43.9994665676881], [-69.5496556724919, 43.99946674985], [-69.549655225073, 43.9994669230688], [-69.5496547902094, 43.9994671052307], [-69.5496543427906, 43.9994672784495], [-69.5496539078438, 43.9994674516083], [-69.5496534605081, 43.9994676338302], [-69.5496530256445, 43.9994678159921], [-69.5496525906977, 43.9994679891509], [-69.5496521433619, 43.9994681713728], [-69.5496517084152, 43.9994683445316], [-69.5496512735516, 43.9994685266935], [-69.549650838688, 43.9994687088554], [-69.5496503913522, 43.9994688910773], [-69.5496499564886, 43.9994690732392], [-69.5496495216249, 43.999469255401], [-69.5496490867613, 43.9994694375629], [-69.5496486518977, 43.9994696197248], [-69.549648217034, 43.9994698018867], [-69.5496477696982, 43.9994699841085], [-69.5496473473898, 43.9994701752135], [-69.549646900054, 43.9994703574354], [-69.5496464777457, 43.9994705485404], [-69.549646042882, 43.9994707307022], [-69.5496456080184, 43.9994709128641], [-69.5496451732378, 43.9994711040291], [-69.5496447383742, 43.999471286191], [-69.5496443035936, 43.9994714773559], [-69.5496438812852, 43.9994716684608], [-69.5496434464216, 43.9994718506227], [-69.549643011641, 43.9994720417877], [-69.5496425893326, 43.9994722328926], [-69.5496421545521, 43.9994724240576], [-69.5496417197715, 43.9994726152225], [-69.5496412974631, 43.9994728063275], [-69.5496408626825, 43.9994729974924], [-69.549640427902, 43.9994731886574], [-69.5496400055936, 43.9994733797623], [-69.5496395832852, 43.9994735708672], [-69.5496391485877, 43.9994737710353], [-69.5496387262793, 43.9994739621402], [-69.5496382914987, 43.9994741533052], [-69.5496378692734, 43.9994743534132], [-69.549637446965, 43.9994745445182], [-69.5496370247397, 43.9994747446262], [-69.5496366024312, 43.9994749357311], [-69.5496361677338, 43.9994751358991], [-69.5496357455085, 43.9994753360072], [-69.5496353232, 43.9994755271121], [-69.5496349009747, 43.9994757272201], [-69.5496344787494, 43.9994759273282], [-69.549634056524, 43.9994761274362], [-69.5496336342987, 43.9994763275442], [-69.5496332119903, 43.9994765186491], [-69.5496327897649, 43.9994767187571], [-69.5496323676227, 43.9994769278682], [-69.5496319453974, 43.9994771279763], [-69.549631523172, 43.9994773280843], [-69.5496311009467, 43.9994775281923], [-69.5496306911935, 43.9994777282403], [-69.5496302690512, 43.9994779373514], [-69.5496298468259, 43.9994781374594], [-69.5496294246836, 43.9994783465705], [-69.5496290149305, 43.9994785466185], [-69.5496285927051, 43.9994787467265], [-69.549628183035, 43.9994789557776], [-69.5496277608928, 43.9994791648887], [-69.5496273511396, 43.9994793649367], [-69.5496269289973, 43.9994795740478], [-69.5496265193272, 43.9994797830989], [-69.5496260971849, 43.99947999221], [-69.5496256874317, 43.999480192258], [-69.5496252778448, 43.9994804103122], [-69.5496248556194, 43.9994806104202], [-69.5496244460324, 43.9994808284744], [-69.5496240362792, 43.9994810285223], [-69.549623626609, 43.9994812375734], [-69.549623217022, 43.9994814556276], [-69.5496227948797, 43.9994816647387], [-69.5496223852096, 43.9994818737898], [-69.5496219755395, 43.9994820828409], [-69.5496215659525, 43.9994823008951], [-69.5496211562823, 43.9994825099461], [-69.5496207466953, 43.9994827280003], [-69.5496203370252, 43.9994829370514], [-69.5496199274382, 43.9994831551055], [-69.5496195302402, 43.9994833640966], [-69.5496191206531, 43.9994835821508], [-69.5496187110661, 43.9994838002049], [-69.5496183014791, 43.9994840182591], [-69.5496179043642, 43.9994842362533], [-69.5496174946941, 43.9994844453043], [-69.549617085107, 43.9994846633585], [-69.5496166879921, 43.9994848813527], [-69.5496162784051, 43.9994850994068], [-69.5496158812902, 43.999485317401], [-69.5496154717031, 43.9994855354551], [-69.5496150745882, 43.9994857534493], [-69.5496146650843, 43.9994859805065], [-69.5496142679694, 43.9994861985007], [-69.5496138708545, 43.9994864164948], [-69.5496134612674, 43.999486634549], [-69.5496130642356, 43.9994868615462], [-69.5496126671207, 43.9994870795404], [-69.5496122700889, 43.9994873065376], [-69.549611872974, 43.9994875245318], [-69.54961146347, 43.999487751589], [-69.5496110664382, 43.9994879785863], [-69.5496106693233, 43.9994881965804], [-69.5496102722915, 43.9994884235777], [-69.5496098752597, 43.9994886505749], [-69.5496094782279, 43.9994888775721], [-69.5496090935851, 43.9994890955063], [-69.5496086840811, 43.9994893225635], [-69.5496082995215, 43.9994895495007], [-69.5496079024896, 43.999489776498], [-69.5496075055409, 43.9994900124983], [-69.5496071208981, 43.9994902304324], [-69.5496067239494, 43.9994904664327], [-69.5496063269176, 43.99949069343], [-69.5496059298857, 43.9994909204272], [-69.549605545326, 43.9994911473644], [-69.5496051483773, 43.9994913833647], [-69.5496047638176, 43.999491610302], [-69.549604379341, 43.9994918462423], [-69.5496039823092, 43.9994920732395], [-69.5496035978326, 43.9994923091798], [-69.5496032132729, 43.999492536117], [-69.5496028163242, 43.9994927721173], [-69.5496024318476, 43.9994930080577], [-69.5496020472879, 43.9994932349949], [-69.5496016628113, 43.9994934709352], [-69.5496012658625, 43.9994937069355], [-69.5496008813859, 43.9994939428758], [-69.5496004968262, 43.999494169813], [-69.5496001123496, 43.9994944057533], [-69.549599727873, 43.9994946416936], [-69.5495993433964, 43.9994948776339], [-69.5495989590029, 43.9994951225774], [-69.5495985745262, 43.9994953585176], [-69.5495982025218, 43.999495594398], [-69.5495978180452, 43.9994958303382], [-69.5495974335685, 43.9994960662786], [-69.549597049175, 43.999496311222], [-69.5495966771706, 43.9994965471023], [-69.549596292777, 43.9994967920457], [-69.5495959083004, 43.9994970279859], [-69.5495955362959, 43.9994972638662], [-69.5495951519024, 43.9994975088096], [-69.549594779981, 43.999497753693], [-69.5495943955044, 43.9994979896333], [-69.549594023583, 43.9994982345167], [-69.5495936516616, 43.9994984794001], [-69.5495932672681, 43.9994987243435], [-69.5495928952636, 43.9994989602238], [-69.5495925233422, 43.9994992051072], [-69.5495921389486, 43.9994994500505], [-69.5495917794994, 43.9994996948739], [-69.5495913951058, 43.9994999398173], [-69.5495910231844, 43.9995001847007], [-69.549590651263, 43.9995004295841], [-69.5495902793417, 43.9995006744674], [-69.5495899075034, 43.9995009283539], [-69.5495895355819, 43.9995011732373], [-69.5495891636605, 43.9995014181207], [-69.5495888042113, 43.9995016629441], [-69.549588432373, 43.9995019168306], [-69.5495880604516, 43.9995021617139], [-69.5495876886132, 43.9995024156004], [-69.549587329164, 43.9995026604238], [-69.5495869573257, 43.9995029143102], [-69.5495865854043, 43.9995031591936], [-69.5495862260381, 43.9995034130201], [-69.5495858666719, 43.9995036668465], [-69.5495854947505, 43.9995039117299], [-69.5495851353843, 43.9995041655564], [-69.549584763546, 43.9995044194428], [-69.5495844040967, 43.9995046642662], [-69.5495840322584, 43.9995049181527], [-69.5495836729753, 43.9995051809822], [-69.549583313526, 43.9995054258056], [-69.5495829541599, 43.9995056796321], [-69.5495825947937, 43.9995059334585], [-69.5495822355106, 43.9995061962881], [-69.5495818761444, 43.9995064501145], [-69.5495815167782, 43.999506703941], [-69.549581157412, 43.9995069577675], [-69.5495807980458, 43.9995072115939], [-69.5495804387627, 43.9995074744235], [-69.5495800793965, 43.9995077282499], [-69.5495797201135, 43.9995079910795], [-69.5495793607473, 43.9995082449059], [-69.5495790139363, 43.9995085076755], [-69.5495786545701, 43.9995087615019], [-69.549578295287, 43.9995090243315], [-69.549577948393, 43.9995092780979], [-69.5495775891098, 43.9995095409275], [-69.5495772422989, 43.999509803697], [-69.5495768954048, 43.9995100574635], [-69.5495765361217, 43.999510320293], [-69.5495761893108, 43.9995105830626], [-69.5495758300276, 43.9995108458921], [-69.5495754832167, 43.9995111086616], [-69.5495751364057, 43.9995113714312], [-69.5495747895947, 43.9995116342008], [-69.5495744303116, 43.9995118970303], [-69.5495740835006, 43.9995121597998], [-69.5495737366897, 43.9995124225694], [-69.5495733898787, 43.9995126853389], [-69.5495730430677, 43.9995129481084], [-69.5495726963398, 43.9995132198811], [-69.549572362001, 43.9995134825906], [-69.54957201519, 43.9995137453601], [-69.5495716684621, 43.9995140171328], [-69.5495713216511, 43.9995142799023], [-69.5495709749233, 43.9995145516749], [-69.5495706405844, 43.9995148143845], [-69.5495702938565, 43.9995150861571], [-69.5495699470455, 43.9995153489267], [-69.5495696127898, 43.9995156206393], [-69.5495692660619, 43.9995158924119], [-69.5495689317231, 43.9995161551215], [-69.5495685974673, 43.9995164268341], [-69.5495682507394, 43.9995166986067], [-69.5495679164837, 43.9995169703193], [-69.5495675821448, 43.9995172330289], [-69.5495672355, 43.9995175138046], [-69.5495669011612, 43.9995177765141], [-69.5495665669054, 43.9995180482267], [-69.5495662326496, 43.9995183199394], [-69.549565898477, 43.9995186006551], [-69.5495655642212, 43.9995188723677], [-69.5495652299655, 43.9995191440804], [-69.5495648957097, 43.999519415793], [-69.5495645614539, 43.9995196875056], [-69.5495642272813, 43.9995199682213], [-69.5495639054977, 43.9995202398739], [-69.5495635712419, 43.9995205115865], [-69.5495632370692, 43.9995207923023], [-69.5495629152856, 43.9995210639549], [-69.5495625811129, 43.9995213446706], [-69.5495622593293, 43.9995216163233], [-69.5495619251566, 43.999521897039], [-69.5495615909008, 43.9995221687516], [-69.5495612692003, 43.9995224494073], [-69.5495609474998, 43.999522730063], [-69.5495606257162, 43.9995230017156], [-69.5495602915435, 43.9995232824313], [-69.5495599698429, 43.9995235630871], [-69.5495596481424, 43.9995238437428], [-69.5495593264419, 43.9995241243985], [-69.5495590047413, 43.9995244050542], [-69.5495586829577, 43.9995246767068], [-69.5495583612572, 43.9995249573625], [-69.5495580395566, 43.9995252380182], [-69.549557717856, 43.999525518674], [-69.5495573961555, 43.9995257993297], [-69.549557074538, 43.9995260889885], [-69.5495567528375, 43.9995263696442], [-69.5495564311369, 43.9995266502999], [-69.5495561219085, 43.9995269308956], [-69.5495558002911, 43.9995272205544], [-69.5495554910627, 43.9995275011501], [-69.5495551693621, 43.9995277818058], [-69.5495548602168, 43.9995280714047], [-69.5495545385163, 43.9995283520603], [-69.5495542293709, 43.9995286416591], [-69.5495539201425, 43.9995289222549], [-69.5495535985251, 43.9995292119137], [-69.5495532893797, 43.9995295015125], [-69.5495529801513, 43.9995297821082], [-69.549552671006, 43.999530071707], [-69.5495523493054, 43.9995303523627], [-69.5495520526323, 43.9995306419015], [-69.5495517310148, 43.9995309315603], [-69.5495514343417, 43.9995312210991], [-69.5495511127241, 43.9995315107579], [-69.549550816051, 43.9995318002967], [-69.5495505069057, 43.9995320898955], [-69.5495501976772, 43.9995323704912], [-69.5495498885319, 43.99953266009], [-69.5495495919418, 43.9995329586319], [-69.5495492827965, 43.9995332482307], [-69.5495489861233, 43.9995335377696], [-69.549548676978, 43.9995338273683], [-69.5495483803048, 43.9995341169071], [-69.5495480711595, 43.9995344065059], [-69.5495477745694, 43.9995347050478], [-69.549547465424, 43.9995349946466], [-69.5495471687508, 43.9995352841854], [-69.5495468721607, 43.9995355827273], [-69.5495465754876, 43.9995358722661], [-69.5495462664253, 43.999536170868], [-69.5495459697521, 43.9995364604068], [-69.549545673162, 43.9995367589487], [-69.5495453764888, 43.9995370484875], [-69.5495450798987, 43.9995373470294], [-69.5495447832255, 43.9995376365682], [-69.5495444866354, 43.9995379351101], [-69.5495442025175, 43.999538233592], [-69.5495439058443, 43.9995385231308], [-69.5495436092541, 43.9995388216727], [-69.5495433251362, 43.9995391201546], [-69.5495430285461, 43.9995394186965]]}, "properties": {"OBJECTID": 1253, "SOURCE_OF_DATA": "ngesi.maine.gov", "DATEUPDATE": 1605571200000, "EFFECTIVE": 1369612800000, "EXPIRE": null, "RCL_UID": "urn:emergency:uid:gis:RCL:127287:ngesi.maine.gov", "L_ADD_PRE": "", "L_ADD_FROM": 112, "L_ADD_TO": 138, "R_ADD_PRE": "", "R_ADD_FROM": 113, "R_ADD_TO": 139, "LPARITY": "E", "RPARITY": "O", "ST_PREMOD": "", "ST_PREDIR": "", "ST_PRETYP": "", "ST_PRESEP": "", "ST_NAME": "Perkins Point", "ST_POSTTYP": "Road", "ST_POSTDIR": "", "ST_POSTMOD": "", "ST_FULLNAME": "Perkins Point Road", "DIRTRAVEL": null, "PREDIR": "", "STREETNAME": "Perkins Point", "SUFFIX": "Rd", "POSTDIR": "", "RDNAME": "Perkins Point Rd", "LESN": "142", "RESN": "142", "LMSAGCOMM": "Newcastle", "RMSAGCOMM": "Newcastle", "LMSAG_CODE": "2315", "RMSAG_CODE": "2315", "LCOUNTRY": "US", "RCOUNTRY": "US", "LSTATE": "ME", "RSTATE": "ME", "LCOUNTY": "Lincoln County", "RCOUNTY": "Lincoln County", "LCITY": "Newcastle", "RCITY": "Newcastle", "L_A4": null, "R_A4": null, "L_A5": null, "R_A5": null, "LPOSTCOMM": "Newcastle", "RPOSTCOMM": "Newcastle", "LZIPCODE": "04553", "RZIPCODE": "04553", "RDCLASS": "Private", "MDOTJURIS": "Private", "ONEWAY": "B", "SPEED": 25, "LVALID": "N", "RVALID": "N", "TOWN": "Newcastle", "ROUTE_NUM": "", "MAP_LABEL": "Perkins Point Rd", "SOURCE": "14", "FEET": 757, "MINUTES": 0.3440324, "PSAP": "Lincoln RCC", "GEONAMEID": 44143, "SEGMENTID": 127287, "MCODE": 440, "LGEOCODE": "15110", "RGEOCODE": "15110", "GC_EXCEPTION": null, "AMUPDDAT": 1590710400000, "AMUPDORG": "jr.ngesi.maine.gov", "FMUPDDAT": 1314888314000, "FMUPDORG": "es.ngesi.maine.gov", "CREATDAT": 1314888314000, "CREATORG": "es.ngesi.maine.gov", "GlobalID": "49d4f6c2-e8b9-4277-a642-136479a79993", "Shape__Length": 230.69436916054948}}, {"type": "Feature", "id": 1266, "geometry": {"type": "LineString", "coordinates": [[-69.5776511730722, 44.0823301737322], [-69.5775491332144, 44.0824384688999], [-69.5774549265443, 44.0826099100009], [-69.5773523950234, 44.0827691935295], [-69.5772204618438, 44.0830467496576], [-69.5770942163079, 44.0832992025216], [-69.5768721832891, 44.083580166405], [-69.5766237334067, 44.0837970962045], [-69.5763095516938, 44.0840546651067], [-69.5760209029465, 44.0843088902036], [-69.5758390455772, 44.0844690494277], [-69.5757052276728, 44.0846577050262], [-69.5756025113747, 44.084830979086], [-69.5754924981066, 44.0850427161524], [-69.5752633560716, 44.085632978086], [-69.5751574865631, 44.0858433704425], [-69.5750295568144, 44.0859905260868], [-69.5748315322042, 44.0861227015612], [-69.5746656008709, 44.086219260035]]}, "properties": {"OBJECTID": 1266, "SOURCE_OF_DATA": "ngesi.maine.gov", "DATEUPDATE": 1708962197000, "EFFECTIVE": 1369612800000, "EXPIRE": null, "RCL_UID": "urn:emergency:uid:gis:RCL:74213:ngesi.maine.gov", "L_ADD_PRE": "", "L_ADD_FROM": 594, "L_ADD_TO": 654, "R_ADD_PRE": "", "R_ADD_FROM": 593, "R_ADD_TO": 653, "LPARITY": "E", "RPARITY": "O", "ST_PREMOD": "", "ST_PREDIR": "North", "ST_PRETYP": "", "ST_PRESEP": "", "ST_NAME": "Newcastle", "ST_POSTTYP": "Road", "ST_POSTDIR": "", "ST_POSTMOD": "", "ST_FULLNAME": "North Newcastle Road", "DIRTRAVEL": null, "PREDIR": "N", "STREETNAME": "Newcastle", "SUFFIX": "Rd", "POSTDIR": "", "RDNAME": "N Newcastle Rd", "LESN": "142", "RESN": "142", "LMSAGCOMM": "Newcastle", "RMSAGCOMM": "Newcastle", "LMSAG_CODE": "2315", "RMSAG_CODE": "2315", "LCOUNTRY": "US", "RCOUNTRY": "US", "LSTATE": "ME", "RSTATE": "ME", "LCOUNTY": "Lincoln County", "RCOUNTY": "Lincoln County", "LCITY": "Newcastle", "RCITY": "Newcastle", "L_A4": null, "R_A4": null, "L_A5": null, "R_A5": null, "LPOSTCOMM": "Newcastle", "RPOSTCOMM": "Newcastle", "LZIPCODE": "04553", "RZIPCODE": "04553", "RDCLASS": "Local", "MDOTJURIS": "Townway", "ONEWAY": "B", "SPEED": 35, "LVALID": "N", "RVALID": "N", "TOWN": "Newcastle", "ROUTE_NUM": "", "MAP_LABEL": "N Newcastle Rd", "SOURCE": "43", "FEET": 1647, "MINUTES": 0.53488036, "PSAP": "Lincoln RCC", "GEONAMEID": 65069, "SEGMENTID": 74213, "MCODE": 440, "LGEOCODE": "15110", "RGEOCODE": "15110", "GC_EXCEPTION": null, "AMUPDDAT": 1708962197000, "AMUPDORG": "es.ngesi.maine.gov", "FMUPDDAT": 1295346773000, "FMUPDORG": "jt.ngesi.maine.gov", "CREATDAT": 1295346773000, "CREATORG": "jt.ngesi.maine.gov", "GlobalID": "bc202bff-930e-410f-862f-81fd990a2d19", "Shape__Length": 502.1381235562428}}, {"type": "Feature", "id": 1285, "geometry": {"type": "LineString", "coordinates": [[-69.5893482000743, 44.1008609301926], [-69.5893565145585, 44.1006967744889], [-69.589358310588, 44.1006612470618], [-69.5893519303501, 44.1006214222048], [-69.589346881196, 44.1005898195302], [-69.589341033439, 44.1005532871464], [-69.5893358248078, 44.1005207219366], [-69.5893321884092, 44.1004980162731], [-69.5893292582478, 44.1004797456113], [-69.5893257015539, 44.1004575167131], [-69.5893230644927, 44.1004410812199], [-69.5893343527711, 44.1004228452534], [-69.5893457270646, 44.1004044647888], [-69.5893581465555, 44.1003843953071], [-69.5893799371799, 44.1003694273887], [-69.5894098012169, 44.1003584693165], [-69.5894421799388, 44.1003465979284], [-69.5894720439526, 44.1003356398399], [-69.5895019329419, 44.1003246816148], [-69.5895342866402, 44.1003128103297], [-69.5895480019436, 44.1003099935373], [-69.5895618332382, 44.1003100482093], [-69.5895790276933, 44.1003090771499], [-69.5895938288665, 44.1003074071755], [-69.5896072192186, 44.1003033225825], [-69.5896215796256, 44.1002975313509], [-69.5896359400298, 44.1002917401174], [-69.5896608566376, 44.1002770351152], [-69.5896857733224, 44.1002623391105], [-69.5897116473761, 44.1002459185212], [-69.5897341832487, 44.1002305235314]]}, "properties": {"OBJECTID": 1285, "SOURCE_OF_DATA": "ngesi.maine.gov", "DATEUPDATE": 1699460412000, "EFFECTIVE": 1369612800000, "EXPIRE": null, "RCL_UID": "urn:emergency:uid:gis:RCL:60767:ngesi.maine.gov", "L_ADD_PRE": "", "L_ADD_FROM": 2, "L_ADD_TO": 20, "R_ADD_PRE": "", "R_ADD_FROM": 1, "R_ADD_TO": 19, "LPARITY": "E", "RPARITY": "O", "ST_PREMOD": "", "ST_PREDIR": "", "ST_PRETYP": "", "ST_PRESEP": "", "ST_NAME": "Phils Hill", "ST_POSTTYP": "Road", "ST_POSTDIR": "", "ST_POSTMOD": "", "ST_FULLNAME": "Phils Hill Road", "DIRTRAVEL": null, "PREDIR": "", "STREETNAME": "Phils Hill", "SUFFIX": "Rd", "POSTDIR": "", "RDNAME": "Phils Hill Rd", "LESN": "142", "RESN": "142", "LMSAGCOMM": "Newcastle", "RMSAGCOMM": "Newcastle", "LMSAG_CODE": "2315", "RMSAG_CODE": "2315", "LCOUNTRY": "US", "RCOUNTRY": "US", "LSTATE": "ME", "RSTATE": "ME", "LCOUNTY": "Lincoln County", "RCOUNTY": "Lincoln County", "LCITY": "Newcastle", "RCITY": "Newcastle", "L_A4": null, "R_A4": null, "L_A5": null, "R_A5": null, "LPOSTCOMM": "Newcastle", "RPOSTCOMM": "Newcastle", "LZIPCODE": "04553", "RZIPCODE": "04553", "RDCLASS": "Private", "MDOTJURIS": "Private", "ONEWAY": "B", "SPEED": 25, "LVALID": "N", "RVALID": "N", "TOWN": "Newcastle", "ROUTE_NUM": "", "MAP_LABEL": "Phils Hill Rd", "SOURCE": "14", "FEET": 292, "MINUTES": 0.13273002, "PSAP": "Lincoln RCC", "GEONAMEID": 44387, "SEGMENTID": 60767, "MCODE": 440, "LGEOCODE": "15110", "RGEOCODE": "15110", "GC_EXCEPTION": null, "AMUPDDAT": 1699460412000, "AMUPDORG": "es.ngesi.maine.gov", "FMUPDDAT": 1271062955000, "FMUPDORG": "jt.ngesi.maine.gov", "CREATDAT": 1271062955000, "CREATORG": "jt.ngesi.maine.gov", "GlobalID": "bb46c4cd-c336-480f-9a02-773f73ffac14", "Shape__Length": 89.00362258861418}}, {"type": "Feature", "id": 1289, "geometry": {"type": "LineString", "coordinates": [[-69.5523167069492, 43.9997118588157], [-69.5524019665425, 43.9993914533663], [-69.5524464883363, 43.9992241512092], [-69.5526357948602, 43.9987910678595], [-69.5527047177448, 43.9985572197508], [-69.553043570619, 43.9981556357011], [-69.5530286813841, 43.9979746654079], [-69.5528023541184, 43.997766132161], [-69.5525791497217, 43.9973912977121], [-69.552527174165, 43.9971664615551], [-69.5524401745146, 43.9970542664437], [-69.5523567602336, 43.9969466997377], [-69.5522312923707, 43.9968662747028], [-69.5520128303523, 43.9968448216008]]}, "properties": {"OBJECTID": 1289, "SOURCE_OF_DATA": "ngesi.maine.gov", "DATEUPDATE": 1733246435000, "EFFECTIVE": 1369612800000, "EXPIRE": null, "RCL_UID": "urn:emergency:uid:gis:RCL:127288:ngesi.maine.gov", "L_ADD_PRE": "", "L_ADD_FROM": 0, "L_ADD_TO": 0, "R_ADD_PRE": "", "R_ADD_FROM": 17, "R_ADD_TO": 17, "LPARITY": "Z", "RPARITY": "O", "ST_PREMOD": "Old", "ST_PREDIR": "", "ST_PRETYP": "", "ST_PRESEP": "", "ST_NAME": "Field", "ST_POSTTYP": "Road", "ST_POSTDIR": "", "ST_POSTMOD": "", "ST_FULLNAME": "Old Field Road", "DIRTRAVEL": null, "PREDIR": "", "STREETNAME": "Old Field", "SUFFIX": "Rd", "POSTDIR": "", "RDNAME": "Old Field Rd", "LESN": "142", "RESN": "142", "LMSAGCOMM": "Newcastle", "RMSAGCOMM": "Newcastle", "LMSAG_CODE": "2315", "RMSAG_CODE": "2315", "LCOUNTRY": "US", "RCOUNTRY": "US", "LSTATE": "ME", "RSTATE": "ME", "LCOUNTY": "Lincoln County", "RCOUNTY": "Lincoln County", "LCITY": "Newcastle", "RCITY": "Newcastle", "L_A4": null, "R_A4": null, "L_A5": null, "R_A5": null, "LPOSTCOMM": "Newcastle", "RPOSTCOMM": "Newcastle", "LZIPCODE": "04553", "RZIPCODE": "04553", "RDCLASS": "Private", "MDOTJURIS": "Private", "ONEWAY": "B", "SPEED": 25, "LVALID": "N", "RVALID": "N", "TOWN": "Newcastle", "ROUTE_NUM": "", "MAP_LABEL": "Old Field Rd", "SOURCE": "20", "FEET": 1193, "MINUTES": 0.5423541, "PSAP": "Lincoln RCC", "GEONAMEID": 41591, "SEGMENTID": 127288, "MCODE": 440, "LGEOCODE": "15110", "RGEOCODE": "15110", "GC_EXCEPTION": null, "AMUPDDAT": 1733246435000, "AMUPDORG": "es.ngesi.maine.gov", "FMUPDDAT": 1632140526000, "FMUPDORG": "es.ngesi.maine.gov", "CREATDAT": 1314888373000, "CREATORG": "es.ngesi.maine.gov", "GlobalID": "6c4225b5-99f5-467b-8f2f-230deb2df679", "Shape__Length": 363.68168988367984}}, {"type": "Feature", "id": 1310, "geometry": {"type": "LineString", "coordinates": [[-69.5459215544155, 44.0785104150893], [-69.5459250042789, 44.0782472119882], [-69.5459323642878, 44.0781403247781], [-69.5459443715008, 44.0780281393816], [-69.5459565181863, 44.0779148278934], [-69.5459728206306, 44.077809329478], [-69.546032975171, 44.0777000561479], [-69.5461550537649, 44.0775802679504], [-69.5462588897907, 44.0774704705569], [-69.5463802585902, 44.077340151559]]}, "properties": {"OBJECTID": 1310, "SOURCE_OF_DATA": "ngesi.maine.gov", "DATEUPDATE": 1710961119000, "EFFECTIVE": 1369612800000, "EXPIRE": null, "RCL_UID": "urn:emergency:uid:gis:RCL:61915:ngesi.maine.gov", "L_ADD_PRE": "", "L_ADD_FROM": 2, "L_ADD_TO": 14, "R_ADD_PRE": "", "R_ADD_FROM": 1, "R_ADD_TO": 15, "LPARITY": "E", "RPARITY": "O", "ST_PREMOD": "", "ST_PREDIR": "", "ST_PRETYP": "", "ST_PRESEP": "", "ST_NAME": "Morgan Brook", "ST_POSTTYP": "Lane", "ST_POSTDIR": "", "ST_POSTMOD": "", "ST_FULLNAME": "Morgan Brook Lane", "DIRTRAVEL": null, "PREDIR": "", "STREETNAME": "Morgan Brook", "SUFFIX": "Ln", "POSTDIR": "", "RDNAME": "Morgan Brook Ln", "LESN": "142", "RESN": "142", "LMSAGCOMM": "Newcastle", "RMSAGCOMM": "Newcastle", "LMSAG_CODE": "2315", "RMSAG_CODE": "2315", "LCOUNTRY": "US", "RCOUNTRY": "US", "LSTATE": "ME", "RSTATE": "ME", "LCOUNTY": "Lincoln County", "RCOUNTY": "Lincoln County", "LCITY": "Newcastle", "RCITY": "Newcastle", "L_A4": null, "R_A4": null, "L_A5": null, "R_A5": null, "LPOSTCOMM": "Newcastle", "RPOSTCOMM": "Newcastle", "LZIPCODE": "04553", "RZIPCODE": "04553", "RDCLASS": "Private", "MDOTJURIS": "Private", "ONEWAY": "B", "SPEED": 25, "LVALID": "N", "RVALID": "N", "TOWN": "Newcastle", "ROUTE_NUM": "", "MAP_LABEL": "Morgan Brook Ln", "SOURCE": "14", "FEET": 459, "MINUTES": 0.20847644, "PSAP": "Lincoln RCC", "GEONAMEID": 38638, "SEGMENTID": 61915, "MCODE": 440, "LGEOCODE": "15110", "RGEOCODE": "15110", "GC_EXCEPTION": null, "AMUPDDAT": 1710961119000, "AMUPDORG": "es.ngesi.maine.gov", "FMUPDDAT": 1710961119000, "FMUPDORG": "es.ngesi.maine.gov", "CREATDAT": 1267181326000, "CREATORG": "jt.ngesi.maine.gov", "GlobalID": "ad4d5f4d-4419-4e3d-aa95-316f40a8453e", "Shape__Length": 139.7962416326042}}, {"type": "Feature", "id": 1358, "geometry": {"type": "LineString", "coordinates": [[-69.5786880541803, 44.0341145191205], [-69.5787658393335, 44.0342155488827], [-69.578861195687, 44.0342934047456], [-69.5790315476806, 44.0344356332257], [-69.579138175667, 44.0345072283593], [-69.5792888037017, 44.0346231493359], [-69.5794786176786, 44.0347823849992], [-69.5796544792644, 44.0349518019921], [-69.5798358563254, 44.0351389545043], [-69.5800820379709, 44.0354367451066], [-69.5804516123109, 44.0359042894178], [-69.5808570656851, 44.0364195483803], [-69.5812589913862, 44.0369472935617], [-69.5816963718065, 44.0375212064612], [-69.5819426080114, 44.0378417263198], [-69.5821782276585, 44.0381484254331], [-69.5823353805009, 44.0383529928956], [-69.5825305442299, 44.0385351818777], [-69.5827604004892, 44.0387053270474], [-69.5829632414941, 44.038803402057], [-69.583149266903, 44.0388933964183], [-69.5831875775718, 44.0389118739955]]}, "properties": {"OBJECTID": 1358, "SOURCE_OF_DATA": "ngesi.maine.gov", "DATEUPDATE": 1708962197000, "EFFECTIVE": 1369612800000, "EXPIRE": null, "RCL_UID": "urn:emergency:uid:gis:RCL:63121:ngesi.maine.gov", "L_ADD_PRE": "", "L_ADD_FROM": 184, "L_ADD_TO": 268, "R_ADD_PRE": "", "R_ADD_FROM": 183, "R_ADD_TO": 267, "LPARITY": "E", "RPARITY": "O", "ST_PREMOD": "", "ST_PREDIR": "", "ST_PRETYP": "", "ST_PRESEP": "", "ST_NAME": "Sheepscot", "ST_POSTTYP": "Road", "ST_POSTDIR": "", "ST_POSTMOD": "", "ST_FULLNAME": "Sheepscot Road", "DIRTRAVEL": null, "PREDIR": "", "STREETNAME": "Sheepscot", "SUFFIX": "Rd", "POSTDIR": "", "RDNAME": "Sheepscot Rd", "LESN": "142", "RESN": "142", "LMSAGCOMM": "Newcastle", "RMSAGCOMM": "Newcastle", "LMSAG_CODE": "2315", "RMSAG_CODE": "2315", "LCOUNTRY": "US", "RCOUNTRY": "US", "LSTATE": "ME", "RSTATE": "ME", "LCOUNTY": "Lincoln County", "RCOUNTY": "Lincoln County", "LCITY": "Newcastle", "RCITY": "Newcastle", "L_A4": null, "R_A4": null, "L_A5": null, "R_A5": null, "LPOSTCOMM": "Newcastle", "RPOSTCOMM": "Newcastle", "LZIPCODE": "04553", "RZIPCODE": "04553", "RDCLASS": "Local", "MDOTJURIS": "State Aid", "ONEWAY": "B", "SPEED": 35, "LVALID": "N", "RVALID": "N", "TOWN": "Newcastle", "ROUTE_NUM": "", "MAP_LABEL": "Sheepscot Rd", "SOURCE": "43", "FEET": 2130, "MINUTES": 0.6916321, "PSAP": "Lincoln RCC", "GEONAMEID": 52286, "SEGMENTID": 63121, "MCODE": 440, "LGEOCODE": "15110", "RGEOCODE": "15110", "GC_EXCEPTION": null, "AMUPDDAT": 1708962197000, "AMUPDORG": "es.ngesi.maine.gov", "FMUPDDAT": 1267192500000, "FMUPDORG": "jt.ngesi.maine.gov", "CREATDAT": 1267192500000, "CREATORG": "jt.ngesi.maine.gov", "GlobalID": "4b9f794a-952c-4e64-bb75-9a9a9a114b19", "Shape__Length": 649.2944465775507}}, {"type": "Feature", "id": 1360, "geometry": {"type": "LineString", "coordinates": [[-69.5518544245752, 44.0799784612846], [-69.5520139795085, 44.0798414424678], [-69.5521131174488, 44.0796703945574], [-69.5521757377664, 44.0794901955618], [-69.5522406591274, 44.0793076715374], [-69.5523320511241, 44.0791311507989], [-69.5523831874516, 44.0789490714662]]}, "properties": {"OBJECTID": 1360, "SOURCE_OF_DATA": "ngesi.maine.gov", "DATEUPDATE": 1699460412000, "EFFECTIVE": 1369612800000, "EXPIRE": null, "RCL_UID": "urn:emergency:uid:gis:RCL:61098:ngesi.maine.gov", "L_ADD_PRE": "", "L_ADD_FROM": 2, "L_ADD_TO": 38, "R_ADD_PRE": "", "R_ADD_FROM": 1, "R_ADD_TO": 39, "LPARITY": "E", "RPARITY": "O", "ST_PREMOD": "", "ST_PREDIR": "", "ST_PRETYP": "", "ST_PRESEP": "", "ST_NAME": "Meadow Ridge", "ST_POSTTYP": "Lane", "ST_POSTDIR": "", "ST_POSTMOD": "", "ST_FULLNAME": "Meadow Ridge Lane", "DIRTRAVEL": null, "PREDIR": "", "STREETNAME": "Meadow Ridge", "SUFFIX": "Ln", "POSTDIR": "", "RDNAME": "Meadow Ridge Ln", "LESN": "142", "RESN": "142", "LMSAGCOMM": "Newcastle", "RMSAGCOMM": "Newcastle", "LMSAG_CODE": "2315", "RMSAG_CODE": "2315", "LCOUNTRY": "US", "RCOUNTRY": "US", "LSTATE": "ME", "RSTATE": "ME", "LCOUNTY": "Lincoln County", "RCOUNTY": "Lincoln County", "LCITY": "Newcastle", "RCITY": "Newcastle", "L_A4": null, "R_A4": null, "L_A5": null, "R_A5": null, "LPOSTCOMM": "Newcastle", "RPOSTCOMM": "Newcastle", "LZIPCODE": "04553", "RZIPCODE": "04553", "RDCLASS": "Private", "MDOTJURIS": "Private", "ONEWAY": "B", "SPEED": 25, "LVALID": "N", "RVALID": "N", "TOWN": "Newcastle", "ROUTE_NUM": "", "MAP_LABEL": "Meadow Ridge Ln", "SOURCE": "14", "FEET": 405, "MINUTES": 0.18430063, "PSAP": "Lincoln RCC", "GEONAMEID": 36805, "SEGMENTID": 61098, "MCODE": 440, "LGEOCODE": "15110", "RGEOCODE": "15110", "GC_EXCEPTION": null, "AMUPDDAT": 1699460412000, "AMUPDORG": "es.ngesi.maine.gov", "FMUPDDAT": 1267181293000, "FMUPDORG": "jt.ngesi.maine.gov", "CREATDAT": 1267181293000, "CREATORG": "jt.ngesi.maine.gov", "GlobalID": "7278ab7b-ff3b-4919-90ee-fa847d63ad4c", "Shape__Length": 123.58488020279}}, {"type": "Feature", "id": 1423, "geometry": {"type": "LineString", "coordinates": [[-69.5334197254931, 44.0855333763839], [-69.5333389411644, 44.0857912407045], [-69.5332231206295, 44.0861507723879], [-69.5330403469304, 44.0867231136628], [-69.5328010563443, 44.0875302466979], [-69.5327232077975, 44.0878235340267], [-69.5326806408636, 44.0881064469844], [-69.5326634838256, 44.088313118049], [-69.5326537543252, 44.088547097674], [-69.5326548890033, 44.0891314553241], [-69.5326593290831, 44.0892629106495]]}, "properties": {"OBJECTID": 1423, "SOURCE_OF_DATA": "ngesi.maine.gov", "DATEUPDATE": 1708962197000, "EFFECTIVE": 1369612800000, "EXPIRE": null, "RCL_UID": "urn:emergency:uid:gis:RCL:64667:ngesi.maine.gov", "L_ADD_PRE": "", "L_ADD_FROM": 162, "L_ADD_TO": 192, "R_ADD_PRE": "", "R_ADD_FROM": 161, "R_ADD_TO": 191, "LPARITY": "E", "RPARITY": "O", "ST_PREMOD": "", "ST_PREDIR": "", "ST_PRETYP": "", "ST_PRESEP": "", "ST_NAME": "Bunker Hill", "ST_POSTTYP": "Road", "ST_POSTDIR": "", "ST_POSTMOD": "", "ST_FULLNAME": "Bunker Hill Road", "DIRTRAVEL": null, "PREDIR": "", "STREETNAME": "Bunker Hill", "SUFFIX": "Rd", "POSTDIR": "", "RDNAME": "Bunker Hill Rd", "LESN": "142", "RESN": "142", "LMSAGCOMM": "Newcastle", "RMSAGCOMM": "Newcastle", "LMSAG_CODE": "2315", "RMSAG_CODE": "2315", "LCOUNTRY": "US", "RCOUNTRY": "US", "LSTATE": "ME", "RSTATE": "ME", "LCOUNTY": "Lincoln County", "RCOUNTY": "Lincoln County", "LCITY": "Newcastle", "RCITY": "Newcastle", "L_A4": null, "R_A4": null, "L_A5": null, "R_A5": null, "LPOSTCOMM": "Newcastle", "RPOSTCOMM": "Newcastle", "LZIPCODE": "04553", "RZIPCODE": "04553", "RDCLASS": "Secondary", "MDOTJURIS": "State Aid", "ONEWAY": "B", "SPEED": 45, "LVALID": "N", "RVALID": "N", "TOWN": "Newcastle", "ROUTE_NUM": "213", "MAP_LABEL": "Bunker Hill Rd - Route 213", "SOURCE": "43", "FEET": 1380, "MINUTES": 0.34842186, "PSAP": "Lincoln RCC", "GEONAMEID": 8165, "SEGMENTID": 64667, "MCODE": 440, "LGEOCODE": "15110", "RGEOCODE": "15110", "GC_EXCEPTION": null, "AMUPDDAT": 1708962197000, "AMUPDORG": "es.ngesi.maine.gov", "FMUPDDAT": 1271067743000, "FMUPDORG": "jt.ngesi.maine.gov", "CREATDAT": 1271067743000, "CREATORG": "jt.ngesi.maine.gov", "GlobalID": "7e108b33-7c3c-4f19-a37d-17a53e7908b7", "Shape__Length": 420.5488184562305}}, {"type": "Feature", "id": 1491, "geometry": {"type": "LineString", "coordinates": [[-69.5300290494438, 44.0612174714771], [-69.530054543341, 44.0611948717114], [-69.5300798237909, 44.0611777379948], [-69.5301273344578, 44.0611514527081], [-69.5302386989257, 44.0611002287656], [-69.5303773864564, 44.0610285481978], [-69.5306493236498, 44.0608719768109], [-69.5308707591171, 44.0606864954282], [-69.5311577181169, 44.0604340748283], [-69.5315329877949, 44.0601066765006], [-69.5317020837325, 44.0599789417072]]}, "properties": {"OBJECTID": 1491, "SOURCE_OF_DATA": "ngesi.maine.gov", "DATEUPDATE": 1709668404000, "EFFECTIVE": 1369612800000, "EXPIRE": null, "RCL_UID": "urn:emergency:uid:gis:RCL:63092:ngesi.maine.gov", "L_ADD_PRE": "", "L_ADD_FROM": 22, "L_ADD_TO": 44, "R_ADD_PRE": "", "R_ADD_FROM": 21, "R_ADD_TO": 43, "LPARITY": "E", "RPARITY": "O", "ST_PREMOD": "", "ST_PREDIR": "", "ST_PRETYP": "", "ST_PRESEP": "", "ST_NAME": "Pond", "ST_POSTTYP": "Road", "ST_POSTDIR": "", "ST_POSTMOD": "", "ST_FULLNAME": "Pond Road", "DIRTRAVEL": null, "PREDIR": "", "STREETNAME": "Pond", "SUFFIX": "Rd", "POSTDIR": "", "RDNAME": "Pond Rd", "LESN": "142", "RESN": "142", "LMSAGCOMM": "Newcastle", "RMSAGCOMM": "Newcastle", "LMSAG_CODE": "2315", "RMSAG_CODE": "2315", "LCOUNTRY": "US", "RCOUNTRY": "US", "LSTATE": "ME", "RSTATE": "ME", "LCOUNTY": "Lincoln County", "RCOUNTY": "Lincoln County", "LCITY": "Newcastle", "RCITY": "Newcastle", "L_A4": null, "R_A4": null, "L_A5": null, "R_A5": null, "LPOSTCOMM": "Newcastle", "RPOSTCOMM": "Newcastle", "LZIPCODE": "04553", "RZIPCODE": "04553", "RDCLASS": "Secondary", "MDOTJURIS": "State Aid", "ONEWAY": "B", "SPEED": 45, "LVALID": "N", "RVALID": "N", "TOWN": "Newcastle", "ROUTE_NUM": "215", "MAP_LABEL": "Pond Rd - Route 215", "SOURCE": "43", "FEET": 634, "MINUTES": 0.16003104, "PSAP": "Lincoln RCC", "GEONAMEID": 45744, "SEGMENTID": 63092, "MCODE": 440, "LGEOCODE": "15110", "RGEOCODE": "15110", "GC_EXCEPTION": null, "AMUPDDAT": 1709668404000, "AMUPDORG": "es.ngesi.maine.gov", "FMUPDDAT": 1267183336000, "FMUPDORG": "jt.ngesi.maine.gov", "CREATDAT": 1267183336000, "CREATORG": "jt.ngesi.maine.gov", "GlobalID": "71dc1509-80f9-4cdf-937c-5e56dd15ae83", "Shape__Length": 193.1591325530927}}, {"type": "Feature", "id": 1496, "geometry": {"type": "LineString", "coordinates": [[-69.5449605494013, 44.0311185648608], [-69.5447952632536, 44.0313382179116], [-69.5445122899298, 44.0317154607637], [-69.5443247372782, 44.0320114964251], [-69.5441460254348, 44.0322101083876], [-69.5439435077236, 44.0323466646081], [-69.5437369573876, 44.0324476490372], [-69.5434591783425, 44.0325369883307], [-69.5424279999327, 44.0327589976176], [-69.540532040052, 44.0331922433499], [-69.5396301941296, 44.0333621247308]]}, "properties": {"OBJECTID": 1496, "SOURCE_OF_DATA": "ngesi.maine.gov", "DATEUPDATE": 1747321731000, "EFFECTIVE": 1369612800000, "EXPIRE": null, "RCL_UID": "urn:emergency:uid:gis:RCL:93070:ngesi.maine.gov", "L_ADD_PRE": "", "L_ADD_FROM": 0, "L_ADD_TO": 0, "R_ADD_PRE": "", "R_ADD_FROM": 0, "R_ADD_TO": 0, "LPARITY": "Z", "RPARITY": "Z", "ST_PREMOD": "", "ST_PREDIR": "", "ST_PRETYP": "", "ST_PRESEP": "", "ST_NAME": "Main", "ST_POSTTYP": "Street", "ST_POSTDIR": "", "ST_POSTMOD": "", "ST_FULLNAME": "Main Street", "DIRTRAVEL": null, "PREDIR": "", "STREETNAME": "Main", "SUFFIX": "St", "POSTDIR": "", "RDNAME": "Main St", "LESN": "142", "RESN": "142", "LMSAGCOMM": "Newcastle", "RMSAGCOMM": "Newcastle", "LMSAG_CODE": "2315", "RMSAG_CODE": "2315", "LCOUNTRY": "US", "RCOUNTRY": "US", "LSTATE": "ME", "RSTATE": "ME", "LCOUNTY": "Lincoln County", "RCOUNTY": "Lincoln County", "LCITY": "Newcastle", "RCITY": "Newcastle", "L_A4": null, "R_A4": null, "L_A5": null, "R_A5": null, "LPOSTCOMM": "Newcastle", "RPOSTCOMM": "Newcastle", "LZIPCODE": "04553", "RZIPCODE": "04553", "RDCLASS": "Local", "MDOTJURIS": "State Highway", "ONEWAY": "FT", "SPEED": 35, "LVALID": "N", "RVALID": "N", "TOWN": "Newcastle", "ROUTE_NUM": "", "MAP_LABEL": "Main St", "SOURCE": "43", "FEET": 1722, "MINUTES": 0.55893417, "PSAP": "Lincoln RCC", "GEONAMEID": 34897, "SEGMENTID": 93070, "MCODE": 440, "LGEOCODE": "15110", "RGEOCODE": "15110", "GC_EXCEPTION": "200", "AMUPDDAT": 1747321731000, "AMUPDORG": "jr.ngesi.maine.gov", "FMUPDDAT": 1267198240000, "FMUPDORG": "jt.ngesi.maine.gov", "CREATDAT": 1267198240000, "CREATORG": "jt.ngesi.maine.gov", "GlobalID": "53f53756-2bc9-417d-a0fb-4a6ed9475703", "Shape__Length": 524.7195062600294}}, {"type": "Feature", "id": 1526, "geometry": {"type": "LineString", "coordinates": [[-69.5392300668194, 44.0333347166407], [-69.5392375560759, 44.0332619244587], [-69.5392589950457, 44.0332122322997], [-69.5392910863698, 44.0331000239563], [-69.5392924789054, 44.0330554143171], [-69.5392866689221, 44.0330326360144], [-69.5392593168397, 44.0330068802094]]}, "properties": {"OBJECTID": 1526, "SOURCE_OF_DATA": "ngesi.maine.gov", "DATEUPDATE": 1747321731000, "EFFECTIVE": 1369612800000, "EXPIRE": null, "RCL_UID": "urn:emergency:uid:gis:RCL:93067:ngesi.maine.gov", "L_ADD_PRE": "", "L_ADD_FROM": 0, "L_ADD_TO": 0, "R_ADD_PRE": "", "R_ADD_FROM": 0, "R_ADD_TO": 0, "LPARITY": "Z", "RPARITY": "Z", "ST_PREMOD": "", "ST_PREDIR": "", "ST_PRETYP": "", "ST_PRESEP": "", "ST_NAME": "Main", "ST_POSTTYP": "Street", "ST_POSTDIR": "", "ST_POSTMOD": "", "ST_FULLNAME": "Main Street", "DIRTRAVEL": null, "PREDIR": "", "STREETNAME": "Main", "SUFFIX": "St", "POSTDIR": "", "RDNAME": "Main St", "LESN": "142", "RESN": "142", "LMSAGCOMM": "Newcastle", "RMSAGCOMM": "Newcastle", "LMSAG_CODE": "2315", "RMSAG_CODE": "2315", "LCOUNTRY": "US", "RCOUNTRY": "US", "LSTATE": "ME", "RSTATE": "ME", "LCOUNTY": "Lincoln County", "RCOUNTY": "Lincoln County", "LCITY": "Newcastle", "RCITY": "Newcastle", "L_A4": null, "R_A4": null, "L_A5": null, "R_A5": null, "LPOSTCOMM": "Newcastle", "RPOSTCOMM": "Newcastle", "LZIPCODE": "04553", "RZIPCODE": "04553", "RDCLASS": "Local", "MDOTJURIS": "State Highway", "ONEWAY": "FT", "SPEED": 35, "LVALID": "N", "RVALID": "N", "TOWN": "Newcastle", "ROUTE_NUM": "", "MAP_LABEL": "Main St", "SOURCE": "2", "FEET": 124, "MINUTES": 0.04020714, "PSAP": "Lincoln RCC", "GEONAMEID": 34897, "SEGMENTID": 93067, "MCODE": 440, "LGEOCODE": "15110", "RGEOCODE": "15110", "GC_EXCEPTION": null, "AMUPDDAT": 1747321731000, "AMUPDORG": "jr.ngesi.maine.gov", "FMUPDDAT": 1697635343000, "FMUPDORG": "es.ngesi.maine.gov", "CREATDAT": 1267199161000, "CREATORG": "jt.ngesi.maine.gov", "GlobalID": "715f6ede-6c5c-4f7c-9d07-8be38f7017b1", "Shape__Length": 37.74589640765915}}, {"type": "Feature", "id": 1549, "geometry": {"type": "LineString", "coordinates": [[-69.6136906432332, 44.0062057313556], [-69.6140601422419, 44.0062567856461], [-69.6143075920883, 44.0062568150172], [-69.6149327259495, 44.0061075508145], [-69.6158918723101, 44.0058193781741], [-69.6160277933361, 44.0057727366632]]}, "properties": {"OBJECTID": 1549, "SOURCE_OF_DATA": "ngesi.maine.gov", "DATEUPDATE": 1697553732000, "EFFECTIVE": 1369612800000, "EXPIRE": null, "RCL_UID": "urn:emergency:uid:gis:RCL:130405:ngesi.maine.gov", "L_ADD_PRE": "", "L_ADD_FROM": 2, "L_ADD_TO": 48, "R_ADD_PRE": "", "R_ADD_FROM": 1, "R_ADD_TO": 47, "LPARITY": "E", "RPARITY": "O", "ST_PREMOD": "", "ST_PREDIR": "", "ST_PRETYP": "", "ST_PRESEP": "", "ST_NAME": "Briarwood", "ST_POSTTYP": "Lane", "ST_POSTDIR": "", "ST_POSTMOD": "", "ST_FULLNAME": "Briarwood Lane", "DIRTRAVEL": null, "PREDIR": "", "STREETNAME": "Briarwood", "SUFFIX": "Ln", "POSTDIR": "", "RDNAME": "Briarwood Ln", "LESN": "142", "RESN": "142", "LMSAGCOMM": "Newcastle", "RMSAGCOMM": "Newcastle", "LMSAG_CODE": "2315", "RMSAG_CODE": "2315", "LCOUNTRY": "US", "RCOUNTRY": "US", "LSTATE": "ME", "RSTATE": "ME", "LCOUNTY": "Lincoln County", "RCOUNTY": "Lincoln County", "LCITY": "Newcastle", "RCITY": "Newcastle", "L_A4": null, "R_A4": null, "L_A5": null, "R_A5": null, "LPOSTCOMM": "Newcastle", "RPOSTCOMM": "Newcastle", "LZIPCODE": "04553", "RZIPCODE": "04553", "RDCLASS": "Private", "MDOTJURIS": "Private", "ONEWAY": "B", "SPEED": 25, "LVALID": "N", "RVALID": "N", "TOWN": "Newcastle", "ROUTE_NUM": "", "MAP_LABEL": "Briarwood Ln", "SOURCE": "2", "FEET": 650, "MINUTES": 0.29548214, "PSAP": "Lincoln RCC", "GEONAMEID": 7130, "SEGMENTID": 130405, "MCODE": 440, "LGEOCODE": "15110", "RGEOCODE": "15110", "GC_EXCEPTION": "201", "AMUPDDAT": 1697553732000, "AMUPDORG": "es.ngesi.maine.gov", "FMUPDDAT": 1697553732000, "FMUPDORG": "es.ngesi.maine.gov", "CREATDAT": 1318855554000, "CREATORG": "es.ngesi.maine.gov", "GlobalID": "b3dbe861-cfb1-4745-91d0-84d856f45c83", "Shape__Length": 198.1389014739476}}, {"type": "Feature", "id": 1584, "geometry": {"type": "LineString", "coordinates": [[-69.5667186162136, 44.0257755415095], [-69.5668914332785, 44.025979107628], [-69.5673953014535, 44.0265070900334], [-69.5675196330956, 44.0266323228055]]}, "properties": {"OBJECTID": 1584, "SOURCE_OF_DATA": "ngesi.maine.gov", "DATEUPDATE": 1699546146000, "EFFECTIVE": 1369612800000, "EXPIRE": null, "RCL_UID": "urn:emergency:uid:gis:RCL:63125:ngesi.maine.gov", "L_ADD_PRE": "", "L_ADD_FROM": 2, "L_ADD_TO": 18, "R_ADD_PRE": "", "R_ADD_FROM": 1, "R_ADD_TO": 17, "LPARITY": "E", "RPARITY": "O", "ST_PREMOD": "", "ST_PREDIR": "", "ST_PRETYP": "", "ST_PRESEP": "", "ST_NAME": "Sheepscot", "ST_POSTTYP": "Road", "ST_POSTDIR": "", "ST_POSTMOD": "", "ST_FULLNAME": "Sheepscot Road", "DIRTRAVEL": null, "PREDIR": "", "STREETNAME": "Sheepscot", "SUFFIX": "Rd", "POSTDIR": "", "RDNAME": "Sheepscot Rd", "LESN": "142", "RESN": "142", "LMSAGCOMM": "Newcastle", "RMSAGCOMM": "Newcastle", "LMSAG_CODE": "2315", "RMSAG_CODE": "2315", "LCOUNTRY": "US", "RCOUNTRY": "US", "LSTATE": "ME", "RSTATE": "ME", "LCOUNTY": "Lincoln County", "RCOUNTY": "Lincoln County", "LCITY": "Newcastle", "RCITY": "Newcastle", "L_A4": null, "R_A4": null, "L_A5": null, "R_A5": null, "LPOSTCOMM": "Newcastle", "RPOSTCOMM": "Newcastle", "LZIPCODE": "04553", "RZIPCODE": "04553", "RDCLASS": "Local", "MDOTJURIS": "State Aid", "ONEWAY": "B", "SPEED": 35, "LVALID": "N", "RVALID": "N", "TOWN": "Newcastle", "ROUTE_NUM": "", "MAP_LABEL": "Sheepscot Rd", "SOURCE": "43", "FEET": 377, "MINUTES": 0.12231404, "PSAP": "Lincoln RCC", "GEONAMEID": 52286, "SEGMENTID": 63125, "MCODE": 440, "LGEOCODE": "15110", "RGEOCODE": "15110", "GC_EXCEPTION": null, "AMUPDDAT": 1699546146000, "AMUPDORG": "es.ngesi.maine.gov", "FMUPDDAT": 1267193054000, "FMUPDORG": "jt.ngesi.maine.gov", "CREATDAT": 1267193054000, "CREATORG": "jt.ngesi.maine.gov", "GlobalID": "b4bfc2b4-8e09-4843-9617-2add8b54f838", "Shape__Length": 114.8266917323536}}, {"type": "Feature", "id": 1608, "geometry": {"type": "LineString", "coordinates": [[-69.5436478954732, 44.0297684216908], [-69.5437311454805, 44.0295543466601], [-69.5438784768322, 44.0293255160002], [-69.5440637718919, 44.0290930200358], [-69.5443258998802, 44.0287707354672], [-69.5445511902883, 44.0284991712362], [-69.5447596124336, 44.0282472334715], [-69.5449980367936, 44.0279563653354], [-69.5450500447059, 44.0278470674259]]}, "properties": {"OBJECTID": 1608, "SOURCE_OF_DATA": "ngesi.maine.gov", "DATEUPDATE": 1699546146000, "EFFECTIVE": 1369612800000, "EXPIRE": null, "RCL_UID": "urn:emergency:uid:gis:RCL:93075:ngesi.maine.gov", "L_ADD_PRE": "", "L_ADD_FROM": 2, "L_ADD_TO": 30, "R_ADD_PRE": "", "R_ADD_FROM": 1, "R_ADD_TO": 29, "LPARITY": "E", "RPARITY": "O", "ST_PREMOD": "", "ST_PREDIR": "", "ST_PRETYP": "", "ST_PRESEP": "", "ST_NAME": "Pleasant", "ST_POSTTYP": "Street", "ST_POSTDIR": "", "ST_POSTMOD": "", "ST_FULLNAME": "Pleasant Street", "DIRTRAVEL": null, "PREDIR": "", "STREETNAME": "Pleasant", "SUFFIX": "St", "POSTDIR": "", "RDNAME": "Pleasant St", "LESN": "142", "RESN": "142", "LMSAGCOMM": "Newcastle", "RMSAGCOMM": "Newcastle", "LMSAG_CODE": "2315", "RMSAG_CODE": "2315", "LCOUNTRY": "US", "RCOUNTRY": "US", "LSTATE": "ME", "RSTATE": "ME", "LCOUNTY": "Lincoln County", "RCOUNTY": "Lincoln County", "LCITY": "Newcastle", "RCITY": "Newcastle", "L_A4": null, "R_A4": null, "L_A5": null, "R_A5": null, "LPOSTCOMM": "Newcastle", "RPOSTCOMM": "Newcastle", "LZIPCODE": "04553", "RZIPCODE": "04553", "RDCLASS": "Local", "MDOTJURIS": "Townway", "ONEWAY": "B", "SPEED": 35, "LVALID": "N", "RVALID": "N", "TOWN": "Newcastle", "ROUTE_NUM": "", "MAP_LABEL": "Pleasant St", "SOURCE": "43", "FEET": 794, "MINUTES": 0.25791298, "PSAP": "Lincoln RCC", "GEONAMEID": 45355, "SEGMENTID": 93075, "MCODE": 440, "LGEOCODE": "15110", "RGEOCODE": "15110", "GC_EXCEPTION": null, "AMUPDDAT": 1699546146000, "AMUPDORG": "es.ngesi.maine.gov", "FMUPDDAT": 1271952014000, "FMUPDORG": "jt.ngesi.maine.gov", "CREATDAT": 1271952014000, "CREATORG": "jt.ngesi.maine.gov", "GlobalID": "04b32e9f-8355-4737-9173-591dceb8aeed", "Shape__Length": 242.12506628819278}}, {"type": "Feature", "id": 1659, "geometry": {"type": "LineString", "coordinates": [[-69.5867552267308, 44.0680430224372], [-69.5865624017525, 44.068015309768], [-69.5864452754929, 44.0679725957386], [-69.5863514861473, 44.067932246757], [-69.5862139632054, 44.0678636623931], [-69.5860987448571, 44.0677940541011], [-69.5859552233266, 44.0677084657859], [-69.5857927223843, 44.0676912923135], [-69.5856451271248, 44.0678231563187], [-69.585489116727, 44.0679539378318], [-69.5853282527573, 44.0680763168242], [-69.5850935554958, 44.0679785267409], [-69.5848919438949, 44.0678928204104], [-69.5847781550713, 44.0678122553481]]}, "properties": {"OBJECTID": 1659, "SOURCE_OF_DATA": "ngesi.maine.gov", "DATEUPDATE": 1699546146000, "EFFECTIVE": 1369612800000, "EXPIRE": null, "RCL_UID": "urn:emergency:uid:gis:RCL:74098:ngesi.maine.gov", "L_ADD_PRE": "", "L_ADD_FROM": 2, "L_ADD_TO": 26, "R_ADD_PRE": "", "R_ADD_FROM": 1, "R_ADD_TO": 25, "LPARITY": "E", "RPARITY": "O", "ST_PREMOD": "", "ST_PREDIR": "", "ST_PRETYP": "", "ST_PRESEP": "", "ST_NAME": "Rocky Ledge", "ST_POSTTYP": "Road", "ST_POSTDIR": "", "ST_POSTMOD": "", "ST_FULLNAME": "Rocky Ledge Road", "DIRTRAVEL": null, "PREDIR": "", "STREETNAME": "Rocky Ledge", "SUFFIX": "Rd", "POSTDIR": "", "RDNAME": "Rocky Ledge Rd", "LESN": "142", "RESN": "142", "LMSAGCOMM": "Newcastle", "RMSAGCOMM": "Newcastle", "LMSAG_CODE": "2315", "RMSAG_CODE": "2315", "LCOUNTRY": "US", "RCOUNTRY": "US", "LSTATE": "ME", "RSTATE": "ME", "LCOUNTY": "Lincoln County", "RCOUNTY": "Lincoln County", "LCITY": "Newcastle", "RCITY": "Newcastle", "L_A4": null, "R_A4": null, "L_A5": null, "R_A5": null, "LPOSTCOMM": "Newcastle", "RPOSTCOMM": "Newcastle", "LZIPCODE": "04553", "RZIPCODE": "04553", "RDCLASS": "Private", "MDOTJURIS": "Private", "ONEWAY": "B", "SPEED": 25, "LVALID": "N", "RVALID": "N", "TOWN": "Newcastle", "ROUTE_NUM": "", "MAP_LABEL": "Rocky Ledge Rd", "SOURCE": "2", "FEET": 651, "MINUTES": 0.29592409, "PSAP": "Lincoln RCC", "GEONAMEID": 49219, "SEGMENTID": 74098, "MCODE": 440, "LGEOCODE": "15110", "RGEOCODE": "15110", "GC_EXCEPTION": null, "AMUPDDAT": 1699546146000, "AMUPDORG": "es.ngesi.maine.gov", "FMUPDDAT": 1295347055000, "FMUPDORG": "jt.ngesi.maine.gov", "CREATDAT": 1295347055000, "CREATORG": "jt.ngesi.maine.gov", "GlobalID": "80d706e2-38a2-4ac2-a9ea-f428d4133750", "Shape__Length": 198.43525647946205}}, {"type": "Feature", "id": 1660, "geometry": {"type": "LineString", "coordinates": [[-69.5352678828711, 44.0351092351671], [-69.5351205448513, 44.0351997346648], [-69.5349559310221, 44.0352982558959], [-69.5347795453609, 44.0354048360476], [-69.5346270986658, 44.0354450565889], [-69.5344833653926, 44.0354327821155], [-69.5342090763981, 44.0353802513414], [-69.5339857614054, 44.0353226288297], [-69.5336999120004, 44.0352209110371], [-69.5334907391987, 44.0351105423555]]}, "properties": {"OBJECTID": 1660, "SOURCE_OF_DATA": "ngesi.maine.gov", "DATEUPDATE": 1709757988000, "EFFECTIVE": 1369612800000, "EXPIRE": null, "RCL_UID": "urn:emergency:uid:gis:RCL:93077:ngesi.maine.gov", "L_ADD_PRE": "", "L_ADD_FROM": 16, "L_ADD_TO": 36, "R_ADD_PRE": "", "R_ADD_FROM": 15, "R_ADD_TO": 35, "LPARITY": "E", "RPARITY": "O", "ST_PREMOD": "", "ST_PREDIR": "", "ST_PRETYP": "", "ST_PRESEP": "", "ST_NAME": "Pump", "ST_POSTTYP": "Street", "ST_POSTDIR": "", "ST_POSTMOD": "", "ST_FULLNAME": "Pump Street", "DIRTRAVEL": null, "PREDIR": "", "STREETNAME": "Pump", "SUFFIX": "St", "POSTDIR": "", "RDNAME": "Pump St", "LESN": "142", "RESN": "142", "LMSAGCOMM": "Newcastle", "RMSAGCOMM": "Newcastle", "LMSAG_CODE": "2315", "RMSAG_CODE": "2315", "LCOUNTRY": "US", "RCOUNTRY": "US", "LSTATE": "ME", "RSTATE": "ME", "LCOUNTY": "Lincoln County", "RCOUNTY": "Lincoln County", "LCITY": "Newcastle", "RCITY": "Newcastle", "L_A4": null, "R_A4": null, "L_A5": null, "R_A5": null, "LPOSTCOMM": "Newcastle", "RPOSTCOMM": "Newcastle", "LZIPCODE": "04553", "RZIPCODE": "04553", "RDCLASS": "Local", "MDOTJURIS": "Townway", "ONEWAY": "B", "SPEED": 35, "LVALID": "N", "RVALID": "N", "TOWN": "Newcastle", "ROUTE_NUM": "", "MAP_LABEL": "Pump St", "SOURCE": "43", "FEET": 537, "MINUTES": 0.17440892, "PSAP": "Lincoln RCC", "GEONAMEID": 46663, "SEGMENTID": 93077, "MCODE": 440, "LGEOCODE": "15110", "RGEOCODE": "15110", "GC_EXCEPTION": null, "AMUPDDAT": 1709757988000, "AMUPDORG": "es.ngesi.maine.gov", "FMUPDDAT": 1267199281000, "FMUPDORG": "jt.ngesi.maine.gov", "CREATDAT": 1267199281000, "CREATORG": "jt.ngesi.maine.gov", "GlobalID": "f776a44d-f6ec-4d0c-8432-04193c9b2690", "Shape__Length": 163.7326302077827}}, {"type": "Feature", "id": 1667, "geometry": {"type": "LineString", "coordinates": [[-69.5348525805995, 44.0338481230464], [-69.5345781202857, 44.0337563209201], [-69.5341610442828, 44.0336163052758], [-69.5338978739046, 44.033527951068]]}, "properties": {"OBJECTID": 1667, "SOURCE_OF_DATA": "ngesi.maine.gov", "DATEUPDATE": 1747321731000, "EFFECTIVE": 1369612800000, "EXPIRE": null, "RCL_UID": "urn:emergency:uid:gis:RCL:93066:ngesi.maine.gov", "L_ADD_PRE": "", "L_ADD_FROM": 76, "L_ADD_TO": 80, "R_ADD_PRE": "", "R_ADD_FROM": 77, "R_ADD_TO": 79, "LPARITY": "E", "RPARITY": "O", "ST_PREMOD": "", "ST_PREDIR": "", "ST_PRETYP": "", "ST_PRESEP": "", "ST_NAME": "Main", "ST_POSTTYP": "Street", "ST_POSTDIR": "", "ST_POSTMOD": "", "ST_FULLNAME": "Main Street", "DIRTRAVEL": null, "PREDIR": "", "STREETNAME": "Main", "SUFFIX": "St", "POSTDIR": "", "RDNAME": "Main St", "LESN": "142", "RESN": "142", "LMSAGCOMM": "Newcastle", "RMSAGCOMM": "Newcastle", "LMSAG_CODE": "2315", "RMSAG_CODE": "2315", "LCOUNTRY": "US", "RCOUNTRY": "US", "LSTATE": "ME", "RSTATE": "ME", "LCOUNTY": "Lincoln County", "RCOUNTY": "Lincoln County", "LCITY": "Newcastle", "RCITY": "Newcastle", "L_A4": null, "R_A4": null, "L_A5": null, "R_A5": null, "LPOSTCOMM": "Newcastle", "RPOSTCOMM": "Newcastle", "LZIPCODE": "04553", "RZIPCODE": "04553", "RDCLASS": "Local", "MDOTJURIS": "State Highway", "ONEWAY": "B", "SPEED": 35, "LVALID": "N", "RVALID": "N", "TOWN": "Newcastle", "ROUTE_NUM": "", "MAP_LABEL": "Main St", "SOURCE": "43", "FEET": 277, "MINUTES": 0.08986366, "PSAP": "Lincoln RCC", "GEONAMEID": 34897, "SEGMENTID": 93066, "MCODE": 440, "LGEOCODE": "15110", "RGEOCODE": "15110", "GC_EXCEPTION": null, "AMUPDDAT": 1747321731000, "AMUPDORG": "jr.ngesi.maine.gov", "FMUPDDAT": 1271076997000, "FMUPDORG": "jt.ngesi.maine.gov", "CREATDAT": 1271076997000, "CREATORG": "jt.ngesi.maine.gov", "GlobalID": "72965a45-b91c-4dd4-b033-61f8e405f9d2", "Shape__Length": 84.36273150818045}}, {"type": "Feature", "id": 1683, "geometry": {"type": "LineString", "coordinates": [[-69.5392463640231, 44.036802585451], [-69.5394989674352, 44.0366399432866], [-69.5395453859582, 44.0366100667637], [-69.5395952909631, 44.0365779318996], [-69.5396525109002, 44.0365569537387], [-69.5397022673343, 44.0365387118365], [-69.5397569993764, 44.0365186457192], [-69.5398084951327, 44.0365105334267], [-69.5398647017586, 44.0365016785766], [-69.5399268655285, 44.0364918862001], [-69.5399830721187, 44.0364830312919], [-69.5400810285438, 44.0364675955732], [-69.5401868304198, 44.0364530140186], [-69.5402866117938, 44.0364392711454], [-69.5403502199469, 44.0364304981005], [-69.5404138281627, 44.0364217340232], [-69.5404725252386, 44.0364136503935], [-69.540595294364, 44.0363640908646], [-69.5406416366951, 44.0363300366595], [-69.5406849045037, 44.0362982568484], [-69.5407281845823, 44.0362664589558], [-69.5408275721157, 44.0361724157928], [-69.540836565216, 44.0361471365809], [-69.5408443861668, 44.0361192249087], [-69.5408485579611, 44.0360921498231], [-69.5408515700904, 44.0360624422188], [-69.5408509329893, 44.0360335621985]]}, "properties": {"OBJECTID": 1683, "SOURCE_OF_DATA": "ngesi.maine.gov", "DATEUPDATE": 1733836652000, "EFFECTIVE": 1369612800000, "EXPIRE": null, "RCL_UID": "urn:emergency:uid:gis:RCL:93079:ngesi.maine.gov", "L_ADD_PRE": "", "L_ADD_FROM": 2, "L_ADD_TO": 24, "R_ADD_PRE": "", "R_ADD_FROM": 1, "R_ADD_TO": 25, "LPARITY": "E", "RPARITY": "O", "ST_PREMOD": "", "ST_PREDIR": "", "ST_PRETYP": "", "ST_PRESEP": "", "ST_NAME": "Teague", "ST_POSTTYP": "Street", "ST_POSTDIR": "", "ST_POSTMOD": "", "ST_FULLNAME": "Teague Street", "DIRTRAVEL": null, "PREDIR": "", "STREETNAME": "Teague", "SUFFIX": "St", "POSTDIR": "", "RDNAME": "Teague St", "LESN": "142", "RESN": "142", "LMSAGCOMM": "Newcastle", "RMSAGCOMM": "Newcastle", "LMSAG_CODE": "2315", "RMSAG_CODE": "2315", "LCOUNTRY": "US", "RCOUNTRY": "US", "LSTATE": "ME", "RSTATE": "ME", "LCOUNTY": "Lincoln County", "RCOUNTY": "Lincoln County", "LCITY": "Newcastle", "RCITY": "Newcastle", "L_A4": null, "R_A4": null, "L_A5": null, "R_A5": null, "LPOSTCOMM": "Newcastle", "RPOSTCOMM": "Newcastle", "LZIPCODE": "04553", "RZIPCODE": "04553", "RDCLASS": "Private", "MDOTJURIS": "Private", "ONEWAY": "B", "SPEED": 25, "LVALID": "N", "RVALID": "N", "TOWN": "Newcastle", "ROUTE_NUM": "", "MAP_LABEL": "Teague St", "SOURCE": "14", "FEET": 544, "MINUTES": 0.24715064, "PSAP": "Lincoln RCC", "GEONAMEID": 57269, "SEGMENTID": 93079, "MCODE": 440, "LGEOCODE": "15110", "RGEOCODE": "15110", "GC_EXCEPTION": null, "AMUPDDAT": 1733836652000, "AMUPDORG": "es.ngesi.maine.gov", "FMUPDDAT": 1733836652000, "FMUPDORG": "es.ngesi.maine.gov", "CREATDAT": 1268045645000, "CREATORG": "jt.ngesi.maine.gov", "GlobalID": "dbd3d215-323a-4629-888e-47d338f23002", "Shape__Length": 165.72966208273724}}, {"type": "Feature", "id": 1694, "geometry": {"type": "LineString", "coordinates": [[-69.5397889682761, 44.0681783182563], [-69.5396255387406, 44.0683751030774], [-69.5394932060884, 44.0685215469271], [-69.5394686410264, 44.0685487451163], [-69.5393167496072, 44.0687086151276], [-69.5390794670304, 44.0689590388059], [-69.5389532559838, 44.0690964497433], [-69.5387836774426, 44.0693001229187], [-69.5386366530967, 44.0695509482882], [-69.5385533088621, 44.0697434014515], [-69.5384920110653, 44.0699489676117], [-69.5384795729565, 44.0700480724965]]}, "properties": {"OBJECTID": 1694, "SOURCE_OF_DATA": "ngesi.maine.gov", "DATEUPDATE": 1605571200000, "EFFECTIVE": 1369612800000, "EXPIRE": null, "RCL_UID": "urn:emergency:uid:gis:RCL:131350:ngesi.maine.gov", "L_ADD_PRE": "", "L_ADD_FROM": 240, "L_ADD_TO": 266, "R_ADD_PRE": "", "R_ADD_FROM": 239, "R_ADD_TO": 265, "LPARITY": "E", "RPARITY": "O", "ST_PREMOD": "", "ST_PREDIR": "", "ST_PRETYP": "", "ST_PRESEP": "", "ST_NAME": "Pond", "ST_POSTTYP": "Road", "ST_POSTDIR": "", "ST_POSTMOD": "", "ST_FULLNAME": "Pond Road", "DIRTRAVEL": null, "PREDIR": "", "STREETNAME": "Pond", "SUFFIX": "Rd", "POSTDIR": "", "RDNAME": "Pond Rd", "LESN": "142", "RESN": "142", "LMSAGCOMM": "Newcastle", "RMSAGCOMM": "Newcastle", "LMSAG_CODE": "2315", "RMSAG_CODE": "2315", "LCOUNTRY": "US", "RCOUNTRY": "US", "LSTATE": "ME", "RSTATE": "ME", "LCOUNTY": "Lincoln County", "RCOUNTY": "Lincoln County", "LCITY": "Newcastle", "RCITY": "Newcastle", "L_A4": null, "R_A4": null, "L_A5": null, "R_A5": null, "LPOSTCOMM": "Newcastle", "RPOSTCOMM": "Newcastle", "LZIPCODE": "04553", "RZIPCODE": "04553", "RDCLASS": "Secondary", "MDOTJURIS": "State Aid", "ONEWAY": "B", "SPEED": 45, "LVALID": "N", "RVALID": "N", "TOWN": "Newcastle", "ROUTE_NUM": "215", "MAP_LABEL": "Pond Rd - Route 215", "SOURCE": "43", "FEET": 772, "MINUTES": 0.19506281, "PSAP": "Lincoln RCC", "GEONAMEID": 45744, "SEGMENTID": 131350, "MCODE": 440, "LGEOCODE": "15110", "RGEOCODE": "15110", "GC_EXCEPTION": null, "AMUPDDAT": 1590710400000, "AMUPDORG": "jr.ngesi.maine.gov", "FMUPDDAT": 1321541983000, "FMUPDORG": "es.ngesi.maine.gov", "CREATDAT": 1321541983000, "CREATORG": "es.ngesi.maine.gov", "GlobalID": "cbbfe6ae-b73f-4aaf-a477-eef26afa0a3e", "Shape__Length": 235.44236783041887}}, {"type": "Feature", "id": 1703, "geometry": {"type": "LineString", "coordinates": [[-69.5348525805995, 44.0338481230464], [-69.5346938008776, 44.0339969098479], [-69.5341960047214, 44.0344475468284], [-69.5338698335348, 44.0347430968048]]}, "properties": {"OBJECTID": 1703, "SOURCE_OF_DATA": "ngesi.maine.gov", "DATEUPDATE": 1699546146000, "EFFECTIVE": 1369612800000, "EXPIRE": null, "RCL_UID": "urn:emergency:uid:gis:RCL:93056:ngesi.maine.gov", "L_ADD_PRE": "", "L_ADD_FROM": 2, "L_ADD_TO": 16, "R_ADD_PRE": "", "R_ADD_FROM": 1, "R_ADD_TO": 15, "LPARITY": "E", "RPARITY": "O", "ST_PREMOD": "", "ST_PREDIR": "", "ST_PRETYP": "", "ST_PRESEP": "", "ST_NAME": "Glidden", "ST_POSTTYP": "Street", "ST_POSTDIR": "", "ST_POSTMOD": "", "ST_FULLNAME": "Glidden Street", "DIRTRAVEL": null, "PREDIR": "", "STREETNAME": "Glidden", "SUFFIX": "St", "POSTDIR": "", "RDNAME": "Glidden St", "LESN": "142", "RESN": "142", "LMSAGCOMM": "Newcastle", "RMSAGCOMM": "Newcastle", "LMSAG_CODE": "2315", "RMSAG_CODE": "2315", "LCOUNTRY": "US", "RCOUNTRY": "US", "LSTATE": "ME", "RSTATE": "ME", "LCOUNTY": "Lincoln County", "RCOUNTY": "Lincoln County", "LCITY": "Newcastle", "RCITY": "Newcastle", "L_A4": null, "R_A4": null, "L_A5": null, "R_A5": null, "LPOSTCOMM": "Newcastle", "RPOSTCOMM": "Newcastle", "LZIPCODE": "04553", "RZIPCODE": "04553", "RDCLASS": "Local", "MDOTJURIS": "Townway", "ONEWAY": "B", "SPEED": 35, "LVALID": "N", "RVALID": "N", "TOWN": "Newcastle", "ROUTE_NUM": "", "MAP_LABEL": "Glidden St", "SOURCE": "43", "FEET": 416, "MINUTES": 0.13508893, "PSAP": "Lincoln RCC", "GEONAMEID": 21955, "SEGMENTID": 93056, "MCODE": 440, "LGEOCODE": "15110", "RGEOCODE": "15110", "GC_EXCEPTION": null, "AMUPDDAT": 1699546146000, "AMUPDORG": "es.ngesi.maine.gov", "FMUPDDAT": 1271076997000, "FMUPDORG": "jt.ngesi.maine.gov", "CREATDAT": 1271076997000, "CREATORG": "jt.ngesi.maine.gov", "GlobalID": "0807019d-978c-409b-b59e-e82fc00f44d3", "Shape__Length": 126.81957597145481}}, {"type": "Feature", "id": 1736, "geometry": {"type": "LineString", "coordinates": [[-69.5389434545817, 44.0719189315286], [-69.538941662853, 44.0721398199975], [-69.5389204800662, 44.0724284513498], [-69.5388853019351, 44.0727890857249], [-69.5388366825077, 44.073077756403]]}, "properties": {"OBJECTID": 1736, "SOURCE_OF_DATA": "ngesi.maine.gov", "DATEUPDATE": 1709844596000, "EFFECTIVE": 1369612800000, "EXPIRE": null, "RCL_UID": "urn:emergency:uid:gis:RCL:63088:ngesi.maine.gov", "L_ADD_PRE": "", "L_ADD_FROM": 298, "L_ADD_TO": 312, "R_ADD_PRE": "", "R_ADD_FROM": 297, "R_ADD_TO": 311, "LPARITY": "E", "RPARITY": "O", "ST_PREMOD": "", "ST_PREDIR": "", "ST_PRETYP": "", "ST_PRESEP": "", "ST_NAME": "Pond", "ST_POSTTYP": "Road", "ST_POSTDIR": "", "ST_POSTMOD": "", "ST_FULLNAME": "Pond Road", "DIRTRAVEL": null, "PREDIR": "", "STREETNAME": "Pond", "SUFFIX": "Rd", "POSTDIR": "", "RDNAME": "Pond Rd", "LESN": "142", "RESN": "142", "LMSAGCOMM": "Newcastle", "RMSAGCOMM": "Newcastle", "LMSAG_CODE": "2315", "RMSAG_CODE": "2315", "LCOUNTRY": "US", "RCOUNTRY": "US", "LSTATE": "ME", "RSTATE": "ME", "LCOUNTY": "Lincoln County", "RCOUNTY": "Lincoln County", "LCITY": "Newcastle", "RCITY": "Newcastle", "L_A4": null, "R_A4": null, "L_A5": null, "R_A5": null, "LPOSTCOMM": "Newcastle", "RPOSTCOMM": "Newcastle", "LZIPCODE": "04553", "RZIPCODE": "04553", "RDCLASS": "Secondary", "MDOTJURIS": "State Aid", "ONEWAY": "B", "SPEED": 45, "LVALID": "N", "RVALID": "N", "TOWN": "Newcastle", "ROUTE_NUM": "215", "MAP_LABEL": "Pond Rd - Route 215", "SOURCE": "43", "FEET": 424, "MINUTES": 0.10695218, "PSAP": "Lincoln RCC", "GEONAMEID": 45744, "SEGMENTID": 63088, "MCODE": 440, "LGEOCODE": "15110", "RGEOCODE": "15110", "GC_EXCEPTION": null, "AMUPDDAT": 1709844596000, "AMUPDORG": "es.ngesi.maine.gov", "FMUPDDAT": 1267181722000, "FMUPDORG": "jt.ngesi.maine.gov", "CREATDAT": 1267181722000, "CREATORG": "jt.ngesi.maine.gov", "GlobalID": "8710cfd1-9e21-436e-8a81-e4f6d45cbb2d", "Shape__Length": 129.092400535966}}, {"type": "Feature", "id": 1752, "geometry": {"type": "LineString", "coordinates": [[-69.5303747470077, 44.0945818171587], [-69.5302754026765, 44.094718552992], [-69.5299512608186, 44.0952229120338], [-69.5297612412227, 44.0955387574176], [-69.5296038092289, 44.0957813082193], [-69.5294429733259, 44.0959855473215], [-69.529077804664, 44.0964550978903], [-69.5289090203905, 44.0966972771119]]}, "properties": {"OBJECTID": 1752, "SOURCE_OF_DATA": "ngesi.maine.gov", "DATEUPDATE": 1709844596000, "EFFECTIVE": 1369612800000, "EXPIRE": null, "RCL_UID": "urn:emergency:uid:gis:RCL:64672:ngesi.maine.gov", "L_ADD_PRE": "", "L_ADD_FROM": 276, "L_ADD_TO": 310, "R_ADD_PRE": "", "R_ADD_FROM": 275, "R_ADD_TO": 309, "LPARITY": "E", "RPARITY": "O", "ST_PREMOD": "", "ST_PREDIR": "", "ST_PRETYP": "", "ST_PRESEP": "", "ST_NAME": "Bunker Hill", "ST_POSTTYP": "Road", "ST_POSTDIR": "", "ST_POSTMOD": "", "ST_FULLNAME": "Bunker Hill Road", "DIRTRAVEL": null, "PREDIR": "", "STREETNAME": "Bunker Hill", "SUFFIX": "Rd", "POSTDIR": "", "RDNAME": "Bunker Hill Rd", "LESN": "142", "RESN": "142", "LMSAGCOMM": "Newcastle", "RMSAGCOMM": "Newcastle", "LMSAG_CODE": "2315", "RMSAG_CODE": "2315", "LCOUNTRY": "US", "RCOUNTRY": "US", "LSTATE": "ME", "RSTATE": "ME", "LCOUNTY": "Lincoln County", "RCOUNTY": "Lincoln County", "LCITY": "Newcastle", "RCITY": "Newcastle", "L_A4": null, "R_A4": null, "L_A5": null, "R_A5": null, "LPOSTCOMM": "Newcastle", "RPOSTCOMM": "Newcastle", "LZIPCODE": "04553", "RZIPCODE": "04553", "RDCLASS": "Secondary", "MDOTJURIS": "State Aid", "ONEWAY": "B", "SPEED": 45, "LVALID": "N", "RVALID": "N", "TOWN": "Newcastle", "ROUTE_NUM": "213", "MAP_LABEL": "Bunker Hill Rd - Route 213", "SOURCE": "43", "FEET": 862, "MINUTES": 0.2177551, "PSAP": "Lincoln RCC", "GEONAMEID": 8165, "SEGMENTID": 64672, "MCODE": 440, "LGEOCODE": "15110", "RGEOCODE": "15110", "GC_EXCEPTION": null, "AMUPDDAT": 1709844596000, "AMUPDORG": "es.ngesi.maine.gov", "FMUPDDAT": 1271068097000, "FMUPDORG": "jt.ngesi.maine.gov", "CREATDAT": 1271068097000, "CREATORG": "jt.ngesi.maine.gov", "GlobalID": "9f5c70c1-9054-420a-8289-1a3c61d8013e", "Shape__Length": 262.8326679984144}}, {"type": "Feature", "id": 1759, "geometry": {"type": "LineString", "coordinates": [[-69.596329485932, 44.0278367632011], [-69.5964929294723, 44.0278738865756], [-69.5968355054359, 44.0279745028042], [-69.596936509298, 44.0280019848749], [-69.597130645637, 44.0280323294381], [-69.5972856953851, 44.0280499040387], [-69.5974324367966, 44.0280465978561], [-69.5975951188936, 44.0280401019202], [-69.5977086170874, 44.0280355647145], [-69.5979878332434, 44.0280596464765], [-69.5981485310677, 44.0280903623914], [-69.5982246198589, 44.0281145344381], [-69.5984293098617, 44.0281853730711], [-69.5985548715565, 44.0282288322517], [-69.5987107500369, 44.0282827745105], [-69.5988709045038, 44.0283387469297], [-69.5990237123672, 44.0284012221178], [-69.5991746243701, 44.0284563242149], [-69.5993456053265, 44.0285116989828], [-69.5995260515794, 44.0285701480242], [-69.5996810582062, 44.0286203661024], [-69.5998478361047, 44.0286709273252], [-69.5998959469237, 44.0286899691186]]}, "properties": {"OBJECTID": 1759, "SOURCE_OF_DATA": "ngesi.maine.gov", "DATEUPDATE": 1605571200000, "EFFECTIVE": 1369612800000, "EXPIRE": null, "RCL_UID": "urn:emergency:uid:gis:RCL:61453:ngesi.maine.gov", "L_ADD_PRE": "", "L_ADD_FROM": 2, "L_ADD_TO": 42, "R_ADD_PRE": "", "R_ADD_FROM": 1, "R_ADD_TO": 41, "LPARITY": "E", "RPARITY": "O", "ST_PREMOD": "", "ST_PREDIR": "", "ST_PRETYP": "", "ST_PRESEP": "", "ST_NAME": "Averill", "ST_POSTTYP": "Road", "ST_POSTDIR": "", "ST_POSTMOD": "", "ST_FULLNAME": "Averill Road", "DIRTRAVEL": null, "PREDIR": "", "STREETNAME": "Averill", "SUFFIX": "Rd", "POSTDIR": "", "RDNAME": "Averill Rd", "LESN": "142", "RESN": "142", "LMSAGCOMM": "Newcastle", "RMSAGCOMM": "Newcastle", "LMSAG_CODE": "2315", "RMSAG_CODE": "2315", "LCOUNTRY": "US", "RCOUNTRY": "US", "LSTATE": "ME", "RSTATE": "ME", "LCOUNTY": "Lincoln County", "RCOUNTY": "Lincoln County", "LCITY": "Newcastle", "RCITY": "Newcastle", "L_A4": null, "R_A4": null, "L_A5": null, "R_A5": null, "LPOSTCOMM": "Newcastle", "RPOSTCOMM": "Newcastle", "LZIPCODE": "04553", "RZIPCODE": "04553", "RDCLASS": "Private", "MDOTJURIS": "Private", "ONEWAY": "B", "SPEED": 25, "LVALID": "N", "RVALID": "N", "TOWN": "Newcastle", "ROUTE_NUM": "", "MAP_LABEL": "Averill Rd", "SOURCE": "2", "FEET": 1002, "MINUTES": 0.45551774, "PSAP": "Lincoln RCC", "GEONAMEID": 2458, "SEGMENTID": 61453, "MCODE": 440, "LGEOCODE": "15110", "RGEOCODE": "15110", "GC_EXCEPTION": null, "AMUPDDAT": 1590710400000, "AMUPDORG": "jr.ngesi.maine.gov", "FMUPDDAT": 839462400000, "FMUPDORG": "bw.ngesi.maine.gov", "CREATDAT": 839462400000, "CREATORG": "bw.ngesi.maine.gov", "GlobalID": "5d9e97be-7fe3-42f9-91a7-5b3f0ad9a9af", "Shape__Length": 305.4519777337645}}, {"type": "Feature", "id": 1764, "geometry": {"type": "LineString", "coordinates": [[-69.5318711838859, 44.0410095104409], [-69.5324205489167, 44.0408137830775], [-69.5328309323901, 44.0406419481666], [-69.5333867508377, 44.040403887919], [-69.5337766693925, 44.0402081419826], [-69.5343207129354, 44.0399203882106], [-69.5347285104838, 44.0397024069474], [-69.5352366448586, 44.0393892200805], [-69.5356763554674, 44.0390915585642], [-69.5362439798805, 44.0386680482568], [-69.5364569328371, 44.0385065443163], [-69.5367685802252, 44.0382285580606], [-69.5377675915526, 44.0373060948957], [-69.5386411589492, 44.0365300160222], [-69.5401001364483, 44.0352392648905], [-69.5414944244864, 44.0339918019101], [-69.5423351363359, 44.0332513956859], [-69.5430660650684, 44.0326089763531], [-69.5433670999839, 44.0323932000726], [-69.5442533034741, 44.03169504145], [-69.5449605494013, 44.0311185648608]]}, "properties": {"OBJECTID": 1764, "SOURCE_OF_DATA": "ngesi.maine.gov", "DATEUPDATE": 1747321732000, "EFFECTIVE": 1369612800000, "EXPIRE": null, "RCL_UID": "urn:emergency:uid:gis:RCL:63144:ngesi.maine.gov", "L_ADD_PRE": "", "L_ADD_FROM": 194, "L_ADD_TO": 388, "R_ADD_PRE": "", "R_ADD_FROM": 193, "R_ADD_TO": 387, "LPARITY": "E", "RPARITY": "O", "ST_PREMOD": "", "ST_PREDIR": "", "ST_PRETYP": "", "ST_PRESEP": "", "ST_NAME": "Route 1", "ST_POSTTYP": "", "ST_POSTDIR": "", "ST_POSTMOD": "", "ST_FULLNAME": "Route 1", "DIRTRAVEL": null, "PREDIR": "", "STREETNAME": "Route 1", "SUFFIX": "", "POSTDIR": "", "RDNAME": "Route 1", "LESN": "142", "RESN": "142", "LMSAGCOMM": "Newcastle", "RMSAGCOMM": "Newcastle", "LMSAG_CODE": "2315", "RMSAG_CODE": "2315", "LCOUNTRY": "US", "RCOUNTRY": "US", "LSTATE": "ME", "RSTATE": "ME", "LCOUNTY": "Lincoln County", "RCOUNTY": "Lincoln County", "LCITY": "Newcastle", "RCITY": "Newcastle", "L_A4": null, "R_A4": null, "L_A5": null, "R_A5": null, "LPOSTCOMM": "Newcastle", "RPOSTCOMM": "Newcastle", "LZIPCODE": "04553", "RZIPCODE": "04553", "RDCLASS": "Secondary", "MDOTJURIS": "State Highway", "ONEWAY": "B", "SPEED": 45, "LVALID": "N", "RVALID": "N", "TOWN": "Newcastle", "ROUTE_NUM": "1", "MAP_LABEL": "Route 1 - Route 1", "SOURCE": "43", "FEET": 5022, "MINUTES": 1.26822668, "PSAP": "Lincoln RCC", "GEONAMEID": 49703, "SEGMENTID": 63144, "MCODE": 440, "LGEOCODE": "15110", "RGEOCODE": "15110", "GC_EXCEPTION": "200, 209", "AMUPDDAT": 1747321732000, "AMUPDORG": "jr.ngesi.maine.gov", "FMUPDDAT": 1268047683000, "FMUPDORG": "jt.ngesi.maine.gov", "CREATDAT": 1268047683000, "CREATORG": "jt.ngesi.maine.gov", "GlobalID": "57035145-4502-4e75-9b9a-87604348e9f3", "Shape__Length": 1530.7628125100575}}, {"type": "Feature", "id": 1807, "geometry": {"type": "LineString", "coordinates": [[-69.5549641284305, 44.1025035714925], [-69.5548413109201, 44.1024824249702], [-69.5546924940899, 44.1024547420832], [-69.5544789601739, 44.1024247621482], [-69.5542240408112, 44.1023929748435], [-69.5539500758531, 44.1023861285242], [-69.5536698044477, 44.1024010371594], [-69.5533456188642, 44.1024484797854], [-69.5530160083673, 44.1024984056614], [-69.5527259671065, 44.1024893383732], [-69.5524316229785, 44.1024569365026], [-69.5521221857086, 44.1023922848406]]}, "properties": {"OBJECTID": 1807, "SOURCE_OF_DATA": "ngesi.maine.gov", "DATEUPDATE": 1711647012000, "EFFECTIVE": 1369612800000, "EXPIRE": null, "RCL_UID": "urn:emergency:uid:gis:RCL:60931:ngesi.maine.gov", "L_ADD_PRE": "", "L_ADD_FROM": 2, "L_ADD_TO": 28, "R_ADD_PRE": "", "R_ADD_FROM": 1, "R_ADD_TO": 27, "LPARITY": "E", "RPARITY": "O", "ST_PREMOD": "", "ST_PREDIR": "", "ST_PRETYP": "", "ST_PRESEP": "", "ST_NAME": "Deer Meadow", "ST_POSTTYP": "Road", "ST_POSTDIR": "", "ST_POSTMOD": "", "ST_FULLNAME": "Deer Meadow Road", "DIRTRAVEL": null, "PREDIR": "", "STREETNAME": "Deer Meadow", "SUFFIX": "Rd", "POSTDIR": "", "RDNAME": "Deer Meadow Rd", "LESN": "142", "RESN": "142", "LMSAGCOMM": "Newcastle", "RMSAGCOMM": "Newcastle", "LMSAG_CODE": "2315", "RMSAG_CODE": "2315", "LCOUNTRY": "US", "RCOUNTRY": "US", "LSTATE": "ME", "RSTATE": "ME", "LCOUNTY": "Lincoln County", "RCOUNTY": "Lincoln County", "LCITY": "Newcastle", "RCITY": "Newcastle", "L_A4": null, "R_A4": null, "L_A5": null, "R_A5": null, "LPOSTCOMM": "Newcastle", "RPOSTCOMM": "Newcastle", "LZIPCODE": "04553", "RZIPCODE": "04553", "RDCLASS": "Private", "MDOTJURIS": "Private", "ONEWAY": "B", "SPEED": 25, "LVALID": "N", "RVALID": "N", "TOWN": "Newcastle", "ROUTE_NUM": "", "MAP_LABEL": "Deer Meadow Rd", "SOURCE": "2", "FEET": 759, "MINUTES": 0.34486139, "PSAP": "Lincoln RCC", "GEONAMEID": 15113, "SEGMENTID": 60931, "MCODE": 440, "LGEOCODE": "15110", "RGEOCODE": "15110", "GC_EXCEPTION": null, "AMUPDDAT": 1711647012000, "AMUPDORG": "es.ngesi.maine.gov", "FMUPDDAT": 1656688653000, "FMUPDORG": "es.ngesi.maine.gov", "CREATDAT": 1271063148000, "CREATORG": "jt.ngesi.maine.gov", "GlobalID": "419e0e3d-76b2-4f49-9190-7b53c5bb7062", "Shape__Length": 231.2507137053966}}, {"type": "Feature", "id": 1818, "geometry": {"type": "LineString", "coordinates": [[-69.5334701781388, 44.0532690847363], [-69.5332407968773, 44.053274648242], [-69.5331343704127, 44.0532801868194], [-69.5330444729144, 44.0532871337462], [-69.5329324509391, 44.0532979472313], [-69.5327977223916, 44.0532922642027], [-69.5326641948635, 44.0532506517954], [-69.5325405357476, 44.0531985492746], [-69.5324014192071, 44.0531308437066], [-69.5322648912839, 44.0530594165022], [-69.532095723092, 44.0529341656825], [-69.5319470948369, 44.0528106646795], [-69.5318238835138, 44.0526898542373], [-69.5317152711868, 44.0525612147753], [-69.5316048584331, 44.0524196546803], [-69.5315733245014, 44.0522173145926], [-69.5316663506936, 44.0519937140794], [-69.5316562561206, 44.0518881960035], [-69.5316045187351, 44.0518108993256], [-69.5314930603796, 44.0517364914462]]}, "properties": {"OBJECTID": 1818, "SOURCE_OF_DATA": "ngesi.maine.gov", "DATEUPDATE": 1733841038000, "EFFECTIVE": 1369612800000, "EXPIRE": null, "RCL_UID": "urn:emergency:uid:gis:RCL:60955:ngesi.maine.gov", "L_ADD_PRE": "", "L_ADD_FROM": 2, "L_ADD_TO": 40, "R_ADD_PRE": "", "R_ADD_FROM": 1, "R_ADD_TO": 39, "LPARITY": "E", "RPARITY": "O", "ST_PREMOD": "", "ST_PREDIR": "", "ST_PRETYP": "", "ST_PRESEP": "", "ST_NAME": "Cole Cabin", "ST_POSTTYP": "Road", "ST_POSTDIR": "", "ST_POSTMOD": "", "ST_FULLNAME": "Cole Cabin Road", "DIRTRAVEL": null, "PREDIR": "", "STREETNAME": "Cole Cabin", "SUFFIX": "Rd", "POSTDIR": "", "RDNAME": "Cole Cabin Rd", "LESN": "142", "RESN": "142", "LMSAGCOMM": "Newcastle", "RMSAGCOMM": "Newcastle", "LMSAG_CODE": "2315", "RMSAG_CODE": "2315", "LCOUNTRY": "US", "RCOUNTRY": "US", "LSTATE": "ME", "RSTATE": "ME", "LCOUNTY": "Lincoln County", "RCOUNTY": "Lincoln County", "LCITY": "Newcastle", "RCITY": "Newcastle", "L_A4": null, "R_A4": null, "L_A5": null, "R_A5": null, "LPOSTCOMM": "Newcastle", "RPOSTCOMM": "Newcastle", "LZIPCODE": "04553", "RZIPCODE": "04553", "RDCLASS": "Private", "MDOTJURIS": "Private", "ONEWAY": "B", "SPEED": 25, "LVALID": "N", "RVALID": "N", "TOWN": "Newcastle", "ROUTE_NUM": "", "MAP_LABEL": "Cole Cabin Rd", "SOURCE": "2", "FEET": 903, "MINUTES": 0.41028531, "PSAP": "Lincoln RCC", "GEONAMEID": 12039, "SEGMENTID": 60955, "MCODE": 440, "LGEOCODE": "15110", "RGEOCODE": "15110", "GC_EXCEPTION": null, "AMUPDDAT": 1733841038000, "AMUPDORG": "es.ngesi.maine.gov", "FMUPDDAT": 1733841038000, "FMUPDORG": "es.ngesi.maine.gov", "CREATDAT": 1267184171000, "CREATORG": "jt.ngesi.maine.gov", "GlobalID": "7d624367-996b-4231-9069-9275b3c4df1a", "Shape__Length": 275.1214705642473}}, {"type": "Feature", "id": 1851, "geometry": {"type": "LineString", "coordinates": [[-69.5449605494013, 44.0311185648608], [-69.5460895197817, 44.030213432838], [-69.546722916331, 44.0297210662445], [-69.5468597281805, 44.0296278380314]]}, "properties": {"OBJECTID": 1851, "SOURCE_OF_DATA": "ngesi.maine.gov", "DATEUPDATE": 1747321732000, "EFFECTIVE": 1369612800000, "EXPIRE": null, "RCL_UID": "urn:emergency:uid:gis:RCL:63137:ngesi.maine.gov", "L_ADD_PRE": "", "L_ADD_FROM": 390, "L_ADD_TO": 418, "R_ADD_PRE": "", "R_ADD_FROM": 389, "R_ADD_TO": 417, "LPARITY": "E", "RPARITY": "O", "ST_PREMOD": "", "ST_PREDIR": "", "ST_PRETYP": "", "ST_PRESEP": "", "ST_NAME": "Route 1", "ST_POSTTYP": "", "ST_POSTDIR": "", "ST_POSTMOD": "", "ST_FULLNAME": "Route 1", "DIRTRAVEL": null, "PREDIR": "", "STREETNAME": "Route 1", "SUFFIX": "", "POSTDIR": "", "RDNAME": "Route 1", "LESN": "142", "RESN": "142", "LMSAGCOMM": "Newcastle", "RMSAGCOMM": "Newcastle", "LMSAG_CODE": "2315", "RMSAG_CODE": "2315", "LCOUNTRY": "US", "RCOUNTRY": "US", "LSTATE": "ME", "RSTATE": "ME", "LCOUNTY": "Lincoln County", "RCOUNTY": "Lincoln County", "LCITY": "Newcastle", "RCITY": "Newcastle", "L_A4": null, "R_A4": null, "L_A5": null, "R_A5": null, "LPOSTCOMM": "Newcastle", "RPOSTCOMM": "Newcastle", "LZIPCODE": "04553", "RZIPCODE": "04553", "RDCLASS": "Secondary", "MDOTJURIS": "State Highway", "ONEWAY": "B", "SPEED": 45, "LVALID": "N", "RVALID": "N", "TOWN": "Newcastle", "ROUTE_NUM": "1", "MAP_LABEL": "Route 1 - Route 1", "SOURCE": "43", "FEET": 738, "MINUTES": 0.18636187, "PSAP": "Lincoln RCC", "GEONAMEID": 49703, "SEGMENTID": 63137, "MCODE": 440, "LGEOCODE": "15110", "RGEOCODE": "15110", "GC_EXCEPTION": null, "AMUPDDAT": 1747321732000, "AMUPDORG": "jr.ngesi.maine.gov", "FMUPDDAT": 1267196096000, "FMUPDORG": "jt.ngesi.maine.gov", "CREATDAT": 1267196096000, "CREATORG": "jt.ngesi.maine.gov", "GlobalID": "a63c41de-97c5-4e72-ac2a-0a9e845666e9", "Shape__Length": 224.9407187455801}}, {"type": "Feature", "id": 1904, "geometry": {"type": "LineString", "coordinates": [[-69.5384795729565, 44.0700480724965], [-69.5384569454351, 44.0701816633556], [-69.5384565849321, 44.0703774256907], [-69.5384763879495, 44.0705259152438], [-69.5384931627738, 44.0706516765092], [-69.5385467302078, 44.0708577276033], [-69.5386038651965, 44.0710192401054], [-69.5387175067558, 44.0712962876859], [-69.5388391720664, 44.0715656804339], [-69.5388972108162, 44.071735795742], [-69.5389431632085, 44.071901961524], [-69.5389434545817, 44.0719189315286]]}, "properties": {"OBJECTID": 1904, "SOURCE_OF_DATA": "ngesi.maine.gov", "DATEUPDATE": 1709929477000, "EFFECTIVE": 1369612800000, "EXPIRE": null, "RCL_UID": "urn:emergency:uid:gis:RCL:63089:ngesi.maine.gov", "L_ADD_PRE": "", "L_ADD_FROM": 268, "L_ADD_TO": 296, "R_ADD_PRE": "", "R_ADD_FROM": 267, "R_ADD_TO": 295, "LPARITY": "E", "RPARITY": "O", "ST_PREMOD": "", "ST_PREDIR": "", "ST_PRETYP": "", "ST_PRESEP": "", "ST_NAME": "Pond", "ST_POSTTYP": "Road", "ST_POSTDIR": "", "ST_POSTMOD": "", "ST_FULLNAME": "Pond Road", "DIRTRAVEL": null, "PREDIR": "", "STREETNAME": "Pond", "SUFFIX": "Rd", "POSTDIR": "", "RDNAME": "Pond Rd", "LESN": "142", "RESN": "142", "LMSAGCOMM": "Newcastle", "RMSAGCOMM": "Newcastle", "LMSAG_CODE": "2315", "RMSAG_CODE": "2315", "LCOUNTRY": "US", "RCOUNTRY": "US", "LSTATE": "ME", "RSTATE": "ME", "LCOUNTY": "Lincoln County", "RCOUNTY": "Lincoln County", "LCITY": "Newcastle", "RCITY": "Newcastle", "L_A4": null, "R_A4": null, "L_A5": null, "R_A5": null, "LPOSTCOMM": "Newcastle", "RPOSTCOMM": "Newcastle", "LZIPCODE": "04553", "RZIPCODE": "04553", "RDCLASS": "Secondary", "MDOTJURIS": "State Aid", "ONEWAY": "B", "SPEED": 45, "LVALID": "N", "RVALID": "N", "TOWN": "Newcastle", "ROUTE_NUM": "215", "MAP_LABEL": "Pond Rd - Route 215", "SOURCE": "43", "FEET": 698, "MINUTES": 0.17631449, "PSAP": "Lincoln RCC", "GEONAMEID": 45744, "SEGMENTID": 63089, "MCODE": 440, "LGEOCODE": "15110", "RGEOCODE": "15110", "GC_EXCEPTION": null, "AMUPDDAT": 1709929477000, "AMUPDORG": "es.ngesi.maine.gov", "FMUPDDAT": 1267181878000, "FMUPDORG": "jt.ngesi.maine.gov", "CREATDAT": 1267181878000, "CREATORG": "jt.ngesi.maine.gov", "GlobalID": "d5c223e1-2397-4332-9f6f-26e55d7ad0ce", "Shape__Length": 212.813430021168}}, {"type": "Feature", "id": 1917, "geometry": {"type": "LineString", "coordinates": [[-69.5651149717504, 44.0885917835019], [-69.564932727516, 44.0887748137052], [-69.5646543733819, 44.0890380343763], [-69.5643316470978, 44.0893433391474], [-69.5638764786026, 44.0897562115838], [-69.5633703455277, 44.0902054729669], [-69.5631078218539, 44.0904546745541], [-69.5629248661228, 44.0906337435304], [-69.5627883354569, 44.0907858075539], [-69.5626802492028, 44.0909300694692]]}, "properties": {"OBJECTID": 1917, "SOURCE_OF_DATA": "ngesi.maine.gov", "DATEUPDATE": 1709929477000, "EFFECTIVE": 1369612800000, "EXPIRE": null, "RCL_UID": "urn:emergency:uid:gis:RCL:63077:ngesi.maine.gov", "L_ADD_PRE": "", "L_ADD_FROM": 48, "L_ADD_TO": 88, "R_ADD_PRE": "", "R_ADD_FROM": 47, "R_ADD_TO": 87, "LPARITY": "E", "RPARITY": "O", "ST_PREMOD": "", "ST_PREDIR": "", "ST_PRETYP": "", "ST_PRESEP": "", "ST_NAME": "Ridge", "ST_POSTTYP": "Road", "ST_POSTDIR": "", "ST_POSTMOD": "", "ST_FULLNAME": "Ridge Road", "DIRTRAVEL": null, "PREDIR": "", "STREETNAME": "Ridge", "SUFFIX": "Rd", "POSTDIR": "", "RDNAME": "Ridge Rd", "LESN": "142", "RESN": "142", "LMSAGCOMM": "Newcastle", "RMSAGCOMM": "Newcastle", "LMSAG_CODE": "2315", "RMSAG_CODE": "2315", "LCOUNTRY": "US", "RCOUNTRY": "US", "LSTATE": "ME", "RSTATE": "ME", "LCOUNTY": "Lincoln County", "RCOUNTY": "Lincoln County", "LCITY": "Newcastle", "RCITY": "Newcastle", "L_A4": null, "R_A4": null, "L_A5": null, "R_A5": null, "LPOSTCOMM": "Newcastle", "RPOSTCOMM": "Newcastle", "LZIPCODE": "04553", "RZIPCODE": "04553", "RDCLASS": "Secondary", "MDOTJURIS": "State Aid", "ONEWAY": "B", "SPEED": 45, "LVALID": "N", "RVALID": "N", "TOWN": "Newcastle", "ROUTE_NUM": "215", "MAP_LABEL": "Ridge Rd - Route 215", "SOURCE": "43", "FEET": 1066, "MINUTES": 0.26930206, "PSAP": "Lincoln RCC", "GEONAMEID": 48188, "SEGMENTID": 63077, "MCODE": 440, "LGEOCODE": "15110", "RGEOCODE": "15110", "GC_EXCEPTION": null, "AMUPDDAT": 1709929477000, "AMUPDORG": "es.ngesi.maine.gov", "FMUPDDAT": 1267178475000, "FMUPDORG": "jt.ngesi.maine.gov", "CREATDAT": 1267178475000, "CREATORG": "jt.ngesi.maine.gov", "GlobalID": "f46b0b04-4e02-48e9-bb93-7cb7d2e648ef", "Shape__Length": 325.0503923209129}}, {"type": "Feature", "id": 1920, "geometry": {"type": "LineString", "coordinates": [[-69.6120786818905, 44.0420738692316], [-69.6121723790776, 44.0416736240752], [-69.6122935033993, 44.0409419596919], [-69.612303937328, 44.0406583317819], [-69.6123218976379, 44.0404171417008], [-69.6124055094654, 44.0401577999474], [-69.6125039936167, 44.0399222464861], [-69.6125852868525, 44.0397602350893], [-69.6126693069377, 44.0395927889426], [-69.6127728954648, 44.0394276236889], [-69.612776932065, 44.0394148081641]]}, "properties": {"OBJECTID": 1920, "SOURCE_OF_DATA": "ngesi.maine.gov", "DATEUPDATE": 1709929477000, "EFFECTIVE": 1369612800000, "EXPIRE": null, "RCL_UID": "urn:emergency:uid:gis:RCL:74221:ngesi.maine.gov", "L_ADD_PRE": "", "L_ADD_FROM": 124, "L_ADD_TO": 188, "R_ADD_PRE": "", "R_ADD_FROM": 123, "R_ADD_TO": 187, "LPARITY": "E", "RPARITY": "O", "ST_PREMOD": "", "ST_PREDIR": "", "ST_PRETYP": "", "ST_PRESEP": "", "ST_NAME": "The Kings", "ST_POSTTYP": "Highway", "ST_POSTDIR": "", "ST_POSTMOD": "", "ST_FULLNAME": "The Kings Highway", "DIRTRAVEL": null, "PREDIR": "", "STREETNAME": "The Kings", "SUFFIX": "Hwy", "POSTDIR": "", "RDNAME": "The Kings Hwy", "LESN": "142", "RESN": "142", "LMSAGCOMM": "Newcastle", "RMSAGCOMM": "Newcastle", "LMSAG_CODE": "2315", "RMSAG_CODE": "2315", "LCOUNTRY": "US", "RCOUNTRY": "US", "LSTATE": "ME", "RSTATE": "ME", "LCOUNTY": "Lincoln County", "RCOUNTY": "Lincoln County", "LCITY": "Newcastle", "RCITY": "Newcastle", "L_A4": null, "R_A4": null, "L_A5": null, "R_A5": null, "LPOSTCOMM": "Newcastle", "RPOSTCOMM": "Newcastle", "LZIPCODE": "04553", "RZIPCODE": "04553", "RDCLASS": "Local", "MDOTJURIS": "Townway", "ONEWAY": "B", "SPEED": 35, "LVALID": "N", "RVALID": "N", "TOWN": "Newcastle", "ROUTE_NUM": "", "MAP_LABEL": "The Kings Hwy", "SOURCE": "43", "FEET": 993, "MINUTES": 0.3224228, "PSAP": "Lincoln RCC", "GEONAMEID": 57514, "SEGMENTID": 74221, "MCODE": 440, "LGEOCODE": "15110", "RGEOCODE": "15110", "GC_EXCEPTION": null, "AMUPDDAT": 1709929477000, "AMUPDORG": "es.ngesi.maine.gov", "FMUPDDAT": 1295347438000, "FMUPDORG": "jt.ngesi.maine.gov", "CREATDAT": 1295347438000, "CREATORG": "jt.ngesi.maine.gov", "GlobalID": "331b8332-56c3-4601-a9f1-a353084c6524", "Shape__Length": 302.6859669883453}}, {"type": "Feature", "id": 1931, "geometry": {"type": "LineString", "coordinates": [[-69.5389387112784, 44.0771809793068], [-69.5387708756954, 44.0772943491086], [-69.5385690791765, 44.0774074465957], [-69.5383313844979, 44.0775380443757], [-69.5381528498256, 44.0776438378169], [-69.5379893029067, 44.077749785487], [-69.5377767999629, 44.077912504563], [-69.5375931793505, 44.078088565391], [-69.5373721392279, 44.0783404572803]]}, "properties": {"OBJECTID": 1931, "SOURCE_OF_DATA": "ngesi.maine.gov", "DATEUPDATE": 1699546147000, "EFFECTIVE": 1369612800000, "EXPIRE": null, "RCL_UID": "urn:emergency:uid:gis:RCL:64664:ngesi.maine.gov", "L_ADD_PRE": "", "L_ADD_FROM": 2, "L_ADD_TO": 24, "R_ADD_PRE": "", "R_ADD_FROM": 1, "R_ADD_TO": 23, "LPARITY": "E", "RPARITY": "O", "ST_PREMOD": "", "ST_PREDIR": "", "ST_PRETYP": "", "ST_PRESEP": "", "ST_NAME": "Bunker Hill", "ST_POSTTYP": "Road", "ST_POSTDIR": "", "ST_POSTMOD": "", "ST_FULLNAME": "Bunker Hill Road", "DIRTRAVEL": null, "PREDIR": "", "STREETNAME": "Bunker Hill", "SUFFIX": "Rd", "POSTDIR": "", "RDNAME": "Bunker Hill Rd", "LESN": "142", "RESN": "142", "LMSAGCOMM": "Newcastle", "RMSAGCOMM": "Newcastle", "LMSAG_CODE": "2315", "RMSAG_CODE": "2315", "LCOUNTRY": "US", "RCOUNTRY": "US", "LSTATE": "ME", "RSTATE": "ME", "LCOUNTY": "Lincoln County", "RCOUNTY": "Lincoln County", "LCITY": "Newcastle", "RCITY": "Newcastle", "L_A4": null, "R_A4": null, "L_A5": null, "R_A5": null, "LPOSTCOMM": "Newcastle", "RPOSTCOMM": "Newcastle", "LZIPCODE": "04553", "RZIPCODE": "04553", "RDCLASS": "Secondary", "MDOTJURIS": "State Aid", "ONEWAY": "B", "SPEED": 45, "LVALID": "N", "RVALID": "N", "TOWN": "Newcastle", "ROUTE_NUM": "213", "MAP_LABEL": "Bunker Hill Rd - Route 213", "SOURCE": "43", "FEET": 595, "MINUTES": 0.15022207, "PSAP": "Lincoln RCC", "GEONAMEID": 8165, "SEGMENTID": 64664, "MCODE": 440, "LGEOCODE": "15110", "RGEOCODE": "15110", "GC_EXCEPTION": null, "AMUPDDAT": 1699546147000, "AMUPDORG": "es.ngesi.maine.gov", "FMUPDDAT": 1271067584000, "FMUPDORG": "jt.ngesi.maine.gov", "CREATDAT": 1271067584000, "CREATORG": "jt.ngesi.maine.gov", "GlobalID": "d19f98ea-9c29-4557-a25c-3f6a0b1a1e9a", "Shape__Length": 181.31960087194315}}, {"type": "Feature", "id": 1934, "geometry": {"type": "LineString", "coordinates": [[-69.5352678828711, 44.0351092351671], [-69.5350890227665, 44.0350294741503], [-69.5345911731996, 44.0349320104932], [-69.5340975698943, 44.0348027426629], [-69.5338698335348, 44.0347430968048]]}, "properties": {"OBJECTID": 1934, "SOURCE_OF_DATA": "ngesi.maine.gov", "DATEUPDATE": 1699546147000, "EFFECTIVE": 1369612800000, "EXPIRE": null, "RCL_UID": "urn:emergency:uid:gis:RCL:93054:ngesi.maine.gov", "L_ADD_PRE": "", "L_ADD_FROM": 2, "L_ADD_TO": 18, "R_ADD_PRE": "", "R_ADD_FROM": 1, "R_ADD_TO": 17, "LPARITY": "E", "RPARITY": "O", "ST_PREMOD": "", "ST_PREDIR": "", "ST_PRETYP": "", "ST_PRESEP": "", "ST_NAME": "Cross", "ST_POSTTYP": "Street", "ST_POSTDIR": "", "ST_POSTMOD": "", "ST_FULLNAME": "Cross Street", "DIRTRAVEL": null, "PREDIR": "", "STREETNAME": "Cross", "SUFFIX": "St", "POSTDIR": "", "RDNAME": "Cross St", "LESN": "142", "RESN": "142", "LMSAGCOMM": "Newcastle", "RMSAGCOMM": "Newcastle", "LMSAG_CODE": "2315", "RMSAG_CODE": "2315", "LCOUNTRY": "US", "RCOUNTRY": "US", "LSTATE": "ME", "RSTATE": "ME", "LCOUNTY": "Lincoln County", "RCOUNTY": "Lincoln County", "LCITY": "Newcastle", "RCITY": "Newcastle", "L_A4": null, "R_A4": null, "L_A5": null, "R_A5": null, "LPOSTCOMM": "Newcastle", "RPOSTCOMM": "Newcastle", "LZIPCODE": "04553", "RZIPCODE": "04553", "RDCLASS": "Local", "MDOTJURIS": "Townway", "ONEWAY": "B", "SPEED": 35, "LVALID": "N", "RVALID": "N", "TOWN": "Newcastle", "ROUTE_NUM": "", "MAP_LABEL": "Cross St", "SOURCE": "43", "FEET": 393, "MINUTES": 0.12747818, "PSAP": "Lincoln RCC", "GEONAMEID": 13849, "SEGMENTID": 93054, "MCODE": 440, "LGEOCODE": "15110", "RGEOCODE": "15110", "GC_EXCEPTION": null, "AMUPDDAT": 1699546147000, "AMUPDORG": "es.ngesi.maine.gov", "FMUPDDAT": 1267199279000, "FMUPDORG": "jt.ngesi.maine.gov", "CREATDAT": 1267199279000, "CREATORG": "jt.ngesi.maine.gov", "GlobalID": "da81e25e-d43f-4977-9516-2c7c598d3c6b", "Shape__Length": 119.67471497798732}}, {"type": "Feature", "id": 1972, "geometry": {"type": "LineString", "coordinates": [[-69.5269003349703, 44.0996938590154], [-69.5267610151504, 44.099907556524], [-69.5266016494358, 44.1001516875119], [-69.5263869355033, 44.1004818481143], [-69.526189634203, 44.1007864666548], [-69.525874162398, 44.1012715515566], [-69.5256256061506, 44.1016524741995]]}, "properties": {"OBJECTID": 1972, "SOURCE_OF_DATA": "ngesi.maine.gov", "DATEUPDATE": 1721330063000, "EFFECTIVE": 1369612800000, "EXPIRE": null, "RCL_UID": "urn:emergency:uid:gis:RCL:64673:ngesi.maine.gov", "L_ADD_PRE": "", "L_ADD_FROM": 360, "L_ADD_TO": 390, "R_ADD_PRE": "", "R_ADD_FROM": 359, "R_ADD_TO": 389, "LPARITY": "E", "RPARITY": "O", "ST_PREMOD": "", "ST_PREDIR": "", "ST_PRETYP": "", "ST_PRESEP": "", "ST_NAME": "Bunker Hill", "ST_POSTTYP": "Road", "ST_POSTDIR": "", "ST_POSTMOD": "", "ST_FULLNAME": "Bunker Hill Road", "DIRTRAVEL": null, "PREDIR": "", "STREETNAME": "Bunker Hill", "SUFFIX": "Rd", "POSTDIR": "", "RDNAME": "Bunker Hill Rd", "LESN": "142", "RESN": "142", "LMSAGCOMM": "Newcastle", "RMSAGCOMM": "Newcastle", "LMSAG_CODE": "2315", "RMSAG_CODE": "2315", "LCOUNTRY": "US", "RCOUNTRY": "US", "LSTATE": "ME", "RSTATE": "ME", "LCOUNTY": "Lincoln County", "RCOUNTY": "Lincoln County", "LCITY": "Newcastle", "RCITY": "Newcastle", "L_A4": null, "R_A4": null, "L_A5": null, "R_A5": null, "LPOSTCOMM": "Newcastle", "RPOSTCOMM": "Newcastle", "LZIPCODE": "04553", "RZIPCODE": "04553", "RDCLASS": "Secondary", "MDOTJURIS": "State Aid", "ONEWAY": "B", "SPEED": 45, "LVALID": "N", "RVALID": "N", "TOWN": "Newcastle", "ROUTE_NUM": "213", "MAP_LABEL": "Bunker Hill Rd - Route 213", "SOURCE": "43", "FEET": 788, "MINUTES": 0.19907479, "PSAP": "Lincoln RCC", "GEONAMEID": 8165, "SEGMENTID": 64673, "MCODE": 440, "LGEOCODE": "15110", "RGEOCODE": "15110", "GC_EXCEPTION": null, "AMUPDDAT": 1721330063000, "AMUPDORG": "es.ngesi.maine.gov", "FMUPDDAT": 1271068139000, "FMUPDORG": "jt.ngesi.maine.gov", "CREATDAT": 1271068139000, "CREATORG": "jt.ngesi.maine.gov", "GlobalID": "eca88ddd-a454-4fc7-9ba0-53567bcee425", "Shape__Length": 240.28534037336294}}, {"type": "Feature", "id": 1991, "geometry": {"type": "LineString", "coordinates": [[-69.5395050122294, 44.0487710010681], [-69.539505196206, 44.0487018809411], [-69.5395496531894, 44.0485979065838], [-69.5395932868998, 44.0484348916619], [-69.5396649688047, 44.0481948010015], [-69.539814980027, 44.0479051995526], [-69.5399514169438, 44.0477292041998], [-69.5400750574262, 44.0476328053999], [-69.5402461497968, 44.0475685584042], [-69.5404313160636, 44.0475489195624], [-69.5406306824093, 44.0475588975114], [-69.5409022628334, 44.0475950393305], [-69.5412152646547, 44.0476315155005], [-69.5414136308507, 44.0476673186348], [-69.541529698184, 44.0477415149732], [-69.5416162358793, 44.047846345771], [-69.5416693782681, 44.0479685583774], [-69.5416859221475, 44.0481292540374], [-69.5416502661619, 44.0483013253998], [-69.5415478722214, 44.0485483514541], [-69.5414606117786, 44.0487082156033], [-69.5413892305172, 44.0487996864869], [-69.54127320892, 44.0488828695884], [-69.5410729100621, 44.0489642999007], [-69.5408492429508, 44.0489799624605], [-69.5406308492961, 44.0489591988022], [-69.5402711897025, 44.0489046737442], [-69.5399263936798, 44.0488482856325], [-69.539711700693, 44.0487964409282], [-69.5395050122294, 44.0487710010681]]}, "properties": {"OBJECTID": 1991, "SOURCE_OF_DATA": "ngesi.maine.gov", "DATEUPDATE": 1712841439000, "EFFECTIVE": 1369612800000, "EXPIRE": null, "RCL_UID": "urn:emergency:uid:gis:RCL:63105:ngesi.maine.gov", "L_ADD_PRE": "", "L_ADD_FROM": 60, "L_ADD_TO": 134, "R_ADD_PRE": "", "R_ADD_FROM": 59, "R_ADD_TO": 133, "LPARITY": "E", "RPARITY": "O", "ST_PREMOD": "", "ST_PREDIR": "", "ST_PRETYP": "", "ST_PRESEP": "", "ST_NAME": "Timber", "ST_POSTTYP": "Lane", "ST_POSTDIR": "", "ST_POSTMOD": "", "ST_FULLNAME": "Timber Lane", "DIRTRAVEL": null, "PREDIR": "", "STREETNAME": "Timber", "SUFFIX": "Ln", "POSTDIR": "", "RDNAME": "Timber Ln", "LESN": "142", "RESN": "142", "LMSAGCOMM": "Newcastle", "RMSAGCOMM": "Newcastle", "LMSAG_CODE": "2315", "RMSAG_CODE": "2315", "LCOUNTRY": "US", "RCOUNTRY": "US", "LSTATE": "ME", "RSTATE": "ME", "LCOUNTY": "Lincoln County", "RCOUNTY": "Lincoln County", "LCITY": "Newcastle", "RCITY": "Newcastle", "L_A4": null, "R_A4": null, "L_A5": null, "R_A5": null, "LPOSTCOMM": "Newcastle", "RPOSTCOMM": "Newcastle", "LZIPCODE": "04553", "RZIPCODE": "04553", "RDCLASS": "Local", "MDOTJURIS": "Townway", "ONEWAY": "B", "SPEED": 35, "LVALID": "N", "RVALID": "N", "TOWN": "Newcastle", "ROUTE_NUM": "", "MAP_LABEL": "Timber Ln", "SOURCE": "43", "FEET": 1784, "MINUTES": 0.57930253, "PSAP": "Lincoln RCC", "GEONAMEID": 58023, "SEGMENTID": 63105, "MCODE": 440, "LGEOCODE": "15110", "RGEOCODE": "15110", "GC_EXCEPTION": null, "AMUPDDAT": 1712841439000, "AMUPDORG": "es.ngesi.maine.gov", "FMUPDDAT": 1267184124000, "FMUPDORG": "jt.ngesi.maine.gov", "CREATDAT": 1267184124000, "CREATORG": "jt.ngesi.maine.gov", "GlobalID": "543ebca0-1b52-4eec-a45e-26f9370b95e9", "Shape__Length": 543.8410373681797}}, {"type": "Feature", "id": 2021, "geometry": {"type": "LineString", "coordinates": [[-69.6131467126315, 44.0141240040615], [-69.6131622085759, 44.0143601989731], [-69.6131812477046, 44.0148869528321], [-69.6131841582246, 44.0155616571592], [-69.6131545573507, 44.0163261023747], [-69.6131427086163, 44.016466908155], [-69.6130544947885, 44.016612796502], [-69.6129308802388, 44.0167582084351], [-69.612918122623, 44.0168011513798], [-69.6129345522437, 44.016826417004]]}, "properties": {"OBJECTID": 2021, "SOURCE_OF_DATA": "ngesi.maine.gov", "DATEUPDATE": 1721330063000, "EFFECTIVE": 1369612800000, "EXPIRE": null, "RCL_UID": "urn:emergency:uid:gis:RCL:63130:ngesi.maine.gov", "L_ADD_PRE": "", "L_ADD_FROM": 166, "L_ADD_TO": 202, "R_ADD_PRE": "", "R_ADD_FROM": 165, "R_ADD_TO": 201, "LPARITY": "E", "RPARITY": "O", "ST_PREMOD": "", "ST_PREDIR": "", "ST_PRETYP": "", "ST_PRESEP": "", "ST_NAME": "Station", "ST_POSTTYP": "Road", "ST_POSTDIR": "", "ST_POSTMOD": "", "ST_FULLNAME": "Station Road", "DIRTRAVEL": null, "PREDIR": "", "STREETNAME": "Station", "SUFFIX": "Rd", "POSTDIR": "", "RDNAME": "Station Rd", "LESN": "142", "RESN": "142", "LMSAGCOMM": "Newcastle", "RMSAGCOMM": "Newcastle", "LMSAG_CODE": "2315", "RMSAG_CODE": "2315", "LCOUNTRY": "US", "RCOUNTRY": "US", "LSTATE": "ME", "RSTATE": "ME", "LCOUNTY": "Lincoln County", "RCOUNTY": "Lincoln County", "LCITY": "Newcastle", "RCITY": "Newcastle", "L_A4": null, "R_A4": null, "L_A5": null, "R_A5": null, "LPOSTCOMM": "Newcastle", "RPOSTCOMM": "Newcastle", "LZIPCODE": "04553", "RZIPCODE": "04553", "RDCLASS": "Local", "MDOTJURIS": "Townway", "ONEWAY": "B", "SPEED": 35, "LVALID": "N", "RVALID": "N", "TOWN": "Newcastle", "ROUTE_NUM": "", "MAP_LABEL": "Station Rd", "SOURCE": "43", "FEET": 1000, "MINUTES": 0.32483109, "PSAP": "Lincoln RCC", "GEONAMEID": 55068, "SEGMENTID": 63130, "MCODE": 440, "LGEOCODE": "15110", "RGEOCODE": "15110", "GC_EXCEPTION": null, "AMUPDDAT": 1721330063000, "AMUPDORG": "es.ngesi.maine.gov", "FMUPDDAT": 1267194895000, "FMUPDORG": "jt.ngesi.maine.gov", "CREATDAT": 1267194895000, "CREATORG": "jt.ngesi.maine.gov", "GlobalID": "9995d5aa-b831-486f-b162-b5bccdd0d4c7", "Shape__Length": 304.94683986104206}}, {"type": "Feature", "id": 2069, "geometry": {"type": "LineString", "coordinates": [[-69.5674701583032, 43.9953334806659], [-69.5678229899379, 43.9951781370238], [-69.568604100036, 43.994864649086], [-69.5700930791112, 43.994299363479], [-69.5709807034629, 43.9939565345473], [-69.5715135539283, 43.9937579992803], [-69.5717935854422, 43.9936536611761], [-69.5721381056281, 43.9935155334552], [-69.572422598269, 43.9933954783573], [-69.5725690371098, 43.993320150584], [-69.5727564684928, 43.9932136360805], [-69.5729430055992, 43.99308683185], [-69.5731202652825, 43.9929537623903], [-69.5732758009563, 43.9928338387282], [-69.5734463141551, 43.9926517605071], [-69.5736105075694, 43.9924481053372], [-69.5737532222474, 43.9922312776089], [-69.5738586700351, 43.9920336522782], [-69.5739641571409, 43.9918039471482], [-69.5740812376272, 43.9914043594912], [-69.5742413361306, 43.9907365030218], [-69.5743000374669, 43.9905025128938], [-69.5743560361729, 43.9902909190378], [-69.5744325956689, 43.9899897899112], [-69.5745355730485, 43.9895069810842], [-69.5745936711057, 43.9892468926093], [-69.5746513149108, 43.9887782130058], [-69.5746890561396, 43.9883316110158], [-69.5748076980207, 43.9866710182653], [-69.5748355494402, 43.986238754397], [-69.5748655795934, 43.9858333010051], [-69.5748765984632, 43.9857398070661]]}, "properties": {"OBJECTID": 2069, "SOURCE_OF_DATA": "ngesi.maine.gov", "DATEUPDATE": 1605571200000, "EFFECTIVE": 1369612800000, "EXPIRE": null, "RCL_UID": "urn:emergency:uid:gis:RCL:64870:ngesi.maine.gov", "L_ADD_PRE": "", "L_ADD_FROM": 660, "L_ADD_TO": 836, "R_ADD_PRE": "", "R_ADD_FROM": 659, "R_ADD_TO": 835, "LPARITY": "E", "RPARITY": "O", "ST_PREMOD": "", "ST_PREDIR": "", "ST_PRETYP": "", "ST_PRESEP": "", "ST_NAME": "River", "ST_POSTTYP": "Road", "ST_POSTDIR": "", "ST_POSTMOD": "", "ST_FULLNAME": "River Road", "DIRTRAVEL": null, "PREDIR": "", "STREETNAME": "River", "SUFFIX": "Rd", "POSTDIR": "", "RDNAME": "River Rd", "LESN": "142", "RESN": "142", "LMSAGCOMM": "Newcastle", "RMSAGCOMM": "Newcastle", "LMSAG_CODE": "2315", "RMSAG_CODE": "2315", "LCOUNTRY": "US", "RCOUNTRY": "US", "LSTATE": "ME", "RSTATE": "ME", "LCOUNTY": "Lincoln County", "RCOUNTY": "Lincoln County", "LCITY": "Newcastle", "RCITY": "Newcastle", "L_A4": null, "R_A4": null, "L_A5": null, "R_A5": null, "LPOSTCOMM": "Newcastle", "RPOSTCOMM": "Newcastle", "LZIPCODE": "04553", "RZIPCODE": "04553", "RDCLASS": "Local", "MDOTJURIS": "State Aid", "ONEWAY": "B", "SPEED": 35, "LVALID": "N", "RVALID": "N", "TOWN": "Newcastle", "ROUTE_NUM": "", "MAP_LABEL": "River Rd", "SOURCE": "43", "FEET": 4432, "MINUTES": 1.43911279, "PSAP": "Lincoln RCC", "GEONAMEID": 48507, "SEGMENTID": 64870, "MCODE": 440, "LGEOCODE": "15110", "RGEOCODE": "15110", "GC_EXCEPTION": null, "AMUPDDAT": 1590710400000, "AMUPDORG": "jr.ngesi.maine.gov", "FMUPDDAT": 1278937426000, "FMUPDORG": "es.ngesi.maine.gov", "CREATDAT": 1278937426000, "CREATORG": "es.ngesi.maine.gov", "GlobalID": "b00a3b27-e34a-4c1f-81b2-fccd7a832608", "Shape__Length": 1351.0160639734902}}, {"type": "Feature", "id": 2090, "geometry": {"type": "LineString", "coordinates": [[-69.5384795729565, 44.0700480724965], [-69.538349706656, 44.0700085744131], [-69.5382811358312, 44.0699573981249], [-69.5382322342661, 44.069893965559], [-69.538163614401, 44.0698373513843], [-69.5380943182292, 44.0698011780425], [-69.5379739014772, 44.0697887802374], [-69.5377740546987, 44.0697863448159], [-69.5375106369842, 44.0697759430331], [-69.537148235584, 44.0697453252761], [-69.536803844775, 44.0697275055959], [-69.5364064455348, 44.0697277334619], [-69.5362267594269, 44.0697259209484], [-69.5360758980237, 44.0696816209715], [-69.5358603979262, 44.0695358586902], [-69.5357249426506, 44.0694357280066], [-69.5355003835889, 44.0693334668722], [-69.5351657149175, 44.0692218624061], [-69.5349113497285, 44.0691555822119], [-69.5346948235127, 44.0690756282898], [-69.5345181257836, 44.0689977114635], [-69.5343730358399, 44.0689505461621], [-69.5342096235263, 44.0689071307279], [-69.5340366243864, 44.0688682345556], [-69.5339239834132, 44.06871898063], [-69.5339199856702, 44.0685895935961], [-69.5339530025733, 44.0684215981055], [-69.5339857018992, 44.0682405221589]]}, "properties": {"OBJECTID": 2090, "SOURCE_OF_DATA": "ngesi.maine.gov", "DATEUPDATE": 1733171632000, "EFFECTIVE": 1369612800000, "EXPIRE": null, "RCL_UID": "urn:emergency:uid:gis:RCL:62396:ngesi.maine.gov", "L_ADD_PRE": "", "L_ADD_FROM": 2, "L_ADD_TO": 74, "R_ADD_PRE": "", "R_ADD_FROM": 1, "R_ADD_TO": 73, "LPARITY": "E", "RPARITY": "O", "ST_PREMOD": "", "ST_PREDIR": "", "ST_PRETYP": "", "ST_PRESEP": "", "ST_NAME": "Lincoln", "ST_POSTTYP": "Lane", "ST_POSTDIR": "", "ST_POSTMOD": "", "ST_FULLNAME": "Lincoln Lane", "DIRTRAVEL": null, "PREDIR": "", "STREETNAME": "Lincoln", "SUFFIX": "Ln", "POSTDIR": "", "RDNAME": "Lincoln Ln", "LESN": "142", "RESN": "142", "LMSAGCOMM": "Newcastle", "RMSAGCOMM": "Newcastle", "LMSAG_CODE": "2315", "RMSAG_CODE": "2315", "LCOUNTRY": "US", "RCOUNTRY": "US", "LSTATE": "ME", "RSTATE": "ME", "LCOUNTY": "Lincoln County", "RCOUNTY": "Lincoln County", "LCITY": "Newcastle", "RCITY": "Newcastle", "L_A4": null, "R_A4": null, "L_A5": null, "R_A5": null, "LPOSTCOMM": "Newcastle", "RPOSTCOMM": "Newcastle", "LZIPCODE": "04553", "RZIPCODE": "04553", "RDCLASS": "Private", "MDOTJURIS": "Private", "ONEWAY": "B", "SPEED": 25, "LVALID": "N", "RVALID": "N", "TOWN": "Newcastle", "ROUTE_NUM": "", "MAP_LABEL": "Lincoln Ln", "SOURCE": "14", "FEET": 1531, "MINUTES": 0.69608294, "PSAP": "Lincoln RCC", "GEONAMEID": 32754, "SEGMENTID": 62396, "MCODE": 440, "LGEOCODE": "15110", "RGEOCODE": "15110", "GC_EXCEPTION": null, "AMUPDDAT": 1733171632000, "AMUPDORG": "es.ngesi.maine.gov", "FMUPDDAT": 1733171632000, "FMUPDORG": "es.ngesi.maine.gov", "CREATDAT": 1267182021000, "CREATORG": "jt.ngesi.maine.gov", "GlobalID": "bb9a801d-c559-43d7-a079-10cb71bf4508", "Shape__Length": 466.76630790405284}}, {"type": "Feature", "id": 2123, "geometry": {"type": "LineString", "coordinates": [[-69.5863947380922, 44.048123051925], [-69.5864710574496, 44.0478623173299], [-69.5864518939636, 44.0477874442244], [-69.5864323407821, 44.0477110245267], [-69.5863948144378, 44.0476398740386], [-69.5863411117972, 44.0475739204971], [-69.5862360068645, 44.0474448646205], [-69.5861411477501, 44.0473193034288], [-69.5860644761105, 44.047178523117], [-69.5860458008156, 44.0471442258457], [-69.5860533672723, 44.0471051752135], [-69.5860603403299, 44.047069242808], [-69.5860682870197, 44.0470282454851], [-69.5860754969177, 44.0469910153706], [-69.586548577821, 44.0460751365403]]}, "properties": {"OBJECTID": 2123, "SOURCE_OF_DATA": "ngesi.maine.gov", "DATEUPDATE": 1699885610000, "EFFECTIVE": 1369612800000, "EXPIRE": null, "RCL_UID": "urn:emergency:uid:gis:RCL:62349:ngesi.maine.gov", "L_ADD_PRE": "", "L_ADD_FROM": 2, "L_ADD_TO": 40, "R_ADD_PRE": "", "R_ADD_FROM": 1, "R_ADD_TO": 39, "LPARITY": "E", "RPARITY": "O", "ST_PREMOD": "", "ST_PREDIR": "", "ST_PRETYP": "", "ST_PRESEP": "", "ST_NAME": "Stony Ridge", "ST_POSTTYP": "Lane", "ST_POSTDIR": "", "ST_POSTMOD": "", "ST_FULLNAME": "Stony Ridge Lane", "DIRTRAVEL": null, "PREDIR": "", "STREETNAME": "Stony Ridge", "SUFFIX": "Ln", "POSTDIR": "", "RDNAME": "Stony Ridge Ln", "LESN": "142", "RESN": "142", "LMSAGCOMM": "Newcastle", "RMSAGCOMM": "Newcastle", "LMSAG_CODE": "2315", "RMSAG_CODE": "2315", "LCOUNTRY": "US", "RCOUNTRY": "US", "LSTATE": "ME", "RSTATE": "ME", "LCOUNTY": "Lincoln County", "RCOUNTY": "Lincoln County", "LCITY": "Newcastle", "RCITY": "Newcastle", "L_A4": null, "R_A4": null, "L_A5": null, "R_A5": null, "LPOSTCOMM": "Newcastle", "RPOSTCOMM": "Newcastle", "LZIPCODE": "04553", "RZIPCODE": "04553", "RDCLASS": "Private", "MDOTJURIS": "Private", "ONEWAY": "B", "SPEED": 25, "LVALID": "N", "RVALID": "N", "TOWN": "Newcastle", "ROUTE_NUM": "", "MAP_LABEL": "Stony Ridge Ln", "SOURCE": "14", "FEET": 797, "MINUTES": 0.36205334, "PSAP": "Lincoln RCC", "GEONAMEID": 55635, "SEGMENTID": 62349, "MCODE": 440, "LGEOCODE": "15110", "RGEOCODE": "15110", "GC_EXCEPTION": null, "AMUPDDAT": 1699885610000, "AMUPDORG": "es.ngesi.maine.gov", "FMUPDDAT": 1267191480000, "FMUPDORG": "jt.ngesi.maine.gov", "CREATDAT": 1267191480000, "CREATORG": "jt.ngesi.maine.gov", "GlobalID": "bcf5ce4c-5120-4ddc-a714-ffee42adcf6d", "Shape__Length": 242.77897206762714}}, {"type": "Feature", "id": 2124, "geometry": {"type": "LineString", "coordinates": [[-69.5535915906115, 44.0132440236879], [-69.5535916334641, 44.0132392426348], [-69.5538142957153, 44.0124695098409], [-69.5538339679429, 44.012398296025]]}, "properties": {"OBJECTID": 2124, "SOURCE_OF_DATA": "ngesi.maine.gov", "DATEUPDATE": 1721330063000, "EFFECTIVE": 1369612800000, "EXPIRE": null, "RCL_UID": "urn:emergency:uid:gis:RCL:64687:ngesi.maine.gov", "L_ADD_PRE": "", "L_ADD_FROM": 358, "L_ADD_TO": 368, "R_ADD_PRE": "", "R_ADD_FROM": 357, "R_ADD_TO": 367, "LPARITY": "E", "RPARITY": "O", "ST_PREMOD": "", "ST_PREDIR": "", "ST_PRETYP": "", "ST_PRESEP": "", "ST_NAME": "River", "ST_POSTTYP": "Road", "ST_POSTDIR": "", "ST_POSTMOD": "", "ST_FULLNAME": "River Road", "DIRTRAVEL": null, "PREDIR": "", "STREETNAME": "River", "SUFFIX": "Rd", "POSTDIR": "", "RDNAME": "River Rd", "LESN": "142", "RESN": "142", "LMSAGCOMM": "Newcastle", "RMSAGCOMM": "Newcastle", "LMSAG_CODE": "2315", "RMSAG_CODE": "2315", "LCOUNTRY": "US", "RCOUNTRY": "US", "LSTATE": "ME", "RSTATE": "ME", "LCOUNTY": "Lincoln County", "RCOUNTY": "Lincoln County", "LCITY": "Newcastle", "RCITY": "Newcastle", "L_A4": null, "R_A4": null, "L_A5": null, "R_A5": null, "LPOSTCOMM": "Newcastle", "RPOSTCOMM": "Newcastle", "LZIPCODE": "04553", "RZIPCODE": "04553", "RDCLASS": "Local", "MDOTJURIS": "State Aid", "ONEWAY": "B", "SPEED": 35, "LVALID": "N", "RVALID": "N", "TOWN": "Newcastle", "ROUTE_NUM": "", "MAP_LABEL": "River Rd", "SOURCE": "43", "FEET": 315, "MINUTES": 0.1021899, "PSAP": "Lincoln RCC", "GEONAMEID": 48507, "SEGMENTID": 64687, "MCODE": 440, "LGEOCODE": "15110", "RGEOCODE": "15110", "GC_EXCEPTION": null, "AMUPDDAT": 1721330063000, "AMUPDORG": "es.ngesi.maine.gov", "FMUPDDAT": 1271077878000, "FMUPDORG": "jt.ngesi.maine.gov", "CREATDAT": 1271077878000, "CREATORG": "jt.ngesi.maine.gov", "GlobalID": "5dbcb5fa-64c9-4628-a7fa-1dac54f3bd02", "Shape__Length": 95.93443216211098}}, {"type": "Feature", "id": 2129, "geometry": {"type": "LineString", "coordinates": [[-69.6251493623903, 44.0122064710918], [-69.6258410062063, 44.0115548127683], [-69.6262519814598, 44.0111662578508], [-69.6264395926077, 44.0109538368029], [-69.626603335104, 44.0107684307183], [-69.6267588680998, 44.0105036677793]]}, "properties": {"OBJECTID": 2129, "SOURCE_OF_DATA": "ngesi.maine.gov", "DATEUPDATE": 1720028073000, "EFFECTIVE": 1369612800000, "EXPIRE": null, "RCL_UID": "urn:emergency:uid:gis:RCL:64704:ngesi.maine.gov", "L_ADD_PRE": "", "L_ADD_FROM": 158, "L_ADD_TO": 184, "R_ADD_PRE": "", "R_ADD_FROM": 157, "R_ADD_TO": 183, "LPARITY": "E", "RPARITY": "O", "ST_PREMOD": "", "ST_PREDIR": "", "ST_PRETYP": "", "ST_PRESEP": "", "ST_NAME": "Cochran", "ST_POSTTYP": "Road", "ST_POSTDIR": "", "ST_POSTMOD": "", "ST_FULLNAME": "Cochran Road", "DIRTRAVEL": null, "PREDIR": "", "STREETNAME": "Cochran", "SUFFIX": "Rd", "POSTDIR": "", "RDNAME": "Cochran Rd", "LESN": "142", "RESN": "142", "LMSAGCOMM": "Newcastle", "RMSAGCOMM": "Newcastle", "LMSAG_CODE": "2315", "RMSAG_CODE": "2315", "LCOUNTRY": "US", "RCOUNTRY": "US", "LSTATE": "ME", "RSTATE": "ME", "LCOUNTY": "Lincoln County", "RCOUNTY": "Lincoln County", "LCITY": "Newcastle", "RCITY": "Newcastle", "L_A4": null, "R_A4": null, "L_A5": null, "R_A5": null, "LPOSTCOMM": "Newcastle", "RPOSTCOMM": "Newcastle", "LZIPCODE": "04553", "RZIPCODE": "04553", "RDCLASS": "Local", "MDOTJURIS": "Townway", "ONEWAY": "B", "SPEED": 35, "LVALID": "N", "RVALID": "N", "TOWN": "Newcastle", "ROUTE_NUM": "", "MAP_LABEL": "Cochran Rd", "SOURCE": "43", "FEET": 754, "MINUTES": 0.24479581, "PSAP": "Lincoln RCC", "GEONAMEID": 11870, "SEGMENTID": 64704, "MCODE": 440, "LGEOCODE": "15110", "RGEOCODE": "15110", "GC_EXCEPTION": "201", "AMUPDDAT": 1720028073000, "AMUPDORG": "es.ngesi.maine.gov", "FMUPDDAT": 1271080016000, "FMUPDORG": "jt.ngesi.maine.gov", "CREATDAT": 1271080016000, "CREATORG": "jt.ngesi.maine.gov", "GlobalID": "4d90aa15-4127-4117-a1ee-dd53d7613d91", "Shape__Length": 229.81084932928607}}, {"type": "Feature", "id": 2144, "geometry": {"type": "LineString", "coordinates": [[-69.5818961763645, 44.09730278113], [-69.5818770308056, 44.0974677928571], [-69.5818267616942, 44.0977115352452], [-69.5817577103495, 44.0981077457856], [-69.5816465682594, 44.0985142362896], [-69.5814111406978, 44.0993863186702], [-69.5813877740203, 44.0997008791826], [-69.581257799366, 44.0999302253244], [-69.5811138933623, 44.1000881736775], [-69.5809034649309, 44.1002035862148], [-69.5807248388484, 44.1003694084585], [-69.5805304889011, 44.1006789495565], [-69.5803441830886, 44.101154524986], [-69.5802511677464, 44.1015699972035], [-69.5802199382278, 44.1020407061176], [-69.5800924514406, 44.1024564522436], [-69.5798072942952, 44.1027225077742], [-69.5795895381214, 44.1030878875637], [-69.5791246283055, 44.1035739852476], [-69.5786242836288, 44.1040954544975], [-69.5781279158403, 44.1044797266375], [-69.5779224475624, 44.1046780922024], [-69.5776202456771, 44.1053451106704], [-69.5774590375872, 44.105613558587], [-69.5773009880552, 44.105820254477], [-69.577199877529, 44.1059653047997], [-69.5767694530709, 44.1063116488435], [-69.5766159759505, 44.1064351479345], [-69.5765375614564, 44.1065308258972], [-69.576512790603, 44.1067063987477], [-69.5765149537095, 44.1069263751347], [-69.5764894285871, 44.1070217951535], [-69.5764173913282, 44.1070936180411], [-69.5761209313427, 44.1072046929128], [-69.5759641648501, 44.1077297200398], [-69.5759969683435, 44.1080581220287], [-69.5754285338668, 44.1087613371589], [-69.5751536223447, 44.1093765951328], [-69.5750572035138, 44.1095659252071], [-69.5749157490331, 44.1097501158547], [-69.5746858934511, 44.1099132601062], [-69.5744552521244, 44.1099954139528], [-69.5742908278039, 44.1100867600063], [-69.5741274637262, 44.1102876799284], [-69.5738196868074, 44.1105989044719], [-69.5736480381872, 44.1106283520278], [-69.5732443284789, 44.1105922673578], [-69.5730916477153, 44.1105310995054], [-69.5727668473121, 44.1102668512443], [-69.572540680088, 44.1100828315797], [-69.5723057059363, 44.1099442683394], [-69.5719801982406, 44.1097886734588], [-69.5718677905353, 44.1097892361826]]}, "properties": {"OBJECTID": 2144, "SOURCE_OF_DATA": "ngesi.maine.gov", "DATEUPDATE": 1702054300000, "EFFECTIVE": 1369612800000, "EXPIRE": null, "RCL_UID": "urn:emergency:uid:gis:RCL:62357:ngesi.maine.gov", "L_ADD_PRE": "", "L_ADD_FROM": 26, "L_ADD_TO": 240, "R_ADD_PRE": "", "R_ADD_FROM": 25, "R_ADD_TO": 239, "LPARITY": "E", "RPARITY": "O", "ST_PREMOD": "", "ST_PREDIR": "", "ST_PRETYP": "", "ST_PRESEP": "", "ST_NAME": "Happy Valley", "ST_POSTTYP": "Road", "ST_POSTDIR": "", "ST_POSTMOD": "", "ST_FULLNAME": "Happy Valley Road", "DIRTRAVEL": null, "PREDIR": "", "STREETNAME": "Happy Valley", "SUFFIX": "Rd", "POSTDIR": "", "RDNAME": "Happy Valley Rd", "LESN": "142", "RESN": "142", "LMSAGCOMM": "Newcastle", "RMSAGCOMM": "Newcastle", "LMSAG_CODE": "2315", "RMSAG_CODE": "2315", "LCOUNTRY": "US", "RCOUNTRY": "US", "LSTATE": "ME", "RSTATE": "ME", "LCOUNTY": "Lincoln County", "RCOUNTY": "Lincoln County", "LCITY": "Newcastle", "RCITY": "Newcastle", "L_A4": null, "R_A4": null, "L_A5": null, "R_A5": null, "LPOSTCOMM": "Newcastle", "RPOSTCOMM": "Newcastle", "LZIPCODE": "04553", "RZIPCODE": "04553", "RDCLASS": "Private", "MDOTJURIS": "Private", "ONEWAY": "B", "SPEED": 25, "LVALID": "N", "RVALID": "N", "TOWN": "Newcastle", "ROUTE_NUM": "", "MAP_LABEL": "Happy Valley Rd", "SOURCE": "17", "FEET": 6105, "MINUTES": 2.77500705, "PSAP": "Lincoln RCC", "GEONAMEID": 24121, "SEGMENTID": 62357, "MCODE": 440, "LGEOCODE": "15110", "RGEOCODE": "15110", "GC_EXCEPTION": null, "AMUPDDAT": 1702054300000, "AMUPDORG": "es.ngesi.maine.gov", "FMUPDDAT": 1267173737000, "FMUPDORG": "jt.ngesi.maine.gov", "CREATDAT": 1267173737000, "CREATORG": "jt.ngesi.maine.gov", "GlobalID": "adcbbb42-484c-46b0-bcbc-89bf2ea13e87", "Shape__Length": 1860.812448500374}}, {"type": "Feature", "id": 2165, "geometry": {"type": "LineString", "coordinates": [[-69.5603767510051, 44.0008925505615], [-69.5606063626418, 44.0009106466689], [-69.5609852787345, 44.0008707291285], [-69.5611868187001, 44.0008377500166], [-69.5613686781947, 44.0008155814021], [-69.5615591630612, 44.0008165991216]]}, "properties": {"OBJECTID": 2165, "SOURCE_OF_DATA": "ngesi.maine.gov", "DATEUPDATE": 1699885610000, "EFFECTIVE": 1369612800000, "EXPIRE": null, "RCL_UID": "urn:emergency:uid:gis:RCL:61271:ngesi.maine.gov", "L_ADD_PRE": "", "L_ADD_FROM": 2, "L_ADD_TO": 4, "R_ADD_PRE": "", "R_ADD_FROM": 1, "R_ADD_TO": 3, "LPARITY": "E", "RPARITY": "O", "ST_PREMOD": "", "ST_PREDIR": "", "ST_PRETYP": "", "ST_PRESEP": "", "ST_NAME": "Hodkins", "ST_POSTTYP": "Road", "ST_POSTDIR": "", "ST_POSTMOD": "", "ST_FULLNAME": "Hodkins Road", "DIRTRAVEL": null, "PREDIR": "", "STREETNAME": "Hodkins", "SUFFIX": "Rd", "POSTDIR": "", "RDNAME": "Hodkins Rd", "LESN": "142", "RESN": "142", "LMSAGCOMM": "Newcastle", "RMSAGCOMM": "Newcastle", "LMSAG_CODE": "2315", "RMSAG_CODE": "2315", "LCOUNTRY": "US", "RCOUNTRY": "US", "LSTATE": "ME", "RSTATE": "ME", "LCOUNTY": "Lincoln County", "RCOUNTY": "Lincoln County", "LCITY": "Newcastle", "RCITY": "Newcastle", "L_A4": null, "R_A4": null, "L_A5": null, "R_A5": null, "LPOSTCOMM": "Newcastle", "RPOSTCOMM": "Newcastle", "LZIPCODE": "04553", "RZIPCODE": "04553", "RDCLASS": "Private", "MDOTJURIS": "Private", "ONEWAY": "B", "SPEED": 25, "LVALID": "N", "RVALID": "N", "TOWN": "Newcastle", "ROUTE_NUM": "", "MAP_LABEL": "Hodkins Rd", "SOURCE": "2", "FEET": 314, "MINUTES": 0.14293678, "PSAP": "Lincoln RCC", "GEONAMEID": 26662, "SEGMENTID": 61271, "MCODE": 440, "LGEOCODE": "15110", "RGEOCODE": "15110", "GC_EXCEPTION": null, "AMUPDDAT": 1699885610000, "AMUPDORG": "es.ngesi.maine.gov", "FMUPDDAT": 1271077721000, "FMUPDORG": "jt.ngesi.maine.gov", "CREATDAT": 1271077721000, "CREATORG": "jt.ngesi.maine.gov", "GlobalID": "532e0ec9-4e49-4589-b4be-af19d281a424", "Shape__Length": 95.84787713974667}}, {"type": "Feature", "id": 2188, "geometry": {"type": "LineString", "coordinates": [[-69.5675196330956, 44.0266323228055], [-69.5677852398436, 44.0268941471258], [-69.5681312723561, 44.0272408156181], [-69.5685122190652, 44.0276052351916], [-69.5688406321996, 44.0278871463015], [-69.5690330774761, 44.0280422628433], [-69.5692852197969, 44.0282075706467], [-69.5697899363345, 44.0284695040944], [-69.5700457164412, 44.0286129406902], [-69.5701825776499, 44.0286981596929], [-69.5704282615677, 44.0288790461407], [-69.570589183523, 44.0290241255056], [-69.5709032442513, 44.0293469239237], [-69.5712309921884, 44.0296847157985], [-69.5714624568583, 44.0299175129333], [-69.5715844649168, 44.0300317596136], [-69.5718349440563, 44.0301795133243], [-69.5721792169338, 44.0303414184066]]}, "properties": {"OBJECTID": 2188, "SOURCE_OF_DATA": "ngesi.maine.gov", "DATEUPDATE": 1712318448000, "EFFECTIVE": 1369612800000, "EXPIRE": null, "RCL_UID": "urn:emergency:uid:gis:RCL:63123:ngesi.maine.gov", "L_ADD_PRE": "", "L_ADD_FROM": 20, "L_ADD_TO": 88, "R_ADD_PRE": "", "R_ADD_FROM": 19, "R_ADD_TO": 87, "LPARITY": "E", "RPARITY": "O", "ST_PREMOD": "", "ST_PREDIR": "", "ST_PRETYP": "", "ST_PRESEP": "", "ST_NAME": "Sheepscot", "ST_POSTTYP": "Road", "ST_POSTDIR": "", "ST_POSTMOD": "", "ST_FULLNAME": "Sheepscot Road", "DIRTRAVEL": null, "PREDIR": "", "STREETNAME": "Sheepscot", "SUFFIX": "Rd", "POSTDIR": "", "RDNAME": "Sheepscot Rd", "LESN": "142", "RESN": "142", "LMSAGCOMM": "Newcastle", "RMSAGCOMM": "Newcastle", "LMSAG_CODE": "2315", "RMSAG_CODE": "2315", "LCOUNTRY": "US", "RCOUNTRY": "US", "LSTATE": "ME", "RSTATE": "ME", "LCOUNTY": "Lincoln County", "RCOUNTY": "Lincoln County", "LCITY": "Newcastle", "RCITY": "Newcastle", "L_A4": null, "R_A4": null, "L_A5": null, "R_A5": null, "LPOSTCOMM": "Newcastle", "RPOSTCOMM": "Newcastle", "LZIPCODE": "04553", "RZIPCODE": "04553", "RDCLASS": "Local", "MDOTJURIS": "State Aid", "ONEWAY": "B", "SPEED": 35, "LVALID": "N", "RVALID": "N", "TOWN": "Newcastle", "ROUTE_NUM": "", "MAP_LABEL": "Sheepscot Rd", "SOURCE": "43", "FEET": 1840, "MINUTES": 0.59743453, "PSAP": "Lincoln RCC", "GEONAMEID": 52286, "SEGMENTID": 63123, "MCODE": 440, "LGEOCODE": "15110", "RGEOCODE": "15110", "GC_EXCEPTION": null, "AMUPDDAT": 1712318448000, "AMUPDORG": "es.ngesi.maine.gov", "FMUPDDAT": 1267193054000, "FMUPDORG": "jt.ngesi.maine.gov", "CREATDAT": 1267193054000, "CREATORG": "jt.ngesi.maine.gov", "GlobalID": "6775ea0d-d240-4cdd-86a2-37ef192dc904", "Shape__Length": 560.8630958997783}}, {"type": "Feature", "id": 2251, "geometry": {"type": "LineString", "coordinates": [[-69.5369045567998, 44.0350645246819], [-69.5370209417778, 44.035157910616], [-69.537127214935, 44.035261995039], [-69.5371999802757, 44.0353841807714], [-69.5373019604902, 44.0355862786659], [-69.5374118852499, 44.035818077459], [-69.5375134985248, 44.0359545688041], [-69.5376493554179, 44.0360769165768], [-69.5378373470985, 44.0361996490203], [-69.5380447338306, 44.0363016539341], [-69.5382703322742, 44.0363928495757]]}, "properties": {"OBJECTID": 2251, "SOURCE_OF_DATA": "ngesi.maine.gov", "DATEUPDATE": 1699885611000, "EFFECTIVE": 1369612800000, "EXPIRE": null, "RCL_UID": "urn:emergency:uid:gis:RCL:63145:ngesi.maine.gov", "L_ADD_PRE": "", "L_ADD_FROM": 2, "L_ADD_TO": 24, "R_ADD_PRE": "", "R_ADD_FROM": 1, "R_ADD_TO": 23, "LPARITY": "E", "RPARITY": "O", "ST_PREMOD": "", "ST_PREDIR": "", "ST_PRETYP": "", "ST_PRESEP": "", "ST_NAME": "Academy", "ST_POSTTYP": "Hill", "ST_POSTDIR": "", "ST_POSTMOD": "", "ST_FULLNAME": "Academy Hill", "DIRTRAVEL": null, "PREDIR": "", "STREETNAME": "Academy", "SUFFIX": "Hl", "POSTDIR": "", "RDNAME": "Academy Hl", "LESN": "142", "RESN": "142", "LMSAGCOMM": "Newcastle", "RMSAGCOMM": "Newcastle", "LMSAG_CODE": "2315", "RMSAG_CODE": "2315", "LCOUNTRY": "US", "RCOUNTRY": "US", "LSTATE": "ME", "RSTATE": "ME", "LCOUNTY": "Lincoln County", "RCOUNTY": "Lincoln County", "LCITY": "Newcastle", "RCITY": "Newcastle", "L_A4": null, "R_A4": null, "L_A5": null, "R_A5": null, "LPOSTCOMM": "Newcastle", "RPOSTCOMM": "Newcastle", "LZIPCODE": "04553", "RZIPCODE": "04553", "RDCLASS": "Local", "MDOTJURIS": "Townway", "ONEWAY": "B", "SPEED": 35, "LVALID": "N", "RVALID": "N", "TOWN": "Newcastle", "ROUTE_NUM": "", "MAP_LABEL": "Academy Hl", "SOURCE": "43", "FEET": 623, "MINUTES": 0.2023317, "PSAP": "Lincoln RCC", "GEONAMEID": 324, "SEGMENTID": 63145, "MCODE": 440, "LGEOCODE": "15110", "RGEOCODE": "15110", "GC_EXCEPTION": null, "AMUPDDAT": 1699885611000, "AMUPDORG": "es.ngesi.maine.gov", "FMUPDDAT": 1268043707000, "FMUPDORG": "jt.ngesi.maine.gov", "CREATDAT": 1268043707000, "CREATORG": "jt.ngesi.maine.gov", "GlobalID": "a5d198c9-8350-40d3-841f-20f4a39ffb23", "Shape__Length": 189.94614085438928}}, {"type": "Feature", "id": 2293, "geometry": {"type": "LineString", "coordinates": [[-69.5831875775718, 44.0389118739955], [-69.5832918983735, 44.0387266090104], [-69.5833179852506, 44.0385461370477], [-69.5833447147533, 44.0383612140959], [-69.5833765463481, 44.0381417008954], [-69.5834048443752, 44.0379335050319], [-69.5834212901725, 44.0377626709086], [-69.583442525092, 44.0375418882721], [-69.583545023793, 44.0372755653808], [-69.5836538781949, 44.0369880338358], [-69.5837609142885, 44.0367124410173], [-69.5839239856454, 44.0363909863171], [-69.5840742072747, 44.0361464594044], [-69.5842488450253, 44.0358694940932], [-69.5844328787019, 44.0355937859392], [-69.5845975025095, 44.0353471318509], [-69.5847120914958, 44.0351537458375], [-69.5847194783909, 44.0351371056918]]}, "properties": {"OBJECTID": 2293, "SOURCE_OF_DATA": "ngesi.maine.gov", "DATEUPDATE": 1699885611000, "EFFECTIVE": 1369612800000, "EXPIRE": null, "RCL_UID": "urn:emergency:uid:gis:RCL:61567:ngesi.maine.gov", "L_ADD_PRE": "", "L_ADD_FROM": 2, "L_ADD_TO": 58, "R_ADD_PRE": "", "R_ADD_FROM": 1, "R_ADD_TO": 57, "LPARITY": "E", "RPARITY": "O", "ST_PREMOD": "", "ST_PREDIR": "", "ST_PRETYP": "", "ST_PRESEP": "", "ST_NAME": "Shattuck Mill", "ST_POSTTYP": "Road", "ST_POSTDIR": "", "ST_POSTMOD": "", "ST_FULLNAME": "Shattuck Mill Road", "DIRTRAVEL": null, "PREDIR": "", "STREETNAME": "Shattuck Mill", "SUFFIX": "Rd", "POSTDIR": "", "RDNAME": "Shattuck Mill Rd", "LESN": "142", "RESN": "142", "LMSAGCOMM": "Newcastle", "RMSAGCOMM": "Newcastle", "LMSAG_CODE": "2315", "RMSAG_CODE": "2315", "LCOUNTRY": "US", "RCOUNTRY": "US", "LSTATE": "ME", "RSTATE": "ME", "LCOUNTY": "Lincoln County", "RCOUNTY": "Lincoln County", "LCITY": "Newcastle", "RCITY": "Newcastle", "L_A4": null, "R_A4": null, "L_A5": null, "R_A5": null, "LPOSTCOMM": "Newcastle", "RPOSTCOMM": "Newcastle", "LZIPCODE": "04553", "RZIPCODE": "04553", "RDCLASS": "Private", "MDOTJURIS": "Private", "ONEWAY": "B", "SPEED": 25, "LVALID": "N", "RVALID": "N", "TOWN": "Newcastle", "ROUTE_NUM": "", "MAP_LABEL": "Shattuck Mill Rd", "SOURCE": "2", "FEET": 1447, "MINUTES": 0.65793094, "PSAP": "Lincoln RCC", "GEONAMEID": 52187, "SEGMENTID": 61567, "MCODE": 440, "LGEOCODE": "15110", "RGEOCODE": "15110", "GC_EXCEPTION": null, "AMUPDDAT": 1699885611000, "AMUPDORG": "es.ngesi.maine.gov", "FMUPDDAT": 1267192039000, "FMUPDORG": "jt.ngesi.maine.gov", "CREATDAT": 1267192039000, "CREATORG": "jt.ngesi.maine.gov", "GlobalID": "52735ce3-a540-4fcb-818f-11220f79b613", "Shape__Length": 441.1830508492919}}, {"type": "Feature", "id": 2300, "geometry": {"type": "LineString", "coordinates": [[-69.5881534094937, 44.0130775335265], [-69.5888664291301, 44.0128194047496], [-69.5894255343006, 44.0126508578919], [-69.5899727701206, 44.0124858809381], [-69.5905489119257, 44.0123275405793], [-69.591110066376, 44.012205486826], [-69.5915988982307, 44.0121097258141], [-69.5921498754387, 44.0120272268944], [-69.5927451691159, 44.0119415332756], [-69.5939105175229, 44.0118017710864], [-69.5956789597083, 44.0115904189471], [-69.5982420847535, 44.0112871514109], [-69.5989120411448, 44.0111992250019], [-69.5990434767592, 44.0111877858156]]}, "properties": {"OBJECTID": 2300, "SOURCE_OF_DATA": "ngesi.maine.gov", "DATEUPDATE": 1747321732000, "EFFECTIVE": 1369612800000, "EXPIRE": null, "RCL_UID": "urn:emergency:uid:gis:RCL:64695:ngesi.maine.gov", "L_ADD_PRE": "", "L_ADD_FROM": 934, "L_ADD_TO": 1048, "R_ADD_PRE": "", "R_ADD_FROM": 933, "R_ADD_TO": 1047, "LPARITY": "E", "RPARITY": "O", "ST_PREMOD": "", "ST_PREDIR": "", "ST_PRETYP": "", "ST_PRESEP": "", "ST_NAME": "Route 1", "ST_POSTTYP": "", "ST_POSTDIR": "", "ST_POSTMOD": "", "ST_FULLNAME": "Route 1", "DIRTRAVEL": null, "PREDIR": "", "STREETNAME": "Route 1", "SUFFIX": "", "POSTDIR": "", "RDNAME": "Route 1", "LESN": "142", "RESN": "142", "LMSAGCOMM": "Newcastle", "RMSAGCOMM": "Newcastle", "LMSAG_CODE": "2315", "RMSAG_CODE": "2315", "LCOUNTRY": "US", "RCOUNTRY": "US", "LSTATE": "ME", "RSTATE": "ME", "LCOUNTY": "Lincoln County", "RCOUNTY": "Lincoln County", "LCITY": "Newcastle", "RCITY": "Newcastle", "L_A4": null, "R_A4": null, "L_A5": null, "R_A5": null, "LPOSTCOMM": "Newcastle", "RPOSTCOMM": "Newcastle", "LZIPCODE": "04553", "RZIPCODE": "04553", "RDCLASS": "Secondary", "MDOTJURIS": "State Highway", "ONEWAY": "B", "SPEED": 45, "LVALID": "N", "RVALID": "N", "TOWN": "Newcastle", "ROUTE_NUM": "1", "MAP_LABEL": "Route 1 - Route 1", "SOURCE": "43", "FEET": 2961, "MINUTES": 0.74780527, "PSAP": "Lincoln RCC", "GEONAMEID": 49703, "SEGMENTID": 64695, "MCODE": 440, "LGEOCODE": "15110", "RGEOCODE": "15110", "GC_EXCEPTION": null, "AMUPDDAT": 1747321732000, "AMUPDORG": "jr.ngesi.maine.gov", "FMUPDDAT": 1271079384000, "FMUPDORG": "jt.ngesi.maine.gov", "CREATDAT": 1271079384000, "CREATORG": "jt.ngesi.maine.gov", "GlobalID": "f1afba66-ecef-45f0-a1c8-6a076c041c0d", "Shape__Length": 902.6087538302436}}, {"type": "Feature", "id": 2306, "geometry": {"type": "LineString", "coordinates": [[-69.5389157036166, 44.0366441634789], [-69.5391653866317, 44.0367595260176], [-69.5392463640231, 44.036802585451]]}, "properties": {"OBJECTID": 2306, "SOURCE_OF_DATA": "ngesi.maine.gov", "DATEUPDATE": 1702499354000, "EFFECTIVE": 1369612800000, "EXPIRE": null, "RCL_UID": "urn:emergency:uid:gis:RCL:63148:ngesi.maine.gov", "L_ADD_PRE": "", "L_ADD_FROM": 32, "L_ADD_TO": 34, "R_ADD_PRE": "", "R_ADD_FROM": 31, "R_ADD_TO": 33, "LPARITY": "E", "RPARITY": "O", "ST_PREMOD": "", "ST_PREDIR": "", "ST_PRETYP": "", "ST_PRESEP": "", "ST_NAME": "Academy", "ST_POSTTYP": "Hill", "ST_POSTDIR": "", "ST_POSTMOD": "", "ST_FULLNAME": "Academy Hill", "DIRTRAVEL": null, "PREDIR": "", "STREETNAME": "Academy", "SUFFIX": "Hl", "POSTDIR": "", "RDNAME": "Academy Hl", "LESN": "142", "RESN": "142", "LMSAGCOMM": "Newcastle", "RMSAGCOMM": "Newcastle", "LMSAG_CODE": "2315", "RMSAG_CODE": "2315", "LCOUNTRY": "US", "RCOUNTRY": "US", "LSTATE": "ME", "RSTATE": "ME", "LCOUNTY": "Lincoln County", "RCOUNTY": "Lincoln County", "LCITY": "Newcastle", "RCITY": "Newcastle", "L_A4": null, "R_A4": null, "L_A5": null, "R_A5": null, "LPOSTCOMM": "Newcastle", "RPOSTCOMM": "Newcastle", "LZIPCODE": "04553", "RZIPCODE": "04553", "RDCLASS": "Local", "MDOTJURIS": "Townway", "ONEWAY": "B", "SPEED": 35, "LVALID": "N", "RVALID": "N", "TOWN": "Newcastle", "ROUTE_NUM": "", "MAP_LABEL": "Academy Hl", "SOURCE": "43", "FEET": 104, "MINUTES": 0.03389316, "PSAP": "Lincoln RCC", "GEONAMEID": 324, "SEGMENTID": 63148, "MCODE": 440, "LGEOCODE": "15110", "RGEOCODE": "15110", "GC_EXCEPTION": null, "AMUPDDAT": 1702499354000, "AMUPDORG": "es.ngesi.maine.gov", "FMUPDDAT": 1268045629000, "FMUPDORG": "jt.ngesi.maine.gov", "CREATDAT": 1268045629000, "CREATORG": "jt.ngesi.maine.gov", "GlobalID": "a6fd893b-3542-414c-8122-fb907b66e254", "Shape__Length": 31.818415856796328}}, {"type": "Feature", "id": 2339, "geometry": {"type": "LineString", "coordinates": [[-69.5328898202103, 44.0911031030729], [-69.532907835501, 44.0912966811894], [-69.5328812554881, 44.0915126515723], [-69.5328298281238, 44.0917299712861], [-69.5327547291251, 44.0919112618966], [-69.5326277770249, 44.0921359652809], [-69.5325138765384, 44.0923019958585], [-69.5323567728332, 44.0924786805304], [-69.5321290405848, 44.0926975865636], [-69.531734743832, 44.0930486804012], [-69.5314403084838, 44.0933120479056], [-69.5311824410595, 44.0935578321475], [-69.5309854641363, 44.0937593874627], [-69.5309156598436, 44.0938547782424]]}, "properties": {"OBJECTID": 2339, "SOURCE_OF_DATA": "ngesi.maine.gov", "DATEUPDATE": 1721759991000, "EFFECTIVE": 1369612800000, "EXPIRE": null, "RCL_UID": "urn:emergency:uid:gis:RCL:64670:ngesi.maine.gov", "L_ADD_PRE": "", "L_ADD_FROM": 220, "L_ADD_TO": 264, "R_ADD_PRE": "", "R_ADD_FROM": 219, "R_ADD_TO": 263, "LPARITY": "E", "RPARITY": "O", "ST_PREMOD": "", "ST_PREDIR": "", "ST_PRETYP": "", "ST_PRESEP": "", "ST_NAME": "Bunker Hill", "ST_POSTTYP": "Road", "ST_POSTDIR": "", "ST_POSTMOD": "", "ST_FULLNAME": "Bunker Hill Road", "DIRTRAVEL": null, "PREDIR": "", "STREETNAME": "Bunker Hill", "SUFFIX": "Rd", "POSTDIR": "", "RDNAME": "Bunker Hill Rd", "LESN": "142", "RESN": "142", "LMSAGCOMM": "Newcastle", "RMSAGCOMM": "Newcastle", "LMSAG_CODE": "2315", "RMSAG_CODE": "2315", "LCOUNTRY": "US", "RCOUNTRY": "US", "LSTATE": "ME", "RSTATE": "ME", "LCOUNTY": "Lincoln County", "RCOUNTY": "Lincoln County", "LCITY": "Newcastle", "RCITY": "Newcastle", "L_A4": null, "R_A4": null, "L_A5": null, "R_A5": null, "LPOSTCOMM": "Newcastle", "RPOSTCOMM": "Newcastle", "LZIPCODE": "04553", "RZIPCODE": "04553", "RDCLASS": "Secondary", "MDOTJURIS": "State Aid", "ONEWAY": "B", "SPEED": 45, "LVALID": "N", "RVALID": "N", "TOWN": "Newcastle", "ROUTE_NUM": "213", "MAP_LABEL": "Bunker Hill Rd - Route 213", "SOURCE": "43", "FEET": 1160, "MINUTES": 0.29301729, "PSAP": "Lincoln RCC", "GEONAMEID": 8165, "SEGMENTID": 64670, "MCODE": 440, "LGEOCODE": "15110", "RGEOCODE": "15110", "GC_EXCEPTION": null, "AMUPDDAT": 1721759991000, "AMUPDORG": "es.ngesi.maine.gov", "FMUPDDAT": 1271068066000, "FMUPDORG": "jt.ngesi.maine.gov", "CREATDAT": 1271068066000, "CREATORG": "jt.ngesi.maine.gov", "GlobalID": "b1e1d469-28f4-4570-9020-ee0a0a0a8732", "Shape__Length": 353.67491669763047}}, {"type": "Feature", "id": 2380, "geometry": {"type": "LineString", "coordinates": [[-69.6046842714279, 44.0436577362104], [-69.6047473121505, 44.0437074705938], [-69.6049529386648, 44.0438372918068], [-69.6051542557179, 44.0439581320479], [-69.6053438665723, 44.0440361866595], [-69.6055898435514, 44.0441077748581], [-69.6058133578328, 44.0441540829757], [-69.6060936946892, 44.0441921842278], [-69.606374106744, 44.0442241620644], [-69.606631894358, 44.0442627778194], [-69.6069418471258, 44.0443566039878], [-69.6071502228261, 44.0444640421206], [-69.6072973661966, 44.0445462626497], [-69.6074651578998, 44.0446507016947], [-69.6076329431742, 44.0447862023341], [-69.6078335332413, 44.0449583882159], [-69.6079671835875, 44.0451026682207]]}, "properties": {"OBJECTID": 2380, "SOURCE_OF_DATA": "ngesi.maine.gov", "DATEUPDATE": 1605571200000, "EFFECTIVE": 1369612800000, "EXPIRE": null, "RCL_UID": "urn:emergency:uid:gis:RCL:63118:ngesi.maine.gov", "L_ADD_PRE": "", "L_ADD_FROM": 526, "L_ADD_TO": 564, "R_ADD_PRE": "", "R_ADD_FROM": 525, "R_ADD_TO": 563, "LPARITY": "E", "RPARITY": "O", "ST_PREMOD": "", "ST_PREDIR": "", "ST_PRETYP": "", "ST_PRESEP": "", "ST_NAME": "Sheepscot", "ST_POSTTYP": "Road", "ST_POSTDIR": "", "ST_POSTMOD": "", "ST_FULLNAME": "Sheepscot Road", "DIRTRAVEL": null, "PREDIR": "", "STREETNAME": "Sheepscot", "SUFFIX": "Rd", "POSTDIR": "", "RDNAME": "Sheepscot Rd", "LESN": "142", "RESN": "142", "LMSAGCOMM": "Newcastle", "RMSAGCOMM": "Newcastle", "LMSAG_CODE": "2315", "RMSAG_CODE": "2315", "LCOUNTRY": "US", "RCOUNTRY": "US", "LSTATE": "ME", "RSTATE": "ME", "LCOUNTY": "Lincoln County", "RCOUNTY": "Lincoln County", "LCITY": "Newcastle", "RCITY": "Newcastle", "L_A4": null, "R_A4": null, "L_A5": null, "R_A5": null, "LPOSTCOMM": "Newcastle", "RPOSTCOMM": "Newcastle", "LZIPCODE": "04553", "RZIPCODE": "04553", "RDCLASS": "Local", "MDOTJURIS": "State Aid", "ONEWAY": "B", "SPEED": 35, "LVALID": "N", "RVALID": "N", "TOWN": "Newcastle", "ROUTE_NUM": "", "MAP_LABEL": "Sheepscot Rd", "SOURCE": "43", "FEET": 1047, "MINUTES": 0.33978093, "PSAP": "Lincoln RCC", "GEONAMEID": 52286, "SEGMENTID": 63118, "MCODE": 440, "LGEOCODE": "15110", "RGEOCODE": "15110", "GC_EXCEPTION": null, "AMUPDDAT": 1590710400000, "AMUPDORG": "jr.ngesi.maine.gov", "FMUPDDAT": 1517485991000, "FMUPDORG": "es.ngesi.maine.gov", "CREATDAT": 1517485991000, "CREATORG": "es.ngesi.maine.gov", "GlobalID": "3f39cd72-8176-4788-9610-f309e612d000", "Shape__Length": 318.98090087939175}}, {"type": "Feature", "id": 2399, "geometry": {"type": "LineString", "coordinates": [[-69.5549641284305, 44.1025035714925], [-69.5548987775943, 44.1028743401445], [-69.5547897424698, 44.1035307265636], [-69.5546988948407, 44.1040812893604]]}, "properties": {"OBJECTID": 2399, "SOURCE_OF_DATA": "ngesi.maine.gov", "DATEUPDATE": 1721759991000, "EFFECTIVE": 1369612800000, "EXPIRE": null, "RCL_UID": "urn:emergency:uid:gis:RCL:64662:ngesi.maine.gov", "L_ADD_PRE": "", "L_ADD_FROM": 278, "L_ADD_TO": 296, "R_ADD_PRE": "", "R_ADD_FROM": 277, "R_ADD_TO": 295, "LPARITY": "E", "RPARITY": "O", "ST_PREMOD": "", "ST_PREDIR": "", "ST_PRETYP": "", "ST_PRESEP": "", "ST_NAME": "Ridge", "ST_POSTTYP": "Road", "ST_POSTDIR": "", "ST_POSTMOD": "", "ST_FULLNAME": "Ridge Road", "DIRTRAVEL": null, "PREDIR": "", "STREETNAME": "Ridge", "SUFFIX": "Rd", "POSTDIR": "", "RDNAME": "Ridge Rd", "LESN": "142", "RESN": "142", "LMSAGCOMM": "Newcastle", "RMSAGCOMM": "Newcastle", "LMSAG_CODE": "2315", "RMSAG_CODE": "2315", "LCOUNTRY": "US", "RCOUNTRY": "US", "LSTATE": "ME", "RSTATE": "ME", "LCOUNTY": "Lincoln County", "RCOUNTY": "Lincoln County", "LCITY": "Newcastle", "RCITY": "Newcastle", "L_A4": null, "R_A4": null, "L_A5": null, "R_A5": null, "LPOSTCOMM": "Newcastle", "RPOSTCOMM": "Newcastle", "LZIPCODE": "04553", "RZIPCODE": "04553", "RDCLASS": "Secondary", "MDOTJURIS": "State Aid", "ONEWAY": "B", "SPEED": 45, "LVALID": "N", "RVALID": "N", "TOWN": "Newcastle", "ROUTE_NUM": "215", "MAP_LABEL": "Ridge Rd - Route 215", "SOURCE": "43", "FEET": 579, "MINUTES": 0.14624818, "PSAP": "Lincoln RCC", "GEONAMEID": 48188, "SEGMENTID": 64662, "MCODE": 440, "LGEOCODE": "15110", "RGEOCODE": "15110", "GC_EXCEPTION": null, "AMUPDDAT": 1721759991000, "AMUPDORG": "es.ngesi.maine.gov", "FMUPDDAT": 1271063131000, "FMUPDORG": "jt.ngesi.maine.gov", "CREATDAT": 1271063131000, "CREATORG": "jt.ngesi.maine.gov", "GlobalID": "f6bce5e1-69dd-4d89-87f9-bd91f020c84b", "Shape__Length": 176.52307555688537}}, {"type": "Feature", "id": 2410, "geometry": {"type": "LineString", "coordinates": [[-69.6122109061704, 44.0034132076338], [-69.6120654456715, 44.0034429061438], [-69.6113204366573, 44.0038387624153]]}, "properties": {"OBJECTID": 2410, "SOURCE_OF_DATA": "ngesi.maine.gov", "DATEUPDATE": 1699885611000, "EFFECTIVE": 1369612800000, "EXPIRE": null, "RCL_UID": "urn:emergency:uid:gis:RCL:122618:ngesi.maine.gov", "L_ADD_PRE": "", "L_ADD_FROM": 2, "L_ADD_TO": 10, "R_ADD_PRE": "", "R_ADD_FROM": 1, "R_ADD_TO": 9, "LPARITY": "E", "RPARITY": "O", "ST_PREMOD": "", "ST_PREDIR": "", "ST_PRETYP": "", "ST_PRESEP": "", "ST_NAME": "Mechanics", "ST_POSTTYP": "Way", "ST_POSTDIR": "", "ST_POSTMOD": "", "ST_FULLNAME": "Mechanics Way", "DIRTRAVEL": null, "PREDIR": "", "STREETNAME": "Mechanics", "SUFFIX": "Way", "POSTDIR": "", "RDNAME": "Mechanics Way", "LESN": "142", "RESN": "142", "LMSAGCOMM": "Newcastle", "RMSAGCOMM": "Newcastle", "LMSAG_CODE": "2315", "RMSAG_CODE": "2315", "LCOUNTRY": "US", "RCOUNTRY": "US", "LSTATE": "ME", "RSTATE": "ME", "LCOUNTY": "Lincoln County", "RCOUNTY": "Lincoln County", "LCITY": "Newcastle", "RCITY": "Newcastle", "L_A4": null, "R_A4": null, "L_A5": null, "R_A5": null, "LPOSTCOMM": "Newcastle", "RPOSTCOMM": "Newcastle", "LZIPCODE": "04553", "RZIPCODE": "04553", "RDCLASS": "Private", "MDOTJURIS": "Private", "ONEWAY": "B", "SPEED": 25, "LVALID": "N", "RVALID": "N", "TOWN": "Newcastle", "ROUTE_NUM": "", "MAP_LABEL": "Mechanics Way", "SOURCE": "10", "FEET": 283, "MINUTES": 0.12867742, "PSAP": "Lincoln RCC", "GEONAMEID": 36905, "SEGMENTID": 122618, "MCODE": 440, "LGEOCODE": "15110", "RGEOCODE": "15110", "GC_EXCEPTION": "201", "AMUPDDAT": 1699885611000, "AMUPDORG": "es.ngesi.maine.gov", "FMUPDDAT": 1271079765000, "FMUPDORG": "jt.ngesi.maine.gov", "CREATDAT": 1271079765000, "CREATORG": "jt.ngesi.maine.gov", "GlobalID": "3769d35a-3afa-4858-8dc3-203a2b696459", "Shape__Length": 86.28610040506868}}, {"type": "Feature", "id": 2436, "geometry": {"type": "LineString", "coordinates": [[-69.5842434193782, 44.0971068634603], [-69.5818961763645, 44.09730278113]]}, "properties": {"OBJECTID": 2436, "SOURCE_OF_DATA": "ngesi.maine.gov", "DATEUPDATE": 1711647012000, "EFFECTIVE": 1369612800000, "EXPIRE": null, "RCL_UID": "urn:emergency:uid:gis:RCL:74206:ngesi.maine.gov", "L_ADD_PRE": "", "L_ADD_FROM": 2, "L_ADD_TO": 26, "R_ADD_PRE": "", "R_ADD_FROM": 1, "R_ADD_TO": 25, "LPARITY": "E", "RPARITY": "O", "ST_PREMOD": "", "ST_PREDIR": "", "ST_PRETYP": "", "ST_PRESEP": "", "ST_NAME": "Hillside", "ST_POSTTYP": "Road", "ST_POSTDIR": "", "ST_POSTMOD": "", "ST_FULLNAME": "Hillside Road", "DIRTRAVEL": null, "PREDIR": "", "STREETNAME": "Hillside", "SUFFIX": "Rd", "POSTDIR": "", "RDNAME": "Hillside Rd", "LESN": "142", "RESN": "142", "LMSAGCOMM": "Newcastle", "RMSAGCOMM": "Newcastle", "LMSAG_CODE": "2315", "RMSAG_CODE": "2315", "LCOUNTRY": "US", "RCOUNTRY": "US", "LSTATE": "ME", "RSTATE": "ME", "LCOUNTY": "Lincoln County", "RCOUNTY": "Lincoln County", "LCITY": "Newcastle", "RCITY": "Newcastle", "L_A4": null, "R_A4": null, "L_A5": null, "R_A5": null, "LPOSTCOMM": "Newcastle", "RPOSTCOMM": "Newcastle", "LZIPCODE": "04553", "RZIPCODE": "04553", "RDCLASS": "Local", "MDOTJURIS": "Townway", "ONEWAY": "B", "SPEED": 35, "LVALID": "N", "RVALID": "N", "TOWN": "Newcastle", "ROUTE_NUM": "", "MAP_LABEL": "Hillside Rd", "SOURCE": "43", "FEET": 621, "MINUTES": 0.2014747, "PSAP": "Lincoln RCC", "GEONAMEID": 26427, "SEGMENTID": 74206, "MCODE": 440, "LGEOCODE": "15110", "RGEOCODE": "15110", "GC_EXCEPTION": null, "AMUPDDAT": 1711647012000, "AMUPDORG": "es.ngesi.maine.gov", "FMUPDDAT": 1631622174000, "FMUPDORG": "es.ngesi.maine.gov", "CREATDAT": 1295343712000, "CREATORG": "jt.ngesi.maine.gov", "GlobalID": "396d2bb1-2818-4307-92a1-270f340c43c3", "Shape__Length": 189.14160336912622}}, {"type": "Feature", "id": 2485, "geometry": {"type": "LineString", "coordinates": [[-69.5382703322742, 44.0363928495757], [-69.5384019919872, 44.0364428285618], [-69.5386776866521, 44.0365462480769], [-69.5389157036166, 44.0366441634789]]}, "properties": {"OBJECTID": 2485, "SOURCE_OF_DATA": "ngesi.maine.gov", "DATEUPDATE": 1702499354000, "EFFECTIVE": 1369612800000, "EXPIRE": null, "RCL_UID": "urn:emergency:uid:gis:RCL:63147:ngesi.maine.gov", "L_ADD_PRE": "", "L_ADD_FROM": 26, "L_ADD_TO": 30, "R_ADD_PRE": "", "R_ADD_FROM": 25, "R_ADD_TO": 29, "LPARITY": "E", "RPARITY": "O", "ST_PREMOD": "", "ST_PREDIR": "", "ST_PRETYP": "", "ST_PRESEP": "", "ST_NAME": "Academy", "ST_POSTTYP": "Hill", "ST_POSTDIR": "", "ST_POSTMOD": "", "ST_FULLNAME": "Academy Hill", "DIRTRAVEL": null, "PREDIR": "", "STREETNAME": "Academy", "SUFFIX": "Hl", "POSTDIR": "", "RDNAME": "Academy Hl", "LESN": "142", "RESN": "142", "LMSAGCOMM": "Newcastle", "RMSAGCOMM": "Newcastle", "LMSAG_CODE": "2315", "RMSAG_CODE": "2315", "LCOUNTRY": "US", "RCOUNTRY": "US", "LSTATE": "ME", "RSTATE": "ME", "LCOUNTY": "Lincoln County", "RCOUNTY": "Lincoln County", "LCITY": "Newcastle", "RCITY": "Newcastle", "L_A4": null, "R_A4": null, "L_A5": null, "R_A5": null, "LPOSTCOMM": "Newcastle", "RPOSTCOMM": "Newcastle", "LZIPCODE": "04553", "RZIPCODE": "04553", "RDCLASS": "Local", "MDOTJURIS": "Townway", "ONEWAY": "B", "SPEED": 35, "LVALID": "N", "RVALID": "N", "TOWN": "Newcastle", "ROUTE_NUM": "", "MAP_LABEL": "Academy Hl", "SOURCE": "43", "FEET": 193, "MINUTES": 0.06260638, "PSAP": "Lincoln RCC", "GEONAMEID": 324, "SEGMENTID": 63147, "MCODE": 440, "LGEOCODE": "15110", "RGEOCODE": "15110", "GC_EXCEPTION": "200", "AMUPDDAT": 1702499354000, "AMUPDORG": "es.ngesi.maine.gov", "FMUPDDAT": 1268045629000, "FMUPDORG": "jt.ngesi.maine.gov", "CREATDAT": 1268045629000, "CREATORG": "jt.ngesi.maine.gov", "GlobalID": "ef3a25ff-6348-4748-81dd-4eff88825661", "Shape__Length": 58.77398841773354}}, {"type": "Feature", "id": 2486, "geometry": {"type": "LineString", "coordinates": [[-69.5348487957953, 44.0383376703355], [-69.5347029861367, 44.0382812620153], [-69.5343956580533, 44.0381410938199], [-69.5332884333878, 44.0376610449543], [-69.5318867506977, 44.0370475749959]]}, "properties": {"OBJECTID": 2486, "SOURCE_OF_DATA": "ngesi.maine.gov", "DATEUPDATE": 1699885611000, "EFFECTIVE": 1369612800000, "EXPIRE": null, "RCL_UID": "urn:emergency:uid:gis:RCL:93078:ngesi.maine.gov", "L_ADD_PRE": "", "L_ADD_FROM": 2, "L_ADD_TO": 38, "R_ADD_PRE": "", "R_ADD_FROM": 1, "R_ADD_TO": 37, "LPARITY": "E", "RPARITY": "O", "ST_PREMOD": "", "ST_PREDIR": "", "ST_PRETYP": "", "ST_PRESEP": "", "ST_NAME": "Stewart", "ST_POSTTYP": "Street", "ST_POSTDIR": "", "ST_POSTMOD": "", "ST_FULLNAME": "Stewart Street", "DIRTRAVEL": null, "PREDIR": "", "STREETNAME": "Stewart", "SUFFIX": "St", "POSTDIR": "", "RDNAME": "Stewart St", "LESN": "142", "RESN": "142", "LMSAGCOMM": "Newcastle", "RMSAGCOMM": "Newcastle", "LMSAG_CODE": "2315", "RMSAG_CODE": "2315", "LCOUNTRY": "US", "RCOUNTRY": "US", "LSTATE": "ME", "RSTATE": "ME", "LCOUNTY": "Lincoln County", "RCOUNTY": "Lincoln County", "LCITY": "Newcastle", "RCITY": "Newcastle", "L_A4": null, "R_A4": null, "L_A5": null, "R_A5": null, "LPOSTCOMM": "Newcastle", "RPOSTCOMM": "Newcastle", "LZIPCODE": "04553", "RZIPCODE": "04553", "RDCLASS": "Local", "MDOTJURIS": "Townway", "ONEWAY": "B", "SPEED": 35, "LVALID": "N", "RVALID": "N", "TOWN": "Newcastle", "ROUTE_NUM": "", "MAP_LABEL": "Stewart St", "SOURCE": "43", "FEET": 910, "MINUTES": 0.29533953, "PSAP": "Lincoln RCC", "GEONAMEID": 55334, "SEGMENTID": 93078, "MCODE": 440, "LGEOCODE": "15110", "RGEOCODE": "15110", "GC_EXCEPTION": null, "AMUPDDAT": 1699885611000, "AMUPDORG": "es.ngesi.maine.gov", "FMUPDDAT": 1267199612000, "FMUPDORG": "jt.ngesi.maine.gov", "CREATDAT": 1267199612000, "CREATORG": "jt.ngesi.maine.gov", "GlobalID": "90bd52c1-a156-4e03-a6f3-34107a816cdc", "Shape__Length": 277.2605809733302}}, {"type": "Feature", "id": 2506, "geometry": {"type": "LineString", "coordinates": [[-69.5531605741049, 44.0170115794327], [-69.5531827565017, 44.0169256239556], [-69.5532850451782, 44.0165802417565], [-69.5533732579456, 44.0162481087004], [-69.5534105472857, 44.0160064189927], [-69.5534293809437, 44.0157764601472], [-69.553439808369, 44.015619236038], [-69.55342138688, 44.0154079057437], [-69.5533617613686, 44.014975658724], [-69.5533166420596, 44.0147200705654], [-69.5533172204706, 44.0147017727071]]}, "properties": {"OBJECTID": 2506, "SOURCE_OF_DATA": "ngesi.maine.gov", "DATEUPDATE": 1721759991000, "EFFECTIVE": 1369612800000, "EXPIRE": null, "RCL_UID": "urn:emergency:uid:gis:RCL:64689:ngesi.maine.gov", "L_ADD_PRE": "", "L_ADD_FROM": 296, "L_ADD_TO": 336, "R_ADD_PRE": "", "R_ADD_FROM": 295, "R_ADD_TO": 335, "LPARITY": "E", "RPARITY": "O", "ST_PREMOD": "", "ST_PREDIR": "", "ST_PRETYP": "", "ST_PRESEP": "", "ST_NAME": "River", "ST_POSTTYP": "Road", "ST_POSTDIR": "", "ST_POSTMOD": "", "ST_FULLNAME": "River Road", "DIRTRAVEL": null, "PREDIR": "", "STREETNAME": "River", "SUFFIX": "Rd", "POSTDIR": "", "RDNAME": "River Rd", "LESN": "142", "RESN": "142", "LMSAGCOMM": "Newcastle", "RMSAGCOMM": "Newcastle", "LMSAG_CODE": "2315", "RMSAG_CODE": "2315", "LCOUNTRY": "US", "RCOUNTRY": "US", "LSTATE": "ME", "RSTATE": "ME", "LCOUNTY": "Lincoln County", "RCOUNTY": "Lincoln County", "LCITY": "Newcastle", "RCITY": "Newcastle", "L_A4": null, "R_A4": null, "L_A5": null, "R_A5": null, "LPOSTCOMM": "Newcastle", "RPOSTCOMM": "Newcastle", "LZIPCODE": "04553", "RZIPCODE": "04553", "RDCLASS": "Local", "MDOTJURIS": "State Aid", "ONEWAY": "B", "SPEED": 35, "LVALID": "N", "RVALID": "N", "TOWN": "Newcastle", "ROUTE_NUM": "", "MAP_LABEL": "River Rd", "SOURCE": "43", "FEET": 850, "MINUTES": 0.27588625, "PSAP": "Lincoln RCC", "GEONAMEID": 48507, "SEGMENTID": 64689, "MCODE": 440, "LGEOCODE": "15110", "RGEOCODE": "15110", "GC_EXCEPTION": null, "AMUPDDAT": 1721759991000, "AMUPDORG": "es.ngesi.maine.gov", "FMUPDDAT": 1271077969000, "FMUPDORG": "jt.ngesi.maine.gov", "CREATDAT": 1271077969000, "CREATORG": "jt.ngesi.maine.gov", "GlobalID": "4cc78c3c-9160-4782-80f9-2aa03530b406", "Shape__Length": 258.99811786538305}}, {"type": "Feature", "id": 2513, "geometry": {"type": "LineString", "coordinates": [[-69.5746656008709, 44.086219260035], [-69.5747614438128, 44.0862837551541], [-69.574902242757, 44.0863999193443], [-69.5750094574639, 44.086507420097], [-69.5751533999859, 44.0866565654623], [-69.5753802131681, 44.0869156744943], [-69.575601055725, 44.0871848969059], [-69.5758412895227, 44.0874788794126], [-69.5763926568073, 44.0881264475445], [-69.5767933047219, 44.088621383789], [-69.5772025062787, 44.089146139498], [-69.5774173092069, 44.0894887661415], [-69.577611927368, 44.0898223380005], [-69.5777522704812, 44.0901006783161], [-69.5780002521599, 44.090615820322], [-69.5782800274072, 44.0912178452243], [-69.5785105725325, 44.0917040834852], [-69.5786876519096, 44.0920516613673]]}, "properties": {"OBJECTID": 2513, "SOURCE_OF_DATA": "ngesi.maine.gov", "DATEUPDATE": 1721759991000, "EFFECTIVE": 1369612800000, "EXPIRE": null, "RCL_UID": "urn:emergency:uid:gis:RCL:74210:ngesi.maine.gov", "L_ADD_PRE": "", "L_ADD_FROM": 418, "L_ADD_TO": 510, "R_ADD_PRE": "", "R_ADD_FROM": 417, "R_ADD_TO": 509, "LPARITY": "E", "RPARITY": "O", "ST_PREMOD": "", "ST_PREDIR": "", "ST_PRETYP": "", "ST_PRESEP": "", "ST_NAME": "Jones Woods", "ST_POSTTYP": "Road", "ST_POSTDIR": "", "ST_POSTMOD": "", "ST_FULLNAME": "Jones Woods Road", "DIRTRAVEL": null, "PREDIR": "", "STREETNAME": "Jones Woods", "SUFFIX": "Rd", "POSTDIR": "", "RDNAME": "Jones Woods Rd", "LESN": "142", "RESN": "142", "LMSAGCOMM": "Newcastle", "RMSAGCOMM": "Newcastle", "LMSAG_CODE": "2315", "RMSAG_CODE": "2315", "LCOUNTRY": "US", "RCOUNTRY": "US", "LSTATE": "ME", "RSTATE": "ME", "LCOUNTY": "Lincoln County", "RCOUNTY": "Lincoln County", "LCITY": "Newcastle", "RCITY": "Newcastle", "L_A4": null, "R_A4": null, "L_A5": null, "R_A5": null, "LPOSTCOMM": "Newcastle", "RPOSTCOMM": "Newcastle", "LZIPCODE": "04553", "RZIPCODE": "04553", "RDCLASS": "Secondary", "MDOTJURIS": "State Aid", "ONEWAY": "B", "SPEED": 45, "LVALID": "N", "RVALID": "N", "TOWN": "Newcastle", "ROUTE_NUM": "194", "MAP_LABEL": "Jones Woods Rd - Route 194", "SOURCE": "43", "FEET": 2389, "MINUTES": 0.60331974, "PSAP": "Lincoln RCC", "GEONAMEID": 29371, "SEGMENTID": 74210, "MCODE": 440, "LGEOCODE": "15110", "RGEOCODE": "15110", "GC_EXCEPTION": null, "AMUPDDAT": 1721759991000, "AMUPDORG": "es.ngesi.maine.gov", "FMUPDDAT": 1295346021000, "FMUPDORG": "jt.ngesi.maine.gov", "CREATDAT": 1295346021000, "CREATORG": "jt.ngesi.maine.gov", "GlobalID": "1b2f8fef-d467-4396-ad91-1c04890eee12", "Shape__Length": 728.2132050502083}}, {"type": "Feature", "id": 2537, "geometry": {"type": "LineString", "coordinates": [[-69.5380174858049, 44.0641398379344], [-69.5379864558728, 44.0641865496182], [-69.5379845916807, 44.0642150901589], [-69.5379901453198, 44.0642368432231], [-69.5379956863956, 44.0642585873428], [-69.5380012275571, 44.0642803404652], [-69.5381535291432, 44.0646241741392], [-69.5382380243946, 44.0648005397742], [-69.5382488613403, 44.0648265805601], [-69.5382596858096, 44.0648526214036], [-69.5382668098302, 44.0648699013696], [-69.5382612342456, 44.0649008633031], [-69.5382563482494, 44.064928004548], [-69.5382514747348, 44.0649551457337], [-69.5382489783199, 44.064969022723], [-69.5382464819038, 44.0649828997121], [-69.5382441753908, 44.0649956863957], [-69.5382395506062, 44.0649979140151], [-69.5382208402638, 44.0650069425297], [-69.5382021298342, 44.0650159620382], [-69.5381719073284, 44.0650305458488], [-69.5381344865968, 44.0650486028529], [-69.5381054417619, 44.0650732739045], [-69.5380832059868, 44.0650997585764], [-69.5380599203015, 44.0651275086636], [-69.5380410692733, 44.0651499618727], [-69.5380194509719, 44.0651756963423], [-69.5379997184848, 44.0652069860254], [-69.5379876631932, 44.0652325404058], [-69.537971160925, 44.0652675512818], [-69.5379539969495, 44.0653039517937], [-69.5379377745054, 44.0653353960027], [-69.5379169076396, 44.0653682846125], [-69.5378949325797, 44.065402898084], [-69.5378753213073, 44.0654338000278], [-69.5378301698752, 44.0654627604226], [-69.5377923743047, 44.0654849696426], [-69.5377545911919, 44.0655071787915], [-69.5377044858162, 44.0655199563438], [-69.537659505524, 44.0655305939582], [-69.5376145252157, 44.065541231555], [-69.5375765658412, 44.0655384570555], [-69.5375344629119, 44.0655345225937], [-69.5374853864951, 44.0655299276614], [-69.5374424337926, 44.0655259161328], [-69.5373892531997, 44.065523132141], [-69.5373453061595, 44.0655210069622], [-69.537300459719, 44.0655188409792], [-69.5372577744278, 44.0655167818601], [-69.5372185706407, 44.0655020475825], [-69.5371788531537, 44.065487117632], [-69.5371479652831, 44.0654682206759], [-69.5371050586479, 44.0654361542272], [-69.5370621646265, 44.0654040967062], [-69.5370362391108, 44.0653705728871], [-69.536965720847, 44.0653201071846], [-69.5369468869425, 44.0652947791174], [-69.5369357954344, 44.065269531705], [-69.5369247039359, 44.0652442842914], [-69.5369136000423, 44.0652190459382], [-69.5369063797888, 44.0651938433537], [-69.5369030803739, 44.0651658853114]]}, "properties": {"OBJECTID": 2537, "SOURCE_OF_DATA": "ngesi.maine.gov", "DATEUPDATE": 1617366608000, "EFFECTIVE": 1369612800000, "EXPIRE": null, "RCL_UID": "urn:emergency:uid:gis:RCL:62503:ngesi.maine.gov", "L_ADD_PRE": "", "L_ADD_FROM": 14, "L_ADD_TO": 30, "R_ADD_PRE": "", "R_ADD_FROM": 15, "R_ADD_TO": 29, "LPARITY": "E", "RPARITY": "O", "ST_PREMOD": "", "ST_PREDIR": "", "ST_PRETYP": "", "ST_PRESEP": "", "ST_NAME": "Lake Meadow", "ST_POSTTYP": "Lane", "ST_POSTDIR": "", "ST_POSTMOD": "", "ST_FULLNAME": "Lake Meadow Lane", "DIRTRAVEL": null, "PREDIR": "", "STREETNAME": "Lake Meadow", "SUFFIX": "Ln", "POSTDIR": "", "RDNAME": "Lake Meadow Ln", "LESN": "142", "RESN": "142", "LMSAGCOMM": "Newcastle", "RMSAGCOMM": "Newcastle", "LMSAG_CODE": "2315", "RMSAG_CODE": "2315", "LCOUNTRY": "US", "RCOUNTRY": "US", "LSTATE": "ME", "RSTATE": "ME", "LCOUNTY": "Lincoln County", "RCOUNTY": "Lincoln County", "LCITY": "Newcastle", "RCITY": "Newcastle", "L_A4": null, "R_A4": null, "L_A5": null, "R_A5": null, "LPOSTCOMM": "Newcastle", "RPOSTCOMM": "Newcastle", "LZIPCODE": "04553", "RZIPCODE": "04553", "RDCLASS": "Private", "MDOTJURIS": "Private", "ONEWAY": "B", "SPEED": 25, "LVALID": "N", "RVALID": "N", "TOWN": "Newcastle", "ROUTE_NUM": "", "MAP_LABEL": "Lake Meadow Ln", "SOURCE": "14", "FEET": 857, "MINUTES": 0.38970836, "PSAP": "Lincoln RCC", "GEONAMEID": 31159, "SEGMENTID": 62503, "MCODE": 440, "LGEOCODE": "15110", "RGEOCODE": "15110", "GC_EXCEPTION": null, "AMUPDDAT": 1661442014000, "AMUPDORG": "es.ngesi.maine.gov", "FMUPDDAT": 1661439754000, "FMUPDORG": "es.ngesi.maine.gov", "CREATDAT": 1158624000000, "CREATORG": "bw.ngesi.maine.gov", "GlobalID": "2658013e-1ea6-4f57-80cd-30fa0afb2e20", "Shape__Length": 261.3228398361883}}, {"type": "Feature", "id": 2546, "geometry": {"type": "LineString", "coordinates": [[-69.583116946745, 44.0163559605176], [-69.5834010185206, 44.0160772665602], [-69.5838524597541, 44.0156655368065], [-69.5841973672921, 44.0153699905752], [-69.5846788290309, 44.0149889048837], [-69.5851397835956, 44.0146696679714], [-69.5856953884883, 44.0142922317773], [-69.586339201226, 44.0139235417791], [-69.5868491472134, 44.0136515218062], [-69.5875202842815, 44.0133388664423], [-69.5880869866359, 44.0130987004633], [-69.5881534094937, 44.0130775335265]]}, "properties": {"OBJECTID": 2546, "SOURCE_OF_DATA": "ngesi.maine.gov", "DATEUPDATE": 1747321732000, "EFFECTIVE": 1369612800000, "EXPIRE": null, "RCL_UID": "urn:emergency:uid:gis:RCL:64694:ngesi.maine.gov", "L_ADD_PRE": "", "L_ADD_FROM": 862, "L_ADD_TO": 932, "R_ADD_PRE": "", "R_ADD_FROM": 861, "R_ADD_TO": 931, "LPARITY": "E", "RPARITY": "O", "ST_PREMOD": "", "ST_PREDIR": "", "ST_PRETYP": "", "ST_PRESEP": "", "ST_NAME": "Route 1", "ST_POSTTYP": "", "ST_POSTDIR": "", "ST_POSTMOD": "", "ST_FULLNAME": "Route 1", "DIRTRAVEL": null, "PREDIR": "", "STREETNAME": "Route 1", "SUFFIX": "", "POSTDIR": "", "RDNAME": "Route 1", "LESN": "142", "RESN": "142", "LMSAGCOMM": "Newcastle", "RMSAGCOMM": "Newcastle", "LMSAG_CODE": "2315", "RMSAG_CODE": "2315", "LCOUNTRY": "US", "RCOUNTRY": "US", "LSTATE": "ME", "RSTATE": "ME", "LCOUNTY": "Lincoln County", "RCOUNTY": "Lincoln County", "LCITY": "Newcastle", "RCITY": "Newcastle", "L_A4": null, "R_A4": null, "L_A5": null, "R_A5": null, "LPOSTCOMM": "Newcastle", "RPOSTCOMM": "Newcastle", "LZIPCODE": "04553", "RZIPCODE": "04553", "RDCLASS": "Secondary", "MDOTJURIS": "State Highway", "ONEWAY": "B", "SPEED": 45, "LVALID": "N", "RVALID": "N", "TOWN": "Newcastle", "ROUTE_NUM": "1", "MAP_LABEL": "Route 1 - Route 1", "SOURCE": "43", "FEET": 1800, "MINUTES": 0.45447368, "PSAP": "Lincoln RCC", "GEONAMEID": 49703, "SEGMENTID": 64694, "MCODE": 440, "LGEOCODE": "15110", "RGEOCODE": "15110", "GC_EXCEPTION": null, "AMUPDDAT": 1747321732000, "AMUPDORG": "jr.ngesi.maine.gov", "FMUPDDAT": 1271079341000, "FMUPDORG": "jt.ngesi.maine.gov", "CREATDAT": 1271079341000, "CREATORG": "jt.ngesi.maine.gov", "GlobalID": "43ddd2a8-abe0-43e0-94c5-0c7b906308f1", "Shape__Length": 548.5544663834561}}, {"type": "Feature", "id": 2560, "geometry": {"type": "LineString", "coordinates": [[-69.5498030066548, 44.0229340583824], [-69.5495652056478, 44.0228541442872], [-69.5494068236178, 44.0228280936818], [-69.5492444738497, 44.0228155581176], [-69.5489051629933, 44.0227877564169], [-69.5487251231039, 44.0227714786287], [-69.5486420710492, 44.0227632431453], [-69.5485086113251, 44.0227186685441], [-69.5484475721102, 44.0227025572534], [-69.5483824427282, 44.0226853581356], [-69.5483111868867, 44.0226654513293], [-69.5482470155258, 44.0226465908999], [-69.5481370773125, 44.0226142827539], [-69.5480614347372, 44.0225746252365], [-69.5480353522779, 44.0225375840585], [-69.548027436889, 44.0224747778666], [-69.548034561447, 44.0224395491639], [-69.5480625700214, 44.0223010226126], [-69.5480785902519, 44.0221803894165], [-69.5480804816881, 44.0220999254102], [-69.5480806868836, 44.0220842764094], [-69.5480603857167, 44.0220300649099], [-69.5479986971967, 44.021998911707], [-69.547923397796, 44.0219964187383], [-69.5478445689571, 44.0220320452939], [-69.5477083002771, 44.0220846395764], [-69.5476352114472, 44.022163707184], [-69.5475985382257, 44.0222109440486], [-69.5475932043293, 44.0222767128883]]}, "properties": {"OBJECTID": 2560, "SOURCE_OF_DATA": "ngesi.maine.gov", "DATEUPDATE": 1699885611000, "EFFECTIVE": 1369612800000, "EXPIRE": null, "RCL_UID": "urn:emergency:uid:gis:RCL:60817:ngesi.maine.gov", "L_ADD_PRE": "", "L_ADD_FROM": 2, "L_ADD_TO": 32, "R_ADD_PRE": "", "R_ADD_FROM": 1, "R_ADD_TO": 31, "LPARITY": "E", "RPARITY": "O", "ST_PREMOD": "", "ST_PREDIR": "", "ST_PRETYP": "", "ST_PRESEP": "", "ST_NAME": "Schraft", "ST_POSTTYP": "Road", "ST_POSTDIR": "", "ST_POSTMOD": "", "ST_FULLNAME": "Schraft Road", "DIRTRAVEL": null, "PREDIR": "", "STREETNAME": "Schraft", "SUFFIX": "Rd", "POSTDIR": "", "RDNAME": "Schraft Rd", "LESN": "142", "RESN": "142", "LMSAGCOMM": "Newcastle", "RMSAGCOMM": "Newcastle", "LMSAG_CODE": "2315", "RMSAG_CODE": "2315", "LCOUNTRY": "US", "RCOUNTRY": "US", "LSTATE": "ME", "RSTATE": "ME", "LCOUNTY": "Lincoln County", "RCOUNTY": "Lincoln County", "LCITY": "Newcastle", "RCITY": "Newcastle", "L_A4": null, "R_A4": null, "L_A5": null, "R_A5": null, "LPOSTCOMM": "Newcastle", "RPOSTCOMM": "Newcastle", "LZIPCODE": "04553", "RZIPCODE": "04553", "RDCLASS": "Private", "MDOTJURIS": "Private", "ONEWAY": "B", "SPEED": 25, "LVALID": "N", "RVALID": "N", "TOWN": "Newcastle", "ROUTE_NUM": "", "MAP_LABEL": "Schraft Rd", "SOURCE": "2", "FEET": 867, "MINUTES": 0.39414593, "PSAP": "Lincoln RCC", "GEONAMEID": 51345, "SEGMENTID": 60817, "MCODE": 440, "LGEOCODE": "15110", "RGEOCODE": "15110", "GC_EXCEPTION": null, "AMUPDDAT": 1699885611000, "AMUPDORG": "es.ngesi.maine.gov", "FMUPDDAT": 1271078082000, "FMUPDORG": "jt.ngesi.maine.gov", "CREATDAT": 1271078082000, "CREATORG": "jt.ngesi.maine.gov", "GlobalID": "3fd02976-8971-40ee-aa63-3ab5d5e17ee8", "Shape__Length": 264.2990236070605}}, {"type": "Feature", "id": 2616, "geometry": {"type": "LineString", "coordinates": [[-69.5528292678347, 44.0183709959975], [-69.5527050946475, 44.0183932680873], [-69.5525513818584, 44.0183999898578], [-69.5524054336563, 44.0184152181722], [-69.5522691953481, 44.0184294359958], [-69.5521072898206, 44.0184299303558], [-69.551983694927, 44.0184513705481], [-69.5518642571891, 44.018475770675], [-69.5517207531195, 44.018551444591], [-69.5515998769196, 44.0185687566552], [-69.5513812937332, 44.0185428103105], [-69.5511653535754, 44.0185125831541], [-69.5509272392336, 44.0184415777674], [-69.5507535873168, 44.0184037090527], [-69.550555335787, 44.0183838214912], [-69.550254377738, 44.0183735307678], [-69.5499707189211, 44.0183436904867], [-69.5497363450724, 44.0183356528693], [-69.5495254468838, 44.0183499835238], [-69.5494815938682, 44.0183529584945], [-69.549283904627, 44.0183912104153], [-69.5489510810332, 44.0185039487696], [-69.5485038352024, 44.0185723712328], [-69.5482600935851, 44.0185470528875], [-69.5481445733705, 44.0185025538029], [-69.5479272065731, 44.0184188287662], [-69.5478309890069, 44.0184042183411], [-69.5476398408791, 44.0183751891553], [-69.5474838099474, 44.0183497008121], [-69.5474524088842, 44.0183445752405]]}, "properties": {"OBJECTID": 2616, "SOURCE_OF_DATA": "ngesi.maine.gov", "DATEUPDATE": 1713382697000, "EFFECTIVE": 1369612800000, "EXPIRE": null, "RCL_UID": "urn:emergency:uid:gis:RCL:61310:ngesi.maine.gov", "L_ADD_PRE": "", "L_ADD_FROM": 2, "L_ADD_TO": 60, "R_ADD_PRE": "", "R_ADD_FROM": 1, "R_ADD_TO": 59, "LPARITY": "E", "RPARITY": "O", "ST_PREMOD": "", "ST_PREDIR": "", "ST_PRETYP": "", "ST_PRESEP": "", "ST_NAME": "Little Point", "ST_POSTTYP": "Road", "ST_POSTDIR": "", "ST_POSTMOD": "", "ST_FULLNAME": "Little Point Road", "DIRTRAVEL": null, "PREDIR": "", "STREETNAME": "Little Point", "SUFFIX": "Rd", "POSTDIR": "", "RDNAME": "Little Point Rd", "LESN": "142", "RESN": "142", "LMSAGCOMM": "Newcastle", "RMSAGCOMM": "Newcastle", "LMSAG_CODE": "2315", "RMSAG_CODE": "2315", "LCOUNTRY": "US", "RCOUNTRY": "US", "LSTATE": "ME", "RSTATE": "ME", "LCOUNTY": "Lincoln County", "RCOUNTY": "Lincoln County", "LCITY": "Newcastle", "RCITY": "Newcastle", "L_A4": null, "R_A4": null, "L_A5": null, "R_A5": null, "LPOSTCOMM": "Newcastle", "RPOSTCOMM": "Newcastle", "LZIPCODE": "04553", "RZIPCODE": "04553", "RDCLASS": "Private", "MDOTJURIS": "Private", "ONEWAY": "B", "SPEED": 25, "LVALID": "N", "RVALID": "N", "TOWN": "Newcastle", "ROUTE_NUM": "", "MAP_LABEL": "Little Point Rd", "SOURCE": "2", "FEET": 1467, "MINUTES": 0.66688673, "PSAP": "Lincoln RCC", "GEONAMEID": 33099, "SEGMENTID": 61310, "MCODE": 440, "LGEOCODE": "15110", "RGEOCODE": "15110", "GC_EXCEPTION": null, "AMUPDDAT": 1713382697000, "AMUPDORG": "es.ngesi.maine.gov", "FMUPDDAT": 1658147288000, "FMUPDORG": "es.ngesi.maine.gov", "CREATDAT": 1271077991000, "CREATORG": "jt.ngesi.maine.gov", "GlobalID": "1564165c-6a7c-43d2-ab1f-a9b3e8e5fd5a", "Shape__Length": 447.188457725867}}, {"type": "Feature", "id": 2621, "geometry": {"type": "LineString", "coordinates": [[-69.5334126846829, 44.0558665132825], [-69.5333035040114, 44.0560010837321], [-69.5331582291569, 44.0561174915728], [-69.5329342422965, 44.0561995672714], [-69.5326298947564, 44.0563140783293], [-69.5323740455941, 44.0564449288716], [-69.5321727882381, 44.0566619032692], [-69.532076212805, 44.056874536386], [-69.5320267861618, 44.0571283655449], [-69.5320194133889, 44.0574190298671]]}, "properties": {"OBJECTID": 2621, "SOURCE_OF_DATA": "ngesi.maine.gov", "DATEUPDATE": 1702499354000, "EFFECTIVE": 1369612800000, "EXPIRE": null, "RCL_UID": "urn:emergency:uid:gis:RCL:63090:ngesi.maine.gov", "L_ADD_PRE": "", "L_ADD_FROM": 336, "L_ADD_TO": 366, "R_ADD_PRE": "", "R_ADD_FROM": 335, "R_ADD_TO": 365, "LPARITY": "E", "RPARITY": "O", "ST_PREMOD": "", "ST_PREDIR": "", "ST_PRETYP": "", "ST_PRESEP": "", "ST_NAME": "Academy", "ST_POSTTYP": "Hill", "ST_POSTDIR": "", "ST_POSTMOD": "", "ST_FULLNAME": "Academy Hill", "DIRTRAVEL": null, "PREDIR": "", "STREETNAME": "Academy", "SUFFIX": "Hl", "POSTDIR": "", "RDNAME": "Academy Hl", "LESN": "142", "RESN": "142", "LMSAGCOMM": "Newcastle", "RMSAGCOMM": "Newcastle", "LMSAG_CODE": "2315", "RMSAG_CODE": "2315", "LCOUNTRY": "US", "RCOUNTRY": "US", "LSTATE": "ME", "RSTATE": "ME", "LCOUNTY": "Lincoln County", "RCOUNTY": "Lincoln County", "LCITY": "Newcastle", "RCITY": "Newcastle", "L_A4": null, "R_A4": null, "L_A5": null, "R_A5": null, "LPOSTCOMM": "Newcastle", "RPOSTCOMM": "Newcastle", "LZIPCODE": "04553", "RZIPCODE": "04553", "RDCLASS": "Local", "MDOTJURIS": "Townway", "ONEWAY": "B", "SPEED": 35, "LVALID": "N", "RVALID": "N", "TOWN": "Newcastle", "ROUTE_NUM": "", "MAP_LABEL": "Academy Hl", "SOURCE": "43", "FEET": 729, "MINUTES": 0.23654344, "PSAP": "Lincoln RCC", "GEONAMEID": 324, "SEGMENTID": 63090, "MCODE": 440, "LGEOCODE": "15110", "RGEOCODE": "15110", "GC_EXCEPTION": null, "AMUPDDAT": 1702499354000, "AMUPDORG": "es.ngesi.maine.gov", "FMUPDDAT": 1267183375000, "FMUPDORG": "jt.ngesi.maine.gov", "CREATDAT": 1267183375000, "CREATORG": "jt.ngesi.maine.gov", "GlobalID": "0bc3f938-9489-48d8-ba77-d7bc2579d483", "Shape__Length": 222.06363722472267}}, {"type": "Feature", "id": 2666, "geometry": {"type": "LineString", "coordinates": [[-69.5368624711537, 44.0443360273294], [-69.5365915955003, 44.0448945759364], [-69.5363626365482, 44.0453680157697], [-69.5359384967541, 44.0462289148634], [-69.5356403709702, 44.0467532948177], [-69.5354615533745, 44.0470313934346]]}, "properties": {"OBJECTID": 2666, "SOURCE_OF_DATA": "ngesi.maine.gov", "DATEUPDATE": 1702499354000, "EFFECTIVE": 1369612800000, "EXPIRE": null, "RCL_UID": "urn:emergency:uid:gis:RCL:63157:ngesi.maine.gov", "L_ADD_PRE": "", "L_ADD_FROM": 166, "L_ADD_TO": 206, "R_ADD_PRE": "", "R_ADD_FROM": 165, "R_ADD_TO": 205, "LPARITY": "E", "RPARITY": "O", "ST_PREMOD": "", "ST_PREDIR": "", "ST_PRETYP": "", "ST_PRESEP": "", "ST_NAME": "Academy", "ST_POSTTYP": "Hill", "ST_POSTDIR": "", "ST_POSTMOD": "", "ST_FULLNAME": "Academy Hill", "DIRTRAVEL": null, "PREDIR": "", "STREETNAME": "Academy", "SUFFIX": "Hl", "POSTDIR": "", "RDNAME": "Academy Hl", "LESN": "142", "RESN": "142", "LMSAGCOMM": "Newcastle", "RMSAGCOMM": "Newcastle", "LMSAG_CODE": "2315", "RMSAG_CODE": "2315", "LCOUNTRY": "US", "RCOUNTRY": "US", "LSTATE": "ME", "RSTATE": "ME", "LCOUNTY": "Lincoln County", "RCOUNTY": "Lincoln County", "LCITY": "Newcastle", "RCITY": "Newcastle", "L_A4": null, "R_A4": null, "L_A5": null, "R_A5": null, "LPOSTCOMM": "Newcastle", "RPOSTCOMM": "Newcastle", "LZIPCODE": "04553", "RZIPCODE": "04553", "RDCLASS": "Local", "MDOTJURIS": "Townway", "ONEWAY": "B", "SPEED": 35, "LVALID": "N", "RVALID": "N", "TOWN": "Newcastle", "ROUTE_NUM": "", "MAP_LABEL": "Academy Hl", "SOURCE": "43", "FEET": 1050, "MINUTES": 0.34075523, "PSAP": "Lincoln RCC", "GEONAMEID": 324, "SEGMENTID": 63157, "MCODE": 440, "LGEOCODE": "15110", "RGEOCODE": "15110", "GC_EXCEPTION": null, "AMUPDDAT": 1702499354000, "AMUPDORG": "es.ngesi.maine.gov", "FMUPDDAT": 1268055218000, "FMUPDORG": "jt.ngesi.maine.gov", "CREATDAT": 1268055218000, "CREATORG": "jt.ngesi.maine.gov", "GlobalID": "f7de5ac3-6eac-4dbb-9cee-ad9683dccf0e", "Shape__Length": 319.8961947765518}}, {"type": "Feature", "id": 2685, "geometry": {"type": "LineString", "coordinates": [[-69.5288958897406, 44.0625333567338], [-69.5289378020627, 44.0625133822361], [-69.5289753628117, 44.0624954896489], [-69.529040878523, 44.0624634583179], [-69.5290922763, 44.0624332479924], [-69.5291678576263, 44.0623888353172], [-69.5292370755606, 44.0623421291914], [-69.5293042666758, 44.0622837640071], [-69.5293477837815, 44.0622141191707], [-69.5293899095943, 44.0621354773636], [-69.5294162603267, 44.0620688471478], [-69.5294299908526, 44.0619969543971], [-69.5294492576077, 44.061870988577], [-69.5294859111016, 44.0617807847126], [-69.5295004736587, 44.0617392205503], [-69.5295446143869, 44.0616555634509], [-69.5298530176079, 44.0613816907061], [-69.5300290494438, 44.0612174714771]]}, "properties": {"OBJECTID": 2685, "SOURCE_OF_DATA": "ngesi.maine.gov", "DATEUPDATE": 1699967321000, "EFFECTIVE": 1369612800000, "EXPIRE": null, "RCL_UID": "urn:emergency:uid:gis:RCL:64675:ngesi.maine.gov", "L_ADD_PRE": "", "L_ADD_FROM": 2, "L_ADD_TO": 20, "R_ADD_PRE": "", "R_ADD_FROM": 1, "R_ADD_TO": 19, "LPARITY": "E", "RPARITY": "O", "ST_PREMOD": "", "ST_PREDIR": "", "ST_PRETYP": "", "ST_PRESEP": "", "ST_NAME": "Pond", "ST_POSTTYP": "Road", "ST_POSTDIR": "", "ST_POSTMOD": "", "ST_FULLNAME": "Pond Road", "DIRTRAVEL": null, "PREDIR": "", "STREETNAME": "Pond", "SUFFIX": "Rd", "POSTDIR": "", "RDNAME": "Pond Rd", "LESN": "142", "RESN": "142", "LMSAGCOMM": "Newcastle", "RMSAGCOMM": "Newcastle", "LMSAG_CODE": "2315", "RMSAG_CODE": "2315", "LCOUNTRY": "US", "RCOUNTRY": "US", "LSTATE": "ME", "RSTATE": "ME", "LCOUNTY": "Lincoln County", "RCOUNTY": "Lincoln County", "LCITY": "Newcastle", "RCITY": "Newcastle", "L_A4": null, "R_A4": null, "L_A5": null, "R_A5": null, "LPOSTCOMM": "Newcastle", "RPOSTCOMM": "Newcastle", "LZIPCODE": "04553", "RZIPCODE": "04553", "RDCLASS": "Secondary", "MDOTJURIS": "State Aid", "ONEWAY": "FT", "SPEED": 45, "LVALID": "N", "RVALID": "N", "TOWN": "Newcastle", "ROUTE_NUM": "215", "MAP_LABEL": "Pond Rd - Route 215", "SOURCE": "43", "FEET": 585, "MINUTES": 0.14761256, "PSAP": "Lincoln RCC", "GEONAMEID": 45744, "SEGMENTID": 64675, "MCODE": 440, "LGEOCODE": "15110", "RGEOCODE": "15110", "GC_EXCEPTION": null, "AMUPDDAT": 1699967321000, "AMUPDORG": "es.ngesi.maine.gov", "FMUPDDAT": 1271076619000, "FMUPDORG": "jt.ngesi.maine.gov", "CREATDAT": 1271076619000, "CREATORG": "jt.ngesi.maine.gov", "GlobalID": "9a1703c2-85a7-47aa-8854-28b3a5674f82", "Shape__Length": 178.16989901361111}}, {"type": "Feature", "id": 2730, "geometry": {"type": "LineString", "coordinates": [[-69.5388246809498, 44.0731355156818], [-69.5387930081538, 44.073287993273], [-69.5387626275126, 44.0734342524248], [-69.5386934921357, 44.0736007808456], [-69.5385779092367, 44.0738537175518], [-69.5384258022856, 44.0741637276285], [-69.5383240795077, 44.0744001495587], [-69.5382723269017, 44.0745750679722], [-69.5382502607072, 44.0747143281704], [-69.5382742188647, 44.074933951778], [-69.5383154455265, 44.0751559519312], [-69.5384024222719, 44.0755643134856], [-69.5384501922115, 44.0758604885712], [-69.5385123514231, 44.0762573706017], [-69.538518156588, 44.0763011986896]]}, "properties": {"OBJECTID": 2730, "SOURCE_OF_DATA": "ngesi.maine.gov", "DATEUPDATE": 1721828717000, "EFFECTIVE": 1369612800000, "EXPIRE": null, "RCL_UID": "urn:emergency:uid:gis:RCL:63086:ngesi.maine.gov", "L_ADD_PRE": "", "L_ADD_FROM": 316, "L_ADD_TO": 362, "R_ADD_PRE": "", "R_ADD_FROM": 315, "R_ADD_TO": 361, "LPARITY": "E", "RPARITY": "O", "ST_PREMOD": "", "ST_PREDIR": "", "ST_PRETYP": "", "ST_PRESEP": "", "ST_NAME": "Pond", "ST_POSTTYP": "Road", "ST_POSTDIR": "", "ST_POSTMOD": "", "ST_FULLNAME": "Pond Road", "DIRTRAVEL": null, "PREDIR": "", "STREETNAME": "Pond", "SUFFIX": "Rd", "POSTDIR": "", "RDNAME": "Pond Rd", "LESN": "142", "RESN": "142", "LMSAGCOMM": "Newcastle", "RMSAGCOMM": "Newcastle", "LMSAG_CODE": "2315", "RMSAG_CODE": "2315", "LCOUNTRY": "US", "RCOUNTRY": "US", "LSTATE": "ME", "RSTATE": "ME", "LCOUNTY": "Lincoln County", "RCOUNTY": "Lincoln County", "LCITY": "Newcastle", "RCITY": "Newcastle", "L_A4": null, "R_A4": null, "L_A5": null, "R_A5": null, "LPOSTCOMM": "Newcastle", "RPOSTCOMM": "Newcastle", "LZIPCODE": "04553", "RZIPCODE": "04553", "RDCLASS": "Secondary", "MDOTJURIS": "State Aid", "ONEWAY": "B", "SPEED": 45, "LVALID": "N", "RVALID": "N", "TOWN": "Newcastle", "ROUTE_NUM": "215", "MAP_LABEL": "Pond Rd - Route 215", "SOURCE": "43", "FEET": 1179, "MINUTES": 0.29784138, "PSAP": "Lincoln RCC", "GEONAMEID": 45744, "SEGMENTID": 63086, "MCODE": 440, "LGEOCODE": "15110", "RGEOCODE": "15110", "GC_EXCEPTION": null, "AMUPDDAT": 1721828717000, "AMUPDORG": "es.ngesi.maine.gov", "FMUPDDAT": 1267181625000, "FMUPDORG": "jt.ngesi.maine.gov", "CREATDAT": 1267181625000, "CREATORG": "jt.ngesi.maine.gov", "GlobalID": "01cece7b-806f-4b99-b02e-1d3d8f17bf5f", "Shape__Length": 359.49764645787087}}, {"type": "Feature", "id": 2767, "geometry": {"type": "LineString", "coordinates": [[-69.5320194133889, 44.0574190298671], [-69.5321746084978, 44.0574854364919], [-69.5324442595698, 44.0575246954962], [-69.5325601346737, 44.0575500672339], [-69.5327448272422, 44.0576395463652], [-69.532832501023, 44.0576901778305], [-69.5328973466724, 44.0577276356813], [-69.5331169124374, 44.0577532884584]]}, "properties": {"OBJECTID": 2767, "SOURCE_OF_DATA": "ngesi.maine.gov", "DATEUPDATE": 1699967321000, "EFFECTIVE": 1369612800000, "EXPIRE": null, "RCL_UID": "urn:emergency:uid:gis:RCL:60886:ngesi.maine.gov", "L_ADD_PRE": "", "L_ADD_FROM": 2, "L_ADD_TO": 24, "R_ADD_PRE": "", "R_ADD_FROM": 1, "R_ADD_TO": 23, "LPARITY": "E", "RPARITY": "O", "ST_PREMOD": "", "ST_PREDIR": "", "ST_PRETYP": "", "ST_PRESEP": "", "ST_NAME": "Cottril", "ST_POSTTYP": "Road", "ST_POSTDIR": "", "ST_POSTMOD": "", "ST_FULLNAME": "Cottril Road", "DIRTRAVEL": null, "PREDIR": "", "STREETNAME": "Cottril", "SUFFIX": "Rd", "POSTDIR": "", "RDNAME": "Cottril Rd", "LESN": "142", "RESN": "142", "LMSAGCOMM": "Newcastle", "RMSAGCOMM": "Newcastle", "LMSAG_CODE": "2315", "RMSAG_CODE": "2315", "LCOUNTRY": "US", "RCOUNTRY": "US", "LSTATE": "ME", "RSTATE": "ME", "LCOUNTY": "Lincoln County", "RCOUNTY": "Lincoln County", "LCITY": "Newcastle", "RCITY": "Newcastle", "L_A4": null, "R_A4": null, "L_A5": null, "R_A5": null, "LPOSTCOMM": "Newcastle", "RPOSTCOMM": "Newcastle", "LZIPCODE": "04553", "RZIPCODE": "04553", "RDCLASS": "Private", "MDOTJURIS": "Private", "ONEWAY": "B", "SPEED": 25, "LVALID": "N", "RVALID": "N", "TOWN": "Newcastle", "ROUTE_NUM": "", "MAP_LABEL": "Cottril Rd", "SOURCE": "2", "FEET": 320, "MINUTES": 0.14536839, "PSAP": "Lincoln RCC", "GEONAMEID": 12981, "SEGMENTID": 60886, "MCODE": 440, "LGEOCODE": "15110", "RGEOCODE": "15110", "GC_EXCEPTION": null, "AMUPDDAT": 1699967321000, "AMUPDORG": "es.ngesi.maine.gov", "FMUPDDAT": 1267183390000, "FMUPDORG": "jt.ngesi.maine.gov", "CREATDAT": 1267183390000, "CREATORG": "jt.ngesi.maine.gov", "GlobalID": "42d12fb6-9c94-4ca2-8076-fab8f925259e", "Shape__Length": 97.47842461761593}}, {"type": "Feature", "id": 2792, "geometry": {"type": "LineString", "coordinates": [[-69.5721792169338, 44.0303414184066], [-69.5720690605161, 44.0304618058933], [-69.5719953452451, 44.0305642560435], [-69.5719365060512, 44.030673303233], [-69.5718654670349, 44.0308049470803], [-69.5717931649907, 44.0309389471011], [-69.5717182563829, 44.0310874286543], [-69.5716381574582, 44.0312542401289], [-69.5715745012031, 44.0314140636441], [-69.5715342148466, 44.0315202537383], [-69.5715370343333, 44.0316552102866], [-69.571540321109, 44.0318128171622], [-69.5715687446788, 44.032046044269], [-69.5715995283993, 44.0322105902803]]}, "properties": {"OBJECTID": 2792, "SOURCE_OF_DATA": "ngesi.maine.gov", "DATEUPDATE": 1699967321000, "EFFECTIVE": 1369612800000, "EXPIRE": null, "RCL_UID": "urn:emergency:uid:gis:RCL:62445:ngesi.maine.gov", "L_ADD_PRE": "", "L_ADD_FROM": 2, "L_ADD_TO": 28, "R_ADD_PRE": "", "R_ADD_FROM": 1, "R_ADD_TO": 27, "LPARITY": "E", "RPARITY": "O", "ST_PREMOD": "", "ST_PREDIR": "", "ST_PRETYP": "", "ST_PRESEP": "", "ST_NAME": "Layden", "ST_POSTTYP": "Lane", "ST_POSTDIR": "", "ST_POSTMOD": "", "ST_FULLNAME": "Layden Lane", "DIRTRAVEL": null, "PREDIR": "", "STREETNAME": "Layden", "SUFFIX": "Ln", "POSTDIR": "", "RDNAME": "Layden Ln", "LESN": "142", "RESN": "142", "LMSAGCOMM": "Newcastle", "RMSAGCOMM": "Newcastle", "LMSAG_CODE": "2315", "RMSAG_CODE": "2315", "LCOUNTRY": "US", "RCOUNTRY": "US", "LSTATE": "ME", "RSTATE": "ME", "LCOUNTY": "Lincoln County", "RCOUNTY": "Lincoln County", "LCITY": "Newcastle", "RCITY": "Newcastle", "L_A4": null, "R_A4": null, "L_A5": null, "R_A5": null, "LPOSTCOMM": "Newcastle", "RPOSTCOMM": "Newcastle", "LZIPCODE": "04553", "RZIPCODE": "04553", "RDCLASS": "Private", "MDOTJURIS": "Private", "ONEWAY": "B", "SPEED": 25, "LVALID": "N", "RVALID": "N", "TOWN": "Newcastle", "ROUTE_NUM": "", "MAP_LABEL": "Layden Ln", "SOURCE": "2", "FEET": 716, "MINUTES": 0.32555846, "PSAP": "Lincoln RCC", "GEONAMEID": 31840, "SEGMENTID": 62445, "MCODE": 440, "LGEOCODE": "15110", "RGEOCODE": "15110", "GC_EXCEPTION": null, "AMUPDDAT": 1699967321000, "AMUPDORG": "es.ngesi.maine.gov", "FMUPDDAT": 1267192622000, "FMUPDORG": "jt.ngesi.maine.gov", "CREATDAT": 1267192622000, "CREATORG": "jt.ngesi.maine.gov", "GlobalID": "590d6f4c-eca2-4685-a318-2605044dcb5e", "Shape__Length": 218.30691606642506}}, {"type": "Feature", "id": 2796, "geometry": {"type": "LineString", "coordinates": [[-69.5748765984632, 43.9857398070661], [-69.5747470545823, 43.9857468242523], [-69.5746060732565, 43.9857600392089], [-69.5744744597672, 43.9857645184985], [-69.5744059158463, 43.9857635215771], [-69.5742379178159, 43.9857592069931], [-69.5741754259458, 43.9857560546874], [-69.5740465043223, 43.9857383713047], [-69.5737230358611, 43.9856321428266], [-69.5736602996391, 43.9856036015468], [-69.5735971371037, 43.9855230130375], [-69.5734730094675, 43.9853076687216], [-69.5733635629972, 43.9850071763478], [-69.5733136953903, 43.9849189399952], [-69.5732392429721, 43.9848208780748], [-69.5731276310643, 43.9847396410041], [-69.5729396223797, 43.9846419953645], [-69.5726725928669, 43.9845351027239], [-69.57259782405, 43.9845129326282], [-69.572458216412, 43.9844884763313], [-69.5723641746194, 43.9844720028297], [-69.5720432882601, 43.9845063736], [-69.5719120606923, 43.9845442870762], [-69.5714396313677, 43.9846658303506], [-69.5712371684912, 43.9847172084146], [-69.5709173917166, 43.9847972993472], [-69.5708364782287, 43.9847923105058], [-69.570780984557, 43.984777605879], [-69.5707225635581, 43.984731979756], [-69.5706811416926, 43.9846554226442], [-69.5705873873121, 43.9843630063836], [-69.5705547010964, 43.9842988484612], [-69.5705155757573, 43.9842654246826], [-69.5704813504681, 43.9842410609768], [-69.5703070610014, 43.9842251394743], [-69.5697725528485, 43.9842353870717], [-69.5696558119589, 43.9842222297821], [-69.5695273544057, 43.9842043409024], [-69.5694176821051, 43.9841870875484], [-69.5693396798499, 43.9841747812832], [-69.569259633468, 43.9841743067705], [-69.5691810777078, 43.9841810636063], [-69.5690871439804, 43.9842005559299], [-69.5690098460769, 43.9842254304686], [-69.568870028664, 43.9842976056086], [-69.5687196382836, 43.9843843108625], [-69.568565830931, 43.9844501267481], [-69.5684279308393, 43.9844972710233], [-69.5680941132124, 43.9845802420098]]}, "properties": {"OBJECTID": 2796, "SOURCE_OF_DATA": "ngesi.maine.gov", "DATEUPDATE": 1721306148000, "EFFECTIVE": 1369612800000, "EXPIRE": null, "RCL_UID": "urn:emergency:uid:gis:RCL:61822:ngesi.maine.gov", "L_ADD_PRE": "", "L_ADD_FROM": 2, "L_ADD_TO": 90, "R_ADD_PRE": "", "R_ADD_FROM": 1, "R_ADD_TO": 89, "LPARITY": "E", "RPARITY": "O", "ST_PREMOD": "", "ST_PREDIR": "", "ST_PRETYP": "", "ST_PRESEP": "", "ST_NAME": "Dodge Cove", "ST_POSTTYP": "Lane", "ST_POSTDIR": "", "ST_POSTMOD": "", "ST_FULLNAME": "Dodge Cove Lane", "DIRTRAVEL": null, "PREDIR": "", "STREETNAME": "Dodge Cove", "SUFFIX": "Ln", "POSTDIR": "", "RDNAME": "Dodge Cove Ln", "LESN": "142", "RESN": "142", "LMSAGCOMM": "Newcastle", "RMSAGCOMM": "Newcastle", "LMSAG_CODE": "2315", "RMSAG_CODE": "2315", "LCOUNTRY": "US", "RCOUNTRY": "US", "LSTATE": "ME", "RSTATE": "ME", "LCOUNTY": "Lincoln County", "RCOUNTY": "Lincoln County", "LCITY": "Newcastle", "RCITY": "Newcastle", "L_A4": null, "R_A4": null, "L_A5": null, "R_A5": null, "LPOSTCOMM": "Newcastle", "RPOSTCOMM": "Newcastle", "LZIPCODE": "04553", "RZIPCODE": "04553", "RDCLASS": "Private", "MDOTJURIS": "Private", "ONEWAY": "B", "SPEED": 25, "LVALID": "N", "RVALID": "N", "TOWN": "Newcastle", "ROUTE_NUM": "", "MAP_LABEL": "Dodge Cove Ln", "SOURCE": "20", "FEET": 2229, "MINUTES": 1.01301896, "PSAP": "Lincoln RCC", "GEONAMEID": 15888, "SEGMENTID": 61822, "MCODE": 440, "LGEOCODE": "15110", "RGEOCODE": "15110", "GC_EXCEPTION": null, "AMUPDDAT": 1721306148000, "AMUPDORG": "es.ngesi.maine.gov", "FMUPDDAT": 1721306148000, "FMUPDORG": "es.ngesi.maine.gov", "CREATDAT": 1278943306000, "CREATORG": "es.ngesi.maine.gov", "GlobalID": "1b613bf3-32b9-4659-8bdd-5a28e78fecb9", "Shape__Length": 679.2913500043821}}, {"type": "Feature", "id": 2800, "geometry": {"type": "LineString", "coordinates": [[-69.610238864013, 44.0501923713691], [-69.6098833784453, 44.0508787540521], [-69.6098529596963, 44.0509374926311], [-69.6092458755639, 44.0520908363892], [-69.6090146983854, 44.052426761708], [-69.6088229239298, 44.0527998407308], [-69.6087325027068, 44.0530179619622], [-69.6086752125276, 44.0531360588004], [-69.6082700528931, 44.0539978800734], [-69.6077333792659, 44.0550911567371], [-69.6069400521283, 44.0565058654359], [-69.6063072095389, 44.0575048399501], [-69.605980495842, 44.0580181016064], [-69.6058479641025, 44.0582883573229], [-69.6057384107236, 44.0584735709661], [-69.6056217846166, 44.0587966550577], [-69.6052832196407, 44.0595020919814], [-69.6048365036263, 44.0603908514016], [-69.6047426984792, 44.0606789435155], [-69.6046135102404, 44.0609684652597], [-69.6044465825147, 44.0612045802844], [-69.604216158856, 44.0616980328337], [-69.6036882954201, 44.0625542101114], [-69.6032201159572, 44.0631672031675], [-69.6029740219116, 44.0633708355088], [-69.602826506171, 44.0634835801575], [-69.6026628581709, 44.0636345210768], [-69.6025587138372, 44.0637899107451], [-69.6024845511391, 44.0639689561888], [-69.6024698688386, 44.0641500828422], [-69.6024611389709, 44.06426684886], [-69.6024611560695, 44.0643411717756], [-69.6023678431833, 44.0645317794257], [-69.6021412992373, 44.0649810184151], [-69.6014979942544, 44.0660079665448], [-69.6006086587388, 44.0673568151692], [-69.5996492765819, 44.0688067811262], [-69.5991794131974, 44.06954154561], [-69.5990649364671, 44.069720611009], [-69.5986587495513, 44.0702625109873], [-69.5980560395863, 44.071320584893], [-69.5977703481214, 44.0717068665513], [-69.5974781836881, 44.0720719963669], [-69.5973802191359, 44.0721877969285], [-69.5971397661467, 44.0725234304811], [-69.5968020451861, 44.0728607781], [-69.5965804362702, 44.0731770537736]]}, "properties": {"OBJECTID": 2800, "SOURCE_OF_DATA": "ngesi.maine.gov", "DATEUPDATE": 1699967321000, "EFFECTIVE": 1369612800000, "EXPIRE": null, "RCL_UID": "urn:emergency:uid:gis:RCL:63111:ngesi.maine.gov", "L_ADD_PRE": "", "L_ADD_FROM": 2, "L_ADD_TO": 378, "R_ADD_PRE": "", "R_ADD_FROM": 1, "R_ADD_TO": 377, "LPARITY": "E", "RPARITY": "O", "ST_PREMOD": "", "ST_PREDIR": "South", "ST_PRETYP": "", "ST_PRESEP": "", "ST_NAME": "Dyer Neck", "ST_POSTTYP": "Road", "ST_POSTDIR": "", "ST_POSTMOD": "", "ST_FULLNAME": "South Dyer Neck Road", "DIRTRAVEL": null, "PREDIR": "S", "STREETNAME": "Dyer Neck", "SUFFIX": "Rd", "POSTDIR": "", "RDNAME": "S Dyer Neck Rd", "LESN": "142", "RESN": "142", "LMSAGCOMM": "Newcastle", "RMSAGCOMM": "Newcastle", "LMSAG_CODE": "2315", "RMSAG_CODE": "2315", "LCOUNTRY": "US", "RCOUNTRY": "US", "LSTATE": "ME", "RSTATE": "ME", "LCOUNTY": "Lincoln County", "RCOUNTY": "Lincoln County", "LCITY": "Newcastle", "RCITY": "Newcastle", "L_A4": null, "R_A4": null, "L_A5": null, "R_A5": null, "LPOSTCOMM": "Newcastle", "RPOSTCOMM": "Newcastle", "LZIPCODE": "04535", "RZIPCODE": "04535", "RDCLASS": "Local", "MDOTJURIS": "Townway", "ONEWAY": "B", "SPEED": 35, "LVALID": "N", "RVALID": "N", "TOWN": "Newcastle", "ROUTE_NUM": "", "MAP_LABEL": "S Dyer Neck Rd", "SOURCE": "43", "FEET": 9152, "MINUTES": 2.97145487, "PSAP": "Lincoln RCC", "GEONAMEID": 65315, "SEGMENTID": 63111, "MCODE": 440, "LGEOCODE": "15110", "RGEOCODE": "15110", "GC_EXCEPTION": null, "AMUPDDAT": 1699967321000, "AMUPDORG": "es.ngesi.maine.gov", "FMUPDDAT": 1267190379000, "FMUPDORG": "jt.ngesi.maine.gov", "CREATDAT": 1267190379000, "CREATORG": "jt.ngesi.maine.gov", "GlobalID": "c610f922-1f45-48b1-9f3b-e7e8491410b0", "Shape__Length": 2789.559868935616}}, {"type": "Feature", "id": 2806, "geometry": {"type": "LineString", "coordinates": [[-69.5668460848515, 44.0858437466847], [-69.5671282178395, 44.0859393847468], [-69.567364410712, 44.0860024060021], [-69.5676560717796, 44.0860780259867], [-69.5679431359287, 44.0861287377728], [-69.5681930615913, 44.0861529926017], [-69.5684213297077, 44.0861747976846], [-69.5687236026498, 44.0861779211072], [-69.569240058903, 44.0861095434784], [-69.5696995445437, 44.0860556459122], [-69.5701285341661, 44.0860116403209], [-69.5708096455218, 44.0859864782436], [-69.5711203958803, 44.0859750035391]]}, "properties": {"OBJECTID": 2806, "SOURCE_OF_DATA": "ngesi.maine.gov", "DATEUPDATE": 1721828717000, "EFFECTIVE": 1369612800000, "EXPIRE": null, "RCL_UID": "urn:emergency:uid:gis:RCL:63072:ngesi.maine.gov", "L_ADD_PRE": "", "L_ADD_FROM": 332, "L_ADD_TO": 386, "R_ADD_PRE": "", "R_ADD_FROM": 331, "R_ADD_TO": 385, "LPARITY": "E", "RPARITY": "O", "ST_PREMOD": "", "ST_PREDIR": "", "ST_PRETYP": "", "ST_PRESEP": "", "ST_NAME": "Jones Woods", "ST_POSTTYP": "Road", "ST_POSTDIR": "", "ST_POSTMOD": "", "ST_FULLNAME": "Jones Woods Road", "DIRTRAVEL": null, "PREDIR": "", "STREETNAME": "Jones Woods", "SUFFIX": "Rd", "POSTDIR": "", "RDNAME": "Jones Woods Rd", "LESN": "142", "RESN": "142", "LMSAGCOMM": "Newcastle", "RMSAGCOMM": "Newcastle", "LMSAG_CODE": "2315", "RMSAG_CODE": "2315", "LCOUNTRY": "US", "RCOUNTRY": "US", "LSTATE": "ME", "RSTATE": "ME", "LCOUNTY": "Lincoln County", "RCOUNTY": "Lincoln County", "LCITY": "Newcastle", "RCITY": "Newcastle", "L_A4": null, "R_A4": null, "L_A5": null, "R_A5": null, "LPOSTCOMM": "Newcastle", "RPOSTCOMM": "Newcastle", "LZIPCODE": "04553", "RZIPCODE": "04553", "RDCLASS": "Secondary", "MDOTJURIS": "State Aid", "ONEWAY": "B", "SPEED": 45, "LVALID": "N", "RVALID": "N", "TOWN": "Newcastle", "ROUTE_NUM": "194", "MAP_LABEL": "Jones Woods Rd - Route 194", "SOURCE": "43", "FEET": 1148, "MINUTES": 0.28992533, "PSAP": "Lincoln RCC", "GEONAMEID": 29371, "SEGMENTID": 63072, "MCODE": 440, "LGEOCODE": "15110", "RGEOCODE": "15110", "GC_EXCEPTION": null, "AMUPDDAT": 1721828717000, "AMUPDORG": "es.ngesi.maine.gov", "FMUPDDAT": 1267176845000, "FMUPDORG": "jt.ngesi.maine.gov", "CREATDAT": 1267176845000, "CREATORG": "jt.ngesi.maine.gov", "GlobalID": "c6e7af16-3b70-42c5-ad84-8b13eb5550e7", "Shape__Length": 349.9428965408443}}, {"type": "Feature", "id": 2824, "geometry": {"type": "LineString", "coordinates": [[-69.596329485932, 44.0278367632011], [-69.5963133719987, 44.0276994546547], [-69.5963139616886, 44.0274856916578], [-69.5962996486868, 44.0271620652918], [-69.5963725568899, 44.0269949138318], [-69.5964899418011, 44.0267248727739], [-69.5965917416059, 44.0264898103438], [-69.5966829057273, 44.0262792927483], [-69.596771788461, 44.0260740269982], [-69.5968789766697, 44.0258265293834], [-69.5969754429869, 44.0255526985571], [-69.5972020163071, 44.0249095772313], [-69.5973825678932, 44.0243970840614], [-69.5977510887767, 44.0236020872413], [-69.5979996718673, 44.023110629256], [-69.5981264637536, 44.0228580848438], [-69.5982259515758, 44.0226599290787], [-69.5983443255361, 44.0224241388993], [-69.5984532677687, 44.0222071702017], [-69.5987482607368, 44.0216269993823], [-69.5988949949015, 44.02134568253], [-69.5990136152731, 44.0210221155778], [-69.599074825705, 44.0207715344563], [-69.5991363333741, 44.0204489240419], [-69.5991687065861, 44.0202452580397], [-69.5991999423684, 44.0200488457732], [-69.5992185520046, 44.0199317932028], [-69.5992837319177, 44.0197360852157], [-69.5994426876354, 44.0195960668362], [-69.599745855408, 44.0193290267667], [-69.6003772268298, 44.019031414651], [-69.6009362967189, 44.0187802590595], [-69.6013826735696, 44.0186230508561], [-69.6017851533301, 44.0184829446118], [-69.6021423841493, 44.0183594437219], [-69.6023944777481, 44.0182426004286], [-69.6025962760412, 44.0181145694431], [-69.6028077430335, 44.0179804007452], [-69.603038720205, 44.0177253742035], [-69.6033321274389, 44.0174014111274], [-69.6036977343238, 44.0170763995636], [-69.6041683263025, 44.0166580689959], [-69.6044128994006, 44.0164406472388], [-69.604605700352, 44.0162692455428]]}, "properties": {"OBJECTID": 2824, "SOURCE_OF_DATA": "ngesi.maine.gov", "DATEUPDATE": 1605571200000, "EFFECTIVE": 1369612800000, "EXPIRE": null, "RCL_UID": "urn:emergency:uid:gis:RCL:60592:ngesi.maine.gov", "L_ADD_PRE": "", "L_ADD_FROM": 178, "L_ADD_TO": 380, "R_ADD_PRE": "", "R_ADD_FROM": 177, "R_ADD_TO": 379, "LPARITY": "E", "RPARITY": "O", "ST_PREMOD": "", "ST_PREDIR": "", "ST_PRETYP": "", "ST_PRESEP": "", "ST_NAME": "Reach", "ST_POSTTYP": "Road", "ST_POSTDIR": "", "ST_POSTMOD": "", "ST_FULLNAME": "Reach Road", "DIRTRAVEL": null, "PREDIR": "", "STREETNAME": "Reach", "SUFFIX": "Rd", "POSTDIR": "", "RDNAME": "Reach Rd", "LESN": "142", "RESN": "142", "LMSAGCOMM": "Newcastle", "RMSAGCOMM": "Newcastle", "LMSAG_CODE": "2315", "RMSAG_CODE": "2315", "LCOUNTRY": "US", "RCOUNTRY": "US", "LSTATE": "ME", "RSTATE": "ME", "LCOUNTY": "Lincoln County", "RCOUNTY": "Lincoln County", "LCITY": "Newcastle", "RCITY": "Newcastle", "L_A4": null, "R_A4": null, "L_A5": null, "R_A5": null, "LPOSTCOMM": "Newcastle", "RPOSTCOMM": "Newcastle", "LZIPCODE": "04553", "RZIPCODE": "04553", "RDCLASS": "Private", "MDOTJURIS": "Private", "ONEWAY": "B", "SPEED": 25, "LVALID": "N", "RVALID": "N", "TOWN": "Newcastle", "ROUTE_NUM": "", "MAP_LABEL": "Reach Rd", "SOURCE": "2", "FEET": 4993, "MINUTES": 2.26973139, "PSAP": "Lincoln RCC", "GEONAMEID": 47519, "SEGMENTID": 60592, "MCODE": 440, "LGEOCODE": "15110", "RGEOCODE": "15110", "GC_EXCEPTION": null, "AMUPDDAT": 1590710400000, "AMUPDORG": "jr.ngesi.maine.gov", "FMUPDDAT": 839462400000, "FMUPDORG": "bw.ngesi.maine.gov", "CREATDAT": 839462400000, "CREATORG": "bw.ngesi.maine.gov", "GlobalID": "3582750c-86d6-4ef4-a3be-d90a9b62cda2", "Shape__Length": 1521.9910809582736}}, {"type": "Feature", "id": 2831, "geometry": {"type": "LineString", "coordinates": [[-69.5334701781388, 44.0532690847363], [-69.5334503432422, 44.0535822350335], [-69.5334521049031, 44.053879996682], [-69.533462233174, 44.054132107964], [-69.5334907136686, 44.05454555571], [-69.5335186923353, 44.0550184732913], [-69.5335169431982, 44.0554285147811], [-69.5334852175269, 44.055671565923], [-69.5334126846829, 44.0558665132825]]}, "properties": {"OBJECTID": 2831, "SOURCE_OF_DATA": "ngesi.maine.gov", "DATEUPDATE": 1702499354000, "EFFECTIVE": 1369612800000, "EXPIRE": null, "RCL_UID": "urn:emergency:uid:gis:RCL:63106:ngesi.maine.gov", "L_ADD_PRE": "", "L_ADD_FROM": 302, "L_ADD_TO": 334, "R_ADD_PRE": "", "R_ADD_FROM": 301, "R_ADD_TO": 333, "LPARITY": "E", "RPARITY": "O", "ST_PREMOD": "", "ST_PREDIR": "", "ST_PRETYP": "", "ST_PRESEP": "", "ST_NAME": "Academy", "ST_POSTTYP": "Hill", "ST_POSTDIR": "", "ST_POSTMOD": "", "ST_FULLNAME": "Academy Hill", "DIRTRAVEL": null, "PREDIR": "", "STREETNAME": "Academy", "SUFFIX": "Hl", "POSTDIR": "", "RDNAME": "Academy Hl", "LESN": "142", "RESN": "142", "LMSAGCOMM": "Newcastle", "RMSAGCOMM": "Newcastle", "LMSAG_CODE": "2315", "RMSAG_CODE": "2315", "LCOUNTRY": "US", "RCOUNTRY": "US", "LSTATE": "ME", "RSTATE": "ME", "LCOUNTY": "Lincoln County", "RCOUNTY": "Lincoln County", "LCITY": "Newcastle", "RCITY": "Newcastle", "L_A4": null, "R_A4": null, "L_A5": null, "R_A5": null, "LPOSTCOMM": "Newcastle", "RPOSTCOMM": "Newcastle", "LZIPCODE": "04553", "RZIPCODE": "04553", "RDCLASS": "Local", "MDOTJURIS": "Townway", "ONEWAY": "B", "SPEED": 35, "LVALID": "N", "RVALID": "N", "TOWN": "Newcastle", "ROUTE_NUM": "", "MAP_LABEL": "Academy Hl", "SOURCE": "43", "FEET": 950, "MINUTES": 0.30841759, "PSAP": "Lincoln RCC", "GEONAMEID": 324, "SEGMENTID": 63106, "MCODE": 440, "LGEOCODE": "15110", "RGEOCODE": "15110", "GC_EXCEPTION": null, "AMUPDDAT": 1702499354000, "AMUPDORG": "es.ngesi.maine.gov", "FMUPDDAT": 1267184167000, "FMUPDORG": "jt.ngesi.maine.gov", "CREATDAT": 1267184167000, "CREATORG": "jt.ngesi.maine.gov", "GlobalID": "ce802760-6aac-41e2-88d4-448bf2427e68", "Shape__Length": 289.5380806626147}}, {"type": "Feature", "id": 2834, "geometry": {"type": "LineString", "coordinates": [[-69.5620391765984, 43.9988217833108], [-69.5620581310082, 43.9988068343017], [-69.5623744848294, 43.9984594623227], [-69.5626862987049, 43.9981758295645], [-69.5632411291115, 43.9977373985546], [-69.5632528501664, 43.9977291746012]]}, "properties": {"OBJECTID": 2834, "SOURCE_OF_DATA": "ngesi.maine.gov", "DATEUPDATE": 1721828717000, "EFFECTIVE": 1369612800000, "EXPIRE": null, "RCL_UID": "urn:emergency:uid:gis:RCL:64681:ngesi.maine.gov", "L_ADD_PRE": "", "L_ADD_FROM": 586, "L_ADD_TO": 604, "R_ADD_PRE": "", "R_ADD_FROM": 585, "R_ADD_TO": 603, "LPARITY": "E", "RPARITY": "O", "ST_PREMOD": "", "ST_PREDIR": "", "ST_PRETYP": "", "ST_PRESEP": "", "ST_NAME": "River", "ST_POSTTYP": "Road", "ST_POSTDIR": "", "ST_POSTMOD": "", "ST_FULLNAME": "River Road", "DIRTRAVEL": null, "PREDIR": "", "STREETNAME": "River", "SUFFIX": "Rd", "POSTDIR": "", "RDNAME": "River Rd", "LESN": "142", "RESN": "142", "LMSAGCOMM": "Newcastle", "RMSAGCOMM": "Newcastle", "LMSAG_CODE": "2315", "RMSAG_CODE": "2315", "LCOUNTRY": "US", "RCOUNTRY": "US", "LSTATE": "ME", "RSTATE": "ME", "LCOUNTY": "Lincoln County", "RCOUNTY": "Lincoln County", "LCITY": "Newcastle", "RCITY": "Newcastle", "L_A4": null, "R_A4": null, "L_A5": null, "R_A5": null, "LPOSTCOMM": "Newcastle", "RPOSTCOMM": "Newcastle", "LZIPCODE": "04553", "RZIPCODE": "04553", "RDCLASS": "Local", "MDOTJURIS": "State Aid", "ONEWAY": "B", "SPEED": 35, "LVALID": "N", "RVALID": "N", "TOWN": "Newcastle", "ROUTE_NUM": "", "MAP_LABEL": "River Rd", "SOURCE": "43", "FEET": 512, "MINUTES": 0.1660764, "PSAP": "Lincoln RCC", "GEONAMEID": 48507, "SEGMENTID": 64681, "MCODE": 440, "LGEOCODE": "15110", "RGEOCODE": "15110", "GC_EXCEPTION": null, "AMUPDDAT": 1721828717000, "AMUPDORG": "es.ngesi.maine.gov", "FMUPDDAT": 1271077617000, "FMUPDORG": "jt.ngesi.maine.gov", "CREATDAT": 1271077617000, "CREATORG": "jt.ngesi.maine.gov", "GlobalID": "83cb0b50-5a24-499c-b79e-757004dee399", "Shape__Length": 155.91017710528}}, {"type": "Feature", "id": 2858, "geometry": {"type": "LineString", "coordinates": [[-69.5872722540977, 44.0669984398381], [-69.5871860201119, 44.0670831187771], [-69.5870268420629, 44.0673578018411], [-69.58687637334, 44.0676458639851], [-69.5867552267308, 44.0680430224372]]}, "properties": {"OBJECTID": 2858, "SOURCE_OF_DATA": "ngesi.maine.gov", "DATEUPDATE": 1721828717000, "EFFECTIVE": 1369612800000, "EXPIRE": null, "RCL_UID": "urn:emergency:uid:gis:RCL:74217:ngesi.maine.gov", "L_ADD_PRE": "", "L_ADD_FROM": 334, "L_ADD_TO": 348, "R_ADD_PRE": "", "R_ADD_FROM": 333, "R_ADD_TO": 347, "LPARITY": "E", "RPARITY": "O", "ST_PREMOD": "", "ST_PREDIR": "North", "ST_PRETYP": "", "ST_PRESEP": "", "ST_NAME": "Newcastle", "ST_POSTTYP": "Road", "ST_POSTDIR": "", "ST_POSTMOD": "", "ST_FULLNAME": "North Newcastle Road", "DIRTRAVEL": null, "PREDIR": "N", "STREETNAME": "Newcastle", "SUFFIX": "Rd", "POSTDIR": "", "RDNAME": "N Newcastle Rd", "LESN": "142", "RESN": "142", "LMSAGCOMM": "Newcastle", "RMSAGCOMM": "Newcastle", "LMSAG_CODE": "2315", "RMSAG_CODE": "2315", "LCOUNTRY": "US", "RCOUNTRY": "US", "LSTATE": "ME", "RSTATE": "ME", "LCOUNTY": "Lincoln County", "RCOUNTY": "Lincoln County", "LCITY": "Newcastle", "RCITY": "Newcastle", "L_A4": null, "R_A4": null, "L_A5": null, "R_A5": null, "LPOSTCOMM": "Newcastle", "RPOSTCOMM": "Newcastle", "LZIPCODE": "04553", "RZIPCODE": "04553", "RDCLASS": "Local", "MDOTJURIS": "Townway", "ONEWAY": "B", "SPEED": 35, "LVALID": "N", "RVALID": "N", "TOWN": "Newcastle", "ROUTE_NUM": "", "MAP_LABEL": "N Newcastle Rd", "SOURCE": "43", "FEET": 407, "MINUTES": 0.13218311, "PSAP": "Lincoln RCC", "GEONAMEID": 65069, "SEGMENTID": 74217, "MCODE": 440, "LGEOCODE": "15110", "RGEOCODE": "15110", "GC_EXCEPTION": null, "AMUPDDAT": 1721828717000, "AMUPDORG": "es.ngesi.maine.gov", "FMUPDDAT": 1295347061000, "FMUPDORG": "jt.ngesi.maine.gov", "CREATDAT": 1295347061000, "CREATORG": "jt.ngesi.maine.gov", "GlobalID": "f029f4d7-f825-4419-9d3e-30abc2d9ae1f", "Shape__Length": 124.09163943220506}}, {"type": "Feature", "id": 2878, "geometry": {"type": "LineString", "coordinates": [[-69.6079671835875, 44.0451026682207], [-69.6079868486656, 44.0451703233319], [-69.6079915803751, 44.0452607195208], [-69.6080057726325, 44.0454169073873], [-69.6079890673447, 44.0455873770369], [-69.6079578017448, 44.0457719334815], [-69.6078883347808, 44.0459535779876], [-69.6077897616489, 44.0461721832698], [-69.6075505348166, 44.0465691379548], [-69.6072152469801, 44.0471074791898], [-69.6070031348465, 44.0474674825821], [-69.6068078862814, 44.0478288815598], [-69.6065655197275, 44.0483047657024], [-69.6063080136701, 44.0488595815581], [-69.6061713419254, 44.04918446576], [-69.6061055626187, 44.0493038759097], [-69.6060887063529, 44.0493855002641], [-69.6060716176613, 44.0494724918834]]}, "properties": {"OBJECTID": 2878, "SOURCE_OF_DATA": "ngesi.maine.gov", "DATEUPDATE": 1743428259000, "EFFECTIVE": 1369612800000, "EXPIRE": null, "RCL_UID": "urn:emergency:uid:gis:RCL:63112:ngesi.maine.gov", "L_ADD_PRE": "", "L_ADD_FROM": 566, "L_ADD_TO": 634, "R_ADD_PRE": "", "R_ADD_FROM": 565, "R_ADD_TO": 633, "LPARITY": "E", "RPARITY": "O", "ST_PREMOD": "", "ST_PREDIR": "", "ST_PRETYP": "", "ST_PRESEP": "", "ST_NAME": "Sheepscot", "ST_POSTTYP": "Road", "ST_POSTDIR": "", "ST_POSTMOD": "", "ST_FULLNAME": "Sheepscot Road", "DIRTRAVEL": null, "PREDIR": "", "STREETNAME": "Sheepscot", "SUFFIX": "Rd", "POSTDIR": "", "RDNAME": "Sheepscot Rd", "LESN": "142", "RESN": "142", "LMSAGCOMM": "Newcastle", "RMSAGCOMM": "Newcastle", "LMSAG_CODE": "2315", "RMSAG_CODE": "2315", "LCOUNTRY": "US", "RCOUNTRY": "US", "LSTATE": "ME", "RSTATE": "ME", "LCOUNTY": "Lincoln County", "RCOUNTY": "Lincoln County", "LCITY": "Newcastle", "RCITY": "Newcastle", "L_A4": null, "R_A4": null, "L_A5": null, "R_A5": null, "LPOSTCOMM": "Newcastle", "RPOSTCOMM": "Newcastle", "LZIPCODE": "04553", "RZIPCODE": "04553", "RDCLASS": "Local", "MDOTJURIS": "State Aid", "ONEWAY": "B", "SPEED": 35, "LVALID": "N", "RVALID": "N", "TOWN": "Newcastle", "ROUTE_NUM": "", "MAP_LABEL": "Sheepscot Rd", "SOURCE": "43", "FEET": 1685, "MINUTES": 0.5470513, "PSAP": "Lincoln RCC", "GEONAMEID": 52286, "SEGMENTID": 63112, "MCODE": 440, "LGEOCODE": "15110", "RGEOCODE": "15110", "GC_EXCEPTION": null, "AMUPDDAT": 1743428259000, "AMUPDORG": "es.ngesi.maine.gov", "FMUPDDAT": 1743428259000, "FMUPDORG": "es.ngesi.maine.gov", "CREATDAT": 1267190593000, "CREATORG": "jt.ngesi.maine.gov", "GlobalID": "50e63266-9eca-42cd-8d90-f927f62b7949", "Shape__Length": 513.5640314298469}}, {"type": "Feature", "id": 2906, "geometry": {"type": "LineString", "coordinates": [[-69.6122831070054, 44.0081393975235], [-69.6120368729401, 44.0082328854066], [-69.6117774177188, 44.0082793013304], [-69.6116393132041, 44.0083073572712], [-69.6115045458255, 44.0083348369688], [-69.6114100037132, 44.0083848890684], [-69.6113053070608, 44.0084750158855]]}, "properties": {"OBJECTID": 2906, "SOURCE_OF_DATA": "ngesi.maine.gov", "DATEUPDATE": 1699967321000, "EFFECTIVE": 1369612800000, "EXPIRE": null, "RCL_UID": "urn:emergency:uid:gis:RCL:61257:ngesi.maine.gov", "L_ADD_PRE": "", "L_ADD_FROM": 2, "L_ADD_TO": 14, "R_ADD_PRE": "", "R_ADD_FROM": 1, "R_ADD_TO": 15, "LPARITY": "E", "RPARITY": "O", "ST_PREMOD": "", "ST_PREDIR": "", "ST_PRETYP": "", "ST_PRESEP": "", "ST_NAME": "Marsh View", "ST_POSTTYP": "Lane", "ST_POSTDIR": "", "ST_POSTMOD": "", "ST_FULLNAME": "Marsh View Lane", "DIRTRAVEL": null, "PREDIR": "", "STREETNAME": "Marsh View", "SUFFIX": "Ln", "POSTDIR": "", "RDNAME": "Marsh View Ln", "LESN": "142", "RESN": "142", "LMSAGCOMM": "Newcastle", "RMSAGCOMM": "Newcastle", "LMSAG_CODE": "2315", "RMSAG_CODE": "2315", "LCOUNTRY": "US", "RCOUNTRY": "US", "LSTATE": "ME", "RSTATE": "ME", "LCOUNTY": "Lincoln County", "RCOUNTY": "Lincoln County", "LCITY": "Newcastle", "RCITY": "Newcastle", "L_A4": null, "R_A4": null, "L_A5": null, "R_A5": null, "LPOSTCOMM": "Newcastle", "RPOSTCOMM": "Newcastle", "LZIPCODE": "04553", "RZIPCODE": "04553", "RDCLASS": "Private", "MDOTJURIS": "Private", "ONEWAY": "B", "SPEED": 25, "LVALID": "N", "RVALID": "N", "TOWN": "Newcastle", "ROUTE_NUM": "", "MAP_LABEL": "Marsh View Ln", "SOURCE": "2", "FEET": 292, "MINUTES": 0.13261044, "PSAP": "Lincoln RCC", "GEONAMEID": 35806, "SEGMENTID": 61257, "MCODE": 440, "LGEOCODE": "15110", "RGEOCODE": "15110", "GC_EXCEPTION": null, "AMUPDDAT": 1699967321000, "AMUPDORG": "es.ngesi.maine.gov", "FMUPDDAT": 1271079859000, "FMUPDORG": "jt.ngesi.maine.gov", "CREATDAT": 1271079859000, "CREATORG": "jt.ngesi.maine.gov", "GlobalID": "0dc8ce69-35a7-4261-94de-d8d31e5bdbd6", "Shape__Length": 88.92343757209544}}, {"type": "Feature", "id": 2909, "geometry": {"type": "LineString", "coordinates": [[-69.5706061528993, 43.9834607599391], [-69.5705203681262, 43.9835028926167], [-69.5704128612481, 43.9835462951271], [-69.5701642741101, 43.9835257203248], [-69.5698772861363, 43.9834665313375], [-69.5697478587327, 43.9834174773498], [-69.5696502416702, 43.9833385169939], [-69.5695046592517, 43.9830799683002], [-69.5694285101237, 43.9829704778459], [-69.5693088112507, 43.9829332775287], [-69.5692268318144, 43.9829078008399], [-69.5690558204403, 43.9828469155105], [-69.5688412585084, 43.982830859199]]}, "properties": {"OBJECTID": 2909, "SOURCE_OF_DATA": "ngesi.maine.gov", "DATEUPDATE": 1654172754000, "EFFECTIVE": 1566214904000, "EXPIRE": null, "RCL_UID": "urn:emergency:uid:gis:RCL:423763:ngesi.maine.gov", "L_ADD_PRE": "", "L_ADD_FROM": 6, "L_ADD_TO": 26, "R_ADD_PRE": "", "R_ADD_FROM": 1, "R_ADD_TO": 27, "LPARITY": "E", "RPARITY": "O", "ST_PREMOD": "", "ST_PREDIR": "", "ST_PRETYP": "", "ST_PRESEP": "", "ST_NAME": "Chandler", "ST_POSTTYP": "Way", "ST_POSTDIR": "", "ST_POSTMOD": "", "ST_FULLNAME": "Chandler Way", "DIRTRAVEL": null, "PREDIR": "", "STREETNAME": "Chandler", "SUFFIX": "Way", "POSTDIR": "", "RDNAME": "Chandler Way", "LESN": "142", "RESN": "142", "LMSAGCOMM": "Newcastle", "RMSAGCOMM": "Newcastle", "LMSAG_CODE": "2315", "RMSAG_CODE": "2315", "LCOUNTRY": "US", "RCOUNTRY": "US", "LSTATE": "ME", "RSTATE": "ME", "LCOUNTY": "Lincoln County", "RCOUNTY": "Lincoln County", "LCITY": "Newcastle", "RCITY": "Newcastle", "L_A4": null, "R_A4": null, "L_A5": null, "R_A5": null, "LPOSTCOMM": "Newcastle", "RPOSTCOMM": "Edgecomb", "LZIPCODE": "04553", "RZIPCODE": "04556", "RDCLASS": "Private", "MDOTJURIS": "Private", "ONEWAY": "B", "SPEED": 25, "LVALID": "N", "RVALID": "N", "TOWN": "Newcastle", "ROUTE_NUM": "", "MAP_LABEL": "Chandler Way", "SOURCE": "29", "FEET": 592, "MINUTES": 0.26916241, "PSAP": "Lincoln RCC", "GEONAMEID": 71284, "SEGMENTID": 423763, "MCODE": 440, "LGEOCODE": "15110", "RGEOCODE": "15110", "GC_EXCEPTION": "201", "AMUPDDAT": 1654172754000, "AMUPDORG": "jr.ngesi.maine.gov", "FMUPDDAT": 1566214904000, "FMUPDORG": "es.ngesi.maine.gov", "CREATDAT": 1566214911000, "CREATORG": "es.ngesi.maine.gov", "GlobalID": "ea0a99ae-6682-4806-aa3e-8dc3d990e988", "Shape__Length": 180.48954579227495}}, {"type": "Feature", "id": 2930, "geometry": {"type": "LineString", "coordinates": [[-69.5538339679429, 44.012398296025], [-69.5539382753039, 44.0120083089655], [-69.5540922689412, 44.0115605576212], [-69.5541494879266, 44.0113804896697], [-69.554180545538, 44.011227153856], [-69.5542022814872, 44.0110373721455], [-69.5542021399921, 44.0107850593389], [-69.5541209984819, 44.0101281538548], [-69.5541067842097, 44.0098448652557], [-69.5541275519381, 44.0096020306963], [-69.5541807038342, 44.0093966826107], [-69.5542443575008, 44.009243404706], [-69.5543357400789, 44.0090885606811], [-69.5545568171169, 44.0088073715516], [-69.5547285350993, 44.0086056972974], [-69.5550514097949, 44.0081528837063], [-69.5551223279709, 44.008065988687]]}, "properties": {"OBJECTID": 2930, "SOURCE_OF_DATA": "ngesi.maine.gov", "DATEUPDATE": 1718292072000, "EFFECTIVE": 1369612800000, "EXPIRE": null, "RCL_UID": "urn:emergency:uid:gis:RCL:64686:ngesi.maine.gov", "L_ADD_PRE": "", "L_ADD_FROM": 370, "L_ADD_TO": 446, "R_ADD_PRE": "", "R_ADD_FROM": 369, "R_ADD_TO": 445, "LPARITY": "E", "RPARITY": "O", "ST_PREMOD": "", "ST_PREDIR": "", "ST_PRETYP": "", "ST_PRESEP": "", "ST_NAME": "River", "ST_POSTTYP": "Road", "ST_POSTDIR": "", "ST_POSTMOD": "", "ST_FULLNAME": "River Road", "DIRTRAVEL": null, "PREDIR": "", "STREETNAME": "River", "SUFFIX": "Rd", "POSTDIR": "", "RDNAME": "River Rd", "LESN": "142", "RESN": "142", "LMSAGCOMM": "Newcastle", "RMSAGCOMM": "Newcastle", "LMSAG_CODE": "2315", "RMSAG_CODE": "2315", "LCOUNTRY": "US", "RCOUNTRY": "US", "LSTATE": "ME", "RSTATE": "ME", "LCOUNTY": "Lincoln County", "RCOUNTY": "Lincoln County", "LCITY": "Newcastle", "RCITY": "Newcastle", "L_A4": null, "R_A4": null, "L_A5": null, "R_A5": null, "LPOSTCOMM": "Newcastle", "RPOSTCOMM": "Newcastle", "LZIPCODE": "04553", "RZIPCODE": "04553", "RDCLASS": "Local", "MDOTJURIS": "State Aid", "ONEWAY": "B", "SPEED": 35, "LVALID": "N", "RVALID": "N", "TOWN": "Newcastle", "ROUTE_NUM": "", "MAP_LABEL": "River Rd", "SOURCE": "43", "FEET": 1652, "MINUTES": 0.53650291, "PSAP": "Lincoln RCC", "GEONAMEID": 48507, "SEGMENTID": 64686, "MCODE": 440, "LGEOCODE": "15110", "RGEOCODE": "15110", "GC_EXCEPTION": null, "AMUPDDAT": 1718292072000, "AMUPDORG": "es.ngesi.maine.gov", "FMUPDDAT": 1718291996000, "FMUPDORG": "es.ngesi.maine.gov", "CREATDAT": 1271077866000, "CREATORG": "jt.ngesi.maine.gov", "GlobalID": "15d90108-aa01-4c08-a3e7-7b55b469a4b9", "Shape__Length": 503.6613541163585}}, {"type": "Feature", "id": 2943, "geometry": {"type": "LineString", "coordinates": [[-69.6046842714279, 44.0436577362104], [-69.6044898025651, 44.043759666655], [-69.6043313241171, 44.0438387988051], [-69.6041492507814, 44.0439237366635], [-69.6039420290522, 44.044045874266], [-69.603846608731, 44.0441164162564]]}, "properties": {"OBJECTID": 2943, "SOURCE_OF_DATA": "ngesi.maine.gov", "DATEUPDATE": 1713382697000, "EFFECTIVE": 1369612800000, "EXPIRE": null, "RCL_UID": "urn:emergency:uid:gis:RCL:60844:ngesi.maine.gov", "L_ADD_PRE": "", "L_ADD_FROM": 2, "L_ADD_TO": 14, "R_ADD_PRE": "", "R_ADD_FROM": 1, "R_ADD_TO": 13, "LPARITY": "E", "RPARITY": "O", "ST_PREMOD": "", "ST_PREDIR": "", "ST_PRETYP": "", "ST_PRESEP": "", "ST_NAME": "Eden", "ST_POSTTYP": "Lane", "ST_POSTDIR": "", "ST_POSTMOD": "", "ST_FULLNAME": "Eden Lane", "DIRTRAVEL": null, "PREDIR": "", "STREETNAME": "Eden", "SUFFIX": "Ln", "POSTDIR": "", "RDNAME": "Eden Ln", "LESN": "142", "RESN": "142", "LMSAGCOMM": "Newcastle", "RMSAGCOMM": "Newcastle", "LMSAG_CODE": "2315", "RMSAG_CODE": "2315", "LCOUNTRY": "US", "RCOUNTRY": "US", "LSTATE": "ME", "RSTATE": "ME", "LCOUNTY": "Lincoln County", "RCOUNTY": "Lincoln County", "LCITY": "Newcastle", "RCITY": "Newcastle", "L_A4": null, "R_A4": null, "L_A5": null, "R_A5": null, "LPOSTCOMM": "Newcastle", "RPOSTCOMM": "Newcastle", "LZIPCODE": "04553", "RZIPCODE": "04553", "RDCLASS": "Private", "MDOTJURIS": "Private", "ONEWAY": "B", "SPEED": 25, "LVALID": "N", "RVALID": "N", "TOWN": "Newcastle", "ROUTE_NUM": "", "MAP_LABEL": "Eden Ln", "SOURCE": "2", "FEET": 277, "MINUTES": 0.12595492, "PSAP": "Lincoln RCC", "GEONAMEID": 17395, "SEGMENTID": 60844, "MCODE": 440, "LGEOCODE": "15110", "RGEOCODE": "15110", "GC_EXCEPTION": null, "AMUPDDAT": 1713382697000, "AMUPDORG": "es.ngesi.maine.gov", "FMUPDDAT": 1657528374000, "FMUPDORG": "es.ngesi.maine.gov", "CREATDAT": 1267191828000, "CREATORG": "jt.ngesi.maine.gov", "GlobalID": "33c78245-f609-4510-ba95-cd53b8391f7a", "Shape__Length": 84.46049933926793}}, {"type": "Feature", "id": 2957, "geometry": {"type": "LineString", "coordinates": [[-69.540276282998, 44.063082857966], [-69.5404208433218, 44.0633089428481], [-69.540627118988, 44.0635715324065], [-69.5407918834268, 44.0637577171759], [-69.5409763815467, 44.0639416384459], [-69.5412293263886, 44.0641908699446], [-69.5413989873331, 44.0643672709403], [-69.5414988843822, 44.0644857593837], [-69.5415848152854, 44.0646117237362], [-69.5416511839608, 44.0647394553967], [-69.5416961170439, 44.0648579701362], [-69.5417189636593, 44.0649999713965]]}, "properties": {"OBJECTID": 2957, "SOURCE_OF_DATA": "ngesi.maine.gov", "DATEUPDATE": 1721828717000, "EFFECTIVE": 1369612800000, "EXPIRE": null, "RCL_UID": "urn:emergency:uid:gis:RCL:63093:ngesi.maine.gov", "L_ADD_PRE": "", "L_ADD_FROM": 160, "L_ADD_TO": 188, "R_ADD_PRE": "", "R_ADD_FROM": 159, "R_ADD_TO": 187, "LPARITY": "E", "RPARITY": "O", "ST_PREMOD": "", "ST_PREDIR": "", "ST_PRETYP": "", "ST_PRESEP": "", "ST_NAME": "Pond", "ST_POSTTYP": "Road", "ST_POSTDIR": "", "ST_POSTMOD": "", "ST_FULLNAME": "Pond Road", "DIRTRAVEL": null, "PREDIR": "", "STREETNAME": "Pond", "SUFFIX": "Rd", "POSTDIR": "", "RDNAME": "Pond Rd", "LESN": "142", "RESN": "142", "LMSAGCOMM": "Newcastle", "RMSAGCOMM": "Newcastle", "LMSAG_CODE": "2315", "RMSAG_CODE": "2315", "LCOUNTRY": "US", "RCOUNTRY": "US", "LSTATE": "ME", "RSTATE": "ME", "LCOUNTY": "Lincoln County", "RCOUNTY": "Lincoln County", "LCITY": "Newcastle", "RCITY": "Newcastle", "L_A4": null, "R_A4": null, "L_A5": null, "R_A5": null, "LPOSTCOMM": "Newcastle", "RPOSTCOMM": "Newcastle", "LZIPCODE": "04553", "RZIPCODE": "04553", "RDCLASS": "Secondary", "MDOTJURIS": "State Aid", "ONEWAY": "B", "SPEED": 45, "LVALID": "N", "RVALID": "N", "TOWN": "Newcastle", "ROUTE_NUM": "215", "MAP_LABEL": "Pond Rd - Route 215", "SOURCE": "43", "FEET": 803, "MINUTES": 0.20275904, "PSAP": "Lincoln RCC", "GEONAMEID": 45744, "SEGMENTID": 63093, "MCODE": 440, "LGEOCODE": "15110", "RGEOCODE": "15110", "GC_EXCEPTION": null, "AMUPDDAT": 1721828717000, "AMUPDORG": "es.ngesi.maine.gov", "FMUPDDAT": 1267183230000, "FMUPDORG": "jt.ngesi.maine.gov", "CREATDAT": 1267183230000, "CREATORG": "jt.ngesi.maine.gov", "GlobalID": "4b47fa1f-0e7b-40f3-b344-3761ae687c43", "Shape__Length": 244.73227843477918}}, {"type": "Feature", "id": 2982, "geometry": {"type": "LineString", "coordinates": [[-69.5334942861192, 44.0530648197614], [-69.5337542112858, 44.0531172390985], [-69.5340523039266, 44.0531769882901], [-69.5342309072447, 44.0532125180894], [-69.5344532098034, 44.0532208419626], [-69.5345905048548, 44.0532217842382]]}, "properties": {"OBJECTID": 2982, "SOURCE_OF_DATA": "ngesi.maine.gov", "DATEUPDATE": 1605571200000, "EFFECTIVE": 1369612800000, "EXPIRE": null, "RCL_UID": "urn:emergency:uid:gis:RCL:127285:ngesi.maine.gov", "L_ADD_PRE": "", "L_ADD_FROM": 2, "L_ADD_TO": 10, "R_ADD_PRE": "", "R_ADD_FROM": 1, "R_ADD_TO": 9, "LPARITY": "E", "RPARITY": "O", "ST_PREMOD": "", "ST_PREDIR": "", "ST_PRETYP": "", "ST_PRESEP": "", "ST_NAME": "Gastaldo Farm", "ST_POSTTYP": "Road", "ST_POSTDIR": "", "ST_POSTMOD": "", "ST_FULLNAME": "Gastaldo Farm Road", "DIRTRAVEL": null, "PREDIR": "", "STREETNAME": "Gastaldo Farm", "SUFFIX": "Rd", "POSTDIR": "", "RDNAME": "Gastaldo Farm Rd", "LESN": "142", "RESN": "142", "LMSAGCOMM": "Newcastle", "RMSAGCOMM": "Newcastle", "LMSAG_CODE": "2315", "RMSAG_CODE": "2315", "LCOUNTRY": "US", "RCOUNTRY": "US", "LSTATE": "ME", "RSTATE": "ME", "LCOUNTY": "Lincoln County", "RCOUNTY": "Lincoln County", "LCITY": "Newcastle", "RCITY": "Newcastle", "L_A4": null, "R_A4": null, "L_A5": null, "R_A5": null, "LPOSTCOMM": "Newcastle", "RPOSTCOMM": "Newcastle", "LZIPCODE": "04553", "RZIPCODE": "04553", "RDCLASS": "Private", "MDOTJURIS": "Private", "ONEWAY": "B", "SPEED": 25, "LVALID": "N", "RVALID": "N", "TOWN": "Newcastle", "ROUTE_NUM": "", "MAP_LABEL": "Gastaldo Farm Rd", "SOURCE": "20", "FEET": 296, "MINUTES": 0.13432709, "PSAP": "Lincoln RCC", "GEONAMEID": 21370, "SEGMENTID": 127285, "MCODE": 440, "LGEOCODE": "15110", "RGEOCODE": "15110", "GC_EXCEPTION": null, "AMUPDDAT": 1590710400000, "AMUPDORG": "jr.ngesi.maine.gov", "FMUPDDAT": 1314888127000, "FMUPDORG": "es.ngesi.maine.gov", "CREATDAT": 1314888127000, "CREATORG": "es.ngesi.maine.gov", "GlobalID": "2407848b-fbbe-4ca7-becb-70fde06eb8e2", "Shape__Length": 90.07437283849484}}, {"type": "Feature", "id": 3018, "geometry": {"type": "LineString", "coordinates": [[-69.5769840233498, 44.031664143793], [-69.5771527951707, 44.0312667436221], [-69.5772218576968, 44.0308876107565], [-69.5772528673754, 44.0305493296527], [-69.5772702099286, 44.0303072563848], [-69.5772887687814, 44.0300336558884], [-69.5772927024542, 44.0297536738011], [-69.5772840210561, 44.0294866753884], [-69.5772967183633, 44.0293356053927]]}, "properties": {"OBJECTID": 3018, "SOURCE_OF_DATA": "ngesi.maine.gov", "DATEUPDATE": 1699967322000, "EFFECTIVE": 1369612800000, "EXPIRE": null, "RCL_UID": "urn:emergency:uid:gis:RCL:63128:ngesi.maine.gov", "L_ADD_PRE": "", "L_ADD_FROM": 2, "L_ADD_TO": 34, "R_ADD_PRE": "", "R_ADD_FROM": 1, "R_ADD_TO": 33, "LPARITY": "E", "RPARITY": "O", "ST_PREMOD": "", "ST_PREDIR": "", "ST_PRETYP": "", "ST_PRESEP": "", "ST_NAME": "Lewis Hill", "ST_POSTTYP": "Road", "ST_POSTDIR": "", "ST_POSTMOD": "", "ST_FULLNAME": "Lewis Hill Road", "DIRTRAVEL": null, "PREDIR": "", "STREETNAME": "Lewis Hill", "SUFFIX": "Rd", "POSTDIR": "", "RDNAME": "Lewis Hill Rd", "LESN": "142", "RESN": "142", "LMSAGCOMM": "Newcastle", "RMSAGCOMM": "Newcastle", "LMSAG_CODE": "2315", "RMSAG_CODE": "2315", "LCOUNTRY": "US", "RCOUNTRY": "US", "LSTATE": "ME", "RSTATE": "ME", "LCOUNTY": "Lincoln County", "RCOUNTY": "Lincoln County", "LCITY": "Newcastle", "RCITY": "Newcastle", "L_A4": null, "R_A4": null, "L_A5": null, "R_A5": null, "LPOSTCOMM": "Newcastle", "RPOSTCOMM": "Newcastle", "LZIPCODE": "04553", "RZIPCODE": "04553", "RDCLASS": "Local", "MDOTJURIS": "Townway", "ONEWAY": "B", "SPEED": 35, "LVALID": "N", "RVALID": "N", "TOWN": "Newcastle", "ROUTE_NUM": "", "MAP_LABEL": "Lewis Hill Rd", "SOURCE": "43", "FEET": 857, "MINUTES": 0.27824902, "PSAP": "Lincoln RCC", "GEONAMEID": 32421, "SEGMENTID": 63128, "MCODE": 440, "LGEOCODE": "15110", "RGEOCODE": "15110", "GC_EXCEPTION": null, "AMUPDDAT": 1699967322000, "AMUPDORG": "es.ngesi.maine.gov", "FMUPDDAT": 1267193538000, "FMUPDORG": "jt.ngesi.maine.gov", "CREATDAT": 1267193538000, "CREATORG": "jt.ngesi.maine.gov", "GlobalID": "78017067-c542-498a-b00a-f7781f366395", "Shape__Length": 261.21625147038606}}, {"type": "Feature", "id": 3045, "geometry": {"type": "LineString", "coordinates": [[-69.5576393175739, 44.005038653896], [-69.5577133457742, 44.0050554982407], [-69.5585736873585, 44.005296595545], [-69.5591446892458, 44.0054301424663], [-69.5596778614548, 44.0055664918545], [-69.5599446967635, 44.0056385178851], [-69.5600678998479, 44.0056899271796], [-69.5602233756285, 44.0057548183898], [-69.5604836990107, 44.0058716764362], [-69.5606570783367, 44.0059354888443], [-69.5607615784691, 44.0059505610549], [-69.5608861123085, 44.0059590433136], [-69.5610398841653, 44.0059594498015], [-69.561256065575, 44.005944162574], [-69.5616649403068, 44.0059308720047], [-69.5617822580484, 44.0059360574691], [-69.5619050426165, 44.0059481846263], [-69.5619974096925, 44.005964990023], [-69.562157165906, 44.0060112833514], [-69.5623397254544, 44.006070825401], [-69.5624107845489, 44.0060939657443], [-69.5625105826069, 44.0061156320442], [-69.5626094229182, 44.0061283445043], [-69.5627680856442, 44.0061420047248], [-69.5629829668262, 44.006154082228], [-69.563088317328, 44.0061626836166], [-69.5632610714476, 44.0061850881186], [-69.5634913477764, 44.0062355696684], [-69.5636229037093, 44.0062451757614], [-69.5637932458638, 44.0062604786024], [-69.5639837581157, 44.0062757086408], [-69.5640715483865, 44.0062793628512], [-69.5641921984262, 44.006272788844], [-69.5643153883713, 44.0062538673896], [-69.5644501524548, 44.0062163414445], [-69.5645912282831, 44.0061485684535], [-69.5649256145785, 44.0059861133761], [-69.5651253674116, 44.005896009057], [-69.5652111825544, 44.0058756238496], [-69.5652833471624, 44.0058600869649], [-69.5655223603077, 44.0058427699652], [-69.5659808112428, 44.0058510970326], [-69.5664439905849, 44.0058240961497], [-69.5668596553393, 44.0057996610328], [-69.5670902180372, 44.0057831479739], [-69.5671813646009, 44.0057725396218], [-69.5672909695301, 44.0057367288294], [-69.5675001088808, 44.0056778158493], [-69.5675796869966, 44.0056588553811], [-69.5677104655627, 44.0056484908974], [-69.5679694634929, 44.0056497877268], [-69.5681636222776, 44.0056733839197], [-69.5682713578283, 44.0057005518655], [-69.5684151304017, 44.0057368050239], [-69.5686883687024, 44.0058602697098], [-69.5694147816906, 44.0063882176564], [-69.5695851477849, 44.0065022889759], [-69.5697188389023, 44.0066852845217]]}, "properties": {"OBJECTID": 3045, "SOURCE_OF_DATA": "ngesi.maine.gov", "DATEUPDATE": 1605571200000, "EFFECTIVE": 1369612800000, "EXPIRE": null, "RCL_UID": "urn:emergency:uid:gis:RCL:60877:ngesi.maine.gov", "L_ADD_PRE": "", "L_ADD_FROM": 2, "L_ADD_TO": 116, "R_ADD_PRE": "", "R_ADD_FROM": 1, "R_ADD_TO": 115, "LPARITY": "E", "RPARITY": "O", "ST_PREMOD": "", "ST_PREDIR": "", "ST_PRETYP": "", "ST_PRESEP": "", "ST_NAME": "Castlewood", "ST_POSTTYP": "Road", "ST_POSTDIR": "", "ST_POSTMOD": "", "ST_FULLNAME": "Castlewood Road", "DIRTRAVEL": null, "PREDIR": "", "STREETNAME": "Castlewood", "SUFFIX": "Rd", "POSTDIR": "", "RDNAME": "Castlewood Rd", "LESN": "142", "RESN": "142", "LMSAGCOMM": "Newcastle", "RMSAGCOMM": "Newcastle", "LMSAG_CODE": "2315", "RMSAG_CODE": "2315", "LCOUNTRY": "US", "RCOUNTRY": "US", "LSTATE": "ME", "RSTATE": "ME", "LCOUNTY": "Lincoln County", "RCOUNTY": "Lincoln County", "LCITY": "Newcastle", "RCITY": "Newcastle", "L_A4": null, "R_A4": null, "L_A5": null, "R_A5": null, "LPOSTCOMM": "Newcastle", "RPOSTCOMM": "Newcastle", "LZIPCODE": "04553", "RZIPCODE": "04553", "RDCLASS": "Private", "MDOTJURIS": "Private", "ONEWAY": "B", "SPEED": 25, "LVALID": "N", "RVALID": "N", "TOWN": "Newcastle", "ROUTE_NUM": "", "MAP_LABEL": "Castlewood Rd", "SOURCE": "18", "FEET": 3468, "MINUTES": 1.57614862, "PSAP": "Lincoln RCC", "GEONAMEID": 9675, "SEGMENTID": 60877, "MCODE": 440, "LGEOCODE": "15110", "RGEOCODE": "15110", "GC_EXCEPTION": null, "AMUPDDAT": 1590710400000, "AMUPDORG": "jr.ngesi.maine.gov", "FMUPDDAT": 1339759130000, "FMUPDORG": "es.ngesi.maine.gov", "CREATDAT": 1339759130000, "CREATORG": "es.ngesi.maine.gov", "GlobalID": "d01c5b21-5146-4a52-bf59-c43189051921", "Shape__Length": 1056.9022186982795}}, {"type": "Feature", "id": 3119, "geometry": {"type": "LineString", "coordinates": [[-69.56044786162, 44.0963104325944], [-69.5607896745574, 44.0962618118547], [-69.5608834213073, 44.096248476871], [-69.5609668868179, 44.096236524788], [-69.5611465254105, 44.0962049321909], [-69.5613320632008, 44.0961723019522], [-69.561405724463, 44.0961593443281], [-69.5614930781511, 44.0961450769011], [-69.5615809291746, 44.0961332018525], [-69.5616627412344, 44.0961221397162], [-69.5617626824466, 44.0961086295039], [-69.5618455799154, 44.0960974178461], [-69.5619273918747, 44.0960863555208], [-69.5620165962091, 44.0960656952194], [-69.5621043270974, 44.0960437996361], [-69.562177101647, 44.0960256329403], [-69.5622498637445, 44.0960074752626], [-69.5623133404496, 44.0959916320838], [-69.5624322880247, 44.0959694115352], [-69.5624885343636, 44.0959604914124], [-69.5625473130586, 44.0959511806523], [-69.5626205742435, 44.0959395657129], [-69.5627544181755, 44.0959218181586], [-69.5628415061193, 44.0959112153707], [-69.5629154542319, 44.0959022258348], [-69.5629884164477, 44.0958933491494], [-69.5630735328153, 44.0958829989905], [-69.5631525696486, 44.0958783958602], [-69.5632400163627, 44.0958779647802], [-69.5633399554622, 44.0958774720353], [-69.5634274021721, 44.0958770408119], [-69.5635148488801, 44.0958766095215], [-69.5636028214783, 44.09587367264], [-69.5636899730819, 44.0958697943901], [-69.5639413628962, 44.0958586230784], [-69.5640370873905, 44.0958537208817], [-69.5641240542739, 44.0958461878545], [-69.564210334653, 44.0958387211749], [-69.5642911350521, 44.0958317226609], [-69.5643717482173, 44.0958247430213], [-69.5644638170123, 44.0958242881718], [-69.5645575098136, 44.0958238252229], [-69.5646387102396, 44.0958234239384], [-69.5647386492232, 44.0958229299706], [-69.5649093137594, 44.0958214289817], [-69.5651021795601, 44.0958121920921], [-69.5652760147344, 44.0958038683434], [-69.565369706709, 44.0957993892405], [-69.5654630142365, 44.095795209074], [-69.5655380772201, 44.0957931448983], [-69.5656690939733, 44.0957895431761], [-69.5657683245133, 44.0957868189856], [-69.5658299361182, 44.0957851273442], [-69.5658607356731, 44.095784281542]]}, "properties": {"OBJECTID": 3119, "SOURCE_OF_DATA": "ngesi.maine.gov", "DATEUPDATE": 1699967322000, "EFFECTIVE": 1369612800000, "EXPIRE": null, "RCL_UID": "urn:emergency:uid:gis:RCL:63074:ngesi.maine.gov", "L_ADD_PRE": "", "L_ADD_FROM": 2, "L_ADD_TO": 58, "R_ADD_PRE": "", "R_ADD_FROM": 1, "R_ADD_TO": 57, "LPARITY": "E", "RPARITY": "O", "ST_PREMOD": "", "ST_PREDIR": "", "ST_PRETYP": "", "ST_PRESEP": "", "ST_NAME": "Hassan", "ST_POSTTYP": "Avenue", "ST_POSTDIR": "", "ST_POSTMOD": "", "ST_FULLNAME": "Hassan Avenue", "DIRTRAVEL": null, "PREDIR": "", "STREETNAME": "Hassan", "SUFFIX": "Ave", "POSTDIR": "", "RDNAME": "Hassan Ave", "LESN": "142", "RESN": "142", "LMSAGCOMM": "Newcastle", "RMSAGCOMM": "Newcastle", "LMSAG_CODE": "2315", "RMSAG_CODE": "2315", "LCOUNTRY": "US", "RCOUNTRY": "US", "LSTATE": "ME", "RSTATE": "ME", "LCOUNTY": "Lincoln County", "RCOUNTY": "Lincoln County", "LCITY": "Newcastle", "RCITY": "Newcastle", "L_A4": null, "R_A4": null, "L_A5": null, "R_A5": null, "LPOSTCOMM": "Newcastle", "RPOSTCOMM": "Newcastle", "LZIPCODE": "04553", "RZIPCODE": "04553", "RDCLASS": "Local", "MDOTJURIS": "Townway", "ONEWAY": "B", "SPEED": 35, "LVALID": "N", "RVALID": "N", "TOWN": "Newcastle", "ROUTE_NUM": "", "MAP_LABEL": "Hassan Ave", "SOURCE": "43", "FEET": 1441, "MINUTES": 0.46791703, "PSAP": "Lincoln RCC", "GEONAMEID": 24705, "SEGMENTID": 63074, "MCODE": 440, "LGEOCODE": "15110", "RGEOCODE": "15110", "GC_EXCEPTION": null, "AMUPDDAT": 1699967322000, "AMUPDORG": "es.ngesi.maine.gov", "FMUPDDAT": 1267177614000, "FMUPDORG": "jt.ngesi.maine.gov", "CREATDAT": 1267177614000, "CREATORG": "jt.ngesi.maine.gov", "GlobalID": "a0f61719-2f9a-48d6-a30d-a9b6b0e8f366", "Shape__Length": 439.2739024884385}}, {"type": "Feature", "id": 3140, "geometry": {"type": "LineString", "coordinates": [[-69.5328898202103, 44.0911031030729], [-69.5326494301507, 44.0911078794388], [-69.5324987190556, 44.0910930692081], [-69.5323385705347, 44.0910775824842], [-69.5321694298741, 44.0910623174887], [-69.5319336965334, 44.0910514408342], [-69.5316031329979, 44.0910847612855], [-69.5312728568761, 44.0911306931431], [-69.5310008757466, 44.0911914697495], [-69.5307014526007, 44.0912707940465], [-69.5304406600867, 44.0913577891316], [-69.5303418675603, 44.091376731657]]}, "properties": {"OBJECTID": 3140, "SOURCE_OF_DATA": "ngesi.maine.gov", "DATEUPDATE": 1699967322000, "EFFECTIVE": 1369612800000, "EXPIRE": null, "RCL_UID": "urn:emergency:uid:gis:RCL:61148:ngesi.maine.gov", "L_ADD_PRE": "", "L_ADD_FROM": 2, "L_ADD_TO": 28, "R_ADD_PRE": "", "R_ADD_FROM": 1, "R_ADD_TO": 27, "LPARITY": "E", "RPARITY": "O", "ST_PREMOD": "", "ST_PREDIR": "", "ST_PRETYP": "", "ST_PRESEP": "", "ST_NAME": "High View", "ST_POSTTYP": "Road", "ST_POSTDIR": "", "ST_POSTMOD": "", "ST_FULLNAME": "High View Road", "DIRTRAVEL": null, "PREDIR": "", "STREETNAME": "High View", "SUFFIX": "Rd", "POSTDIR": "", "RDNAME": "High View Rd", "LESN": "142", "RESN": "142", "LMSAGCOMM": "Newcastle", "RMSAGCOMM": "Newcastle", "LMSAG_CODE": "2315", "RMSAG_CODE": "2315", "LCOUNTRY": "US", "RCOUNTRY": "US", "LSTATE": "ME", "RSTATE": "ME", "LCOUNTY": "Lincoln County", "RCOUNTY": "Lincoln County", "LCITY": "Newcastle", "RCITY": "Newcastle", "L_A4": null, "R_A4": null, "L_A5": null, "R_A5": null, "LPOSTCOMM": "Newcastle", "RPOSTCOMM": "Newcastle", "LZIPCODE": "04553", "RZIPCODE": "04553", "RDCLASS": "Private", "MDOTJURIS": "Private", "ONEWAY": "B", "SPEED": 25, "LVALID": "N", "RVALID": "N", "TOWN": "Newcastle", "ROUTE_NUM": "", "MAP_LABEL": "High View Rd", "SOURCE": "2", "FEET": 689, "MINUTES": 0.31330186, "PSAP": "Lincoln RCC", "GEONAMEID": 26067, "SEGMENTID": 61148, "MCODE": 440, "LGEOCODE": "15110", "RGEOCODE": "15110", "GC_EXCEPTION": null, "AMUPDDAT": 1699967322000, "AMUPDORG": "es.ngesi.maine.gov", "FMUPDDAT": 1271067982000, "FMUPDORG": "jt.ngesi.maine.gov", "CREATDAT": 1271067982000, "CREATORG": "jt.ngesi.maine.gov", "GlobalID": "a4bc0696-e944-48d9-859e-d2f547d02c27", "Shape__Length": 210.0881167328597}}, {"type": "Feature", "id": 3161, "geometry": {"type": "LineString", "coordinates": [[-69.5409971289276, 44.0377057360129], [-69.5413451537942, 44.0373492530844], [-69.5416344870004, 44.0370046887703], [-69.5419140622451, 44.0366661662774]]}, "properties": {"OBJECTID": 3161, "SOURCE_OF_DATA": "ngesi.maine.gov", "DATEUPDATE": 1699967322000, "EFFECTIVE": 1369612800000, "EXPIRE": null, "RCL_UID": "urn:emergency:uid:gis:RCL:63155:ngesi.maine.gov", "L_ADD_PRE": "", "L_ADD_FROM": 2, "L_ADD_TO": 26, "R_ADD_PRE": "", "R_ADD_FROM": 1, "R_ADD_TO": 27, "LPARITY": "E", "RPARITY": "O", "ST_PREMOD": "", "ST_PREDIR": "", "ST_PRETYP": "", "ST_PRESEP": "", "ST_NAME": "Hillcrest", "ST_POSTTYP": "Road", "ST_POSTDIR": "", "ST_POSTMOD": "", "ST_FULLNAME": "Hillcrest Road", "DIRTRAVEL": null, "PREDIR": "", "STREETNAME": "Hillcrest", "SUFFIX": "Rd", "POSTDIR": "", "RDNAME": "Hillcrest Rd", "LESN": "142", "RESN": "142", "LMSAGCOMM": "Newcastle", "RMSAGCOMM": "Newcastle", "LMSAG_CODE": "2315", "RMSAG_CODE": "2315", "LCOUNTRY": "US", "RCOUNTRY": "US", "LSTATE": "ME", "RSTATE": "ME", "LCOUNTY": "Lincoln County", "RCOUNTY": "Lincoln County", "LCITY": "Newcastle", "RCITY": "Newcastle", "L_A4": null, "R_A4": null, "L_A5": null, "R_A5": null, "LPOSTCOMM": "Newcastle", "RPOSTCOMM": "Newcastle", "LZIPCODE": "04553", "RZIPCODE": "04553", "RDCLASS": "Local", "MDOTJURIS": "Townway", "ONEWAY": "B", "SPEED": 35, "LVALID": "N", "RVALID": "N", "TOWN": "Newcastle", "ROUTE_NUM": "", "MAP_LABEL": "Hillcrest Rd", "SOURCE": "43", "FEET": 449, "MINUTES": 0.14587096, "PSAP": "Lincoln RCC", "GEONAMEID": 26322, "SEGMENTID": 63155, "MCODE": 440, "LGEOCODE": "15110", "RGEOCODE": "15110", "GC_EXCEPTION": null, "AMUPDDAT": 1699967322000, "AMUPDORG": "es.ngesi.maine.gov", "FMUPDDAT": 1268053447000, "FMUPDORG": "jt.ngesi.maine.gov", "CREATDAT": 1268053447000, "CREATORG": "jt.ngesi.maine.gov", "GlobalID": "1421be2c-d663-4c49-8f8b-6452fbb03998", "Shape__Length": 136.9416016762649}}, {"type": "Feature", "id": 3164, "geometry": {"type": "LineString", "coordinates": [[-69.5319840443639, 44.0825046038203], [-69.5316089866681, 44.0825140114724], [-69.5313266169835, 44.0824981465841], [-69.5310065368921, 44.0824805745705], [-69.5306921012451, 44.0824935958956], [-69.5303877983973, 44.0825489391646], [-69.5300824623619, 44.0826313145263], [-69.5297690253849, 44.0827199659687], [-69.5294441437266, 44.0827634996922], [-69.5290525334726, 44.0827027223798], [-69.5286789365471, 44.082625303177], [-69.5283282579803, 44.0825476507237], [-69.5279508105467, 44.0824794483852], [-69.5275863591673, 44.0824146690889], [-69.5272672647816, 44.082356026687], [-69.5269345395589, 44.0823081062495], [-69.5265489730101, 44.0822451226623], [-69.5261930105615, 44.0821950203011], [-69.526071310204, 44.0821826879233], [-69.5260267015884, 44.0821875930777], [-69.525982347268, 44.0822014643991]]}, "properties": {"OBJECTID": 3164, "SOURCE_OF_DATA": "ngesi.maine.gov", "DATEUPDATE": 1733151252000, "EFFECTIVE": 1369612800000, "EXPIRE": null, "RCL_UID": "urn:emergency:uid:gis:RCL:60906:ngesi.maine.gov", "L_ADD_PRE": "", "L_ADD_FROM": 24, "L_ADD_TO": 84, "R_ADD_PRE": "", "R_ADD_FROM": 23, "R_ADD_TO": 83, "LPARITY": "E", "RPARITY": "O", "ST_PREMOD": "", "ST_PREDIR": "", "ST_PRETYP": "", "ST_PRESEP": "", "ST_NAME": "Milliken Island", "ST_POSTTYP": "Road", "ST_POSTDIR": "", "ST_POSTMOD": "", "ST_FULLNAME": "Milliken Island Road", "DIRTRAVEL": null, "PREDIR": "", "STREETNAME": "Milliken Island", "SUFFIX": "Rd", "POSTDIR": "", "RDNAME": "Milliken Island Rd", "LESN": "142", "RESN": "142", "LMSAGCOMM": "Newcastle", "RMSAGCOMM": "Newcastle", "LMSAG_CODE": "2315", "RMSAG_CODE": "2315", "LCOUNTRY": "US", "RCOUNTRY": "US", "LSTATE": "ME", "RSTATE": "ME", "LCOUNTY": "Lincoln County", "RCOUNTY": "Lincoln County", "LCITY": "Newcastle", "RCITY": "Newcastle", "L_A4": null, "R_A4": null, "L_A5": null, "R_A5": null, "LPOSTCOMM": "Newcastle", "RPOSTCOMM": "Newcastle", "LZIPCODE": "04553", "RZIPCODE": "04553", "RDCLASS": "Private", "MDOTJURIS": "Private", "ONEWAY": "B", "SPEED": 25, "LVALID": "N", "RVALID": "N", "TOWN": "Newcastle", "ROUTE_NUM": "", "MAP_LABEL": "Milliken Island Rd", "SOURCE": "2", "FEET": 1619, "MINUTES": 0.73611452, "PSAP": "Lincoln RCC", "GEONAMEID": 37879, "SEGMENTID": 60906, "MCODE": 440, "LGEOCODE": "15110", "RGEOCODE": "15110", "GC_EXCEPTION": null, "AMUPDDAT": 1733151252000, "AMUPDORG": "es.ngesi.maine.gov", "FMUPDDAT": 1331637529000, "FMUPDORG": "es.ngesi.maine.gov", "CREATDAT": 1331637529000, "CREATORG": "es.ngesi.maine.gov", "GlobalID": "caa84a15-bb3e-4c8a-9067-afcc2b32c9f2", "Shape__Length": 493.6099370803031}}, {"type": "Feature", "id": 3181, "geometry": {"type": "LineString", "coordinates": [[-69.608762309352, 44.0500341533715], [-69.6090000964357, 44.050049227333], [-69.6094178881763, 44.0500747571286], [-69.6097030500871, 44.050092286948], [-69.6099788995996, 44.0501280616742], [-69.6101464773845, 44.0501549424039], [-69.610238864013, 44.0501923713691]]}, "properties": {"OBJECTID": 3181, "SOURCE_OF_DATA": "ngesi.maine.gov", "DATEUPDATE": 1709135163000, "EFFECTIVE": 1369612800000, "EXPIRE": null, "RCL_UID": "urn:emergency:uid:gis:RCL:63110:ngesi.maine.gov", "L_ADD_PRE": "", "L_ADD_FROM": 662, "L_ADD_TO": 676, "R_ADD_PRE": "", "R_ADD_FROM": 661, "R_ADD_TO": 675, "LPARITY": "E", "RPARITY": "O", "ST_PREMOD": "", "ST_PREDIR": "", "ST_PRETYP": "", "ST_PRESEP": "", "ST_NAME": "Sheepscot", "ST_POSTTYP": "Road", "ST_POSTDIR": "", "ST_POSTMOD": "", "ST_FULLNAME": "Sheepscot Road", "DIRTRAVEL": null, "PREDIR": "", "STREETNAME": "Sheepscot", "SUFFIX": "Rd", "POSTDIR": "", "RDNAME": "Sheepscot Rd", "LESN": "142", "RESN": "142", "LMSAGCOMM": "Newcastle", "RMSAGCOMM": "Newcastle", "LMSAG_CODE": "2315", "RMSAG_CODE": "2315", "LCOUNTRY": "US", "RCOUNTRY": "US", "LSTATE": "ME", "RSTATE": "ME", "LCOUNTY": "Lincoln County", "RCOUNTY": "Lincoln County", "LCITY": "Newcastle", "RCITY": "Newcastle", "L_A4": null, "R_A4": null, "L_A5": null, "R_A5": null, "LPOSTCOMM": "Newcastle", "RPOSTCOMM": "Newcastle", "LZIPCODE": "04553", "RZIPCODE": "04553", "RDCLASS": "Local", "MDOTJURIS": "State Aid", "ONEWAY": "B", "SPEED": 35, "LVALID": "N", "RVALID": "N", "TOWN": "Newcastle", "ROUTE_NUM": "", "MAP_LABEL": "Sheepscot Rd", "SOURCE": "43", "FEET": 395, "MINUTES": 0.12817787, "PSAP": "Lincoln RCC", "GEONAMEID": 52286, "SEGMENTID": 63110, "MCODE": 440, "LGEOCODE": "15110", "RGEOCODE": "15110", "GC_EXCEPTION": null, "AMUPDDAT": 1709135163000, "AMUPDORG": "es.ngesi.maine.gov", "FMUPDDAT": 1267190322000, "FMUPDORG": "jt.ngesi.maine.gov", "CREATDAT": 1267190322000, "CREATORG": "jt.ngesi.maine.gov", "GlobalID": "9c17596a-c5f2-477b-bcee-22b64b1136e1", "Shape__Length": 120.33157282213968}}, {"type": "Feature", "id": 3189, "geometry": {"type": "LineString", "coordinates": [[-69.5338625572125, 44.0502042268179], [-69.5337099542878, 44.0504885024302], [-69.5335764957379, 44.0507584450131], [-69.5334864177057, 44.0510104661521], [-69.5334567134857, 44.051171135773], [-69.5334445706243, 44.0513314802971], [-69.533471261848, 44.0515555227357], [-69.5335341577157, 44.0518617953594], [-69.5335582835146, 44.0522227286601], [-69.5335480146747, 44.052533394432], [-69.5335157926939, 44.0529073216517], [-69.5334942861192, 44.0530648197614]]}, "properties": {"OBJECTID": 3189, "SOURCE_OF_DATA": "ngesi.maine.gov", "DATEUPDATE": 1605571200000, "EFFECTIVE": 1369612800000, "EXPIRE": null, "RCL_UID": "urn:emergency:uid:gis:RCL:127284:ngesi.maine.gov", "L_ADD_PRE": "", "L_ADD_FROM": 256, "L_ADD_TO": 296, "R_ADD_PRE": "", "R_ADD_FROM": 255, "R_ADD_TO": 295, "LPARITY": "E", "RPARITY": "O", "ST_PREMOD": "", "ST_PREDIR": "", "ST_PRETYP": "", "ST_PRESEP": "", "ST_NAME": "Academy", "ST_POSTTYP": "Hill", "ST_POSTDIR": "", "ST_POSTMOD": "", "ST_FULLNAME": "Academy Hill", "DIRTRAVEL": null, "PREDIR": "", "STREETNAME": "Academy", "SUFFIX": "Hl", "POSTDIR": "", "RDNAME": "Academy Hl", "LESN": "142", "RESN": "142", "LMSAGCOMM": "Newcastle", "RMSAGCOMM": "Newcastle", "LMSAG_CODE": "2315", "RMSAG_CODE": "2315", "LCOUNTRY": "US", "RCOUNTRY": "US", "LSTATE": "ME", "RSTATE": "ME", "LCOUNTY": "Lincoln County", "RCOUNTY": "Lincoln County", "LCITY": "Newcastle", "RCITY": "Newcastle", "L_A4": null, "R_A4": null, "L_A5": null, "R_A5": null, "LPOSTCOMM": "Newcastle", "RPOSTCOMM": "Newcastle", "LZIPCODE": "04553", "RZIPCODE": "04553", "RDCLASS": "Local", "MDOTJURIS": "Townway", "ONEWAY": "B", "SPEED": 35, "LVALID": "N", "RVALID": "N", "TOWN": "Newcastle", "ROUTE_NUM": "", "MAP_LABEL": "Academy Hl", "SOURCE": "43", "FEET": 1062, "MINUTES": 0.3447504, "PSAP": "Lincoln RCC", "GEONAMEID": 324, "SEGMENTID": 127284, "MCODE": 440, "LGEOCODE": "15110", "RGEOCODE": "15110", "GC_EXCEPTION": null, "AMUPDDAT": 1590710400000, "AMUPDORG": "jr.ngesi.maine.gov", "FMUPDDAT": 1314888107000, "FMUPDORG": "es.ngesi.maine.gov", "CREATDAT": 1314888107000, "CREATORG": "es.ngesi.maine.gov", "GlobalID": "cc5a54f9-7e8c-46f0-a317-d0f0d6f881c5", "Shape__Length": 323.64615565533677}}, {"type": "Feature", "id": 3191, "geometry": {"type": "LineString", "coordinates": [[-69.5388246809498, 44.0731355156818], [-69.5387077693449, 44.0731248127714], [-69.5385662991891, 44.0730803097703], [-69.5384461196897, 44.0730424858024], [-69.5383358337251, 44.0730077212576], [-69.5381541223202, 44.0729640465911], [-69.5379982674471, 44.0729375543822], [-69.537802964424, 44.0729126341803], [-69.5374302031889, 44.0728654188522], [-69.537309072075, 44.0728478917872], [-69.5371918492679, 44.072828923683], [-69.5370743129688, 44.0728056623184], [-69.536933794406, 44.0728427054605], [-69.5367960088023, 44.0728215287198], [-69.5366944790318, 44.0728545439303], [-69.5366161335545, 44.0729297300444], [-69.5365355741197, 44.0729976337611], [-69.5364294699307, 44.0730026336844], [-69.5363106341671, 44.0729806831266], [-69.536180499052, 44.0729036667656], [-69.5360640263256, 44.0729096603641], [-69.53594788359, 44.0729148599983], [-69.5358291700274, 44.07290641344], [-69.5357284444146, 44.0729871149379], [-69.5356132127272, 44.0730019615859], [-69.535452401954, 44.0730448151826], [-69.5353620501905, 44.0730517570447], [-69.5350277792857, 44.0730115562171], [-69.5349862294374, 44.073012750161], [-69.5348633264481, 44.0730327729054], [-69.534500171044, 44.0730161775718], [-69.5344314412868, 44.0730930638567], [-69.5342905361367, 44.0731248745897], [-69.5341612225351, 44.0731306021762], [-69.5339498345054, 44.0731236042973], [-69.5338522073713, 44.0731131034013], [-69.5336775411661, 44.0730943190605], [-69.5335110321946, 44.073053555118], [-69.5333266294631, 44.0730352118553], [-69.5331763375919, 44.0730327891545], [-69.5329606949105, 44.0730275559566], [-69.5327573779326, 44.0729387855122], [-69.5326014441103, 44.0729575193031], [-69.5325181596208, 44.0730716022375], [-69.5323947800395, 44.0731722948548], [-69.5323312689659, 44.0732786056199]]}, "properties": {"OBJECTID": 3191, "SOURCE_OF_DATA": "ngesi.maine.gov", "DATEUPDATE": 1713382697000, "EFFECTIVE": 1369612800000, "EXPIRE": null, "RCL_UID": "urn:emergency:uid:gis:RCL:122378:ngesi.maine.gov", "L_ADD_PRE": "", "L_ADD_FROM": 2, "L_ADD_TO": 78, "R_ADD_PRE": "", "R_ADD_FROM": 1, "R_ADD_TO": 77, "LPARITY": "E", "RPARITY": "O", "ST_PREMOD": "", "ST_PREDIR": "", "ST_PRETYP": "", "ST_PRESEP": "", "ST_NAME": "Kistler", "ST_POSTTYP": "Way", "ST_POSTDIR": "", "ST_POSTMOD": "", "ST_FULLNAME": "Kistler Way", "DIRTRAVEL": null, "PREDIR": "", "STREETNAME": "Kistler", "SUFFIX": "Way", "POSTDIR": "", "RDNAME": "Kistler Way", "LESN": "142", "RESN": "142", "LMSAGCOMM": "Newcastle", "RMSAGCOMM": "Newcastle", "LMSAG_CODE": "2315", "RMSAG_CODE": "2315", "LCOUNTRY": "US", "RCOUNTRY": "US", "LSTATE": "ME", "RSTATE": "ME", "LCOUNTY": "Lincoln County", "RCOUNTY": "Lincoln County", "LCITY": "Newcastle", "RCITY": "Newcastle", "L_A4": null, "R_A4": null, "L_A5": null, "R_A5": null, "LPOSTCOMM": "Newcastle", "RPOSTCOMM": "Newcastle", "LZIPCODE": "04553", "RZIPCODE": "04553", "RDCLASS": "Private", "MDOTJURIS": "Private", "ONEWAY": "B", "SPEED": 25, "LVALID": "N", "RVALID": "N", "TOWN": "Newcastle", "ROUTE_NUM": "", "MAP_LABEL": "Kistler Way", "SOURCE": "2", "FEET": 1882, "MINUTES": 0.85559996, "PSAP": "Lincoln RCC", "GEONAMEID": 30670, "SEGMENTID": 122378, "MCODE": 440, "LGEOCODE": "15110", "RGEOCODE": "15110", "GC_EXCEPTION": null, "AMUPDDAT": 1713382697000, "AMUPDORG": "es.ngesi.maine.gov", "FMUPDDAT": 1267181641000, "FMUPDORG": "jt.ngesi.maine.gov", "CREATDAT": 1267181641000, "CREATORG": "jt.ngesi.maine.gov", "GlobalID": "3ef1ee7e-1788-4e86-8e27-71abab32722f", "Shape__Length": 573.7322542774385}}, {"type": "Feature", "id": 3198, "geometry": {"type": "LineString", "coordinates": [[-69.6035899321239, 44.0426773955797], [-69.6038527860216, 44.042445158782], [-69.6039501849217, 44.0423620015104], [-69.6039907094262, 44.042328474608], [-69.6040430300842, 44.0423097859981], [-69.6040979374319, 44.0422901653379], [-69.6041528448346, 44.0422705536544], [-69.6042053021323, 44.0422518102269], [-69.6042601301496, 44.0422329912131], [-69.6044702750133, 44.0421621030469], [-69.6045294517077, 44.0421302959612], [-69.6045956297103, 44.042094724377], [-69.6046577731084, 44.0420613169222], [-69.6047188490254, 44.0420285003063], [-69.6047799123023, 44.041995674721], [-69.6048402639167, 44.0419579279956], [-69.6050837716633, 44.0418049939075], [-69.6053255913236, 44.0416506547023], [-69.6055674097271, 44.0414963149883], [-69.605608743147, 44.0414786292535], [-69.6056547242948, 44.0414589471155], [-69.6057026317798, 44.0414384534414], [-69.605745903783, 44.0414199380676], [-69.605791101941, 44.0414005931526], [-69.6058184588706, 44.0413905443266], [-69.6058507897754, 44.0413786684329], [-69.6058781466847, 44.0413686195926], [-69.6058927413022, 44.0413530653039], [-69.6059102128389, 44.0413344435941], [-69.6059305611974, 44.041312745459], [-69.6059460571604, 44.0412962320197], [-69.6059728233129, 44.0412233333558], [-69.6060007066145, 44.0411473856005], [-69.6060183353337, 44.0410744003375], [-69.6060368262818, 44.0409978451394], [-69.6060542632989, 44.0409256531876], [-69.6060725625417, 44.0408498913005], [-69.6060781698668, 44.0407730713084], [-69.6060834261655, 44.0407009979843], [-69.6060889890489, 44.0406247184312]]}, "properties": {"OBJECTID": 3198, "SOURCE_OF_DATA": "ngesi.maine.gov", "DATEUPDATE": 1702054300000, "EFFECTIVE": 1369612800000, "EXPIRE": null, "RCL_UID": "urn:emergency:uid:gis:RCL:62169:ngesi.maine.gov", "L_ADD_PRE": "", "L_ADD_FROM": 2, "L_ADD_TO": 200, "R_ADD_PRE": "", "R_ADD_FROM": 1, "R_ADD_TO": 199, "LPARITY": "E", "RPARITY": "O", "ST_PREMOD": "", "ST_PREDIR": "", "ST_PRETYP": "", "ST_PRESEP": "", "ST_NAME": "Marsh River", "ST_POSTTYP": "Run", "ST_POSTDIR": "", "ST_POSTMOD": "", "ST_FULLNAME": "Marsh River Run", "DIRTRAVEL": null, "PREDIR": "", "STREETNAME": "Marsh River", "SUFFIX": "Run", "POSTDIR": "", "RDNAME": "Marsh River Run", "LESN": "142", "RESN": "142", "LMSAGCOMM": "Newcastle", "RMSAGCOMM": "Newcastle", "LMSAG_CODE": "2315", "RMSAG_CODE": "2315", "LCOUNTRY": "US", "RCOUNTRY": "US", "LSTATE": "ME", "RSTATE": "ME", "LCOUNTY": "Lincoln County", "RCOUNTY": "Lincoln County", "LCITY": "Newcastle", "RCITY": "Newcastle", "L_A4": null, "R_A4": null, "L_A5": null, "R_A5": null, "LPOSTCOMM": "Newcastle", "RPOSTCOMM": "Newcastle", "LZIPCODE": "04553", "RZIPCODE": "04553", "RDCLASS": "Private", "MDOTJURIS": "Private", "ONEWAY": "B", "SPEED": 25, "LVALID": "N", "RVALID": "N", "TOWN": "Newcastle", "ROUTE_NUM": "", "MAP_LABEL": "Marsh River Run", "SOURCE": "13", "FEET": 1056, "MINUTES": 0.48016141, "PSAP": "Lincoln RCC", "GEONAMEID": 35796, "SEGMENTID": 62169, "MCODE": 440, "LGEOCODE": "15110", "RGEOCODE": "15110", "GC_EXCEPTION": null, "AMUPDDAT": 1702054300000, "AMUPDORG": "es.ngesi.maine.gov", "FMUPDDAT": 1267191864000, "FMUPDORG": "jt.ngesi.maine.gov", "CREATDAT": 1267191864000, "CREATORG": "jt.ngesi.maine.gov", "GlobalID": "90cd3886-4408-4571-b68e-138fb74d21af", "Shape__Length": 321.9776768409589}}, {"type": "Feature", "id": 3209, "geometry": {"type": "LineString", "coordinates": [[-69.6060716176613, 44.0494724918834], [-69.6060051667288, 44.0495970914996], [-69.6058885373784, 44.0500135687939], [-69.6057122022881, 44.0504414636978], [-69.6055669629014, 44.0507188454841], [-69.6053715564404, 44.0510886878486], [-69.6052192345561, 44.0514125372888], [-69.6050460677429, 44.0517662531761], [-69.6049577652759, 44.0519190224842], [-69.6048562008922, 44.0520947305957], [-69.6047682287288, 44.0522469307854], [-69.6046287671717, 44.0523679004654], [-69.6044621039077, 44.0524595277191], [-69.604276141149, 44.0525230221084], [-69.60403164703, 44.0525490203339], [-69.6034150359208, 44.0525653965716], [-69.6032733560344, 44.0525764086482]]}, "properties": {"OBJECTID": 3209, "SOURCE_OF_DATA": "ngesi.maine.gov", "DATEUPDATE": 1707245184000, "EFFECTIVE": 1369612800000, "EXPIRE": null, "RCL_UID": "urn:emergency:uid:gis:RCL:74220:ngesi.maine.gov", "L_ADD_PRE": "", "L_ADD_FROM": 2, "L_ADD_TO": 60, "R_ADD_PRE": "", "R_ADD_FROM": 1, "R_ADD_TO": 59, "LPARITY": "E", "RPARITY": "O", "ST_PREMOD": "", "ST_PREDIR": "North", "ST_PRETYP": "", "ST_PRESEP": "", "ST_NAME": "Newcastle", "ST_POSTTYP": "Road", "ST_POSTDIR": "", "ST_POSTMOD": "", "ST_FULLNAME": "North Newcastle Road", "DIRTRAVEL": null, "PREDIR": "N", "STREETNAME": "Newcastle", "SUFFIX": "Rd", "POSTDIR": "", "RDNAME": "N Newcastle Rd", "LESN": "142", "RESN": "142", "LMSAGCOMM": "Newcastle", "RMSAGCOMM": "Newcastle", "LMSAG_CODE": "2315", "RMSAG_CODE": "2315", "LCOUNTRY": "US", "RCOUNTRY": "US", "LSTATE": "ME", "RSTATE": "ME", "LCOUNTY": "Lincoln County", "RCOUNTY": "Lincoln County", "LCITY": "Newcastle", "RCITY": "Newcastle", "L_A4": null, "R_A4": null, "L_A5": null, "R_A5": null, "LPOSTCOMM": "Newcastle", "RPOSTCOMM": "Newcastle", "LZIPCODE": "04553", "RZIPCODE": "04553", "RDCLASS": "Local", "MDOTJURIS": "Townway", "ONEWAY": "B", "SPEED": 35, "LVALID": "N", "RVALID": "N", "TOWN": "Newcastle", "ROUTE_NUM": "", "MAP_LABEL": "N Newcastle Rd", "SOURCE": "43", "FEET": 1501, "MINUTES": 0.48719471, "PSAP": "Lincoln RCC", "GEONAMEID": 65069, "SEGMENTID": 74220, "MCODE": 440, "LGEOCODE": "15110", "RGEOCODE": "15110", "GC_EXCEPTION": null, "AMUPDDAT": 1707245184000, "AMUPDORG": "es.ngesi.maine.gov", "FMUPDDAT": 1295347251000, "FMUPDORG": "jt.ngesi.maine.gov", "CREATDAT": 1295347251000, "CREATORG": "jt.ngesi.maine.gov", "GlobalID": "52796aba-058c-49d7-87c0-6ccdbd03b3be", "Shape__Length": 457.3715120196928}}, {"type": "Feature", "id": 3219, "geometry": {"type": "LineString", "coordinates": [[-69.5255725547285, 44.083394423789], [-69.5254286300917, 44.0837361062972], [-69.5249089653604, 44.0843250373116], [-69.5247443375494, 44.0845550732607], [-69.5246675451562, 44.0847613689078], [-69.5246138934758, 44.0849502537735], [-69.524583227644, 44.0851239614373], [-69.5245690814694, 44.0853210830156], [-69.5248094032612, 44.0854538503481], [-69.5251360070185, 44.085474443859], [-69.5254015115778, 44.0853884114939], [-69.525665460876, 44.085415990109], [-69.525933847568, 44.0854974688306], [-69.5262003196672, 44.0855333807134], [-69.5263778017188, 44.0856066608187], [-69.5265950297144, 44.0857038414532], [-69.5270660783837, 44.0860816112327], [-69.5270877069053, 44.0861330106842], [-69.5271072975406, 44.0863121952492], [-69.5271049207789, 44.0864820006175], [-69.5270020716953, 44.0867340290059], [-69.5269586143282, 44.0868211479067], [-69.5268941357873, 44.0869647157747], [-69.5268428788071, 44.0870949156667], [-69.5267493626091, 44.087443119676], [-69.5267403350089, 44.0874787065643]]}, "properties": {"OBJECTID": 3219, "SOURCE_OF_DATA": "ngesi.maine.gov", "DATEUPDATE": 1733151252000, "EFFECTIVE": 1369612800000, "EXPIRE": null, "RCL_UID": "urn:emergency:uid:gis:RCL:61133:ngesi.maine.gov", "L_ADD_PRE": "", "L_ADD_FROM": 106, "L_ADD_TO": 184, "R_ADD_PRE": "", "R_ADD_FROM": 105, "R_ADD_TO": 195, "LPARITY": "E", "RPARITY": "O", "ST_PREMOD": "", "ST_PREDIR": "", "ST_PRETYP": "", "ST_PRESEP": "", "ST_NAME": "Milliken Island", "ST_POSTTYP": "Road", "ST_POSTDIR": "", "ST_POSTMOD": "", "ST_FULLNAME": "Milliken Island Road", "DIRTRAVEL": null, "PREDIR": "", "STREETNAME": "Milliken Island", "SUFFIX": "Rd", "POSTDIR": "", "RDNAME": "Milliken Island Rd", "LESN": "142", "RESN": "142", "LMSAGCOMM": "Newcastle", "RMSAGCOMM": "Newcastle", "LMSAG_CODE": "2315", "RMSAG_CODE": "2315", "LCOUNTRY": "US", "RCOUNTRY": "US", "LSTATE": "ME", "RSTATE": "ME", "LCOUNTY": "Lincoln County", "RCOUNTY": "Lincoln County", "LCITY": "Newcastle", "RCITY": "Newcastle", "L_A4": null, "R_A4": null, "L_A5": null, "R_A5": null, "LPOSTCOMM": "Newcastle", "RPOSTCOMM": "Newcastle", "LZIPCODE": "04553", "RZIPCODE": "04553", "RDCLASS": "Private", "MDOTJURIS": "Private", "ONEWAY": "B", "SPEED": 25, "LVALID": "N", "RVALID": "N", "TOWN": "Newcastle", "ROUTE_NUM": "", "MAP_LABEL": "Milliken Island Rd", "SOURCE": "2", "FEET": 2052, "MINUTES": 0.93255485, "PSAP": "Lincoln RCC", "GEONAMEID": 37879, "SEGMENTID": 61133, "MCODE": 440, "LGEOCODE": "15110", "RGEOCODE": "15110", "GC_EXCEPTION": null, "AMUPDDAT": 1733151252000, "AMUPDORG": "es.ngesi.maine.gov", "FMUPDDAT": 1331637589000, "FMUPDORG": "es.ngesi.maine.gov", "CREATDAT": 1331637589000, "CREATORG": "es.ngesi.maine.gov", "GlobalID": "ff14789f-9851-4e3b-a747-2a06e949fd09", "Shape__Length": 625.3352289012693}}, {"type": "Feature", "id": 3222, "geometry": {"type": "LineString", "coordinates": [[-69.5304350463458, 44.0380271363887], [-69.5302279953209, 44.0381425311444], [-69.5298056218673, 44.0383529650941], [-69.5295705103498, 44.0384696412077], [-69.5292752175736, 44.0386160638856], [-69.5291641158664, 44.0386711573366], [-69.5289756736076, 44.0387645942766], [-69.5287670933799, 44.0388728447231], [-69.5285724510044, 44.0389751780738], [-69.528362564847, 44.0390855136137], [-69.5281616062173, 44.0391963386999], [-69.5279787259537, 44.0392980584478], [-69.5279500860726, 44.0393139918215], [-69.5279214461763, 44.039329925188], [-69.5278888691865, 44.039348046566], [-69.527874395191, 44.0393541277344], [-69.5278363201307, 44.0393560683149], [-69.5277990435052, 44.0393579691807], [-69.5277617793577, 44.0393598699767], [-69.5277245027272, 44.0393617708182], [-69.5276138828779, 44.0393674046577], [-69.5274966510931, 44.039373384037], [-69.5273790199847, 44.0393793741427], [-69.5272622228612, 44.0393780764992], [-69.5271441430392, 44.0393728771632], [-69.5270326932995, 44.0393679712457], [-69.5269154501134, 44.0393628128313], [-69.5268592343332, 44.0393612983957], [-69.5267968808214, 44.0393601183488], [-69.5267405691099, 44.0393590454655], [-69.5266780157535, 44.0393578482682], [-69.5266214918759, 44.0393567763042], [-69.5265593821329, 44.0393478880632], [-69.5265030509654, 44.0393347505484], [-69.5264448563906, 44.0393211894269], [-69.5263923023771, 44.0393089347971], [-69.5263397359045, 44.0392966802006], [-69.526287181934, 44.0392844255222], [-69.5262308508857, 44.0392712878725], [-69.5261820240553, 44.0392599073193], [-69.5261294076667, 44.0392476438523], [-69.5260768037802, 44.0392353803034], [-69.5260218289157, 44.0392358585047], [-69.5259746491271, 44.0392441697978], [-69.5258348640577, 44.0392543748687], [-69.5257893940047, 44.0392640827525], [-69.5257469200688, 44.0392738668659], [-69.525701344286, 44.0392857360258], [-69.5256586589162, 44.0392998427284]]}, "properties": {"OBJECTID": 3222, "SOURCE_OF_DATA": "ngesi.maine.gov", "DATEUPDATE": 1730479511000, "EFFECTIVE": 1369612800000, "EXPIRE": null, "RCL_UID": "urn:emergency:uid:gis:RCL:93060:ngesi.maine.gov", "L_ADD_PRE": "", "L_ADD_FROM": 76, "L_ADD_TO": 184, "R_ADD_PRE": "", "R_ADD_FROM": 77, "R_ADD_TO": 185, "LPARITY": "E", "RPARITY": "O", "ST_PREMOD": "", "ST_PREDIR": "", "ST_PRETYP": "", "ST_PRESEP": "", "ST_NAME": "Glidden", "ST_POSTTYP": "Street", "ST_POSTDIR": "", "ST_POSTMOD": "", "ST_FULLNAME": "Glidden Street", "DIRTRAVEL": null, "PREDIR": "", "STREETNAME": "Glidden", "SUFFIX": "St", "POSTDIR": "", "RDNAME": "Glidden St", "LESN": "142", "RESN": "142", "LMSAGCOMM": "Newcastle", "RMSAGCOMM": "Newcastle", "LMSAG_CODE": "2315", "RMSAG_CODE": "2315", "LCOUNTRY": "US", "RCOUNTRY": "US", "LSTATE": "ME", "RSTATE": "ME", "LCOUNTY": "Lincoln County", "RCOUNTY": "Lincoln County", "LCITY": "Newcastle", "RCITY": "Newcastle", "L_A4": null, "R_A4": null, "L_A5": null, "R_A5": null, "LPOSTCOMM": "Newcastle", "RPOSTCOMM": "Newcastle", "LZIPCODE": "04553", "RZIPCODE": "04553", "RDCLASS": "Private", "MDOTJURIS": "Private", "ONEWAY": "B", "SPEED": 25, "LVALID": "N", "RVALID": "N", "TOWN": "Newcastle", "ROUTE_NUM": "", "MAP_LABEL": "Glidden St", "SOURCE": "2", "FEET": 1422, "MINUTES": 0.64649864, "PSAP": "Lincoln RCC", "GEONAMEID": 21955, "SEGMENTID": 93060, "MCODE": 440, "LGEOCODE": "15110", "RGEOCODE": "15110", "GC_EXCEPTION": null, "AMUPDDAT": 1730479511000, "AMUPDORG": "es.ngesi.maine.gov", "FMUPDDAT": 1655133824000, "FMUPDORG": "es.ngesi.maine.gov", "CREATDAT": 1267200418000, "CREATORG": "jt.ngesi.maine.gov", "GlobalID": "8e395b39-92ef-4f0e-a22f-7519f42b121a", "Shape__Length": 433.51699196250433}}, {"type": "Feature", "id": 3263, "geometry": {"type": "LineString", "coordinates": [[-69.5786880541803, 44.0341145191205], [-69.5786025960214, 44.0342702072649], [-69.5784816432795, 44.0344360688792], [-69.5782987801596, 44.0345587121031], [-69.5779153556948, 44.0346358669093], [-69.5775468415901, 44.0347050670479], [-69.5771670483056, 44.0347900789962], [-69.5769598048356, 44.0348506924812], [-69.5768302762237, 44.034925597871], [-69.5767268093947, 44.0350291735668], [-69.5766094022554, 44.0351611083284], [-69.57642474181, 44.0354620257091], [-69.5762068333148, 44.0357746798768], [-69.5759873794842, 44.0360375523894], [-69.5758650585299, 44.0361650634377], [-69.5757621213989, 44.036248981064], [-69.5755807806109, 44.036366300203], [-69.5752930328357, 44.0364774113088], [-69.5749901641414, 44.0365943599861], [-69.5747293915481, 44.0367307236045], [-69.5744644213782, 44.0368797035386], [-69.5742204531711, 44.0370168908435], [-69.5740207371492, 44.0370891295998], [-69.5735717911815, 44.0372515373903]]}, "properties": {"OBJECTID": 3263, "SOURCE_OF_DATA": "ngesi.maine.gov", "DATEUPDATE": 1734363760000, "EFFECTIVE": 1369612800000, "EXPIRE": null, "RCL_UID": "urn:emergency:uid:gis:RCL:74105:ngesi.maine.gov", "L_ADD_PRE": "", "L_ADD_FROM": 2, "L_ADD_TO": 64, "R_ADD_PRE": "", "R_ADD_FROM": 1, "R_ADD_TO": 73, "LPARITY": "E", "RPARITY": "O", "ST_PREMOD": "", "ST_PREDIR": "", "ST_PRETYP": "", "ST_PRESEP": "", "ST_NAME": "Indian", "ST_POSTTYP": "Trail", "ST_POSTDIR": "", "ST_POSTMOD": "", "ST_FULLNAME": "Indian Trail", "DIRTRAVEL": null, "PREDIR": "", "STREETNAME": "Indian", "SUFFIX": "Trl", "POSTDIR": "", "RDNAME": "Indian Trl", "LESN": "142", "RESN": "142", "LMSAGCOMM": "Newcastle", "RMSAGCOMM": "Newcastle", "LMSAG_CODE": "2315", "RMSAG_CODE": "2315", "LCOUNTRY": "US", "RCOUNTRY": "US", "LSTATE": "ME", "RSTATE": "ME", "LCOUNTY": "Lincoln County", "RCOUNTY": "Lincoln County", "LCITY": "Newcastle", "RCITY": "Newcastle", "L_A4": null, "R_A4": null, "L_A5": null, "R_A5": null, "LPOSTCOMM": "Newcastle", "RPOSTCOMM": "Newcastle", "LZIPCODE": "04553", "RZIPCODE": "04553", "RDCLASS": "Local", "MDOTJURIS": "Townway", "ONEWAY": "B", "SPEED": 35, "LVALID": "N", "RVALID": "N", "TOWN": "Newcastle", "ROUTE_NUM": "", "MAP_LABEL": "Indian Trl", "SOURCE": "2", "FEET": 1852, "MINUTES": 0.60134518, "PSAP": "Lincoln RCC", "GEONAMEID": 27899, "SEGMENTID": 74105, "MCODE": 440, "LGEOCODE": "15110", "RGEOCODE": "15110", "GC_EXCEPTION": null, "AMUPDDAT": 1734363760000, "AMUPDORG": "es.ngesi.maine.gov", "FMUPDDAT": 1295350930000, "FMUPDORG": "jt.ngesi.maine.gov", "CREATDAT": 1295350930000, "CREATORG": "jt.ngesi.maine.gov", "GlobalID": "9004cde4-48df-4c45-b1c6-1a101fac79f3", "Shape__Length": 564.5343581003948}}, {"type": "Feature", "id": 3284, "geometry": {"type": "LineString", "coordinates": [[-69.5881534094937, 44.0130775335265], [-69.5882551169974, 44.0131463546795], [-69.5883388898325, 44.0131740411884], [-69.5885393803117, 44.0132580734479], [-69.5886316183886, 44.0132914603524], [-69.5887438266802, 44.0133320731081], [-69.5888953069245, 44.0133939656333], [-69.5889811907301, 44.0134773092628], [-69.5891018242922, 44.0135321487381]]}, "properties": {"OBJECTID": 3284, "SOURCE_OF_DATA": "ngesi.maine.gov", "DATEUPDATE": 1713382697000, "EFFECTIVE": 1369612800000, "EXPIRE": null, "RCL_UID": "urn:emergency:uid:gis:RCL:61626:ngesi.maine.gov", "L_ADD_PRE": "", "L_ADD_FROM": 2, "L_ADD_TO": 14, "R_ADD_PRE": "", "R_ADD_FROM": 1, "R_ADD_TO": 13, "LPARITY": "E", "RPARITY": "O", "ST_PREMOD": "", "ST_PREDIR": "", "ST_PRETYP": "", "ST_PRESEP": "", "ST_NAME": "Camp", "ST_POSTTYP": "Road", "ST_POSTDIR": "", "ST_POSTMOD": "", "ST_FULLNAME": "Camp Road", "DIRTRAVEL": null, "PREDIR": "", "STREETNAME": "Camp", "SUFFIX": "Rd", "POSTDIR": "", "RDNAME": "Camp Rd", "LESN": "142", "RESN": "142", "LMSAGCOMM": "Newcastle", "RMSAGCOMM": "Newcastle", "LMSAG_CODE": "2315", "RMSAG_CODE": "2315", "LCOUNTRY": "US", "RCOUNTRY": "US", "LSTATE": "ME", "RSTATE": "ME", "LCOUNTY": "Lincoln County", "RCOUNTY": "Lincoln County", "LCITY": "Newcastle", "RCITY": "Newcastle", "L_A4": null, "R_A4": null, "L_A5": null, "R_A5": null, "LPOSTCOMM": "Newcastle", "RPOSTCOMM": "Newcastle", "LZIPCODE": "04553", "RZIPCODE": "04553", "RDCLASS": "Private", "MDOTJURIS": "Private", "ONEWAY": "B", "SPEED": 25, "LVALID": "N", "RVALID": "N", "TOWN": "Newcastle", "ROUTE_NUM": "", "MAP_LABEL": "Camp Rd", "SOURCE": "2", "FEET": 303, "MINUTES": 0.13779197, "PSAP": "Lincoln RCC", "GEONAMEID": 8802, "SEGMENTID": 61626, "MCODE": 440, "LGEOCODE": "15110", "RGEOCODE": "15110", "GC_EXCEPTION": null, "AMUPDDAT": 1713382697000, "AMUPDORG": "es.ngesi.maine.gov", "FMUPDDAT": 1271079352000, "FMUPDORG": "jt.ngesi.maine.gov", "CREATDAT": 1271079352000, "CREATORG": "jt.ngesi.maine.gov", "GlobalID": "56d1aa71-d042-49c6-aad3-accab8fae44d", "Shape__Length": 92.39796657479994}}, {"type": "Feature", "id": 3296, "geometry": {"type": "LineString", "coordinates": [[-69.5380453251239, 44.0425994369068], [-69.5379253610289, 44.0425840657096], [-69.537777324298, 44.042560282269], [-69.5376476861307, 44.04250893359], [-69.5375122319687, 44.0424562346003], [-69.5373765006628, 44.0424046081612], [-69.5372545636803, 44.0423214136926], [-69.5371059382995, 44.0422075078075], [-69.5370891104045, 44.0421685390348]]}, "properties": {"OBJECTID": 3296, "SOURCE_OF_DATA": "ngesi.maine.gov", "DATEUPDATE": 1713382697000, "EFFECTIVE": 1369612800000, "EXPIRE": null, "RCL_UID": "urn:emergency:uid:gis:RCL:122641:ngesi.maine.gov", "L_ADD_PRE": "", "L_ADD_FROM": 2, "L_ADD_TO": 14, "R_ADD_PRE": "", "R_ADD_FROM": 1, "R_ADD_TO": 13, "LPARITY": "E", "RPARITY": "O", "ST_PREMOD": "", "ST_PREDIR": "", "ST_PRETYP": "", "ST_PRESEP": "", "ST_NAME": "Middle", "ST_POSTTYP": "Way", "ST_POSTDIR": "", "ST_POSTMOD": "", "ST_FULLNAME": "Middle Way", "DIRTRAVEL": null, "PREDIR": "", "STREETNAME": "Middle", "SUFFIX": "Way", "POSTDIR": "", "RDNAME": "Middle Way", "LESN": "142", "RESN": "142", "LMSAGCOMM": "Newcastle", "RMSAGCOMM": "Newcastle", "LMSAG_CODE": "2315", "RMSAG_CODE": "2315", "LCOUNTRY": "US", "RCOUNTRY": "US", "LSTATE": "ME", "RSTATE": "ME", "LCOUNTY": "Lincoln County", "RCOUNTY": "Lincoln County", "LCITY": "Newcastle", "RCITY": "Newcastle", "L_A4": null, "R_A4": null, "L_A5": null, "R_A5": null, "LPOSTCOMM": "Newcastle", "RPOSTCOMM": "Newcastle", "LZIPCODE": "04553", "RZIPCODE": "04553", "RDCLASS": "Private", "MDOTJURIS": "Private", "ONEWAY": "B", "SPEED": 25, "LVALID": "N", "RVALID": "N", "TOWN": "Newcastle", "ROUTE_NUM": "", "MAP_LABEL": "Middle Way", "SOURCE": "2", "FEET": 308, "MINUTES": 0.13979504, "PSAP": "Lincoln RCC", "GEONAMEID": 37465, "SEGMENTID": 122641, "MCODE": 440, "LGEOCODE": "15110", "RGEOCODE": "15110", "GC_EXCEPTION": null, "AMUPDDAT": 1713382697000, "AMUPDORG": "es.ngesi.maine.gov", "FMUPDDAT": 1268055168000, "FMUPDORG": "jt.ngesi.maine.gov", "CREATDAT": 1268055168000, "CREATORG": "jt.ngesi.maine.gov", "GlobalID": "3b0f0444-a289-4e69-aa6f-9ccdf2cfb329", "Shape__Length": 93.74114651433615}}, {"type": "Feature", "id": 3308, "geometry": {"type": "LineString", "coordinates": [[-69.5860777798284, 44.0978927602142], [-69.5859502255347, 44.0980170663709], [-69.5857908002243, 44.0981755684305], [-69.5856833377167, 44.0983255388225], [-69.5856064500097, 44.0984328476247], [-69.585495363335, 44.0985486237187], [-69.5852779518911, 44.0986931068936], [-69.5851045859083, 44.0987875846205], [-69.5849116349824, 44.0988864299372], [-69.5846496899857, 44.0990191384489]]}, "properties": {"OBJECTID": 3308, "SOURCE_OF_DATA": "ngesi.maine.gov", "DATEUPDATE": 1707245185000, "EFFECTIVE": 1369612800000, "EXPIRE": null, "RCL_UID": "urn:emergency:uid:gis:RCL:63142:ngesi.maine.gov", "L_ADD_PRE": "", "L_ADD_FROM": 2, "L_ADD_TO": 4, "R_ADD_PRE": "", "R_ADD_FROM": 1, "R_ADD_TO": 3, "LPARITY": "E", "RPARITY": "O", "ST_PREMOD": "", "ST_PREDIR": "", "ST_PRETYP": "", "ST_PRESEP": "", "ST_NAME": "High Ground", "ST_POSTTYP": "Road", "ST_POSTDIR": "", "ST_POSTMOD": "", "ST_FULLNAME": "High Ground Road", "DIRTRAVEL": null, "PREDIR": "", "STREETNAME": "High Ground", "SUFFIX": "Rd", "POSTDIR": "", "RDNAME": "High Ground Rd", "LESN": "142", "RESN": "142", "LMSAGCOMM": "Newcastle", "RMSAGCOMM": "Newcastle", "LMSAG_CODE": "2315", "RMSAG_CODE": "2315", "LCOUNTRY": "US", "RCOUNTRY": "US", "LSTATE": "ME", "RSTATE": "ME", "LCOUNTY": "Lincoln County", "RCOUNTY": "Lincoln County", "LCITY": "Newcastle", "RCITY": "Newcastle", "L_A4": null, "R_A4": null, "L_A5": null, "R_A5": null, "LPOSTCOMM": "Newcastle", "RPOSTCOMM": "Newcastle", "LZIPCODE": "04553", "RZIPCODE": "04553", "RDCLASS": "Local", "MDOTJURIS": "Townway", "ONEWAY": "B", "SPEED": 35, "LVALID": "N", "RVALID": "N", "TOWN": "Newcastle", "ROUTE_NUM": "", "MAP_LABEL": "High Ground Rd", "SOURCE": "43", "FEET": 565, "MINUTES": 0.1835997, "PSAP": "Lincoln RCC", "GEONAMEID": 26016, "SEGMENTID": 63142, "MCODE": 440, "LGEOCODE": "15110", "RGEOCODE": "15110", "GC_EXCEPTION": null, "AMUPDDAT": 1707245185000, "AMUPDORG": "es.ngesi.maine.gov", "FMUPDDAT": 1267173638000, "FMUPDORG": "jt.ngesi.maine.gov", "CREATDAT": 1267173638000, "CREATORG": "jt.ngesi.maine.gov", "GlobalID": "b4f62b89-ec7c-437d-800c-3aedd11b55fd", "Shape__Length": 172.360803563296}}, {"type": "Feature", "id": 3323, "geometry": {"type": "LineString", "coordinates": [[-69.5326593290831, 44.0892629106495], [-69.5323980275602, 44.0892681891301], [-69.5321603776798, 44.0892726455826], [-69.5319980620715, 44.0892754362807], [-69.5318230668456, 44.0892823372831], [-69.5316815051638, 44.0892550587443], [-69.5313716104045, 44.0891165252963], [-69.5311742896042, 44.088991828025]]}, "properties": {"OBJECTID": 3323, "SOURCE_OF_DATA": "ngesi.maine.gov", "DATEUPDATE": 1713382698000, "EFFECTIVE": 1369612800000, "EXPIRE": null, "RCL_UID": "urn:emergency:uid:gis:RCL:60938:ngesi.maine.gov", "L_ADD_PRE": "", "L_ADD_FROM": 2, "L_ADD_TO": 14, "R_ADD_PRE": "", "R_ADD_FROM": 1, "R_ADD_TO": 15, "LPARITY": "E", "RPARITY": "O", "ST_PREMOD": "", "ST_PREDIR": "", "ST_PRETYP": "", "ST_PRESEP": "", "ST_NAME": "Maple", "ST_POSTTYP": "Lane", "ST_POSTDIR": "", "ST_POSTMOD": "", "ST_FULLNAME": "Maple Lane", "DIRTRAVEL": null, "PREDIR": "", "STREETNAME": "Maple", "SUFFIX": "Ln", "POSTDIR": "", "RDNAME": "Maple Ln", "LESN": "142", "RESN": "142", "LMSAGCOMM": "Newcastle", "RMSAGCOMM": "Newcastle", "LMSAG_CODE": "2315", "RMSAG_CODE": "2315", "LCOUNTRY": "US", "RCOUNTRY": "US", "LSTATE": "ME", "RSTATE": "ME", "LCOUNTY": "Lincoln County", "RCOUNTY": "Lincoln County", "LCITY": "Newcastle", "RCITY": "Newcastle", "L_A4": null, "R_A4": null, "L_A5": null, "R_A5": null, "LPOSTCOMM": "Newcastle", "RPOSTCOMM": "Newcastle", "LZIPCODE": "04553", "RZIPCODE": "04553", "RDCLASS": "Private", "MDOTJURIS": "Private", "ONEWAY": "B", "SPEED": 25, "LVALID": "N", "RVALID": "N", "TOWN": "Newcastle", "ROUTE_NUM": "", "MAP_LABEL": "Maple Ln", "SOURCE": "2", "FEET": 423, "MINUTES": 0.1922562, "PSAP": "Lincoln RCC", "GEONAMEID": 35290, "SEGMENTID": 60938, "MCODE": 440, "LGEOCODE": "15110", "RGEOCODE": "15110", "GC_EXCEPTION": null, "AMUPDDAT": 1713382698000, "AMUPDORG": "es.ngesi.maine.gov", "FMUPDDAT": 1271067795000, "FMUPDORG": "jt.ngesi.maine.gov", "CREATDAT": 1271067795000, "CREATORG": "jt.ngesi.maine.gov", "GlobalID": "cd8c48d1-4d2f-40e9-9b05-3fa8af57e2ba", "Shape__Length": 128.91957504580714}}, {"type": "Feature", "id": 3346, "geometry": {"type": "LineString", "coordinates": [[-69.5603767510051, 44.0008925505615], [-69.5604477783489, 44.0007699617455], [-69.5604619912154, 44.0007454385383]]}, "properties": {"OBJECTID": 3346, "SOURCE_OF_DATA": "ngesi.maine.gov", "DATEUPDATE": 1709214124000, "EFFECTIVE": 1369612800000, "EXPIRE": null, "RCL_UID": "urn:emergency:uid:gis:RCL:64683:ngesi.maine.gov", "L_ADD_PRE": "", "L_ADD_FROM": 550, "L_ADD_TO": 552, "R_ADD_PRE": "", "R_ADD_FROM": 549, "R_ADD_TO": 551, "LPARITY": "E", "RPARITY": "O", "ST_PREMOD": "", "ST_PREDIR": "", "ST_PRETYP": "", "ST_PRESEP": "", "ST_NAME": "River", "ST_POSTTYP": "Road", "ST_POSTDIR": "", "ST_POSTMOD": "", "ST_FULLNAME": "River Road", "DIRTRAVEL": null, "PREDIR": "", "STREETNAME": "River", "SUFFIX": "Rd", "POSTDIR": "", "RDNAME": "River Rd", "LESN": "142", "RESN": "142", "LMSAGCOMM": "Newcastle", "RMSAGCOMM": "Newcastle", "LMSAG_CODE": "2315", "RMSAG_CODE": "2315", "LCOUNTRY": "US", "RCOUNTRY": "US", "LSTATE": "ME", "RSTATE": "ME", "LCOUNTY": "Lincoln County", "RCOUNTY": "Lincoln County", "LCITY": "Newcastle", "RCITY": "Newcastle", "L_A4": null, "R_A4": null, "L_A5": null, "R_A5": null, "LPOSTCOMM": "Newcastle", "RPOSTCOMM": "Newcastle", "LZIPCODE": "04553", "RZIPCODE": "04553", "RDCLASS": "Local", "MDOTJURIS": "State Aid", "ONEWAY": "B", "SPEED": 35, "LVALID": "N", "RVALID": "N", "TOWN": "Newcastle", "ROUTE_NUM": "", "MAP_LABEL": "River Rd", "SOURCE": "43", "FEET": 58, "MINUTES": 0.01886632, "PSAP": "Lincoln RCC", "GEONAMEID": 48507, "SEGMENTID": 64683, "MCODE": 440, "LGEOCODE": "15110", "RGEOCODE": "15110", "GC_EXCEPTION": null, "AMUPDDAT": 1709214124000, "AMUPDORG": "es.ngesi.maine.gov", "FMUPDDAT": 1271077713000, "FMUPDORG": "jt.ngesi.maine.gov", "CREATDAT": 1271077713000, "CREATORG": "jt.ngesi.maine.gov", "GlobalID": "b53b7310-4282-4ed0-b48f-2c8e355bf772", "Shape__Length": 17.711433441510597}}, {"type": "Feature", "id": 3367, "geometry": {"type": "LineString", "coordinates": [[-69.6144044874336, 44.0435543697118], [-69.6147225881433, 44.043507083317], [-69.6152191993395, 44.0434483819694], [-69.6155642877952, 44.0433893334881], [-69.6157166707268, 44.0433017013655], [-69.6160527034499, 44.043108477152], [-69.616595597315, 44.0427770495949], [-69.6168113016517, 44.0426128512541], [-69.616919572001, 44.0424532211712], [-69.6169963493219, 44.0422994962394], [-69.6170785857495, 44.0419863270976], [-69.6170803987871, 44.0419794206806]]}, "properties": {"OBJECTID": 3367, "SOURCE_OF_DATA": "ngesi.maine.gov", "DATEUPDATE": 1605571200000, "EFFECTIVE": 1369612800000, "EXPIRE": null, "RCL_UID": "urn:emergency:uid:gis:RCL:61798:ngesi.maine.gov", "L_ADD_PRE": "", "L_ADD_FROM": 2, "L_ADD_TO": 40, "R_ADD_PRE": "", "R_ADD_FROM": 1, "R_ADD_TO": 39, "LPARITY": "E", "RPARITY": "O", "ST_PREMOD": "", "ST_PREDIR": "", "ST_PRETYP": "", "ST_PRESEP": "", "ST_NAME": "Sheepscott River", "ST_POSTTYP": "Way", "ST_POSTDIR": "", "ST_POSTMOD": "", "ST_FULLNAME": "Sheepscott River Way", "DIRTRAVEL": null, "PREDIR": "", "STREETNAME": "Sheepscott River", "SUFFIX": "Way", "POSTDIR": "", "RDNAME": "Sheepscott River Way", "LESN": "142", "RESN": "142", "LMSAGCOMM": "Newcastle", "RMSAGCOMM": "Newcastle", "LMSAG_CODE": "2315", "RMSAG_CODE": "2315", "LCOUNTRY": "US", "RCOUNTRY": "US", "LSTATE": "ME", "RSTATE": "ME", "LCOUNTY": "Lincoln County", "RCOUNTY": "Lincoln County", "LCITY": "Newcastle", "RCITY": "Newcastle", "L_A4": null, "R_A4": null, "L_A5": null, "R_A5": null, "LPOSTCOMM": "Newcastle", "RPOSTCOMM": "Newcastle", "LZIPCODE": "04553", "RZIPCODE": "04553", "RDCLASS": "Private", "MDOTJURIS": "Private", "ONEWAY": "B", "SPEED": 25, "LVALID": "N", "RVALID": "N", "TOWN": "Newcastle", "ROUTE_NUM": "", "MAP_LABEL": "Sheepscott River Way", "SOURCE": "22", "FEET": 987, "MINUTES": 0.4488448, "PSAP": "Lincoln RCC", "GEONAMEID": 52292, "SEGMENTID": 61798, "MCODE": 440, "LGEOCODE": "15110", "RGEOCODE": "15110", "GC_EXCEPTION": null, "AMUPDDAT": 1590710400000, "AMUPDORG": "jr.ngesi.maine.gov", "FMUPDDAT": 1331635635000, "FMUPDORG": "es.ngesi.maine.gov", "CREATDAT": 1331635635000, "CREATORG": "es.ngesi.maine.gov", "GlobalID": "37ddc24b-ca85-4bd8-bea6-8f1a036d5c3c", "Shape__Length": 300.97736619680154}}, {"type": "Feature", "id": 3370, "geometry": {"type": "LineString", "coordinates": [[-69.5816928803498, 44.0750912771532], [-69.5815378562401, 44.0752771307515], [-69.5812205096449, 44.0756460743794], [-69.5810450417105, 44.0759739154906], [-69.5808944452369, 44.0764034310193], [-69.5807564621004, 44.0769441999195], [-69.5806531658418, 44.077423119211], [-69.5806519998294, 44.0778057774911], [-69.5806549750989, 44.0782019557698], [-69.5806346028631, 44.0785146113589], [-69.5805799983527, 44.0788963706995], [-69.5805255581294, 44.0793141606422], [-69.5804984585704, 44.079526471759], [-69.5803808037415, 44.0801036002703], [-69.5802699254714, 44.0805347315786], [-69.5802010529735, 44.080770744525], [-69.5800762173224, 44.0810084821153], [-69.5799515687451, 44.0811887591198], [-69.5797455724009, 44.081344716555], [-69.5795056764294, 44.0815185011725], [-69.5793261556418, 44.0815950128902], [-69.5791258264744, 44.0816792466527], [-69.578365318748, 44.081968451831], [-69.5781364767542, 44.0820570057541], [-69.5778929798436, 44.0821644593846], [-69.5776838947876, 44.0822978392576], [-69.5776511730722, 44.0823301737322]]}, "properties": {"OBJECTID": 3370, "SOURCE_OF_DATA": "ngesi.maine.gov", "DATEUPDATE": 1709214124000, "EFFECTIVE": 1369612800000, "EXPIRE": null, "RCL_UID": "urn:emergency:uid:gis:RCL:74214:ngesi.maine.gov", "L_ADD_PRE": "", "L_ADD_FROM": 466, "L_ADD_TO": 592, "R_ADD_PRE": "", "R_ADD_FROM": 465, "R_ADD_TO": 591, "LPARITY": "E", "RPARITY": "O", "ST_PREMOD": "", "ST_PREDIR": "North", "ST_PRETYP": "", "ST_PRESEP": "", "ST_NAME": "Newcastle", "ST_POSTTYP": "Road", "ST_POSTDIR": "", "ST_POSTMOD": "", "ST_FULLNAME": "North Newcastle Road", "DIRTRAVEL": null, "PREDIR": "N", "STREETNAME": "Newcastle", "SUFFIX": "Rd", "POSTDIR": "", "RDNAME": "N Newcastle Rd", "LESN": "142", "RESN": "142", "LMSAGCOMM": "Newcastle", "RMSAGCOMM": "Newcastle", "LMSAG_CODE": "2315", "RMSAG_CODE": "2315", "LCOUNTRY": "US", "RCOUNTRY": "US", "LSTATE": "ME", "RSTATE": "ME", "LCOUNTY": "Lincoln County", "RCOUNTY": "Lincoln County", "LCITY": "Newcastle", "RCITY": "Newcastle", "L_A4": null, "R_A4": null, "L_A5": null, "R_A5": null, "LPOSTCOMM": "Newcastle", "RPOSTCOMM": "Newcastle", "LZIPCODE": "04553", "RZIPCODE": "04553", "RDCLASS": "Local", "MDOTJURIS": "Townway", "ONEWAY": "B", "SPEED": 35, "LVALID": "N", "RVALID": "N", "TOWN": "Newcastle", "ROUTE_NUM": "", "MAP_LABEL": "N Newcastle Rd", "SOURCE": "43", "FEET": 3039, "MINUTES": 0.9866451, "PSAP": "Lincoln RCC", "GEONAMEID": 65069, "SEGMENTID": 74214, "MCODE": 440, "LGEOCODE": "15110", "RGEOCODE": "15110", "GC_EXCEPTION": null, "AMUPDDAT": 1709214124000, "AMUPDORG": "es.ngesi.maine.gov", "FMUPDDAT": 1295346967000, "FMUPDORG": "jt.ngesi.maine.gov", "CREATDAT": 1295346967000, "CREATORG": "jt.ngesi.maine.gov", "GlobalID": "e8c5d99e-ae9e-4901-a4d1-1de639498ba7", "Shape__Length": 926.2484818815141}}, {"type": "Feature", "id": 3449, "geometry": {"type": "LineString", "coordinates": [[-69.5354615533745, 44.0470313934346], [-69.5356891734594, 44.0470477930791], [-69.5364688448532, 44.0470977592266], [-69.5367869448002, 44.0471312524661], [-69.5370569489501, 44.0471785390668], [-69.537248413247, 44.0472936210045], [-69.5373912780643, 44.0474192221296], [-69.5374433555882, 44.0475765280595], [-69.5374366134255, 44.0477931100837], [-69.5374011005866, 44.0480734726161], [-69.5374041737327, 44.0482421642714], [-69.5375115663058, 44.048434215253], [-69.5376546739728, 44.0485959546111], [-69.5378907198489, 44.0487302190078], [-69.5381735010498, 44.0488435369087], [-69.5385921058779, 44.0489424026639], [-69.5389198872802, 44.048965814501], [-69.5391239720201, 44.0489326104232], [-69.5395050122294, 44.0487710010681]]}, "properties": {"OBJECTID": 3449, "SOURCE_OF_DATA": "ngesi.maine.gov", "DATEUPDATE": 1707245185000, "EFFECTIVE": 1369612800000, "EXPIRE": null, "RCL_UID": "urn:emergency:uid:gis:RCL:63104:ngesi.maine.gov", "L_ADD_PRE": "", "L_ADD_FROM": 2, "L_ADD_TO": 58, "R_ADD_PRE": "", "R_ADD_FROM": 1, "R_ADD_TO": 57, "LPARITY": "E", "RPARITY": "O", "ST_PREMOD": "", "ST_PREDIR": "", "ST_PRETYP": "", "ST_PRESEP": "", "ST_NAME": "Timber", "ST_POSTTYP": "Lane", "ST_POSTDIR": "", "ST_POSTMOD": "", "ST_FULLNAME": "Timber Lane", "DIRTRAVEL": null, "PREDIR": "", "STREETNAME": "Timber", "SUFFIX": "Ln", "POSTDIR": "", "RDNAME": "Timber Ln", "LESN": "142", "RESN": "142", "LMSAGCOMM": "Newcastle", "RMSAGCOMM": "Newcastle", "LMSAG_CODE": "2315", "RMSAG_CODE": "2315", "LCOUNTRY": "US", "RCOUNTRY": "US", "LSTATE": "ME", "RSTATE": "ME", "LCOUNTY": "Lincoln County", "RCOUNTY": "Lincoln County", "LCITY": "Newcastle", "RCITY": "Newcastle", "L_A4": null, "R_A4": null, "L_A5": null, "R_A5": null, "LPOSTCOMM": "Newcastle", "RPOSTCOMM": "Newcastle", "LZIPCODE": "04553", "RZIPCODE": "04553", "RDCLASS": "Local", "MDOTJURIS": "Townway", "ONEWAY": "B", "SPEED": 35, "LVALID": "N", "RVALID": "N", "TOWN": "Newcastle", "ROUTE_NUM": "", "MAP_LABEL": "Timber Ln", "SOURCE": "43", "FEET": 1533, "MINUTES": 0.49771407, "PSAP": "Lincoln RCC", "GEONAMEID": 58023, "SEGMENTID": 63104, "MCODE": 440, "LGEOCODE": "15110", "RGEOCODE": "15110", "GC_EXCEPTION": null, "AMUPDDAT": 1707245185000, "AMUPDORG": "es.ngesi.maine.gov", "FMUPDDAT": 1267184056000, "FMUPDORG": "jt.ngesi.maine.gov", "CREATDAT": 1267184056000, "CREATORG": "jt.ngesi.maine.gov", "GlobalID": "aa00a785-45c0-42fc-b153-32ebac64d9ae", "Shape__Length": 467.24694134309266}}, {"type": "Feature", "id": 3482, "geometry": {"type": "LineString", "coordinates": [[-69.5269003349703, 44.0996938590154], [-69.5262271671144, 44.0997315434713], [-69.5258006257262, 44.0997367845588], [-69.5256217106726, 44.0997024858073], [-69.525465868085, 44.0996014649368], [-69.5254027304686, 44.0994384707129], [-69.5254495754863, 44.099227550065], [-69.525676515824, 44.0987416490975], [-69.5258245043282, 44.098448665545], [-69.5260619662852, 44.0979369117379]]}, "properties": {"OBJECTID": 3482, "SOURCE_OF_DATA": "ngesi.maine.gov", "DATEUPDATE": 1605571200000, "EFFECTIVE": 1369612800000, "EXPIRE": null, "RCL_UID": "urn:emergency:uid:gis:RCL:60849:ngesi.maine.gov", "L_ADD_PRE": "", "L_ADD_FROM": 2, "L_ADD_TO": 32, "R_ADD_PRE": "", "R_ADD_FROM": 1, "R_ADD_TO": 31, "LPARITY": "E", "RPARITY": "O", "ST_PREMOD": "", "ST_PREDIR": "", "ST_PRETYP": "", "ST_PRESEP": "", "ST_NAME": "Hunt Acres", "ST_POSTTYP": "Road", "ST_POSTDIR": "", "ST_POSTMOD": "", "ST_FULLNAME": "Hunt Acres Road", "DIRTRAVEL": null, "PREDIR": "", "STREETNAME": "Hunt Acres", "SUFFIX": "Rd", "POSTDIR": "", "RDNAME": "Hunt Acres Rd", "LESN": "142", "RESN": "142", "LMSAGCOMM": "Newcastle", "RMSAGCOMM": "Newcastle", "LMSAG_CODE": "2315", "RMSAG_CODE": "2315", "LCOUNTRY": "US", "RCOUNTRY": "US", "LSTATE": "ME", "RSTATE": "ME", "LCOUNTY": "Lincoln County", "RCOUNTY": "Lincoln County", "LCITY": "Newcastle", "RCITY": "Newcastle", "L_A4": null, "R_A4": null, "L_A5": null, "R_A5": null, "LPOSTCOMM": "Newcastle", "RPOSTCOMM": "Newcastle", "LZIPCODE": "04553", "RZIPCODE": "04553", "RDCLASS": "Private", "MDOTJURIS": "Private", "ONEWAY": "B", "SPEED": 25, "LVALID": "N", "RVALID": "N", "TOWN": "Newcastle", "ROUTE_NUM": "", "MAP_LABEL": "Hunt Acres Rd", "SOURCE": "2", "FEET": 1030, "MINUTES": 0.46799609, "PSAP": "Lincoln RCC", "GEONAMEID": 27541, "SEGMENTID": 60849, "MCODE": 440, "LGEOCODE": "15110", "RGEOCODE": "15110", "GC_EXCEPTION": null, "AMUPDDAT": 1590710400000, "AMUPDORG": "jr.ngesi.maine.gov", "FMUPDDAT": 1516968799000, "FMUPDORG": "es.ngesi.maine.gov", "CREATDAT": 1516968799000, "CREATORG": "es.ngesi.maine.gov", "GlobalID": "f5e7d6b8-9406-42d2-a30e-28935d3afea4", "Shape__Length": 313.81945996535177}}, {"type": "Feature", "id": 3485, "geometry": {"type": "LineString", "coordinates": [[-69.5301375700261, 44.0937438688051], [-69.5300229926133, 44.0937401238234], [-69.5298856070613, 44.0937115542371], [-69.5297583046106, 44.0936929494569], [-69.5296006863302, 44.0936691280757], [-69.5292826602097, 44.0936224249289], [-69.5290806414643, 44.0935941177722], [-69.5286124648722, 44.0935329283565], [-69.528203351091, 44.0934812776231]]}, "properties": {"OBJECTID": 3485, "SOURCE_OF_DATA": "ngesi.maine.gov", "DATEUPDATE": 1605571200000, "EFFECTIVE": 1369612800000, "EXPIRE": null, "RCL_UID": "urn:emergency:uid:gis:RCL:61858:ngesi.maine.gov", "L_ADD_PRE": "", "L_ADD_FROM": 2, "L_ADD_TO": 22, "R_ADD_PRE": "", "R_ADD_FROM": 1, "R_ADD_TO": 21, "LPARITY": "E", "RPARITY": "O", "ST_PREMOD": "", "ST_PREDIR": "", "ST_PRETYP": "", "ST_PRESEP": "", "ST_NAME": "Alder Shore", "ST_POSTTYP": "Road", "ST_POSTDIR": "", "ST_POSTMOD": "", "ST_FULLNAME": "Alder Shore Road", "DIRTRAVEL": null, "PREDIR": "", "STREETNAME": "Alder Shore", "SUFFIX": "Rd", "POSTDIR": "", "RDNAME": "Alder Shore Rd", "LESN": "142", "RESN": "142", "LMSAGCOMM": "Newcastle", "RMSAGCOMM": "Newcastle", "LMSAG_CODE": "2315", "RMSAG_CODE": "2315", "LCOUNTRY": "US", "RCOUNTRY": "US", "LSTATE": "ME", "RSTATE": "ME", "LCOUNTY": "Lincoln County", "RCOUNTY": "Lincoln County", "LCITY": "Newcastle", "RCITY": "Newcastle", "L_A4": null, "R_A4": null, "L_A5": null, "R_A5": null, "LPOSTCOMM": "Newcastle", "RPOSTCOMM": "Newcastle", "LZIPCODE": "04553", "RZIPCODE": "04553", "RDCLASS": "Private", "MDOTJURIS": "Private", "ONEWAY": "B", "SPEED": 25, "LVALID": "N", "RVALID": "N", "TOWN": "Newcastle", "ROUTE_NUM": "", "MAP_LABEL": "Alder Shore Rd", "SOURCE": "2", "FEET": 517, "MINUTES": 0.23519073, "PSAP": "Lincoln RCC", "GEONAMEID": 871, "SEGMENTID": 61858, "MCODE": 440, "LGEOCODE": "15110", "RGEOCODE": "15110", "GC_EXCEPTION": null, "AMUPDDAT": 1590710400000, "AMUPDORG": "jr.ngesi.maine.gov", "FMUPDDAT": 839462400000, "FMUPDORG": "bw.ngesi.maine.gov", "CREATDAT": 839462400000, "CREATORG": "bw.ngesi.maine.gov", "GlobalID": "0ee7a4dc-78f9-4675-b9a5-5566927bb818", "Shape__Length": 157.70949786953645}}, {"type": "Feature", "id": 3499, "geometry": {"type": "LineString", "coordinates": [[-69.5477995278422, 44.0274914807235], [-69.5479789766447, 44.0272402611817], [-69.5480684418028, 44.0271150171846], [-69.5481834571766, 44.0269539878493], [-69.548276153933, 44.0268017268193], [-69.5483678770263, 44.0266007526905]]}, "properties": {"OBJECTID": 3499, "SOURCE_OF_DATA": "ngesi.maine.gov", "DATEUPDATE": 1709214124000, "EFFECTIVE": 1369612800000, "EXPIRE": null, "RCL_UID": "urn:emergency:uid:gis:RCL:63132:ngesi.maine.gov", "L_ADD_PRE": "", "L_ADD_FROM": 138, "L_ADD_TO": 150, "R_ADD_PRE": "", "R_ADD_FROM": 137, "R_ADD_TO": 149, "LPARITY": "E", "RPARITY": "O", "ST_PREMOD": "", "ST_PREDIR": "", "ST_PRETYP": "", "ST_PRESEP": "", "ST_NAME": "River", "ST_POSTTYP": "Road", "ST_POSTDIR": "", "ST_POSTMOD": "", "ST_FULLNAME": "River Road", "DIRTRAVEL": null, "PREDIR": "", "STREETNAME": "River", "SUFFIX": "Rd", "POSTDIR": "", "RDNAME": "River Rd", "LESN": "142", "RESN": "142", "LMSAGCOMM": "Newcastle", "RMSAGCOMM": "Newcastle", "LMSAG_CODE": "2315", "RMSAG_CODE": "2315", "LCOUNTRY": "US", "RCOUNTRY": "US", "LSTATE": "ME", "RSTATE": "ME", "LCOUNTY": "Lincoln County", "RCOUNTY": "Lincoln County", "LCITY": "Newcastle", "RCITY": "Newcastle", "L_A4": null, "R_A4": null, "L_A5": null, "R_A5": null, "LPOSTCOMM": "Newcastle", "RPOSTCOMM": "Newcastle", "LZIPCODE": "04553", "RZIPCODE": "04553", "RDCLASS": "Local", "MDOTJURIS": "State Aid", "ONEWAY": "B", "SPEED": 35, "LVALID": "N", "RVALID": "N", "TOWN": "Newcastle", "ROUTE_NUM": "", "MAP_LABEL": "River Rd", "SOURCE": "43", "FEET": 358, "MINUTES": 0.11625114, "PSAP": "Lincoln RCC", "GEONAMEID": 48507, "SEGMENTID": 63132, "MCODE": 440, "LGEOCODE": "15110", "RGEOCODE": "15110", "GC_EXCEPTION": null, "AMUPDDAT": 1709214124000, "AMUPDORG": "es.ngesi.maine.gov", "FMUPDDAT": 1267195477000, "FMUPDORG": "jt.ngesi.maine.gov", "CREATDAT": 1267195477000, "CREATORG": "jt.ngesi.maine.gov", "GlobalID": "0f825482-7760-4339-947a-3e095a41f4a9", "Shape__Length": 109.13492718398288}}, {"type": "Feature", "id": 3584, "geometry": {"type": "LineString", "coordinates": [[-69.5533172204706, 44.0147017727071], [-69.5532990735335, 44.014328018368], [-69.5533165422478, 44.0140988583895], [-69.5533459493324, 44.0139608457765], [-69.5534073733426, 44.0137615895081], [-69.5535409189801, 44.0133960407688], [-69.5535915906115, 44.0132440236879]]}, "properties": {"OBJECTID": 3584, "SOURCE_OF_DATA": "ngesi.maine.gov", "DATEUPDATE": 1709214125000, "EFFECTIVE": 1369612800000, "EXPIRE": null, "RCL_UID": "urn:emergency:uid:gis:RCL:64688:ngesi.maine.gov", "L_ADD_PRE": "", "L_ADD_FROM": 338, "L_ADD_TO": 356, "R_ADD_PRE": "", "R_ADD_FROM": 337, "R_ADD_TO": 355, "LPARITY": "E", "RPARITY": "O", "ST_PREMOD": "", "ST_PREDIR": "", "ST_PRETYP": "", "ST_PRESEP": "", "ST_NAME": "River", "ST_POSTTYP": "Road", "ST_POSTDIR": "", "ST_POSTMOD": "", "ST_FULLNAME": "River Road", "DIRTRAVEL": null, "PREDIR": "", "STREETNAME": "River", "SUFFIX": "Rd", "POSTDIR": "", "RDNAME": "River Rd", "LESN": "142", "RESN": "142", "LMSAGCOMM": "Newcastle", "RMSAGCOMM": "Newcastle", "LMSAG_CODE": "2315", "RMSAG_CODE": "2315", "LCOUNTRY": "US", "RCOUNTRY": "US", "LSTATE": "ME", "RSTATE": "ME", "LCOUNTY": "Lincoln County", "RCOUNTY": "Lincoln County", "LCITY": "Newcastle", "RCITY": "Newcastle", "L_A4": null, "R_A4": null, "L_A5": null, "R_A5": null, "LPOSTCOMM": "Newcastle", "RPOSTCOMM": "Newcastle", "LZIPCODE": "04553", "RZIPCODE": "04553", "RDCLASS": "Local", "MDOTJURIS": "State Aid", "ONEWAY": "B", "SPEED": 35, "LVALID": "N", "RVALID": "N", "TOWN": "Newcastle", "ROUTE_NUM": "", "MAP_LABEL": "River Rd", "SOURCE": "43", "FEET": 540, "MINUTES": 0.17529831, "PSAP": "Lincoln RCC", "GEONAMEID": 48507, "SEGMENTID": 64688, "MCODE": 440, "LGEOCODE": "15110", "RGEOCODE": "15110", "GC_EXCEPTION": null, "AMUPDDAT": 1709214125000, "AMUPDORG": "es.ngesi.maine.gov", "FMUPDDAT": 1271077887000, "FMUPDORG": "jt.ngesi.maine.gov", "CREATDAT": 1271077887000, "CREATORG": "jt.ngesi.maine.gov", "GlobalID": "8165483a-64be-4bd0-a713-68ed71478884", "Shape__Length": 164.56758090312564}}, {"type": "Feature", "id": 3585, "geometry": {"type": "LineString", "coordinates": [[-69.5399799512053, 44.0325289500989], [-69.5403075655265, 44.0323914132441], [-69.541082404933, 44.0320105740556], [-69.5416969227808, 44.0317242246944], [-69.542325620725, 44.0314389031294], [-69.5427923621455, 44.0312144816436]]}, "properties": {"OBJECTID": 3585, "SOURCE_OF_DATA": "ngesi.maine.gov", "DATEUPDATE": 1730304251000, "EFFECTIVE": 1369612800000, "EXPIRE": null, "RCL_UID": "urn:emergency:uid:gis:RCL:74227:ngesi.maine.gov", "L_ADD_PRE": "", "L_ADD_FROM": 28, "L_ADD_TO": 60, "R_ADD_PRE": "", "R_ADD_FROM": 27, "R_ADD_TO": 59, "LPARITY": "E", "RPARITY": "O", "ST_PREMOD": "", "ST_PREDIR": "", "ST_PRETYP": "", "ST_PRESEP": "", "ST_NAME": "River", "ST_POSTTYP": "Road", "ST_POSTDIR": "", "ST_POSTMOD": "", "ST_FULLNAME": "River Road", "DIRTRAVEL": null, "PREDIR": "", "STREETNAME": "River", "SUFFIX": "Rd", "POSTDIR": "", "RDNAME": "River Rd", "LESN": "142", "RESN": "142", "LMSAGCOMM": "Newcastle", "RMSAGCOMM": "Newcastle", "LMSAG_CODE": "2315", "RMSAG_CODE": "2315", "LCOUNTRY": "US", "RCOUNTRY": "US", "LSTATE": "ME", "RSTATE": "ME", "LCOUNTY": "Lincoln County", "RCOUNTY": "Lincoln County", "LCITY": "Newcastle", "RCITY": "Newcastle", "L_A4": null, "R_A4": null, "L_A5": null, "R_A5": null, "LPOSTCOMM": "Newcastle", "RPOSTCOMM": "Newcastle", "LZIPCODE": "04553", "RZIPCODE": "04553", "RDCLASS": "Local", "MDOTJURIS": "State Aid", "ONEWAY": "B", "SPEED": 35, "LVALID": "N", "RVALID": "N", "TOWN": "Newcastle", "ROUTE_NUM": "", "MAP_LABEL": "River Rd", "SOURCE": "43", "FEET": 881, "MINUTES": 0.28610343, "PSAP": "Lincoln RCC", "GEONAMEID": 48507, "SEGMENTID": 74227, "MCODE": 440, "LGEOCODE": "15110", "RGEOCODE": "15110", "GC_EXCEPTION": null, "AMUPDDAT": 1730304251000, "AMUPDORG": "es.ngesi.maine.gov", "FMUPDDAT": 1697635389000, "FMUPDORG": "es.ngesi.maine.gov", "CREATDAT": 1295349333000, "CREATORG": "jt.ngesi.maine.gov", "GlobalID": "a681f6df-cd75-4a05-a79e-a2497e0fb201", "Shape__Length": 268.5898552411535}}, {"type": "Feature", "id": 3616, "geometry": {"type": "LineString", "coordinates": [[-69.5436478954732, 44.0297684216908], [-69.5435850332649, 44.0298757267852], [-69.5433699786119, 44.0302346998771], [-69.5429477449701, 44.0308921131882], [-69.5427923621455, 44.0312144816436]]}, "properties": {"OBJECTID": 3616, "SOURCE_OF_DATA": "ngesi.maine.gov", "DATEUPDATE": 1605571200000, "EFFECTIVE": 1369612800000, "EXPIRE": null, "RCL_UID": "urn:emergency:uid:gis:RCL:93065:ngesi.maine.gov", "L_ADD_PRE": "", "L_ADD_FROM": 2, "L_ADD_TO": 16, "R_ADD_PRE": "", "R_ADD_FROM": 1, "R_ADD_TO": 17, "LPARITY": "E", "RPARITY": "O", "ST_PREMOD": "", "ST_PREDIR": "", "ST_PRETYP": "", "ST_PRESEP": "", "ST_NAME": "Liberty", "ST_POSTTYP": "Street", "ST_POSTDIR": "", "ST_POSTMOD": "", "ST_FULLNAME": "Liberty Street", "DIRTRAVEL": null, "PREDIR": "", "STREETNAME": "Liberty", "SUFFIX": "St", "POSTDIR": "", "RDNAME": "Liberty St", "LESN": "142", "RESN": "142", "LMSAGCOMM": "Newcastle", "RMSAGCOMM": "Newcastle", "LMSAG_CODE": "2315", "RMSAG_CODE": "2315", "LCOUNTRY": "US", "RCOUNTRY": "US", "LSTATE": "ME", "RSTATE": "ME", "LCOUNTY": "Lincoln County", "RCOUNTY": "Lincoln County", "LCITY": "Newcastle", "RCITY": "Newcastle", "L_A4": null, "R_A4": null, "L_A5": null, "R_A5": null, "LPOSTCOMM": "Newcastle", "RPOSTCOMM": "Newcastle", "LZIPCODE": "04553", "RZIPCODE": "04553", "RDCLASS": "Local", "MDOTJURIS": "Townway", "ONEWAY": "B", "SPEED": 35, "LVALID": "N", "RVALID": "N", "TOWN": "Newcastle", "ROUTE_NUM": "", "MAP_LABEL": "Liberty St", "SOURCE": "43", "FEET": 573, "MINUTES": 0.18615868, "PSAP": "Lincoln RCC", "GEONAMEID": 32564, "SEGMENTID": 93065, "MCODE": 440, "LGEOCODE": "15110", "RGEOCODE": "15110", "GC_EXCEPTION": null, "AMUPDDAT": 1590710400000, "AMUPDORG": "jr.ngesi.maine.gov", "FMUPDDAT": 1516963621000, "FMUPDORG": "es.ngesi.maine.gov", "CREATDAT": 1516963621000, "CREATORG": "es.ngesi.maine.gov", "GlobalID": "4d119847-0dcc-406f-9c07-233fc100e17d", "Shape__Length": 174.76279290736468}}, {"type": "Feature", "id": 3617, "geometry": {"type": "LineString", "coordinates": [[-69.5772967183633, 44.0293356053927], [-69.5772970153806, 44.0293032094833], [-69.5773370047187, 44.0286277037045], [-69.5773912071054, 44.0283546072596], [-69.57756619843, 44.0280489109836], [-69.5785743472829, 44.0265409180752], [-69.5790624436499, 44.0257184108096], [-69.5795758164665, 44.0246304773025], [-69.5799442652171, 44.0236640133614], [-69.579967430009, 44.0234380980632], [-69.5800178516666, 44.0232153306476], [-69.5801405152941, 44.0229986248798], [-69.5803670587739, 44.0226762399596], [-69.5807420026225, 44.0221130681402], [-69.5808640543892, 44.021873810998], [-69.5810211736121, 44.0213708170854], [-69.5810974451215, 44.0212109058743], [-69.5811620159036, 44.0211011493839], [-69.5813010685237, 44.0209561975507], [-69.5815055633921, 44.0208482678579], [-69.5820371708813, 44.0206012340535], [-69.5824703080834, 44.0203825835287], [-69.5828983095229, 44.0201430965326], [-69.5834344461132, 44.0198273096597], [-69.5837677429687, 44.0195919673548], [-69.5839862103663, 44.0193132021121], [-69.5841839563559, 44.0188786113844], [-69.584240110031, 44.0185808497779], [-69.5842419919629, 44.0183023809763], [-69.5842044721332, 44.0180276609995], [-69.584107944538, 44.0177446533688], [-69.5838145199955, 44.0173084135011], [-69.5833651435487, 44.0166645839361], [-69.583116946745, 44.0163559605176]]}, "properties": {"OBJECTID": 3617, "SOURCE_OF_DATA": "ngesi.maine.gov", "DATEUPDATE": 1704474266000, "EFFECTIVE": 1369612800000, "EXPIRE": null, "RCL_UID": "urn:emergency:uid:gis:RCL:63126:ngesi.maine.gov", "L_ADD_PRE": "", "L_ADD_FROM": 36, "L_ADD_TO": 250, "R_ADD_PRE": "", "R_ADD_FROM": 35, "R_ADD_TO": 249, "LPARITY": "E", "RPARITY": "O", "ST_PREMOD": "", "ST_PREDIR": "", "ST_PRETYP": "", "ST_PRESEP": "", "ST_NAME": "Lewis Hill", "ST_POSTTYP": "Road", "ST_POSTDIR": "", "ST_POSTMOD": "", "ST_FULLNAME": "Lewis Hill Road", "DIRTRAVEL": null, "PREDIR": "", "STREETNAME": "Lewis Hill", "SUFFIX": "Rd", "POSTDIR": "", "RDNAME": "Lewis Hill Rd", "LESN": "142", "RESN": "142", "LMSAGCOMM": "Newcastle", "RMSAGCOMM": "Newcastle", "LMSAG_CODE": "2315", "RMSAG_CODE": "2315", "LCOUNTRY": "US", "RCOUNTRY": "US", "LSTATE": "ME", "RSTATE": "ME", "LCOUNTY": "Lincoln County", "RCOUNTY": "Lincoln County", "LCITY": "Newcastle", "RCITY": "Newcastle", "L_A4": null, "R_A4": null, "L_A5": null, "R_A5": null, "LPOSTCOMM": "Newcastle", "RPOSTCOMM": "Newcastle", "LZIPCODE": "04553", "RZIPCODE": "04553", "RDCLASS": "Local", "MDOTJURIS": "Townway", "ONEWAY": "B", "SPEED": 35, "LVALID": "N", "RVALID": "N", "TOWN": "Newcastle", "ROUTE_NUM": "", "MAP_LABEL": "Lewis Hill Rd", "SOURCE": "43", "FEET": 5349, "MINUTES": 1.73655857, "PSAP": "Lincoln RCC", "GEONAMEID": 32421, "SEGMENTID": 63126, "MCODE": 440, "LGEOCODE": "15110", "RGEOCODE": "15110", "GC_EXCEPTION": null, "AMUPDDAT": 1704474266000, "AMUPDORG": "es.ngesi.maine.gov", "FMUPDDAT": 1267193538000, "FMUPDORG": "jt.ngesi.maine.gov", "CREATDAT": 1267193538000, "CREATORG": "jt.ngesi.maine.gov", "GlobalID": "be310e00-2d30-4785-a5a2-c9b053d2e8c0", "Shape__Length": 1630.2566651322497}}, {"type": "Feature", "id": 3655, "geometry": {"type": "LineString", "coordinates": [[-69.5308251100904, 44.0413361129693], [-69.5314695745438, 44.041152580131], [-69.5318711838859, 44.0410095104409]]}, "properties": {"OBJECTID": 3655, "SOURCE_OF_DATA": "ngesi.maine.gov", "DATEUPDATE": 1747321733000, "EFFECTIVE": 1369612800000, "EXPIRE": null, "RCL_UID": "urn:emergency:uid:gis:RCL:63149:ngesi.maine.gov", "L_ADD_PRE": "", "L_ADD_FROM": 172, "L_ADD_TO": 192, "R_ADD_PRE": "", "R_ADD_FROM": 171, "R_ADD_TO": 191, "LPARITY": "E", "RPARITY": "O", "ST_PREMOD": "", "ST_PREDIR": "", "ST_PRETYP": "", "ST_PRESEP": "", "ST_NAME": "Route 1", "ST_POSTTYP": "", "ST_POSTDIR": "", "ST_POSTMOD": "", "ST_FULLNAME": "Route 1", "DIRTRAVEL": null, "PREDIR": "", "STREETNAME": "Route 1", "SUFFIX": "", "POSTDIR": "", "RDNAME": "Route 1", "LESN": "142", "RESN": "142", "LMSAGCOMM": "Newcastle", "RMSAGCOMM": "Newcastle", "LMSAG_CODE": "2315", "RMSAG_CODE": "2315", "LCOUNTRY": "US", "RCOUNTRY": "US", "LSTATE": "ME", "RSTATE": "ME", "LCOUNTY": "Lincoln County", "RCOUNTY": "Lincoln County", "LCITY": "Newcastle", "RCITY": "Newcastle", "L_A4": null, "R_A4": null, "L_A5": null, "R_A5": null, "LPOSTCOMM": "Newcastle", "RPOSTCOMM": "Newcastle", "LZIPCODE": "04553", "RZIPCODE": "04553", "RDCLASS": "Secondary", "MDOTJURIS": "State Highway", "ONEWAY": "B", "SPEED": 45, "LVALID": "N", "RVALID": "N", "TOWN": "Newcastle", "ROUTE_NUM": "1", "MAP_LABEL": "Route 1 - Route 1", "SOURCE": "43", "FEET": 300, "MINUTES": 0.07572448, "PSAP": "Lincoln RCC", "GEONAMEID": 49703, "SEGMENTID": 63149, "MCODE": 440, "LGEOCODE": "15110", "RGEOCODE": "15110", "GC_EXCEPTION": null, "AMUPDDAT": 1747321733000, "AMUPDORG": "jr.ngesi.maine.gov", "FMUPDDAT": 1268047329000, "FMUPDORG": "jt.ngesi.maine.gov", "CREATDAT": 1268047329000, "CREATORG": "jt.ngesi.maine.gov", "GlobalID": "79d1b188-b6a8-4201-990e-3e384a51ae00", "Shape__Length": 91.40023181204413}}, {"type": "Feature", "id": 3663, "geometry": {"type": "LineString", "coordinates": [[-69.6120786818905, 44.0420738692316], [-69.6119575958269, 44.0419827819369], [-69.6113274570901, 44.0414981605632], [-69.6112738093335, 44.0414785320189]]}, "properties": {"OBJECTID": 3663, "SOURCE_OF_DATA": "ngesi.maine.gov", "DATEUPDATE": 1713467887000, "EFFECTIVE": 1369612800000, "EXPIRE": null, "RCL_UID": "urn:emergency:uid:gis:RCL:74101:ngesi.maine.gov", "L_ADD_PRE": "", "L_ADD_FROM": 2, "L_ADD_TO": 14, "R_ADD_PRE": "", "R_ADD_FROM": 1, "R_ADD_TO": 13, "LPARITY": "E", "RPARITY": "O", "ST_PREMOD": "", "ST_PREDIR": "East", "ST_PRETYP": "", "ST_PRESEP": "", "ST_NAME": "Branch", "ST_POSTTYP": "Road", "ST_POSTDIR": "", "ST_POSTMOD": "", "ST_FULLNAME": "East Branch Road", "DIRTRAVEL": null, "PREDIR": "E", "STREETNAME": "Branch", "SUFFIX": "Rd", "POSTDIR": "", "RDNAME": "E Branch Rd", "LESN": "142", "RESN": "142", "LMSAGCOMM": "Newcastle", "RMSAGCOMM": "Newcastle", "LMSAG_CODE": "2315", "RMSAG_CODE": "2315", "LCOUNTRY": "US", "RCOUNTRY": "US", "LSTATE": "ME", "RSTATE": "ME", "LCOUNTY": "Lincoln County", "RCOUNTY": "Lincoln County", "LCITY": "Newcastle", "RCITY": "Newcastle", "L_A4": null, "R_A4": null, "L_A5": null, "R_A5": null, "LPOSTCOMM": "Newcastle", "RPOSTCOMM": "Newcastle", "LZIPCODE": "04553", "RZIPCODE": "04553", "RDCLASS": "Private", "MDOTJURIS": "Private", "ONEWAY": "B", "SPEED": 25, "LVALID": "N", "RVALID": "N", "TOWN": "Newcastle", "ROUTE_NUM": "", "MAP_LABEL": "E Branch Rd", "SOURCE": "2", "FEET": 304, "MINUTES": 0.13814694, "PSAP": "Lincoln RCC", "GEONAMEID": 64609, "SEGMENTID": 74101, "MCODE": 440, "LGEOCODE": "15110", "RGEOCODE": "15110", "GC_EXCEPTION": null, "AMUPDDAT": 1713467887000, "AMUPDORG": "es.ngesi.maine.gov", "FMUPDDAT": 1295347443000, "FMUPDORG": "jt.ngesi.maine.gov", "CREATDAT": 1295347443000, "CREATORG": "jt.ngesi.maine.gov", "GlobalID": "5dd0df17-eb0b-45aa-8e8f-06b65d152621", "Shape__Length": 92.63599693221077}}, {"type": "Feature", "id": 3665, "geometry": {"type": "LineString", "coordinates": [[-69.6117092270284, 44.0433562160723], [-69.6118229207351, 44.0433109413084], [-69.6119555662138, 44.0432988325789], [-69.6121180955436, 44.0433123944202], [-69.6123518523209, 44.0433592110947], [-69.6125957856869, 44.0434790355172], [-69.6128026239707, 44.0435892086382], [-69.6131085024743, 44.0436577313116], [-69.6134974007164, 44.0436755773039], [-69.6138367805791, 44.0436399916049], [-69.6141405106002, 44.0436103587229], [-69.6144044874336, 44.0435543697118]]}, "properties": {"OBJECTID": 3665, "SOURCE_OF_DATA": "ngesi.maine.gov", "DATEUPDATE": 1605571200000, "EFFECTIVE": 1369612800000, "EXPIRE": null, "RCL_UID": "urn:emergency:uid:gis:RCL:62190:ngesi.maine.gov", "L_ADD_PRE": "", "L_ADD_FROM": 2, "L_ADD_TO": 30, "R_ADD_PRE": "", "R_ADD_FROM": 1, "R_ADD_TO": 29, "LPARITY": "E", "RPARITY": "O", "ST_PREMOD": "", "ST_PREDIR": "", "ST_PRETYP": "", "ST_PRESEP": "", "ST_NAME": "Falls", "ST_POSTTYP": "Road", "ST_POSTDIR": "", "ST_POSTMOD": "", "ST_FULLNAME": "Falls Road", "DIRTRAVEL": null, "PREDIR": "", "STREETNAME": "Falls", "SUFFIX": "Rd", "POSTDIR": "", "RDNAME": "Falls Rd", "LESN": "142", "RESN": "142", "LMSAGCOMM": "Newcastle", "RMSAGCOMM": "Newcastle", "LMSAG_CODE": "2315", "RMSAG_CODE": "2315", "LCOUNTRY": "US", "RCOUNTRY": "US", "LSTATE": "ME", "RSTATE": "ME", "LCOUNTY": "Lincoln County", "RCOUNTY": "Lincoln County", "LCITY": "Newcastle", "RCITY": "Newcastle", "L_A4": null, "R_A4": null, "L_A5": null, "R_A5": null, "LPOSTCOMM": "Newcastle", "RPOSTCOMM": "Newcastle", "LZIPCODE": "04553", "RZIPCODE": "04553", "RDCLASS": "Private", "MDOTJURIS": "Private", "ONEWAY": "B", "SPEED": 25, "LVALID": "N", "RVALID": "N", "TOWN": "Newcastle", "ROUTE_NUM": "", "MAP_LABEL": "Falls Rd", "SOURCE": "2", "FEET": 751, "MINUTES": 0.34130399, "PSAP": "Lincoln RCC", "GEONAMEID": 18793, "SEGMENTID": 62190, "MCODE": 440, "LGEOCODE": "15110", "RGEOCODE": "15110", "GC_EXCEPTION": null, "AMUPDDAT": 1590710400000, "AMUPDORG": "jr.ngesi.maine.gov", "FMUPDDAT": 1331635609000, "FMUPDORG": "es.ngesi.maine.gov", "CREATDAT": 1331635609000, "CREATORG": "es.ngesi.maine.gov", "GlobalID": "b716c1ae-a0bb-465d-9d66-803a6303fa48", "Shape__Length": 228.86480149842112}}, {"type": "Feature", "id": 3675, "geometry": {"type": "LineString", "coordinates": [[-69.5626802492028, 44.0909300694692], [-69.5626082094571, 44.091081734598], [-69.5625429632612, 44.0913162420869], [-69.5624822543973, 44.0915774491392], [-69.5624191278614, 44.0919605914359], [-69.5623256346366, 44.0925193584464], [-69.5622652114825, 44.0928096267375], [-69.56222789911, 44.0929456709147]]}, "properties": {"OBJECTID": 3675, "SOURCE_OF_DATA": "ngesi.maine.gov", "DATEUPDATE": 1704474267000, "EFFECTIVE": 1369612800000, "EXPIRE": null, "RCL_UID": "urn:emergency:uid:gis:RCL:63078:ngesi.maine.gov", "L_ADD_PRE": "", "L_ADD_FROM": 90, "L_ADD_TO": 118, "R_ADD_PRE": "", "R_ADD_FROM": 89, "R_ADD_TO": 117, "LPARITY": "E", "RPARITY": "O", "ST_PREMOD": "", "ST_PREDIR": "", "ST_PRETYP": "", "ST_PRESEP": "", "ST_NAME": "Ridge", "ST_POSTTYP": "Road", "ST_POSTDIR": "", "ST_POSTMOD": "", "ST_FULLNAME": "Ridge Road", "DIRTRAVEL": null, "PREDIR": "", "STREETNAME": "Ridge", "SUFFIX": "Rd", "POSTDIR": "", "RDNAME": "Ridge Rd", "LESN": "142", "RESN": "142", "LMSAGCOMM": "Newcastle", "RMSAGCOMM": "Newcastle", "LMSAG_CODE": "2315", "RMSAG_CODE": "2315", "LCOUNTRY": "US", "RCOUNTRY": "US", "LSTATE": "ME", "RSTATE": "ME", "LCOUNTY": "Lincoln County", "RCOUNTY": "Lincoln County", "LCITY": "Newcastle", "RCITY": "Newcastle", "L_A4": null, "R_A4": null, "L_A5": null, "R_A5": null, "LPOSTCOMM": "Newcastle", "RPOSTCOMM": "Newcastle", "LZIPCODE": "04553", "RZIPCODE": "04553", "RDCLASS": "Secondary", "MDOTJURIS": "State Aid", "ONEWAY": "B", "SPEED": 45, "LVALID": "N", "RVALID": "N", "TOWN": "Newcastle", "ROUTE_NUM": "215", "MAP_LABEL": "Ridge Rd - Route 215", "SOURCE": "43", "FEET": 745, "MINUTES": 0.18820215, "PSAP": "Lincoln RCC", "GEONAMEID": 48188, "SEGMENTID": 63078, "MCODE": 440, "LGEOCODE": "15110", "RGEOCODE": "15110", "GC_EXCEPTION": null, "AMUPDDAT": 1704474267000, "AMUPDORG": "es.ngesi.maine.gov", "FMUPDDAT": 1267178729000, "FMUPDORG": "jt.ngesi.maine.gov", "CREATDAT": 1267178729000, "CREATORG": "jt.ngesi.maine.gov", "GlobalID": "445a2ed3-86a0-42d3-84e1-644abd25228e", "Shape__Length": 227.16194942789522}}, {"type": "Feature", "id": 3684, "geometry": {"type": "LineString", "coordinates": [[-69.5626802492028, 44.0909300694692], [-69.5624352385346, 44.0909307086947], [-69.5622935485966, 44.0909695803554], [-69.5621151557346, 44.0910148987634], [-69.5618738339347, 44.0910225682605], [-69.561523719401, 44.0909074260756], [-69.5613334380023, 44.0908330030774], [-69.5611402971606, 44.0907533718606], [-69.5609634974989, 44.090680484623], [-69.560735582284, 44.0905865190557], [-69.5605575195189, 44.0904617960753], [-69.5603939213342, 44.0903183739257], [-69.5601511801045, 44.0899861160981], [-69.559868994817, 44.0898659269897], [-69.5595790050471, 44.089767113359], [-69.5593133565774, 44.0897061109625], [-69.5590401297901, 44.089672011042], [-69.5590066259723, 44.0896718868713], [-69.5589902926218, 44.0896857599282], [-69.5589009075542, 44.0897977488047], [-69.558824356518, 44.08993153498], [-69.558739650489, 44.0900562946059], [-69.5585882462296, 44.0900969828463], [-69.5583955369998, 44.0901024085611], [-69.5582117986595, 44.0901425610749], [-69.5580605274277, 44.0902014437448], [-69.5577738922284, 44.0902082094964], [-69.5571131188166, 44.0902685418499], [-69.5570306836023, 44.0902843125294]]}, "properties": {"OBJECTID": 3684, "SOURCE_OF_DATA": "ngesi.maine.gov", "DATEUPDATE": 1733848684000, "EFFECTIVE": 1369612800000, "EXPIRE": null, "RCL_UID": "urn:emergency:uid:gis:RCL:60982:ngesi.maine.gov", "L_ADD_PRE": "", "L_ADD_FROM": 2, "L_ADD_TO": 66, "R_ADD_PRE": "", "R_ADD_FROM": 1, "R_ADD_TO": 65, "LPARITY": "E", "RPARITY": "O", "ST_PREMOD": "", "ST_PREDIR": "", "ST_PRETYP": "", "ST_PRESEP": "", "ST_NAME": "Evergreen", "ST_POSTTYP": "Road", "ST_POSTDIR": "", "ST_POSTMOD": "", "ST_FULLNAME": "Evergreen Road", "DIRTRAVEL": null, "PREDIR": "", "STREETNAME": "Evergreen", "SUFFIX": "Rd", "POSTDIR": "", "RDNAME": "Evergreen Rd", "LESN": "142", "RESN": "142", "LMSAGCOMM": "Newcastle", "RMSAGCOMM": "Newcastle", "LMSAG_CODE": "2315", "RMSAG_CODE": "2315", "LCOUNTRY": "US", "RCOUNTRY": "US", "LSTATE": "ME", "RSTATE": "ME", "LCOUNTY": "Lincoln County", "RCOUNTY": "Lincoln County", "LCITY": "Newcastle", "RCITY": "Newcastle", "L_A4": null, "R_A4": null, "L_A5": null, "R_A5": null, "LPOSTCOMM": "Newcastle", "RPOSTCOMM": "Newcastle", "LZIPCODE": "04553", "RZIPCODE": "04553", "RDCLASS": "Private", "MDOTJURIS": "Private", "ONEWAY": "B", "SPEED": 25, "LVALID": "N", "RVALID": "N", "TOWN": "Newcastle", "ROUTE_NUM": "", "MAP_LABEL": "Evergreen Rd", "SOURCE": "2", "FEET": 1769, "MINUTES": 0.80428608, "PSAP": "Lincoln RCC", "GEONAMEID": 18508, "SEGMENTID": 60982, "MCODE": 440, "LGEOCODE": "15110", "RGEOCODE": "15110", "GC_EXCEPTION": null, "AMUPDDAT": 1733848684000, "AMUPDORG": "es.ngesi.maine.gov", "FMUPDDAT": 1733848684000, "FMUPDORG": "es.ngesi.maine.gov", "CREATDAT": 1267178488000, "CREATORG": "jt.ngesi.maine.gov", "GlobalID": "41873830-6a74-4d84-9134-4b88dc06d8fc", "Shape__Length": 539.3231509770637}}, {"type": "Feature", "id": 3691, "geometry": {"type": "LineString", "coordinates": [[-69.5339583062269, 44.0828647930599], [-69.5337642632044, 44.0828250945959], [-69.5334206608943, 44.0827073687378], [-69.5331958955174, 44.0826345903173], [-69.5329823679605, 44.0825780731308], [-69.5327440682001, 44.0825280004278], [-69.532443956717, 44.08252267394], [-69.5321534434824, 44.0825082355658], [-69.5319840443639, 44.0825046038203]]}, "properties": {"OBJECTID": 3691, "SOURCE_OF_DATA": "ngesi.maine.gov", "DATEUPDATE": 1733151254000, "EFFECTIVE": 1369612800000, "EXPIRE": null, "RCL_UID": "urn:emergency:uid:gis:RCL:60614:ngesi.maine.gov", "L_ADD_PRE": "", "L_ADD_FROM": 2, "L_ADD_TO": 22, "R_ADD_PRE": "", "R_ADD_FROM": 1, "R_ADD_TO": 21, "LPARITY": "E", "RPARITY": "O", "ST_PREMOD": "", "ST_PREDIR": "", "ST_PRETYP": "", "ST_PRESEP": "", "ST_NAME": "Milliken Island", "ST_POSTTYP": "Road", "ST_POSTDIR": "", "ST_POSTMOD": "", "ST_FULLNAME": "Milliken Island Road", "DIRTRAVEL": null, "PREDIR": "", "STREETNAME": "Milliken Island", "SUFFIX": "Rd", "POSTDIR": "", "RDNAME": "Milliken Island Rd", "LESN": "142", "RESN": "142", "LMSAGCOMM": "Newcastle", "RMSAGCOMM": "Newcastle", "LMSAG_CODE": "2315", "RMSAG_CODE": "2315", "LCOUNTRY": "US", "RCOUNTRY": "US", "LSTATE": "ME", "RSTATE": "ME", "LCOUNTY": "Lincoln County", "RCOUNTY": "Lincoln County", "LCITY": "Newcastle", "RCITY": "Newcastle", "L_A4": null, "R_A4": null, "L_A5": null, "R_A5": null, "LPOSTCOMM": "Newcastle", "RPOSTCOMM": "Newcastle", "LZIPCODE": "04553", "RZIPCODE": "04553", "RDCLASS": "Private", "MDOTJURIS": "Private", "ONEWAY": "B", "SPEED": 25, "LVALID": "N", "RVALID": "N", "TOWN": "Newcastle", "ROUTE_NUM": "", "MAP_LABEL": "Milliken Island Rd", "SOURCE": "2", "FEET": 542, "MINUTES": 0.24657307, "PSAP": "Lincoln RCC", "GEONAMEID": 37879, "SEGMENTID": 60614, "MCODE": 440, "LGEOCODE": "15110", "RGEOCODE": "15110", "GC_EXCEPTION": null, "AMUPDDAT": 1733151254000, "AMUPDORG": "es.ngesi.maine.gov", "FMUPDDAT": 1271067635000, "FMUPDORG": "jt.ngesi.maine.gov", "CREATDAT": 1271067635000, "CREATORG": "jt.ngesi.maine.gov", "GlobalID": "0deaccd7-9884-4ad6-aefa-2b8063b1de51", "Shape__Length": 165.34236748232252}}, {"type": "Feature", "id": 3695, "geometry": {"type": "LineString", "coordinates": [[-69.5289090203905, 44.0966972771119], [-69.5288754817628, 44.0967497508158], [-69.5286124377017, 44.097149339219], [-69.5284595011771, 44.0973800281802], [-69.5281088869168, 44.0978906625045], [-69.5277474306621, 44.0984064506881], [-69.5274132674748, 44.0989138916391], [-69.5270232052036, 44.0995047082945], [-69.5269003349703, 44.0996938590154]]}, "properties": {"OBJECTID": 3695, "SOURCE_OF_DATA": "ngesi.maine.gov", "DATEUPDATE": 1704474267000, "EFFECTIVE": 1369612800000, "EXPIRE": null, "RCL_UID": "urn:emergency:uid:gis:RCL:64663:ngesi.maine.gov", "L_ADD_PRE": "", "L_ADD_FROM": 312, "L_ADD_TO": 358, "R_ADD_PRE": "", "R_ADD_FROM": 311, "R_ADD_TO": 357, "LPARITY": "E", "RPARITY": "O", "ST_PREMOD": "", "ST_PREDIR": "", "ST_PRETYP": "", "ST_PRESEP": "", "ST_NAME": "Bunker Hill", "ST_POSTTYP": "Road", "ST_POSTDIR": "", "ST_POSTMOD": "", "ST_FULLNAME": "Bunker Hill Road", "DIRTRAVEL": null, "PREDIR": "", "STREETNAME": "Bunker Hill", "SUFFIX": "Rd", "POSTDIR": "", "RDNAME": "Bunker Hill Rd", "LESN": "142", "RESN": "142", "LMSAGCOMM": "Newcastle", "RMSAGCOMM": "Newcastle", "LMSAG_CODE": "2315", "RMSAG_CODE": "2315", "LCOUNTRY": "US", "RCOUNTRY": "US", "LSTATE": "ME", "RSTATE": "ME", "LCOUNTY": "Lincoln County", "RCOUNTY": "Lincoln County", "LCITY": "Newcastle", "RCITY": "Newcastle", "L_A4": null, "R_A4": null, "L_A5": null, "R_A5": null, "LPOSTCOMM": "Newcastle", "RPOSTCOMM": "Newcastle", "LZIPCODE": "04553", "RZIPCODE": "04553", "RDCLASS": "Secondary", "MDOTJURIS": "State Aid", "ONEWAY": "B", "SPEED": 45, "LVALID": "N", "RVALID": "N", "TOWN": "Newcastle", "ROUTE_NUM": "213", "MAP_LABEL": "Bunker Hill Rd - Route 213", "SOURCE": "43", "FEET": 1213, "MINUTES": 0.30625793, "PSAP": "Lincoln RCC", "GEONAMEID": 8165, "SEGMENTID": 64663, "MCODE": 440, "LGEOCODE": "15110", "RGEOCODE": "15110", "GC_EXCEPTION": null, "AMUPDDAT": 1704474267000, "AMUPDORG": "es.ngesi.maine.gov", "FMUPDDAT": 1271068141000, "FMUPDORG": "jt.ngesi.maine.gov", "CREATDAT": 1271068141000, "CREATORG": "jt.ngesi.maine.gov", "GlobalID": "1604c6ba-cdb2-4173-90d7-7f7b181f17c9", "Shape__Length": 369.6565141680825}}, {"type": "Feature", "id": 3756, "geometry": {"type": "LineString", "coordinates": [[-69.5943678618633, 44.039755610702], [-69.5943746167912, 44.0396110524777], [-69.5944340518006, 44.0393126846526], [-69.5944657338713, 44.0391134719321], [-69.5944917656844, 44.0389158912071], [-69.5945229240987, 44.0387779315369]]}, "properties": {"OBJECTID": 3756, "SOURCE_OF_DATA": "ngesi.maine.gov", "DATEUPDATE": 1713467887000, "EFFECTIVE": 1369612800000, "EXPIRE": null, "RCL_UID": "urn:emergency:uid:gis:RCL:61518:ngesi.maine.gov", "L_ADD_PRE": "", "L_ADD_FROM": 2, "L_ADD_TO": 14, "R_ADD_PRE": "", "R_ADD_FROM": 1, "R_ADD_TO": 13, "LPARITY": "E", "RPARITY": "O", "ST_PREMOD": "", "ST_PREDIR": "", "ST_PRETYP": "", "ST_PRESEP": "", "ST_NAME": "Reach", "ST_POSTTYP": "Road", "ST_POSTDIR": "", "ST_POSTMOD": "", "ST_FULLNAME": "Reach Road", "DIRTRAVEL": null, "PREDIR": "", "STREETNAME": "Reach", "SUFFIX": "Rd", "POSTDIR": "", "RDNAME": "Reach Rd", "LESN": "142", "RESN": "142", "LMSAGCOMM": "Newcastle", "RMSAGCOMM": "Newcastle", "LMSAG_CODE": "2315", "RMSAG_CODE": "2315", "LCOUNTRY": "US", "RCOUNTRY": "US", "LSTATE": "ME", "RSTATE": "ME", "LCOUNTY": "Lincoln County", "RCOUNTY": "Lincoln County", "LCITY": "Newcastle", "RCITY": "Newcastle", "L_A4": null, "R_A4": null, "L_A5": null, "R_A5": null, "LPOSTCOMM": "Newcastle", "RPOSTCOMM": "Newcastle", "LZIPCODE": "04553", "RZIPCODE": "04553", "RDCLASS": "Private", "MDOTJURIS": "Private", "ONEWAY": "B", "SPEED": 25, "LVALID": "N", "RVALID": "N", "TOWN": "Newcastle", "ROUTE_NUM": "", "MAP_LABEL": "Reach Rd", "SOURCE": "2", "FEET": 359, "MINUTES": 0.16312903, "PSAP": "Lincoln RCC", "GEONAMEID": 47519, "SEGMENTID": 61518, "MCODE": 440, "LGEOCODE": "15110", "RGEOCODE": "15110", "GC_EXCEPTION": null, "AMUPDDAT": 1713467887000, "AMUPDORG": "es.ngesi.maine.gov", "FMUPDDAT": 1267191996000, "FMUPDORG": "jt.ngesi.maine.gov", "CREATDAT": 1267191996000, "CREATORG": "jt.ngesi.maine.gov", "GlobalID": "104fc7c1-f97d-48e5-ab41-deffebb95561", "Shape__Length": 109.38802262126462}}, {"type": "Feature", "id": 3810, "geometry": {"type": "LineString", "coordinates": [[-69.5473128941206, 44.0279058198731], [-69.5472288808193, 44.0278155665225], [-69.5471835777433, 44.0277769876156], [-69.5471243835556, 44.0277598494076], [-69.5470598341997, 44.0277411522021], [-69.5468341746697, 44.0276778397518], [-69.5466018563252, 44.0276177099198], [-69.5463850654824, 44.0275389582473], [-69.5461750892655, 44.0274521335024], [-69.5460372973367, 44.0273851671672], [-69.5459098559475, 44.0273079232873], [-69.5457882770835, 44.0272249430698], [-69.5457391909843, 44.0271927921159], [-69.5456867027552, 44.027158406526], [-69.5456229506182, 44.0271380750736], [-69.5455615513203, 44.0271184886411], [-69.5454927645576, 44.0271165662088], [-69.5454242523144, 44.0271146424246], [-69.5453058353643, 44.0271287128344], [-69.5451977090529, 44.0271627576992], [-69.5450880895483, 44.0271972777648], [-69.544662015909, 44.0273532867425], [-69.5445966513819, 44.0273571816948]]}, "properties": {"OBJECTID": 3810, "SOURCE_OF_DATA": "ngesi.maine.gov", "DATEUPDATE": 1733775560000, "EFFECTIVE": 1369612800000, "EXPIRE": null, "RCL_UID": "urn:emergency:uid:gis:RCL:61976:ngesi.maine.gov", "L_ADD_PRE": "", "L_ADD_FROM": 2, "L_ADD_TO": 30, "R_ADD_PRE": "", "R_ADD_FROM": 1, "R_ADD_TO": 29, "LPARITY": "E", "RPARITY": "O", "ST_PREMOD": "", "ST_PREDIR": "", "ST_PRETYP": "", "ST_PRESEP": "", "ST_NAME": "Waterview", "ST_POSTTYP": "Lane", "ST_POSTDIR": "", "ST_POSTMOD": "", "ST_FULLNAME": "Waterview Lane", "DIRTRAVEL": null, "PREDIR": "", "STREETNAME": "Waterview", "SUFFIX": "Ln", "POSTDIR": "", "RDNAME": "Waterview Ln", "LESN": "142", "RESN": "142", "LMSAGCOMM": "Newcastle", "RMSAGCOMM": "Newcastle", "LMSAG_CODE": "2315", "RMSAG_CODE": "2315", "LCOUNTRY": "US", "RCOUNTRY": "US", "LSTATE": "ME", "RSTATE": "ME", "LCOUNTY": "Lincoln County", "RCOUNTY": "Lincoln County", "LCITY": "Newcastle", "RCITY": "Newcastle", "L_A4": null, "R_A4": null, "L_A5": null, "R_A5": null, "LPOSTCOMM": "Newcastle", "RPOSTCOMM": "Newcastle", "LZIPCODE": "04553", "RZIPCODE": "04553", "RDCLASS": "Private", "MDOTJURIS": "Private", "ONEWAY": "B", "SPEED": 25, "LVALID": "N", "RVALID": "N", "TOWN": "Newcastle", "ROUTE_NUM": "", "MAP_LABEL": "Waterview Ln", "SOURCE": "14", "FEET": 826, "MINUTES": 0.37527583, "PSAP": "Lincoln RCC", "GEONAMEID": 61351, "SEGMENTID": 61976, "MCODE": 440, "LGEOCODE": "15110", "RGEOCODE": "15110", "GC_EXCEPTION": null, "AMUPDDAT": 1733775560000, "AMUPDORG": "es.ngesi.maine.gov", "FMUPDDAT": 1733775560000, "FMUPDORG": "es.ngesi.maine.gov", "CREATDAT": 1267196014000, "CREATORG": "jt.ngesi.maine.gov", "GlobalID": "63be6540-11ff-4cfd-ab18-398d6d1663d1", "Shape__Length": 251.64546132320223}}, {"type": "Feature", "id": 3823, "geometry": {"type": "LineString", "coordinates": [[-69.5674701583032, 43.9953334806659], [-69.5675171534374, 43.9952393857389], [-69.5675629443523, 43.9951589730937], [-69.5676104488918, 43.9950934887276], [-69.5676419625172, 43.9950395722553], [-69.5676741216464, 43.9949735698656], [-69.5678670013139, 43.994577681744], [-69.5680707775664, 43.9941777595468], [-69.5682738305357, 43.9938042658436], [-69.5684341804961, 43.9935093507207], [-69.5686034144588, 43.9931980767954], [-69.568804413709, 43.9928230887227], [-69.5689832571211, 43.9924894106535], [-69.5691122857101, 43.9922415587556], [-69.5692453911478, 43.9919858623426], [-69.5693873862671, 43.9917130958304], [-69.5698364258057, 43.991150586928], [-69.5701331464921, 43.9908000226746], [-69.5703078351708, 43.9905730277333], [-69.5704287690724, 43.9904158980272], [-69.5705085021015, 43.9902591089686], [-69.5705572914649, 43.990163158033], [-69.5705807223802, 43.9900054795922], [-69.570484278912, 43.9898667218674], [-69.5703531128047, 43.9896779878311], [-69.57004621542, 43.9893919562112], [-69.5698246320171, 43.9891854314953], [-69.5696971447553, 43.9890797627469], [-69.5695394643726, 43.9889490615344], [-69.5694035310407, 43.9888363938068], [-69.569176166288, 43.9888178449526], [-69.5689355226962, 43.9887982093165], [-69.5686797609037, 43.9887859772781], [-69.5684339239657, 43.988740895495], [-69.5681300979784, 43.9886851712689], [-69.5679049724011, 43.9886005499752], [-69.5677045776222, 43.9885252230382], [-69.5674980532086, 43.9884452173553], [-69.5672639110987, 43.9884218994821], [-69.5670551955525, 43.9884011199835], [-69.5666993385802, 43.9883472257732], [-69.5664222976164, 43.9882909769997], [-69.5662804476243, 43.9882621845951], [-69.5660990982691, 43.9882616426686], [-69.5659928352437, 43.9882613317705], [-69.5657130294649, 43.9882604935919], [-69.565445217653, 43.9884065057059], [-69.5651547507596, 43.9885648740261], [-69.5649498621497, 43.9887095653296], [-69.5646297647943, 43.9889050022158], [-69.5643114115024, 43.98906229971], [-69.5641543566977, 43.9891398932392], [-69.5639577180467, 43.9892370484892], [-69.5637283376373, 43.9892466347198], [-69.5635437461928, 43.9892543429479], [-69.5633469010267, 43.9892625704732], [-69.5631082770697, 43.9892745149357], [-69.5628483135438, 43.9892875364005], [-69.5625484380286, 43.9892259886172], [-69.5624388713144, 43.9891638995735], [-69.5622412657569, 43.9890519320436], [-69.5621226970796, 43.9889106830875], [-69.5619780846917, 43.9887384099459], [-69.5618805040083, 43.9886221682998], [-69.5617746121579, 43.988496009545], [-69.5616289575826, 43.9883280537554], [-69.5616107522713, 43.9883070480065], [-69.5615413735193, 43.9882270506403], [-69.5613722252056, 43.9881423484253], [-69.5611846696324, 43.9880892486667], [-69.5609264657026, 43.988072770608], [-69.5607324354018, 43.9880603887732], [-69.5605295833844, 43.9880474466507], [-69.5601343059024, 43.9881423463778], [-69.5597830479817, 43.9882266750429], [-69.5595006837049, 43.9883663070111], [-69.5592865387699, 43.988472201339], [-69.5591154494127, 43.9886095409395], [-69.5589325636535, 43.9887563376545], [-69.5586838174794, 43.9889560186318], [-69.5585191491401, 43.9890881939303], [-69.5583863073892, 43.9891541186703], [-69.5581343515674, 43.9892791479948], [-69.5579841975522, 43.9893648024948], [-69.5578005638344, 43.9894695636343], [-69.5576567847578, 43.989551585175], [-69.5575111593343, 43.9897334915012], [-69.5573461135417, 43.9899151232242], [-69.557206554432, 43.9900804871206], [-69.5570047142792, 43.9902083937465], [-69.5568623557965, 43.9902986095514], [-69.5566982641916, 43.9904025893941], [-69.5565453227349, 43.9905294466309], [-69.5564198283119, 43.9906335351773], [-69.5562832533, 43.9907383167806], [-69.5561683218665, 43.9908264894349], [-69.5560359806595, 43.9909280178709], [-69.5558992562615, 43.9909915546581], [-69.55578143035, 43.9910463019661], [-69.555712801479, 43.9911343839767], [-69.5556335495627, 43.9912360948968], [-69.555675513355, 43.9913803251237], [-69.5558408213336, 43.9916881253485], [-69.5559765129637, 43.991905188016], [-69.5560914825063, 43.9921160038949], [-69.5562008824747, 43.9923165917667], [-69.5562556589071, 43.9924170293445], [-69.5563428886949, 43.9926646242695], [-69.556396579566, 43.9928169992886]]}, "properties": {"OBJECTID": 3823, "SOURCE_OF_DATA": "ngesi.maine.gov", "DATEUPDATE": 1713467888000, "EFFECTIVE": 1369612800000, "EXPIRE": null, "RCL_UID": "urn:emergency:uid:gis:RCL:61452:ngesi.maine.gov", "L_ADD_PRE": "", "L_ADD_FROM": 2, "L_ADD_TO": 312, "R_ADD_PRE": "", "R_ADD_FROM": 1, "R_ADD_TO": 311, "LPARITY": "E", "RPARITY": "O", "ST_PREMOD": "", "ST_PREDIR": "", "ST_PRETYP": "", "ST_PRESEP": "", "ST_NAME": "Dodge Point", "ST_POSTTYP": "Road", "ST_POSTDIR": "", "ST_POSTMOD": "", "ST_FULLNAME": "Dodge Point Road", "DIRTRAVEL": null, "PREDIR": "", "STREETNAME": "Dodge Point", "SUFFIX": "Rd", "POSTDIR": "", "RDNAME": "Dodge Point Rd", "LESN": "142", "RESN": "142", "LMSAGCOMM": "Newcastle", "RMSAGCOMM": "Newcastle", "LMSAG_CODE": "2315", "RMSAG_CODE": "2315", "LCOUNTRY": "US", "RCOUNTRY": "US", "LSTATE": "ME", "RSTATE": "ME", "LCOUNTY": "Lincoln County", "RCOUNTY": "Lincoln County", "LCITY": "Newcastle", "RCITY": "Newcastle", "L_A4": null, "R_A4": null, "L_A5": null, "R_A5": null, "LPOSTCOMM": "Newcastle", "RPOSTCOMM": "Newcastle", "LZIPCODE": "04553", "RZIPCODE": "04553", "RDCLASS": "Private", "MDOTJURIS": "Private", "ONEWAY": "B", "SPEED": 25, "LVALID": "N", "RVALID": "N", "TOWN": "Newcastle", "ROUTE_NUM": "", "MAP_LABEL": "Dodge Point Rd", "SOURCE": "2", "FEET": 7728, "MINUTES": 3.51256891, "PSAP": "Lincoln RCC", "GEONAMEID": 15893, "SEGMENTID": 61452, "MCODE": 440, "LGEOCODE": "15110", "RGEOCODE": "15110", "GC_EXCEPTION": null, "AMUPDDAT": 1713467888000, "AMUPDORG": "es.ngesi.maine.gov", "FMUPDDAT": 1271077575000, "FMUPDORG": "jt.ngesi.maine.gov", "CREATDAT": 1271077575000, "CREATORG": "jt.ngesi.maine.gov", "GlobalID": "0b238d85-b98c-45e4-91ac-747dc96421f7", "Shape__Length": 2355.392919725368}}, {"type": "Feature", "id": 3828, "geometry": {"type": "LineString", "coordinates": [[-69.5368624711537, 44.0443360273294], [-69.5369412018869, 44.0444320300429], [-69.537015887871, 44.0445210380419], [-69.537123780209, 44.0446062885163], [-69.5372097851377, 44.0446742561849], [-69.5373134061403, 44.0447398450703], [-69.5374486007049, 44.044825398998], [-69.5375493462716, 44.0448835283494], [-69.5376956018847, 44.0449526437049], [-69.5378620907892, 44.0450313242997], [-69.5379938825183, 44.0451117346334], [-69.5381196782212, 44.0452191833325], [-69.5382315164805, 44.0452367354121], [-69.5384259305693, 44.0452672593522], [-69.5386569662162, 44.0452796754874], [-69.5392136721882, 44.045416602592], [-69.5397713705682, 44.04553057256], [-69.5399203674139, 44.0455753268456], [-69.540133769649, 44.0456979352113], [-69.5403806415932, 44.0458346463046], [-69.5408547714361, 44.0460660957319], [-69.541139105865, 44.0462150615583], [-69.5412432379013, 44.0463346289698]]}, "properties": {"OBJECTID": 3828, "SOURCE_OF_DATA": "ngesi.maine.gov", "DATEUPDATE": 1713467888000, "EFFECTIVE": 1369612800000, "EXPIRE": null, "RCL_UID": "urn:emergency:uid:gis:RCL:61652:ngesi.maine.gov", "L_ADD_PRE": "", "L_ADD_FROM": 2, "L_ADD_TO": 28, "R_ADD_PRE": "", "R_ADD_FROM": 1, "R_ADD_TO": 27, "LPARITY": "E", "RPARITY": "O", "ST_PREMOD": "", "ST_PREDIR": "", "ST_PRETYP": "", "ST_PRESEP": "", "ST_NAME": "Bailey", "ST_POSTTYP": "Lane", "ST_POSTDIR": "", "ST_POSTMOD": "", "ST_FULLNAME": "Bailey Lane", "DIRTRAVEL": null, "PREDIR": "", "STREETNAME": "Bailey", "SUFFIX": "Ln", "POSTDIR": "", "RDNAME": "Bailey Ln", "LESN": "142", "RESN": "142", "LMSAGCOMM": "Newcastle", "RMSAGCOMM": "Newcastle", "LMSAG_CODE": "2315", "RMSAG_CODE": "2315", "LCOUNTRY": "US", "RCOUNTRY": "US", "LSTATE": "ME", "RSTATE": "ME", "LCOUNTY": "Lincoln County", "RCOUNTY": "Lincoln County", "LCITY": "Newcastle", "RCITY": "Newcastle", "L_A4": null, "R_A4": null, "L_A5": null, "R_A5": null, "LPOSTCOMM": "Newcastle", "RPOSTCOMM": "Newcastle", "LZIPCODE": "04553", "RZIPCODE": "04553", "RDCLASS": "Private", "MDOTJURIS": "Private", "ONEWAY": "B", "SPEED": 25, "LVALID": "N", "RVALID": "N", "TOWN": "Newcastle", "ROUTE_NUM": "", "MAP_LABEL": "Bailey Ln", "SOURCE": "2", "FEET": 1407, "MINUTES": 0.63952097, "PSAP": "Lincoln RCC", "GEONAMEID": 2749, "SEGMENTID": 61652, "MCODE": 440, "LGEOCODE": "15110", "RGEOCODE": "15110", "GC_EXCEPTION": null, "AMUPDDAT": 1713467888000, "AMUPDORG": "es.ngesi.maine.gov", "FMUPDDAT": 1523279712000, "FMUPDORG": "es.ngesi.maine.gov", "CREATDAT": 1268055226000, "CREATORG": "jt.ngesi.maine.gov", "GlobalID": "acfff376-d8e5-481f-8b98-03783b5353c3", "Shape__Length": 428.8380392786336}}, {"type": "Feature", "id": 3837, "geometry": {"type": "LineString", "coordinates": [[-69.6032467372758, 44.0099459159696], [-69.6034846772827, 44.0098210147008], [-69.6041077450789, 44.0094163740255], [-69.6043807104115, 44.0092263706061], [-69.604789683099, 44.0088924553592], [-69.6098970830815, 44.004600933191], [-69.6103929300952, 44.0042251628635], [-69.6106418414293, 44.0040365243157]]}, "properties": {"OBJECTID": 3837, "SOURCE_OF_DATA": "ngesi.maine.gov", "DATEUPDATE": 1747321733000, "EFFECTIVE": 1369612800000, "EXPIRE": null, "RCL_UID": "urn:emergency:uid:gis:RCL:64693:ngesi.maine.gov", "L_ADD_PRE": "", "L_ADD_FROM": 1096, "L_ADD_TO": 1208, "R_ADD_PRE": "", "R_ADD_FROM": 1095, "R_ADD_TO": 1207, "LPARITY": "E", "RPARITY": "O", "ST_PREMOD": "", "ST_PREDIR": "", "ST_PRETYP": "", "ST_PRESEP": "", "ST_NAME": "Route 1", "ST_POSTTYP": "", "ST_POSTDIR": "", "ST_POSTMOD": "", "ST_FULLNAME": "Route 1", "DIRTRAVEL": null, "PREDIR": "", "STREETNAME": "Route 1", "SUFFIX": "", "POSTDIR": "", "RDNAME": "Route 1", "LESN": "142", "RESN": "142", "LMSAGCOMM": "Newcastle", "RMSAGCOMM": "Newcastle", "LMSAG_CODE": "2315", "RMSAG_CODE": "2315", "LCOUNTRY": "US", "RCOUNTRY": "US", "LSTATE": "ME", "RSTATE": "ME", "LCOUNTY": "Lincoln County", "RCOUNTY": "Lincoln County", "LCITY": "Newcastle", "RCITY": "Newcastle", "L_A4": null, "R_A4": null, "L_A5": null, "R_A5": null, "LPOSTCOMM": "Newcastle", "RPOSTCOMM": "Newcastle", "LZIPCODE": "04553", "RZIPCODE": "04553", "RDCLASS": "Secondary", "MDOTJURIS": "State Highway", "ONEWAY": "B", "SPEED": 45, "LVALID": "N", "RVALID": "N", "TOWN": "Newcastle", "ROUTE_NUM": "1", "MAP_LABEL": "Route 1 - Route 1", "SOURCE": "43", "FEET": 2906, "MINUTES": 0.73373673, "PSAP": "Lincoln RCC", "GEONAMEID": 49703, "SEGMENTID": 64693, "MCODE": 440, "LGEOCODE": "15110", "RGEOCODE": "15110", "GC_EXCEPTION": null, "AMUPDDAT": 1747321733000, "AMUPDORG": "jr.ngesi.maine.gov", "FMUPDDAT": 1271079521000, "FMUPDORG": "jt.ngesi.maine.gov", "CREATDAT": 1271079521000, "CREATORG": "jt.ngesi.maine.gov", "GlobalID": "1dbdd7d4-1729-45ac-9bf8-bc48dab2e535", "Shape__Length": 885.6278770700508}}, {"type": "Feature", "id": 3855, "geometry": {"type": "LineString", "coordinates": [[-69.583116946745, 44.0163559605176], [-69.5830284420482, 44.016182987357], [-69.582981378734, 44.0160846305124], [-69.5829449864552, 44.0159076999461], [-69.5829058742838, 44.0154951264171], [-69.5829369215922, 44.0152564030655], [-69.5830248324392, 44.0150429684086], [-69.5832383316664, 44.0147512467263], [-69.5834505562197, 44.0144607916262], [-69.5837458199942, 44.0140472125747], [-69.5840571099404, 44.0136144634477], [-69.5843268179402, 44.0132214783656], [-69.5846204479974, 44.0126923637386], [-69.5848606422424, 44.0121354670225], [-69.5849476993276, 44.0117982553613], [-69.5850367927504, 44.0112520444918], [-69.5851214811227, 44.0108352810477], [-69.585193945512, 44.0105710360093], [-69.5854198080988, 44.0101235405585], [-69.5858245390649, 44.009580456082], [-69.5860921821094, 44.0091404069632], [-69.5861776374338, 44.008874753068], [-69.5861914595499, 44.0086493160358], [-69.5861927071731, 44.0081629595974], [-69.5861824531271, 44.0076588442351], [-69.5861951739302, 44.0071911470918], [-69.586248865127, 44.0068860857059], [-69.5863450894445, 44.0065908088864], [-69.5866688417911, 44.0058500779746], [-69.586959080696, 44.0051156135818], [-69.5871990941764, 44.0046265624421], [-69.5874070775444, 44.0043441884235], [-69.5876125095655, 44.0041080870543], [-69.5878839409582, 44.0038419702464], [-69.588060587853, 44.0036419850912], [-69.5881816814924, 44.0034955412847], [-69.5882077422413, 44.0032850766243], [-69.5882223929399, 44.0029575533029], [-69.5882513821192, 44.0027152822145], [-69.5883052949666, 44.0025047821469], [-69.5884603943516, 44.0022113430002], [-69.5888032656908, 44.0017377036434], [-69.589287739211, 44.0011481873327], [-69.5897643164566, 44.0006048705783], [-69.5899119366917, 44.0004024842883], [-69.5900597615887, 44.0001352715894], [-69.5902173623792, 43.9997521602287], [-69.5905539409754, 43.9990304476175], [-69.5907439042049, 43.9986651571718], [-69.5909002315932, 43.9983958555539], [-69.5912296126178, 43.9978665467358], [-69.5915681737722, 43.9973516850243], [-69.592020842884, 43.9966643092707], [-69.5925317614093, 43.9959308737984], [-69.592833869396, 43.9955537346864], [-69.5930761274562, 43.9953024322413], [-69.593458060028, 43.9949715332175], [-69.5938146910277, 43.9946801817293]]}, "properties": {"OBJECTID": 3855, "SOURCE_OF_DATA": "ngesi.maine.gov", "DATEUPDATE": 1704474267000, "EFFECTIVE": 1369612800000, "EXPIRE": null, "RCL_UID": "urn:emergency:uid:gis:RCL:64692:ngesi.maine.gov", "L_ADD_PRE": "", "L_ADD_FROM": 2, "L_ADD_TO": 342, "R_ADD_PRE": "", "R_ADD_FROM": 1, "R_ADD_TO": 341, "LPARITY": "E", "RPARITY": "O", "ST_PREMOD": "", "ST_PREDIR": "", "ST_PRETYP": "", "ST_PRESEP": "", "ST_NAME": "Lynch", "ST_POSTTYP": "Road", "ST_POSTDIR": "", "ST_POSTMOD": "", "ST_FULLNAME": "Lynch Road", "DIRTRAVEL": null, "PREDIR": "", "STREETNAME": "Lynch", "SUFFIX": "Rd", "POSTDIR": "", "RDNAME": "Lynch Rd", "LESN": "142", "RESN": "142", "LMSAGCOMM": "Newcastle", "RMSAGCOMM": "Newcastle", "LMSAG_CODE": "2315", "RMSAG_CODE": "2315", "LCOUNTRY": "US", "RCOUNTRY": "US", "LSTATE": "ME", "RSTATE": "ME", "LCOUNTY": "Lincoln County", "RCOUNTY": "Lincoln County", "LCITY": "Newcastle", "RCITY": "Newcastle", "L_A4": null, "R_A4": null, "L_A5": null, "R_A5": null, "LPOSTCOMM": "Newcastle", "RPOSTCOMM": "Newcastle", "LZIPCODE": "04553", "RZIPCODE": "04553", "RDCLASS": "Local", "MDOTJURIS": "Townway", "ONEWAY": "B", "SPEED": 35, "LVALID": "N", "RVALID": "N", "TOWN": "Newcastle", "ROUTE_NUM": "", "MAP_LABEL": "Lynch Rd", "SOURCE": "43", "FEET": 8561, "MINUTES": 2.77958831, "PSAP": "Lincoln RCC", "GEONAMEID": 34402, "SEGMENTID": 64692, "MCODE": 440, "LGEOCODE": "15110", "RGEOCODE": "15110", "GC_EXCEPTION": null, "AMUPDDAT": 1704474267000, "AMUPDORG": "es.ngesi.maine.gov", "FMUPDDAT": 1271078659000, "FMUPDORG": "jt.ngesi.maine.gov", "CREATDAT": 1271078659000, "CREATORG": "jt.ngesi.maine.gov", "GlobalID": "b5a550fb-595e-463e-929c-c4a08f216361", "Shape__Length": 2609.4382531664787}}, {"type": "Feature", "id": 3862, "geometry": {"type": "LineString", "coordinates": [[-69.6121985526837, 44.0033836433485], [-69.6122109061704, 44.0034132076338]]}, "properties": {"OBJECTID": 3862, "SOURCE_OF_DATA": "ngesi.maine.gov", "DATEUPDATE": 1704474267000, "EFFECTIVE": 1369612800000, "EXPIRE": null, "RCL_UID": "urn:emergency:uid:gis:RCL:64699:ngesi.maine.gov", "L_ADD_PRE": "", "L_ADD_FROM": 4, "L_ADD_TO": 4, "R_ADD_PRE": "", "R_ADD_FROM": 3, "R_ADD_TO": 3, "LPARITY": "E", "RPARITY": "O", "ST_PREMOD": "", "ST_PREDIR": "", "ST_PRETYP": "", "ST_PRESEP": "", "ST_NAME": "Station", "ST_POSTTYP": "Road", "ST_POSTDIR": "", "ST_POSTMOD": "", "ST_FULLNAME": "Station Road", "DIRTRAVEL": null, "PREDIR": "", "STREETNAME": "Station", "SUFFIX": "Rd", "POSTDIR": "", "RDNAME": "Station Rd", "LESN": "142", "RESN": "142", "LMSAGCOMM": "Newcastle", "RMSAGCOMM": "Newcastle", "LMSAG_CODE": "2315", "RMSAG_CODE": "2315", "LCOUNTRY": "US", "RCOUNTRY": "US", "LSTATE": "ME", "RSTATE": "ME", "LCOUNTY": "Lincoln County", "RCOUNTY": "Lincoln County", "LCITY": "Newcastle", "RCITY": "Newcastle", "L_A4": null, "R_A4": null, "L_A5": null, "R_A5": null, "LPOSTCOMM": "Newcastle", "RPOSTCOMM": "Newcastle", "LZIPCODE": "04553", "RZIPCODE": "04553", "RDCLASS": "Local", "MDOTJURIS": "Townway", "ONEWAY": "B", "SPEED": 35, "LVALID": "N", "RVALID": "N", "TOWN": "Newcastle", "ROUTE_NUM": "", "MAP_LABEL": "Station Rd", "SOURCE": "43", "FEET": 11, "MINUTES": 0.00365349, "PSAP": "Lincoln RCC", "GEONAMEID": 55068, "SEGMENTID": 64699, "MCODE": 440, "LGEOCODE": "15110", "RGEOCODE": "15110", "GC_EXCEPTION": null, "AMUPDDAT": 1704474267000, "AMUPDORG": "es.ngesi.maine.gov", "FMUPDDAT": 1271079752000, "FMUPDORG": "jt.ngesi.maine.gov", "CREATDAT": 1271079752000, "CREATORG": "jt.ngesi.maine.gov", "GlobalID": "90415e39-57c5-4204-b318-83d4172bfad6", "Shape__Length": 3.4298450395350075}}, {"type": "Feature", "id": 3865, "geometry": {"type": "LineString", "coordinates": [[-69.5816908189952, 44.0955448887061], [-69.5819209462201, 44.0956769122583], [-69.5823172659334, 44.0959398163104], [-69.5828699146639, 44.0962930263493], [-69.5833399880793, 44.0965888178712], [-69.5837071544019, 44.0968281781133], [-69.5839193117885, 44.0969587678519], [-69.5842434193782, 44.0971068634603]]}, "properties": {"OBJECTID": 3865, "SOURCE_OF_DATA": "ngesi.maine.gov", "DATEUPDATE": 1704474267000, "EFFECTIVE": 1369612800000, "EXPIRE": null, "RCL_UID": "urn:emergency:uid:gis:RCL:74204:ngesi.maine.gov", "L_ADD_PRE": "", "L_ADD_FROM": 572, "L_ADD_TO": 606, "R_ADD_PRE": "", "R_ADD_FROM": 571, "R_ADD_TO": 605, "LPARITY": "E", "RPARITY": "O", "ST_PREMOD": "", "ST_PREDIR": "", "ST_PRETYP": "", "ST_PRESEP": "", "ST_NAME": "Jones Woods", "ST_POSTTYP": "Road", "ST_POSTDIR": "", "ST_POSTMOD": "", "ST_FULLNAME": "Jones Woods Road", "DIRTRAVEL": null, "PREDIR": "", "STREETNAME": "Jones Woods", "SUFFIX": "Rd", "POSTDIR": "", "RDNAME": "Jones Woods Rd", "LESN": "142", "RESN": "142", "LMSAGCOMM": "Newcastle", "RMSAGCOMM": "Newcastle", "LMSAG_CODE": "2315", "RMSAG_CODE": "2315", "LCOUNTRY": "US", "RCOUNTRY": "US", "LSTATE": "ME", "RSTATE": "ME", "LCOUNTY": "Lincoln County", "RCOUNTY": "Lincoln County", "LCITY": "Newcastle", "RCITY": "Newcastle", "L_A4": null, "R_A4": null, "L_A5": null, "R_A5": null, "LPOSTCOMM": "Newcastle", "RPOSTCOMM": "Newcastle", "LZIPCODE": "04553", "RZIPCODE": "04553", "RDCLASS": "Secondary", "MDOTJURIS": "State Aid", "ONEWAY": "B", "SPEED": 45, "LVALID": "N", "RVALID": "N", "TOWN": "Newcastle", "ROUTE_NUM": "194", "MAP_LABEL": "Jones Woods Rd - Route 194", "SOURCE": "43", "FEET": 881, "MINUTES": 0.22238983, "PSAP": "Lincoln RCC", "GEONAMEID": 29371, "SEGMENTID": 74204, "MCODE": 440, "LGEOCODE": "15110", "RGEOCODE": "15110", "GC_EXCEPTION": null, "AMUPDDAT": 1704474267000, "AMUPDORG": "es.ngesi.maine.gov", "FMUPDDAT": 1295339780000, "FMUPDORG": "jt.ngesi.maine.gov", "CREATDAT": 1295339780000, "CREATORG": "jt.ngesi.maine.gov", "GlobalID": "69ae054f-51af-4944-9344-c489e0507572", "Shape__Length": 268.42684676768346}}, {"type": "Feature", "id": 3866, "geometry": {"type": "LineString", "coordinates": [[-69.5338698335348, 44.0347430968048], [-69.5337374108382, 44.0348714473298], [-69.5334907391987, 44.0351105423555]]}, "properties": {"OBJECTID": 3866, "SOURCE_OF_DATA": "ngesi.maine.gov", "DATEUPDATE": 1704474267000, "EFFECTIVE": 1369612800000, "EXPIRE": null, "RCL_UID": "urn:emergency:uid:gis:RCL:93057:ngesi.maine.gov", "L_ADD_PRE": "", "L_ADD_FROM": 18, "L_ADD_TO": 22, "R_ADD_PRE": "", "R_ADD_FROM": 17, "R_ADD_TO": 21, "LPARITY": "E", "RPARITY": "O", "ST_PREMOD": "", "ST_PREDIR": "", "ST_PRETYP": "", "ST_PRESEP": "", "ST_NAME": "Glidden", "ST_POSTTYP": "Street", "ST_POSTDIR": "", "ST_POSTMOD": "", "ST_FULLNAME": "Glidden Street", "DIRTRAVEL": null, "PREDIR": "", "STREETNAME": "Glidden", "SUFFIX": "St", "POSTDIR": "", "RDNAME": "Glidden St", "LESN": "142", "RESN": "142", "LMSAGCOMM": "Newcastle", "RMSAGCOMM": "Newcastle", "LMSAG_CODE": "2315", "RMSAG_CODE": "2315", "LCOUNTRY": "US", "RCOUNTRY": "US", "LSTATE": "ME", "RSTATE": "ME", "LCOUNTY": "Lincoln County", "RCOUNTY": "Lincoln County", "LCITY": "Newcastle", "RCITY": "Newcastle", "L_A4": null, "R_A4": null, "L_A5": null, "R_A5": null, "LPOSTCOMM": "Newcastle", "RPOSTCOMM": "Newcastle", "LZIPCODE": "04553", "RZIPCODE": "04553", "RDCLASS": "Local", "MDOTJURIS": "Townway", "ONEWAY": "B", "SPEED": 35, "LVALID": "N", "RVALID": "N", "TOWN": "Newcastle", "ROUTE_NUM": "", "MAP_LABEL": "Glidden St", "SOURCE": "43", "FEET": 167, "MINUTES": 0.05419362, "PSAP": "Lincoln RCC", "GEONAMEID": 21955, "SEGMENTID": 93057, "MCODE": 440, "LGEOCODE": "15110", "RGEOCODE": "15110", "GC_EXCEPTION": null, "AMUPDDAT": 1704474267000, "AMUPDORG": "es.ngesi.maine.gov", "FMUPDDAT": 1267199283000, "FMUPDORG": "jt.ngesi.maine.gov", "CREATDAT": 1267199283000, "CREATORG": "jt.ngesi.maine.gov", "GlobalID": "9cafe5ae-3f0c-4b89-afdb-724ed767e762", "Shape__Length": 50.87620097128181}}, {"type": "Feature", "id": 3870, "geometry": {"type": "LineString", "coordinates": [[-69.5618429926775, 44.0939202682816], [-69.5620150193062, 44.0939866501659], [-69.5622305900197, 44.0940471814147], [-69.5624880280734, 44.0940765256123], [-69.5627853979811, 44.0940958858918], [-69.5631791381043, 44.0941259975585]]}, "properties": {"OBJECTID": 3870, "SOURCE_OF_DATA": "ngesi.maine.gov", "DATEUPDATE": 1713467888000, "EFFECTIVE": 1369612800000, "EXPIRE": null, "RCL_UID": "urn:emergency:uid:gis:RCL:60787:ngesi.maine.gov", "L_ADD_PRE": "", "L_ADD_FROM": 2, "L_ADD_TO": 14, "R_ADD_PRE": "", "R_ADD_FROM": 1, "R_ADD_TO": 13, "LPARITY": "E", "RPARITY": "O", "ST_PREMOD": "", "ST_PREDIR": "", "ST_PRETYP": "", "ST_PRESEP": "", "ST_NAME": "Elm", "ST_POSTTYP": "Road", "ST_POSTDIR": "", "ST_POSTMOD": "", "ST_FULLNAME": "Elm Road", "DIRTRAVEL": null, "PREDIR": "", "STREETNAME": "Elm", "SUFFIX": "Rd", "POSTDIR": "", "RDNAME": "Elm Rd", "LESN": "142", "RESN": "142", "LMSAGCOMM": "Newcastle", "RMSAGCOMM": "Newcastle", "LMSAG_CODE": "2315", "RMSAG_CODE": "2315", "LCOUNTRY": "US", "RCOUNTRY": "US", "LSTATE": "ME", "RSTATE": "ME", "LCOUNTY": "Lincoln County", "RCOUNTY": "Lincoln County", "LCITY": "Newcastle", "RCITY": "Newcastle", "L_A4": null, "R_A4": null, "L_A5": null, "R_A5": null, "LPOSTCOMM": "Newcastle", "RPOSTCOMM": "Newcastle", "LZIPCODE": "04553", "RZIPCODE": "04553", "RDCLASS": "Private", "MDOTJURIS": "Private", "ONEWAY": "B", "SPEED": 25, "LVALID": "N", "RVALID": "N", "TOWN": "Newcastle", "ROUTE_NUM": "", "MAP_LABEL": "Elm Rd", "SOURCE": "2", "FEET": 363, "MINUTES": 0.16493759, "PSAP": "Lincoln RCC", "GEONAMEID": 17816, "SEGMENTID": 60787, "MCODE": 440, "LGEOCODE": "15110", "RGEOCODE": "15110", "GC_EXCEPTION": null, "AMUPDDAT": 1713467888000, "AMUPDORG": "es.ngesi.maine.gov", "FMUPDDAT": 1267178676000, "FMUPDORG": "jt.ngesi.maine.gov", "CREATDAT": 1267178676000, "CREATORG": "jt.ngesi.maine.gov", "GlobalID": "42832f0b-7b36-4fbf-80e0-5b09398a7f0f", "Shape__Length": 110.60077446225117}}, {"type": "Feature", "id": 3900, "geometry": {"type": "LineString", "coordinates": [[-69.5618429926775, 44.0939202682816], [-69.5618020407437, 44.0940164543632], [-69.5616608501599, 44.0943807937936], [-69.5615551833498, 44.0946021563335], [-69.561473568634, 44.0947460798202], [-69.56119743762, 44.095153811607], [-69.5610496692579, 44.0953661880347], [-69.5608653086345, 44.0956328090009], [-69.5606775169185, 44.0959622178196], [-69.56044786162, 44.0963104325944]]}, "properties": {"OBJECTID": 3900, "SOURCE_OF_DATA": "ngesi.maine.gov", "DATEUPDATE": 1709214125000, "EFFECTIVE": 1369612800000, "EXPIRE": null, "RCL_UID": "urn:emergency:uid:gis:RCL:63075:ngesi.maine.gov", "L_ADD_PRE": "", "L_ADD_FROM": 134, "L_ADD_TO": 168, "R_ADD_PRE": "", "R_ADD_FROM": 133, "R_ADD_TO": 167, "LPARITY": "E", "RPARITY": "O", "ST_PREMOD": "", "ST_PREDIR": "", "ST_PRETYP": "", "ST_PRESEP": "", "ST_NAME": "Ridge", "ST_POSTTYP": "Road", "ST_POSTDIR": "", "ST_POSTMOD": "", "ST_FULLNAME": "Ridge Road", "DIRTRAVEL": null, "PREDIR": "", "STREETNAME": "Ridge", "SUFFIX": "Rd", "POSTDIR": "", "RDNAME": "Ridge Rd", "LESN": "142", "RESN": "142", "LMSAGCOMM": "Newcastle", "RMSAGCOMM": "Newcastle", "LMSAG_CODE": "2315", "RMSAG_CODE": "2315", "LCOUNTRY": "US", "RCOUNTRY": "US", "LSTATE": "ME", "RSTATE": "ME", "LCOUNTY": "Lincoln County", "RCOUNTY": "Lincoln County", "LCITY": "Newcastle", "RCITY": "Newcastle", "L_A4": null, "R_A4": null, "L_A5": null, "R_A5": null, "LPOSTCOMM": "Newcastle", "RPOSTCOMM": "Newcastle", "LZIPCODE": "04553", "RZIPCODE": "04553", "RDCLASS": "Secondary", "MDOTJURIS": "State Aid", "ONEWAY": "B", "SPEED": 45, "LVALID": "N", "RVALID": "N", "TOWN": "Newcastle", "ROUTE_NUM": "215", "MAP_LABEL": "Ridge Rd - Route 215", "SOURCE": "43", "FEET": 947, "MINUTES": 0.23919634, "PSAP": "Lincoln RCC", "GEONAMEID": 48188, "SEGMENTID": 63075, "MCODE": 440, "LGEOCODE": "15110", "RGEOCODE": "15110", "GC_EXCEPTION": null, "AMUPDDAT": 1709214125000, "AMUPDORG": "es.ngesi.maine.gov", "FMUPDDAT": 1267178664000, "FMUPDORG": "jt.ngesi.maine.gov", "CREATDAT": 1267178664000, "CREATORG": "jt.ngesi.maine.gov", "GlobalID": "9cdc042e-959a-42c2-85ab-e07a0597053d", "Shape__Length": 288.7124770002336}}, {"type": "Feature", "id": 3957, "geometry": {"type": "LineString", "coordinates": [[-69.5632528501664, 43.9977291746012], [-69.5635875469917, 43.9974921096884], [-69.5639237857495, 43.9972706392412], [-69.5642800925832, 43.9970599899359], [-69.5646979603056, 43.9968349538044], [-69.5656195372394, 43.9963368955298], [-69.5663772179968, 43.9959241491956], [-69.566845985174, 43.9956642523933], [-69.5673084578718, 43.9954091117493], [-69.5674701583032, 43.9953334806659]]}, "properties": {"OBJECTID": 3957, "SOURCE_OF_DATA": "ngesi.maine.gov", "DATEUPDATE": 1709214125000, "EFFECTIVE": 1369612800000, "EXPIRE": null, "RCL_UID": "urn:emergency:uid:gis:RCL:64680:ngesi.maine.gov", "L_ADD_PRE": "", "L_ADD_FROM": 606, "L_ADD_TO": 658, "R_ADD_PRE": "", "R_ADD_FROM": 605, "R_ADD_TO": 657, "LPARITY": "E", "RPARITY": "O", "ST_PREMOD": "", "ST_PREDIR": "", "ST_PRETYP": "", "ST_PRESEP": "", "ST_NAME": "River", "ST_POSTTYP": "Road", "ST_POSTDIR": "", "ST_POSTMOD": "", "ST_FULLNAME": "River Road", "DIRTRAVEL": null, "PREDIR": "", "STREETNAME": "River", "SUFFIX": "Rd", "POSTDIR": "", "RDNAME": "River Rd", "LESN": "142", "RESN": "142", "LMSAGCOMM": "Newcastle", "RMSAGCOMM": "Newcastle", "LMSAG_CODE": "2315", "RMSAG_CODE": "2315", "LCOUNTRY": "US", "RCOUNTRY": "US", "LSTATE": "ME", "RSTATE": "ME", "LCOUNTY": "Lincoln County", "RCOUNTY": "Lincoln County", "LCITY": "Newcastle", "RCITY": "Newcastle", "L_A4": null, "R_A4": null, "L_A5": null, "R_A5": null, "LPOSTCOMM": "Newcastle", "RPOSTCOMM": "Newcastle", "LZIPCODE": "04553", "RZIPCODE": "04553", "RDCLASS": "Local", "MDOTJURIS": "State Aid", "ONEWAY": "B", "SPEED": 35, "LVALID": "N", "RVALID": "N", "TOWN": "Newcastle", "ROUTE_NUM": "", "MAP_LABEL": "River Rd", "SOURCE": "43", "FEET": 1413, "MINUTES": 0.45883262, "PSAP": "Lincoln RCC", "GEONAMEID": 48507, "SEGMENTID": 64680, "MCODE": 440, "LGEOCODE": "15110", "RGEOCODE": "15110", "GC_EXCEPTION": null, "AMUPDDAT": 1709214125000, "AMUPDORG": "es.ngesi.maine.gov", "FMUPDDAT": 1271077617000, "FMUPDORG": "jt.ngesi.maine.gov", "CREATDAT": 1271077617000, "CREATORG": "jt.ngesi.maine.gov", "GlobalID": "8b8ae2a7-5617-4273-98f8-c72513427e3f", "Shape__Length": 430.7455802878184}}, {"type": "Feature", "id": 3966, "geometry": {"type": "LineString", "coordinates": [[-69.5533172204706, 44.0147017727071], [-69.5532250894369, 44.0146551936976], [-69.553097932241, 44.0146763732471], [-69.5529704801863, 44.0146806005422], [-69.5528308331967, 44.0146989591293], [-69.5526995258951, 44.0147354101988], [-69.5525203760521, 44.0148178481322], [-69.5523032843027, 44.0148933474494]]}, "properties": {"OBJECTID": 3966, "SOURCE_OF_DATA": "ngesi.maine.gov", "DATEUPDATE": 1713467888000, "EFFECTIVE": 1369612800000, "EXPIRE": null, "RCL_UID": "urn:emergency:uid:gis:RCL:61010:ngesi.maine.gov", "L_ADD_PRE": "", "L_ADD_FROM": 2, "L_ADD_TO": 10, "R_ADD_PRE": "", "R_ADD_FROM": 1, "R_ADD_TO": 9, "LPARITY": "E", "RPARITY": "O", "ST_PREMOD": "", "ST_PREDIR": "", "ST_PRETYP": "", "ST_PRESEP": "", "ST_NAME": "Cherry", "ST_POSTTYP": "Lane", "ST_POSTDIR": "", "ST_POSTMOD": "", "ST_FULLNAME": "Cherry Lane", "DIRTRAVEL": null, "PREDIR": "", "STREETNAME": "Cherry", "SUFFIX": "Ln", "POSTDIR": "", "RDNAME": "Cherry Ln", "LESN": "142", "RESN": "142", "LMSAGCOMM": "Newcastle", "RMSAGCOMM": "Newcastle", "LMSAG_CODE": "2315", "RMSAG_CODE": "2315", "LCOUNTRY": "US", "RCOUNTRY": "US", "LSTATE": "ME", "RSTATE": "ME", "LCOUNTY": "Lincoln County", "RCOUNTY": "Lincoln County", "LCITY": "Newcastle", "RCITY": "Newcastle", "L_A4": null, "R_A4": null, "L_A5": null, "R_A5": null, "LPOSTCOMM": "Newcastle", "RPOSTCOMM": "Newcastle", "LZIPCODE": "04553", "RZIPCODE": "04553", "RDCLASS": "Private", "MDOTJURIS": "Private", "ONEWAY": "B", "SPEED": 25, "LVALID": "N", "RVALID": "N", "TOWN": "Newcastle", "ROUTE_NUM": "", "MAP_LABEL": "Cherry Ln", "SOURCE": "2", "FEET": 291, "MINUTES": 0.13228615, "PSAP": "Lincoln RCC", "GEONAMEID": 10640, "SEGMENTID": 61010, "MCODE": 440, "LGEOCODE": "15110", "RGEOCODE": "15110", "GC_EXCEPTION": null, "AMUPDDAT": 1713467888000, "AMUPDORG": "es.ngesi.maine.gov", "FMUPDDAT": 1271077900000, "FMUPDORG": "jt.ngesi.maine.gov", "CREATDAT": 1271077900000, "CREATORG": "jt.ngesi.maine.gov", "GlobalID": "b715035c-d446-4230-8956-983b0bde9fb8", "Shape__Length": 88.70597847076856}}, {"type": "Feature", "id": 4008, "geometry": {"type": "LineString", "coordinates": [[-69.5604619912154, 44.0007454385383], [-69.5601544063492, 44.0006247064462], [-69.5599326019445, 44.0005361008157], [-69.5597205575576, 44.0004494097038], [-69.559546978405, 44.0003784480107], [-69.5593909983292, 44.0002968027782], [-69.559333433702, 44.0001638058487], [-69.5592890941435, 43.9999355952087], [-69.5592576513883, 43.9997285876755], [-69.5591268861324, 43.9994867995098], [-69.5588426241211, 43.9993450346003], [-69.5583898933456, 43.9992775519532], [-69.5578669030295, 43.9992111848746], [-69.5573464335558, 43.9991461716359], [-69.5568377479004, 43.9990967376723], [-69.5563988089637, 43.9991606309765], [-69.5560082530285, 43.9990858854025], [-69.55564259425, 43.9990165725774], [-69.5551465817848, 43.999065963868], [-69.5547616326629, 43.9992674410977], [-69.5545755211437, 43.9994823126804], [-69.5543566166053, 43.9996984414878], [-69.5540170696043, 43.9998283792059], [-69.5536058384025, 43.9998790273354], [-69.5531725072864, 43.9998265919107], [-69.5527108176841, 43.9997490462214], [-69.5523167069492, 43.9997118588157]]}, "properties": {"OBJECTID": 4008, "SOURCE_OF_DATA": "ngesi.maine.gov", "DATEUPDATE": 1605571200000, "EFFECTIVE": 1369612800000, "EXPIRE": null, "RCL_UID": "urn:emergency:uid:gis:RCL:127286:ngesi.maine.gov", "L_ADD_PRE": "", "L_ADD_FROM": 2, "L_ADD_TO": 110, "R_ADD_PRE": "", "R_ADD_FROM": 1, "R_ADD_TO": 111, "LPARITY": "E", "RPARITY": "O", "ST_PREMOD": "", "ST_PREDIR": "", "ST_PRETYP": "", "ST_PRESEP": "", "ST_NAME": "Perkins Point", "ST_POSTTYP": "Road", "ST_POSTDIR": "", "ST_POSTMOD": "", "ST_FULLNAME": "Perkins Point Road", "DIRTRAVEL": null, "PREDIR": "", "STREETNAME": "Perkins Point", "SUFFIX": "Rd", "POSTDIR": "", "RDNAME": "Perkins Point Rd", "LESN": "142", "RESN": "142", "LMSAGCOMM": "Newcastle", "RMSAGCOMM": "Newcastle", "LMSAG_CODE": "2315", "RMSAG_CODE": "2315", "LCOUNTRY": "US", "RCOUNTRY": "US", "LSTATE": "ME", "RSTATE": "ME", "LCOUNTY": "Lincoln County", "RCOUNTY": "Lincoln County", "LCITY": "Newcastle", "RCITY": "Newcastle", "L_A4": null, "R_A4": null, "L_A5": null, "R_A5": null, "LPOSTCOMM": "Newcastle", "RPOSTCOMM": "Newcastle", "LZIPCODE": "04553", "RZIPCODE": "04553", "RDCLASS": "Private", "MDOTJURIS": "Private", "ONEWAY": "B", "SPEED": 25, "LVALID": "N", "RVALID": "N", "TOWN": "Newcastle", "ROUTE_NUM": "", "MAP_LABEL": "Perkins Point Rd", "SOURCE": "14", "FEET": 2583, "MINUTES": 1.17420026, "PSAP": "Lincoln RCC", "GEONAMEID": 44143, "SEGMENTID": 127286, "MCODE": 440, "LGEOCODE": "15110", "RGEOCODE": "15110", "GC_EXCEPTION": null, "AMUPDDAT": 1590710400000, "AMUPDORG": "jr.ngesi.maine.gov", "FMUPDDAT": 1314888307000, "FMUPDORG": "es.ngesi.maine.gov", "CREATDAT": 1314888307000, "CREATORG": "es.ngesi.maine.gov", "GlobalID": "f77e1f02-23b9-4f61-b7cc-cb8b4aae7474", "Shape__Length": 787.371723408617}}, {"type": "Feature", "id": 4012, "geometry": {"type": "LineString", "coordinates": [[-69.55734077633, 44.0996715534603], [-69.5574273451006, 44.0997113850423], [-69.5576048233208, 44.0997623331802], [-69.5577739236263, 44.0998204705962], [-69.5579835976612, 44.0998606460171], [-69.5582123468361, 44.0999044642385], [-69.5584770810641, 44.0999551827245], [-69.5587816573017, 44.1000084157408], [-69.5590516743445, 44.1000375980789], [-69.5592878531645, 44.100051657767], [-69.5595754643017, 44.1000731359097], [-69.5597998403664, 44.1000491862312], [-69.5600302959798, 44.0999903183721], [-69.5602209127972, 44.0999306010209], [-69.5605359896011, 44.099919494028], [-69.560636360932, 44.0999640182209], [-69.5609740025593, 44.1001657372532], [-69.5610368644988, 44.100212534039], [-69.5611928482949, 44.1003337991849], [-69.5613896837858, 44.100454629297], [-69.5616051845062, 44.1005330606302], [-69.5618356913696, 44.1005745851047], [-69.5620937472553, 44.1005844078729], [-69.5624207828014, 44.1006483066756], [-69.5626039545058, 44.1007903327852], [-69.562644316138, 44.1008594687208], [-69.5627175134182, 44.1010011808775], [-69.5627860580247, 44.1012569251588]]}, "properties": {"OBJECTID": 4012, "SOURCE_OF_DATA": "ngesi.maine.gov", "DATEUPDATE": 1713467888000, "EFFECTIVE": 1369612800000, "EXPIRE": null, "RCL_UID": "urn:emergency:uid:gis:RCL:61244:ngesi.maine.gov", "L_ADD_PRE": "", "L_ADD_FROM": 2, "L_ADD_TO": 130, "R_ADD_PRE": "", "R_ADD_FROM": 1, "R_ADD_TO": 129, "LPARITY": "E", "RPARITY": "O", "ST_PREMOD": "", "ST_PREDIR": "", "ST_PRETYP": "", "ST_PRESEP": "", "ST_NAME": "Forest", "ST_POSTTYP": "Road", "ST_POSTDIR": "", "ST_POSTMOD": "", "ST_FULLNAME": "Forest Road", "DIRTRAVEL": null, "PREDIR": "", "STREETNAME": "Forest", "SUFFIX": "Rd", "POSTDIR": "", "RDNAME": "Forest Rd", "LESN": "142", "RESN": "142", "LMSAGCOMM": "Newcastle", "RMSAGCOMM": "Newcastle", "LMSAG_CODE": "2315", "RMSAG_CODE": "2315", "LCOUNTRY": "US", "RCOUNTRY": "US", "LSTATE": "ME", "RSTATE": "ME", "LCOUNTY": "Lincoln County", "RCOUNTY": "Lincoln County", "LCITY": "Newcastle", "RCITY": "Newcastle", "L_A4": null, "R_A4": null, "L_A5": null, "R_A5": null, "LPOSTCOMM": "Newcastle", "RPOSTCOMM": "Newcastle", "LZIPCODE": "04553", "RZIPCODE": "04553", "RDCLASS": "Private", "MDOTJURIS": "Private", "ONEWAY": "B", "SPEED": 25, "LVALID": "N", "RVALID": "N", "TOWN": "Newcastle", "ROUTE_NUM": "", "MAP_LABEL": "Forest Rd", "SOURCE": "2", "FEET": 1699, "MINUTES": 0.77246463, "PSAP": "Lincoln RCC", "GEONAMEID": 20110, "SEGMENTID": 61244, "MCODE": 440, "LGEOCODE": "15110", "RGEOCODE": "15110", "GC_EXCEPTION": null, "AMUPDDAT": 1713467888000, "AMUPDORG": "es.ngesi.maine.gov", "FMUPDDAT": 1271063110000, "FMUPDORG": "jt.ngesi.maine.gov", "CREATDAT": 1271063110000, "CREATORG": "jt.ngesi.maine.gov", "GlobalID": "de253f79-232b-4272-8ac7-4737021d2d01", "Shape__Length": 517.9849153898577}}, {"type": "Feature", "id": 4028, "geometry": {"type": "LineString", "coordinates": [[-69.6032428605119, 44.010442199098], [-69.6032326356117, 44.0105595773873], [-69.6032217078267, 44.0106851525477], [-69.6031406149934, 44.0108163831551], [-69.6029979800151, 44.010898167296], [-69.6028054923765, 44.0109847160236], [-69.6025755807197, 44.0110714618016], [-69.6023834108487, 44.0111895203051], [-69.6022727802544, 44.0113521660779], [-69.6022321721791, 44.0115357268962]]}, "properties": {"OBJECTID": 4028, "SOURCE_OF_DATA": "ngesi.maine.gov", "DATEUPDATE": 1656598025000, "EFFECTIVE": 1369612800000, "EXPIRE": null, "RCL_UID": "urn:emergency:uid:gis:RCL:62133:ngesi.maine.gov", "L_ADD_PRE": "", "L_ADD_FROM": 12, "L_ADD_TO": 32, "R_ADD_PRE": "", "R_ADD_FROM": 11, "R_ADD_TO": 31, "LPARITY": "E", "RPARITY": "O", "ST_PREMOD": "", "ST_PREDIR": "", "ST_PRETYP": "", "ST_PRESEP": "", "ST_NAME": "Osprey Point", "ST_POSTTYP": "Road", "ST_POSTDIR": "", "ST_POSTMOD": "", "ST_FULLNAME": "Osprey Point Road", "DIRTRAVEL": null, "PREDIR": "", "STREETNAME": "Osprey Point", "SUFFIX": "Rd", "POSTDIR": "", "RDNAME": "Osprey Point Rd", "LESN": "142", "RESN": "142", "LMSAGCOMM": "Newcastle", "RMSAGCOMM": "Newcastle", "LMSAG_CODE": "2315", "RMSAG_CODE": "2315", "LCOUNTRY": "US", "RCOUNTRY": "US", "LSTATE": "ME", "RSTATE": "ME", "LCOUNTY": "Lincoln County", "RCOUNTY": "Lincoln County", "LCITY": "Newcastle", "RCITY": "Newcastle", "L_A4": null, "R_A4": null, "L_A5": null, "R_A5": null, "LPOSTCOMM": "Newcastle", "RPOSTCOMM": "Newcastle", "LZIPCODE": "04553", "RZIPCODE": "04553", "RDCLASS": "Private", "MDOTJURIS": "Private", "ONEWAY": "B", "SPEED": 25, "LVALID": "N", "RVALID": "N", "TOWN": "Newcastle", "ROUTE_NUM": "", "MAP_LABEL": "Osprey Point Rd", "SOURCE": "2", "FEET": 517, "MINUTES": 0.23499553, "PSAP": "Lincoln RCC", "GEONAMEID": 42342, "SEGMENTID": 62133, "MCODE": 440, "LGEOCODE": "15110", "RGEOCODE": "15110", "GC_EXCEPTION": null, "AMUPDDAT": 1656604724000, "AMUPDORG": "es.ngesi.maine.gov", "FMUPDDAT": 1656598025000, "FMUPDORG": "es.ngesi.maine.gov", "CREATDAT": 1068768000000, "CREATORG": "bw.ngesi.maine.gov", "GlobalID": "cd181a8e-f3d5-4eb7-beb1-1d241f80c946", "Shape__Length": 157.5786056662423}}, {"type": "Feature", "id": 4037, "geometry": {"type": "LineString", "coordinates": [[-69.5863947380922, 44.048123051925], [-69.5856697109425, 44.0479678694484], [-69.5852074664931, 44.0478572811284], [-69.5845261847015, 44.0477654764696], [-69.5839590402166, 44.0477300490684], [-69.5836458041142, 44.0477080246557], [-69.5830981107412, 44.0476346072242], [-69.582437636754, 44.0476427389136], [-69.5815605339258, 44.0473764109858], [-69.5802174132967, 44.0470823634432]]}, "properties": {"OBJECTID": 4037, "SOURCE_OF_DATA": "ngesi.maine.gov", "DATEUPDATE": 1709585512000, "EFFECTIVE": 1369612800000, "EXPIRE": null, "RCL_UID": "urn:emergency:uid:gis:RCL:63116:ngesi.maine.gov", "L_ADD_PRE": "", "L_ADD_FROM": 198, "L_ADD_TO": 240, "R_ADD_PRE": "", "R_ADD_FROM": 197, "R_ADD_TO": 239, "LPARITY": "E", "RPARITY": "O", "ST_PREMOD": "", "ST_PREDIR": "West", "ST_PRETYP": "", "ST_PRESEP": "", "ST_NAME": "Old County", "ST_POSTTYP": "Road", "ST_POSTDIR": "", "ST_POSTMOD": "", "ST_FULLNAME": "West Old County Road", "DIRTRAVEL": null, "PREDIR": "W", "STREETNAME": "Old County", "SUFFIX": "Rd", "POSTDIR": "", "RDNAME": "W Old County Rd", "LESN": "142", "RESN": "142", "LMSAGCOMM": "Newcastle", "RMSAGCOMM": "Newcastle", "LMSAG_CODE": "2315", "RMSAG_CODE": "2315", "LCOUNTRY": "US", "RCOUNTRY": "US", "LSTATE": "ME", "RSTATE": "ME", "LCOUNTY": "Lincoln County", "RCOUNTY": "Lincoln County", "LCITY": "Newcastle", "RCITY": "Newcastle", "L_A4": null, "R_A4": null, "L_A5": null, "R_A5": null, "LPOSTCOMM": "Newcastle", "RPOSTCOMM": "Newcastle", "LZIPCODE": "04553", "RZIPCODE": "04553", "RDCLASS": "Local", "MDOTJURIS": "", "ONEWAY": "B", "SPEED": 35, "LVALID": "N", "RVALID": "N", "TOWN": "Newcastle", "ROUTE_NUM": "", "MAP_LABEL": "W Old County Rd", "SOURCE": "43", "FEET": 1680, "MINUTES": 0.54557567, "PSAP": "Lincoln RCC", "GEONAMEID": 65719, "SEGMENTID": 63116, "MCODE": 440, "LGEOCODE": "15110", "RGEOCODE": "15110", "GC_EXCEPTION": null, "AMUPDDAT": 1709585512000, "AMUPDORG": "es.ngesi.maine.gov", "FMUPDDAT": 1267191474000, "FMUPDORG": "jt.ngesi.maine.gov", "CREATDAT": 1267191474000, "CREATORG": "jt.ngesi.maine.gov", "GlobalID": "165dcdfd-1111-4f23-9a4d-143dc887ba79", "Shape__Length": 512.1787371383548}}, {"type": "Feature", "id": 4046, "geometry": {"type": "LineString", "coordinates": [[-69.5842434193782, 44.0971068634603], [-69.5844634198486, 44.0972052521348], [-69.5847452832353, 44.0973260031877], [-69.5856460247375, 44.097707119562], [-69.5860777798284, 44.0978927602142]]}, "properties": {"OBJECTID": 4046, "SOURCE_OF_DATA": "ngesi.maine.gov", "DATEUPDATE": 1709585512000, "EFFECTIVE": 1369612800000, "EXPIRE": null, "RCL_UID": "urn:emergency:uid:gis:RCL:74207:ngesi.maine.gov", "L_ADD_PRE": "", "L_ADD_FROM": 608, "L_ADD_TO": 630, "R_ADD_PRE": "", "R_ADD_FROM": 607, "R_ADD_TO": 629, "LPARITY": "E", "RPARITY": "O", "ST_PREMOD": "", "ST_PREDIR": "", "ST_PRETYP": "", "ST_PRESEP": "", "ST_NAME": "Jones Woods", "ST_POSTTYP": "Road", "ST_POSTDIR": "", "ST_POSTMOD": "", "ST_FULLNAME": "Jones Woods Road", "DIRTRAVEL": null, "PREDIR": "", "STREETNAME": "Jones Woods", "SUFFIX": "Rd", "POSTDIR": "", "RDNAME": "Jones Woods Rd", "LESN": "142", "RESN": "142", "LMSAGCOMM": "Newcastle", "RMSAGCOMM": "Newcastle", "LMSAG_CODE": "2315", "RMSAG_CODE": "2315", "LCOUNTRY": "US", "RCOUNTRY": "US", "LSTATE": "ME", "RSTATE": "ME", "LCOUNTY": "Lincoln County", "RCOUNTY": "Lincoln County", "LCITY": "Newcastle", "RCITY": "Newcastle", "L_A4": null, "R_A4": null, "L_A5": null, "R_A5": null, "LPOSTCOMM": "Newcastle", "RPOSTCOMM": "Newcastle", "LZIPCODE": "04553", "RZIPCODE": "04553", "RDCLASS": "Secondary", "MDOTJURIS": "State Aid", "ONEWAY": "B", "SPEED": 45, "LVALID": "N", "RVALID": "N", "TOWN": "Newcastle", "ROUTE_NUM": "194", "MAP_LABEL": "Jones Woods Rd - Route 194", "SOURCE": "43", "FEET": 560, "MINUTES": 0.14152676, "PSAP": "Lincoln RCC", "GEONAMEID": 29371, "SEGMENTID": 74207, "MCODE": 440, "LGEOCODE": "15110", "RGEOCODE": "15110", "GC_EXCEPTION": null, "AMUPDDAT": 1709585512000, "AMUPDORG": "es.ngesi.maine.gov", "FMUPDDAT": 1295343713000, "FMUPDORG": "jt.ngesi.maine.gov", "CREATDAT": 1295343713000, "CREATORG": "jt.ngesi.maine.gov", "GlobalID": "f67d1b98-4b9d-4430-889e-1ae960b61df6", "Shape__Length": 170.82427317469688}}, {"type": "Feature", "id": 4050, "geometry": {"type": "LineString", "coordinates": [[-69.5945229240987, 44.0387779315369], [-69.5945343179937, 44.038656740059], [-69.594585216748, 44.0383174238922], [-69.5946259781018, 44.0380165510863], [-69.5946720101431, 44.0377248343207], [-69.5947171310506, 44.037505527889], [-69.5947752495638, 44.0372231477291], [-69.5948327959727, 44.0369435165525], [-69.5948594757836, 44.0365926037767], [-69.5947475853757, 44.0362878887443], [-69.5945676254503, 44.0360153549854], [-69.5944208809648, 44.0357931213983], [-69.5943001985732, 44.0354936826227], [-69.5942209215485, 44.0352499217132], [-69.5942036760146, 44.0350390698388], [-69.5942871759502, 44.0347563597257], [-69.5944343053793, 44.0343732182638], [-69.5945066420971, 44.0341000826737], [-69.5945379675187, 44.0336894798234], [-69.5945557658753, 44.0333763825725], [-69.5946715480327, 44.0330538349384], [-69.5947331697473, 44.0328101691584], [-69.5948721016083, 44.032515267403], [-69.5950443264616, 44.0322152581897], [-69.5951727877558, 44.0319069054047], [-69.5952536601547, 44.0315782635464], [-69.5953412920293, 44.0312293286406], [-69.5954260530968, 44.0309165844509], [-69.5955065889888, 44.0306194111546], [-69.5956067789432, 44.0303135280372], [-69.5957725746135, 44.0299183486847], [-69.5959675831909, 44.0296341732507], [-69.5960846859703, 44.0293415175416], [-69.5961402182933, 44.029049029909], [-69.5961847612895, 44.0286512322184], [-69.5962418567225, 44.0282757785638], [-69.5963236619268, 44.0279578449823], [-69.596329485932, 44.0278367632011]]}, "properties": {"OBJECTID": 4050, "SOURCE_OF_DATA": "ngesi.maine.gov", "DATEUPDATE": 1605571200000, "EFFECTIVE": 1369612800000, "EXPIRE": null, "RCL_UID": "urn:emergency:uid:gis:RCL:60644:ngesi.maine.gov", "L_ADD_PRE": "", "L_ADD_FROM": 16, "L_ADD_TO": 176, "R_ADD_PRE": "", "R_ADD_FROM": 15, "R_ADD_TO": 175, "LPARITY": "E", "RPARITY": "O", "ST_PREMOD": "", "ST_PREDIR": "", "ST_PRETYP": "", "ST_PRESEP": "", "ST_NAME": "Reach", "ST_POSTTYP": "Road", "ST_POSTDIR": "", "ST_POSTMOD": "", "ST_FULLNAME": "Reach Road", "DIRTRAVEL": null, "PREDIR": "", "STREETNAME": "Reach", "SUFFIX": "Rd", "POSTDIR": "", "RDNAME": "Reach Rd", "LESN": "142", "RESN": "142", "LMSAGCOMM": "Newcastle", "RMSAGCOMM": "Newcastle", "LMSAG_CODE": "2315", "RMSAG_CODE": "2315", "LCOUNTRY": "US", "RCOUNTRY": "US", "LSTATE": "ME", "RSTATE": "ME", "LCOUNTY": "Lincoln County", "RCOUNTY": "Lincoln County", "LCITY": "Newcastle", "RCITY": "Newcastle", "L_A4": null, "R_A4": null, "L_A5": null, "R_A5": null, "LPOSTCOMM": "Newcastle", "RPOSTCOMM": "Newcastle", "LZIPCODE": "04553", "RZIPCODE": "04553", "RDCLASS": "Private", "MDOTJURIS": "Private", "ONEWAY": "B", "SPEED": 25, "LVALID": "N", "RVALID": "N", "TOWN": "Newcastle", "ROUTE_NUM": "", "MAP_LABEL": "Reach Rd", "SOURCE": "2", "FEET": 4096, "MINUTES": 1.86184836, "PSAP": "Lincoln RCC", "GEONAMEID": 47519, "SEGMENTID": 60644, "MCODE": 440, "LGEOCODE": "15110", "RGEOCODE": "15110", "GC_EXCEPTION": null, "AMUPDDAT": 1590710400000, "AMUPDORG": "jr.ngesi.maine.gov", "FMUPDDAT": 839462400000, "FMUPDORG": "bw.ngesi.maine.gov", "CREATDAT": 839462400000, "CREATORG": "bw.ngesi.maine.gov", "GlobalID": "e82fa05e-0c1b-454d-815f-acbeba8143ff", "Shape__Length": 1248.4810333345542}}, {"type": "Feature", "id": 4067, "geometry": {"type": "LineString", "coordinates": [[-69.5982323019253, 44.0806183473378], [-69.5982769007356, 44.0804793268906], [-69.5983322655866, 44.0803390796025], [-69.5983446460393, 44.0802216648679], [-69.5983949662942, 44.0797445289145], [-69.5984047329351, 44.0794743766939], [-69.5983671794103, 44.0793618512016], [-69.5983129996211, 44.0791994620728], [-69.598295266181, 44.0791463270196]]}, "properties": {"OBJECTID": 4067, "SOURCE_OF_DATA": "ngesi.maine.gov", "DATEUPDATE": 1702656682000, "EFFECTIVE": 1369612800000, "EXPIRE": null, "RCL_UID": "urn:emergency:uid:gis:RCL:74093:ngesi.maine.gov", "L_ADD_PRE": "", "L_ADD_FROM": 292, "L_ADD_TO": 312, "R_ADD_PRE": "", "R_ADD_FROM": 291, "R_ADD_TO": 311, "LPARITY": "E", "RPARITY": "O", "ST_PREMOD": "", "ST_PREDIR": "North", "ST_PRETYP": "", "ST_PRESEP": "", "ST_NAME": "Dyer Neck", "ST_POSTTYP": "Road", "ST_POSTDIR": "", "ST_POSTMOD": "", "ST_FULLNAME": "North Dyer Neck Road", "DIRTRAVEL": null, "PREDIR": "N", "STREETNAME": "Dyer Neck", "SUFFIX": "Rd", "POSTDIR": "", "RDNAME": "N Dyer Neck Rd", "LESN": "142", "RESN": "142", "LMSAGCOMM": "Newcastle", "RMSAGCOMM": "Newcastle", "LMSAG_CODE": "2315", "RMSAG_CODE": "2315", "LCOUNTRY": "US", "RCOUNTRY": "US", "LSTATE": "ME", "RSTATE": "ME", "LCOUNTY": "Lincoln County", "RCOUNTY": "Lincoln County", "LCITY": "Newcastle", "RCITY": "Newcastle", "L_A4": null, "R_A4": null, "L_A5": null, "R_A5": null, "LPOSTCOMM": "Newcastle", "RPOSTCOMM": "Newcastle", "LZIPCODE": "04553", "RZIPCODE": "04553", "RDCLASS": "Local", "MDOTJURIS": "", "ONEWAY": "B", "SPEED": 35, "LVALID": "N", "RVALID": "N", "TOWN": "Newcastle", "ROUTE_NUM": "", "MAP_LABEL": "N Dyer Neck Rd", "SOURCE": "2", "FEET": 544, "MINUTES": 0.17657599, "PSAP": "Lincoln RCC", "GEONAMEID": 64957, "SEGMENTID": 74093, "MCODE": 440, "LGEOCODE": "15110", "RGEOCODE": "15110", "GC_EXCEPTION": null, "AMUPDDAT": 1702656682000, "AMUPDORG": "es.ngesi.maine.gov", "FMUPDDAT": 1295345516000, "FMUPDORG": "jt.ngesi.maine.gov", "CREATDAT": 1295345516000, "CREATORG": "jt.ngesi.maine.gov", "GlobalID": "6e30eb5c-69d8-4a4b-be07-7ccc0c94e8d3", "Shape__Length": 165.76704683687424}}, {"type": "Feature", "id": 4069, "geometry": {"type": "LineString", "coordinates": [[-69.5326711034885, 44.0897564287752], [-69.5325338236742, 44.089783304527], [-69.5321121789829, 44.0898222999243], [-69.5318800790293, 44.0898385603552], [-69.5311342271176, 44.0899212147368], [-69.5309402382688, 44.0899555728883], [-69.5308090681507, 44.0899911064122], [-69.530770681104, 44.0900022868571], [-69.5307115312608, 44.0900174892027], [-69.5304793154875, 44.0900251131072], [-69.5302676701482, 44.0900309574389], [-69.5300356672064, 44.0900526336926], [-69.5298036515994, 44.0900743095338]]}, "properties": {"OBJECTID": 4069, "SOURCE_OF_DATA": "ngesi.maine.gov", "DATEUPDATE": 1702054300000, "EFFECTIVE": 1369612800000, "EXPIRE": null, "RCL_UID": "urn:emergency:uid:gis:RCL:123459:ngesi.maine.gov", "L_ADD_PRE": "", "L_ADD_FROM": 2, "L_ADD_TO": 30, "R_ADD_PRE": "", "R_ADD_FROM": 1, "R_ADD_TO": 29, "LPARITY": "E", "RPARITY": "O", "ST_PREMOD": "", "ST_PREDIR": "", "ST_PRETYP": "", "ST_PRESEP": "", "ST_NAME": "Thistle", "ST_POSTTYP": "Way", "ST_POSTDIR": "", "ST_POSTMOD": "", "ST_FULLNAME": "Thistle Way", "DIRTRAVEL": null, "PREDIR": "", "STREETNAME": "Thistle", "SUFFIX": "Way", "POSTDIR": "", "RDNAME": "Thistle Way", "LESN": "142", "RESN": "142", "LMSAGCOMM": "Newcastle", "RMSAGCOMM": "Newcastle", "LMSAG_CODE": "2315", "RMSAG_CODE": "2315", "LCOUNTRY": "US", "RCOUNTRY": "US", "LSTATE": "ME", "RSTATE": "ME", "LCOUNTY": "Lincoln County", "RCOUNTY": "Lincoln County", "LCITY": "Newcastle", "RCITY": "Newcastle", "L_A4": null, "R_A4": null, "L_A5": null, "R_A5": null, "LPOSTCOMM": "Newcastle", "RPOSTCOMM": "Newcastle", "LZIPCODE": "04553", "RZIPCODE": "04553", "RDCLASS": "Private", "MDOTJURIS": "Private", "ONEWAY": "B", "SPEED": 25, "LVALID": "N", "RVALID": "N", "TOWN": "Newcastle", "ROUTE_NUM": "", "MAP_LABEL": "Thistle Way", "SOURCE": "14", "FEET": 765, "MINUTES": 0.34757803, "PSAP": "Lincoln RCC", "GEONAMEID": 57646, "SEGMENTID": 123459, "MCODE": 440, "LGEOCODE": "15110", "RGEOCODE": "15110", "GC_EXCEPTION": null, "AMUPDDAT": 1702054300000, "AMUPDORG": "es.ngesi.maine.gov", "FMUPDDAT": 1271067884000, "FMUPDORG": "jt.ngesi.maine.gov", "CREATDAT": 1271067884000, "CREATORG": "jt.ngesi.maine.gov", "GlobalID": "445aa2f1-a264-497f-a4c9-3e32d907a298", "Shape__Length": 233.07238706439063}}, {"type": "Feature", "id": 4074, "geometry": {"type": "LineString", "coordinates": [[-69.6032733560344, 44.0525764086482], [-69.6032571975119, 44.0527087900856], [-69.6033518375335, 44.0530321340096], [-69.6034089318632, 44.053174032344], [-69.6034794227911, 44.0533492175189], [-69.6035891046746, 44.0536218015666], [-69.603617780505, 44.0536930741141], [-69.6037068313182, 44.0538923172204], [-69.603877022535, 44.0542505367558], [-69.6039256525183, 44.0543528825506], [-69.6039377083348, 44.0544126824836], [-69.6039519464389, 44.0544832929751], [-69.6039211949524, 44.0545284725676], [-69.6038652932168, 44.054555778268], [-69.6037469276277, 44.0545789123365], [-69.603634803754, 44.0546020133049], [-69.6035664639158, 44.0546338862774], [-69.6035262694542, 44.0546749380663], [-69.6033734158763, 44.0548437940043], [-69.6033428937963, 44.0548845785642], [-69.6032896339085, 44.0549557346302], [-69.6032406602782, 44.0550211598794], [-69.6031991348288, 44.0551008612008], [-69.6031786672554, 44.0551716369999], [-69.6031954318163, 44.0552476903029], [-69.6032669640876, 44.0553850737468], [-69.6033826412397, 44.0555433009878], [-69.6034363695396, 44.0556411633564]]}, "properties": {"OBJECTID": 4074, "SOURCE_OF_DATA": "ngesi.maine.gov", "DATEUPDATE": 1744633825000, "EFFECTIVE": 1369612800000, "EXPIRE": null, "RCL_UID": "urn:emergency:uid:gis:RCL:60563:ngesi.maine.gov", "L_ADD_PRE": "", "L_ADD_FROM": 2, "L_ADD_TO": 50, "R_ADD_PRE": "", "R_ADD_FROM": 1, "R_ADD_TO": 49, "LPARITY": "E", "RPARITY": "O", "ST_PREMOD": "", "ST_PREDIR": "", "ST_PRETYP": "", "ST_PRESEP": "", "ST_NAME": "Lucky", "ST_POSTTYP": "Lane", "ST_POSTDIR": "", "ST_POSTMOD": "", "ST_FULLNAME": "Lucky Lane", "DIRTRAVEL": null, "PREDIR": "", "STREETNAME": "Lucky", "SUFFIX": "Ln", "POSTDIR": "", "RDNAME": "Lucky Ln", "LESN": "142", "RESN": "142", "LMSAGCOMM": "Newcastle", "RMSAGCOMM": "Newcastle", "LMSAG_CODE": "2315", "RMSAG_CODE": "2315", "LCOUNTRY": "US", "RCOUNTRY": "US", "LSTATE": "ME", "RSTATE": "ME", "LCOUNTY": "Lincoln County", "RCOUNTY": "Lincoln County", "LCITY": "Newcastle", "RCITY": "Newcastle", "L_A4": null, "R_A4": null, "L_A5": null, "R_A5": null, "LPOSTCOMM": "Newcastle", "RPOSTCOMM": "Newcastle", "LZIPCODE": "04553", "RZIPCODE": "04553", "RDCLASS": "Private", "MDOTJURIS": "Private", "ONEWAY": "B", "SPEED": 25, "LVALID": "N", "RVALID": "N", "TOWN": "Newcastle", "ROUTE_NUM": "", "MAP_LABEL": "Lucky Ln", "SOURCE": "22", "FEET": 1249, "MINUTES": 0.56791149, "PSAP": "Lincoln RCC", "GEONAMEID": 34219, "SEGMENTID": 60563, "MCODE": 440, "LGEOCODE": "15110", "RGEOCODE": "15110", "GC_EXCEPTION": null, "AMUPDDAT": 1744633825000, "AMUPDORG": "es.ngesi.maine.gov", "FMUPDDAT": 1744633825000, "FMUPDORG": "es.ngesi.maine.gov", "CREATDAT": 1339760248000, "CREATORG": "es.ngesi.maine.gov", "GlobalID": "72dfb0a5-524d-4fbe-a42f-fdbe13c62633", "Shape__Length": 380.81949076380255}}, {"type": "Feature", "id": 4090, "geometry": {"type": "LineString", "coordinates": [[-69.5362119299136, 44.0345204671102], [-69.5360875015542, 44.0344094983428], [-69.5358447289976, 44.0342504389193], [-69.5357138497172, 44.0341644035181], [-69.5355717805198, 44.0340871537593], [-69.5353156862897, 44.0340020379063], [-69.5350773925619, 44.0339228434128], [-69.5348525805995, 44.0338481230464]]}, "properties": {"OBJECTID": 4090, "SOURCE_OF_DATA": "ngesi.maine.gov", "DATEUPDATE": 1747321733000, "EFFECTIVE": 1369612800000, "EXPIRE": null, "RCL_UID": "urn:emergency:uid:gis:RCL:93073:ngesi.maine.gov", "L_ADD_PRE": "", "L_ADD_FROM": 66, "L_ADD_TO": 74, "R_ADD_PRE": "", "R_ADD_FROM": 65, "R_ADD_TO": 75, "LPARITY": "E", "RPARITY": "O", "ST_PREMOD": "", "ST_PREDIR": "", "ST_PRETYP": "", "ST_PRESEP": "", "ST_NAME": "Main", "ST_POSTTYP": "Street", "ST_POSTDIR": "", "ST_POSTMOD": "", "ST_FULLNAME": "Main Street", "DIRTRAVEL": null, "PREDIR": "", "STREETNAME": "Main", "SUFFIX": "St", "POSTDIR": "", "RDNAME": "Main St", "LESN": "142", "RESN": "142", "LMSAGCOMM": "Newcastle", "RMSAGCOMM": "Newcastle", "LMSAG_CODE": "2315", "RMSAG_CODE": "2315", "LCOUNTRY": "US", "RCOUNTRY": "US", "LSTATE": "ME", "RSTATE": "ME", "LCOUNTY": "Lincoln County", "RCOUNTY": "Lincoln County", "LCITY": "Newcastle", "RCITY": "Newcastle", "L_A4": null, "R_A4": null, "L_A5": null, "R_A5": null, "LPOSTCOMM": "Newcastle", "RPOSTCOMM": "Newcastle", "LZIPCODE": "04553", "RZIPCODE": "04553", "RDCLASS": "Local", "MDOTJURIS": "State Highway", "ONEWAY": "B", "SPEED": 35, "LVALID": "N", "RVALID": "N", "TOWN": "Newcastle", "ROUTE_NUM": "", "MAP_LABEL": "Main St", "SOURCE": "43", "FEET": 440, "MINUTES": 0.1427653, "PSAP": "Lincoln RCC", "GEONAMEID": 34897, "SEGMENTID": 93073, "MCODE": 440, "LGEOCODE": "15110", "RGEOCODE": "15110", "GC_EXCEPTION": null, "AMUPDDAT": 1747321733000, "AMUPDORG": "jr.ngesi.maine.gov", "FMUPDDAT": 1267199321000, "FMUPDORG": "jt.ngesi.maine.gov", "CREATDAT": 1267199321000, "CREATORG": "jt.ngesi.maine.gov", "GlobalID": "02f7cf8d-ed1b-47e7-ae51-43089a2220c1", "Shape__Length": 134.02604517161163}}, {"type": "Feature", "id": 4097, "geometry": {"type": "LineString", "coordinates": [[-69.5667186162136, 44.0257755415095], [-69.5671471380365, 44.0256348970369], [-69.5679738128047, 44.0253493245321], [-69.5680131550989, 44.0253348134569]]}, "properties": {"OBJECTID": 4097, "SOURCE_OF_DATA": "ngesi.maine.gov", "DATEUPDATE": 1747321733000, "EFFECTIVE": 1369612800000, "EXPIRE": null, "RCL_UID": "urn:emergency:uid:gis:RCL:63129:ngesi.maine.gov", "L_ADD_PRE": "", "L_ADD_FROM": 638, "L_ADD_TO": 646, "R_ADD_PRE": "", "R_ADD_FROM": 637, "R_ADD_TO": 645, "LPARITY": "E", "RPARITY": "O", "ST_PREMOD": "", "ST_PREDIR": "", "ST_PRETYP": "", "ST_PRESEP": "", "ST_NAME": "Route 1", "ST_POSTTYP": "", "ST_POSTDIR": "", "ST_POSTMOD": "", "ST_FULLNAME": "Route 1", "DIRTRAVEL": null, "PREDIR": "", "STREETNAME": "Route 1", "SUFFIX": "", "POSTDIR": "", "RDNAME": "Route 1", "LESN": "142", "RESN": "142", "LMSAGCOMM": "Newcastle", "RMSAGCOMM": "Newcastle", "LMSAG_CODE": "2315", "RMSAG_CODE": "2315", "LCOUNTRY": "US", "RCOUNTRY": "US", "LSTATE": "ME", "RSTATE": "ME", "LCOUNTY": "Lincoln County", "RCOUNTY": "Lincoln County", "LCITY": "Newcastle", "RCITY": "Newcastle", "L_A4": null, "R_A4": null, "L_A5": null, "R_A5": null, "LPOSTCOMM": "Newcastle", "RPOSTCOMM": "Newcastle", "LZIPCODE": "04553", "RZIPCODE": "04553", "RDCLASS": "Secondary", "MDOTJURIS": "State Highway", "ONEWAY": "B", "SPEED": 45, "LVALID": "N", "RVALID": "N", "TOWN": "Newcastle", "ROUTE_NUM": "1", "MAP_LABEL": "Route 1 - Route 1", "SOURCE": "43", "FEET": 376, "MINUTES": 0.09504657, "PSAP": "Lincoln RCC", "GEONAMEID": 49703, "SEGMENTID": 63129, "MCODE": 440, "LGEOCODE": "15110", "RGEOCODE": "15110", "GC_EXCEPTION": null, "AMUPDDAT": 1747321733000, "AMUPDORG": "jr.ngesi.maine.gov", "FMUPDDAT": 1267193666000, "FMUPDORG": "jt.ngesi.maine.gov", "CREATDAT": 1267193666000, "CREATORG": "jt.ngesi.maine.gov", "GlobalID": "0a6d9d8f-e164-4ab8-b225-6306f7eb1812", "Shape__Length": 114.72219803486162}}, {"type": "Feature", "id": 4121, "geometry": {"type": "LineString", "coordinates": [[-69.5317020837325, 44.0599789417072], [-69.5321278620125, 44.0599552882438], [-69.5324658648091, 44.0599745203579], [-69.5331654266302, 44.0600291858273], [-69.5338880423186, 44.0600954617163], [-69.5347696455943, 44.0601779513922], [-69.5355596739797, 44.060271928743], [-69.5362088125756, 44.06036525645], [-69.5366177125964, 44.0604523172806], [-69.5372206330946, 44.0605787547334], [-69.5377067356346, 44.0606797550283], [-69.5382302529197, 44.0607897154532], [-69.5386277134786, 44.0608868527604], [-69.5388880042599, 44.0609766767449], [-69.5390488392684, 44.0610545717362], [-69.5392105951248, 44.0611485872451], [-69.5393395575692, 44.0612597647578], [-69.5394203168197, 44.061358970109], [-69.5395060433709, 44.0614840457249], [-69.5395826542252, 44.0616502018232], [-69.5397606551417, 44.0620367683185], [-69.5399503640269, 44.0624638665006], [-69.5401244049308, 44.0628194703942], [-69.540276282998, 44.063082857966]]}, "properties": {"OBJECTID": 4121, "SOURCE_OF_DATA": "ngesi.maine.gov", "DATEUPDATE": 1712685346000, "EFFECTIVE": 1369612800000, "EXPIRE": null, "RCL_UID": "urn:emergency:uid:gis:RCL:63091:ngesi.maine.gov", "L_ADD_PRE": "", "L_ADD_FROM": 46, "L_ADD_TO": 158, "R_ADD_PRE": "", "R_ADD_FROM": 45, "R_ADD_TO": 157, "LPARITY": "E", "RPARITY": "O", "ST_PREMOD": "", "ST_PREDIR": "", "ST_PRETYP": "", "ST_PRESEP": "", "ST_NAME": "Pond", "ST_POSTTYP": "Road", "ST_POSTDIR": "", "ST_POSTMOD": "", "ST_FULLNAME": "Pond Road", "DIRTRAVEL": null, "PREDIR": "", "STREETNAME": "Pond", "SUFFIX": "Rd", "POSTDIR": "", "RDNAME": "Pond Rd", "LESN": "142", "RESN": "142", "LMSAGCOMM": "Newcastle", "RMSAGCOMM": "Newcastle", "LMSAG_CODE": "2315", "RMSAG_CODE": "2315", "LCOUNTRY": "US", "RCOUNTRY": "US", "LSTATE": "ME", "RSTATE": "ME", "LCOUNTY": "Lincoln County", "RCOUNTY": "Lincoln County", "LCITY": "Newcastle", "RCITY": "Newcastle", "L_A4": null, "R_A4": null, "L_A5": null, "R_A5": null, "LPOSTCOMM": "Newcastle", "RPOSTCOMM": "Newcastle", "LZIPCODE": "04553", "RZIPCODE": "04553", "RDCLASS": "Secondary", "MDOTJURIS": "State Aid", "ONEWAY": "B", "SPEED": 45, "LVALID": "N", "RVALID": "N", "TOWN": "Newcastle", "ROUTE_NUM": "215", "MAP_LABEL": "Pond Rd - Route 215", "SOURCE": "43", "FEET": 2803, "MINUTES": 0.70784159, "PSAP": "Lincoln RCC", "GEONAMEID": 45744, "SEGMENTID": 63091, "MCODE": 440, "LGEOCODE": "15110", "RGEOCODE": "15110", "GC_EXCEPTION": null, "AMUPDDAT": 1712685346000, "AMUPDORG": "es.ngesi.maine.gov", "FMUPDDAT": 1267183230000, "FMUPDORG": "jt.ngesi.maine.gov", "CREATDAT": 1267183230000, "CREATORG": "jt.ngesi.maine.gov", "GlobalID": "93f21e7a-425b-4769-abec-caabfc84dec6", "Shape__Length": 854.3721762879354}}, {"type": "Feature", "id": 4128, "geometry": {"type": "LineString", "coordinates": [[-69.5518544245752, 44.0799784612846], [-69.5520278320302, 44.0801062276939], [-69.5523338465215, 44.0803175883614], [-69.5526344725228, 44.0805012979063], [-69.5529556024989, 44.0806696016897], [-69.5531901307156, 44.080776326719], [-69.5534212243232, 44.0808628733446], [-69.5536767219331, 44.0809425307028], [-69.5539696259849, 44.081011337126], [-69.5543027213753, 44.0810719348091], [-69.5546166112831, 44.0811261963486], [-69.5552909604124, 44.0812432957986], [-69.5561273887789, 44.0813918524947], [-69.5570631528624, 44.0815709083491], [-69.557593970219, 44.0816660144618], [-69.5583262887964, 44.0817875037983], [-69.5586780887903, 44.0818452602796], [-69.55896342787, 44.081880238216], [-69.5593014730243, 44.0819216109191], [-69.559764481049, 44.0819801520816], [-69.5601765211628, 44.0820350518257], [-69.5605393883053, 44.0820819802806], [-69.5608632757993, 44.0821396238814], [-69.5611841826419, 44.0822069238099], [-69.5615214731492, 44.0823054830322], [-69.5618031553946, 44.0824102929519], [-69.5620781900228, 44.0825292071412], [-69.5622919881057, 44.0826311626142], [-69.5624952175515, 44.0827486555087], [-69.5626600779292, 44.0828463945532], [-69.5627681098718, 44.0829390382894], [-69.5628998903283, 44.0830716388954], [-69.5629922291404, 44.0832018317402], [-69.5631222152895, 44.0834229890186], [-69.5632381974306, 44.0836727648485], [-69.5633275724115, 44.0838405700683], [-69.5634485266725, 44.0840113076291], [-69.5636604078576, 44.084259160469], [-69.5638519230943, 44.08444698896], [-69.563984439527, 44.0845499545784], [-69.5641853158303, 44.084679025361], [-69.5645726004364, 44.0848787064945], [-69.5656653650425, 44.0853814509864], [-69.5662421227876, 44.0856233502708], [-69.5668460848515, 44.0858437466847]]}, "properties": {"OBJECTID": 4128, "SOURCE_OF_DATA": "ngesi.maine.gov", "DATEUPDATE": 1721910200000, "EFFECTIVE": 1369612800000, "EXPIRE": null, "RCL_UID": "urn:emergency:uid:gis:RCL:63081:ngesi.maine.gov", "L_ADD_PRE": "", "L_ADD_FROM": 150, "L_ADD_TO": 330, "R_ADD_PRE": "", "R_ADD_FROM": 149, "R_ADD_TO": 329, "LPARITY": "E", "RPARITY": "O", "ST_PREMOD": "", "ST_PREDIR": "", "ST_PRETYP": "", "ST_PRESEP": "", "ST_NAME": "Jones Woods", "ST_POSTTYP": "Road", "ST_POSTDIR": "", "ST_POSTMOD": "", "ST_FULLNAME": "Jones Woods Road", "DIRTRAVEL": null, "PREDIR": "", "STREETNAME": "Jones Woods", "SUFFIX": "Rd", "POSTDIR": "", "RDNAME": "Jones Woods Rd", "LESN": "142", "RESN": "142", "LMSAGCOMM": "Newcastle", "RMSAGCOMM": "Newcastle", "LMSAG_CODE": "2315", "RMSAG_CODE": "2315", "LCOUNTRY": "US", "RCOUNTRY": "US", "LSTATE": "ME", "RSTATE": "ME", "LCOUNTY": "Lincoln County", "RCOUNTY": "Lincoln County", "LCITY": "Newcastle", "RCITY": "Newcastle", "L_A4": null, "R_A4": null, "L_A5": null, "R_A5": null, "LPOSTCOMM": "Newcastle", "RPOSTCOMM": "Newcastle", "LZIPCODE": "04553", "RZIPCODE": "04553", "RDCLASS": "Secondary", "MDOTJURIS": "State Aid", "ONEWAY": "B", "SPEED": 45, "LVALID": "N", "RVALID": "N", "TOWN": "Newcastle", "ROUTE_NUM": "215", "MAP_LABEL": "Jones Woods Rd - Route 215", "SOURCE": "43", "FEET": 4687, "MINUTES": 1.18370293, "PSAP": "Lincoln RCC", "GEONAMEID": 29371, "SEGMENTID": 63081, "MCODE": 440, "LGEOCODE": "15110", "RGEOCODE": "15110", "GC_EXCEPTION": null, "AMUPDDAT": 1721910200000, "AMUPDORG": "es.ngesi.maine.gov", "FMUPDDAT": 1267181280000, "FMUPDORG": "jt.ngesi.maine.gov", "CREATDAT": 1267181280000, "CREATORG": "jt.ngesi.maine.gov", "GlobalID": "ddeb0202-1aef-4e3e-8000-6387f537c70e", "Shape__Length": 1428.7417680559038}}, {"type": "Feature", "id": 4176, "geometry": {"type": "LineString", "coordinates": [[-69.5397889682761, 44.0681783182563], [-69.5394259185451, 44.0679997490639], [-69.539076967646, 44.0678581881507], [-69.5387156838678, 44.067704529743], [-69.538260158432, 44.0674760188611], [-69.5376835137673, 44.0672199946467], [-69.537532528865, 44.0671614627914], [-69.5372600198193, 44.0670558022939], [-69.5366023139267, 44.066742559059], [-69.5361333909894, 44.0665082683785], [-69.5354566274005, 44.0662141411158]]}, "properties": {"OBJECTID": 4176, "SOURCE_OF_DATA": "ngesi.maine.gov", "DATEUPDATE": 1740150410000, "EFFECTIVE": 1369612800000, "EXPIRE": null, "RCL_UID": "urn:emergency:uid:gis:RCL:61122:ngesi.maine.gov", "L_ADD_PRE": "", "L_ADD_FROM": 2, "L_ADD_TO": 50, "R_ADD_PRE": "", "R_ADD_FROM": 1, "R_ADD_TO": 49, "LPARITY": "E", "RPARITY": "O", "ST_PREMOD": "", "ST_PREDIR": "", "ST_PRETYP": "", "ST_PRESEP": "", "ST_NAME": "McNeil Point", "ST_POSTTYP": "Road", "ST_POSTDIR": "", "ST_POSTMOD": "", "ST_FULLNAME": "McNeil Point Road", "DIRTRAVEL": null, "PREDIR": "", "STREETNAME": "McNeil Point", "SUFFIX": "Rd", "POSTDIR": "", "RDNAME": "McNeil Point Rd", "LESN": "142", "RESN": "142", "LMSAGCOMM": "Newcastle", "RMSAGCOMM": "Newcastle", "LMSAG_CODE": "2315", "RMSAG_CODE": "2315", "LCOUNTRY": "US", "RCOUNTRY": "US", "LSTATE": "ME", "RSTATE": "ME", "LCOUNTY": "Lincoln County", "RCOUNTY": "Lincoln County", "LCITY": "Newcastle", "RCITY": "Newcastle", "L_A4": null, "R_A4": null, "L_A5": null, "R_A5": null, "LPOSTCOMM": "Newcastle", "RPOSTCOMM": "Newcastle", "LZIPCODE": "04553", "RZIPCODE": "04553", "RDCLASS": "Private", "MDOTJURIS": "Private", "ONEWAY": "B", "SPEED": 25, "LVALID": "N", "RVALID": "N", "TOWN": "Newcastle", "ROUTE_NUM": "", "MAP_LABEL": "McNeil Point Rd", "SOURCE": "14", "FEET": 1346, "MINUTES": 0.61163058, "PSAP": "Lincoln RCC", "GEONAMEID": 36629, "SEGMENTID": 61122, "MCODE": 440, "LGEOCODE": "15110", "RGEOCODE": "15110", "GC_EXCEPTION": null, "AMUPDDAT": 1740150410000, "AMUPDORG": "es.ngesi.maine.gov", "FMUPDDAT": 1740150410000, "FMUPDORG": "es.ngesi.maine.gov", "CREATDAT": 1517214963000, "CREATORG": "es.ngesi.maine.gov", "GlobalID": "1db4e69e-a7b2-4c9c-bec9-208fed691144", "Shape__Length": 410.13582439574145}}, {"type": "Feature", "id": 4181, "geometry": {"type": "LineString", "coordinates": [[-69.5348487957953, 44.0383376703355], [-69.5347045168879, 44.0386082956891], [-69.53457116234, 44.0388877831375], [-69.5344930154179, 44.0390595561577], [-69.5344298456655, 44.0391744383818], [-69.534370366124, 44.0393291525148]]}, "properties": {"OBJECTID": 4181, "SOURCE_OF_DATA": "ngesi.maine.gov", "DATEUPDATE": 1712778145000, "EFFECTIVE": 1369612800000, "EXPIRE": null, "RCL_UID": "urn:emergency:uid:gis:RCL:63152:ngesi.maine.gov", "L_ADD_PRE": "", "L_ADD_FROM": 56, "L_ADD_TO": 68, "R_ADD_PRE": "", "R_ADD_FROM": 55, "R_ADD_TO": 67, "LPARITY": "E", "RPARITY": "O", "ST_PREMOD": "", "ST_PREDIR": "", "ST_PRETYP": "", "ST_PRESEP": "", "ST_NAME": "Mills", "ST_POSTTYP": "Road", "ST_POSTDIR": "", "ST_POSTMOD": "", "ST_FULLNAME": "Mills Road", "DIRTRAVEL": null, "PREDIR": "", "STREETNAME": "Mills", "SUFFIX": "Rd", "POSTDIR": "", "RDNAME": "Mills Rd", "LESN": "142", "RESN": "142", "LMSAGCOMM": "Newcastle", "RMSAGCOMM": "Newcastle", "LMSAG_CODE": "2315", "RMSAG_CODE": "2315", "LCOUNTRY": "US", "RCOUNTRY": "US", "LSTATE": "ME", "RSTATE": "ME", "LCOUNTY": "Lincoln County", "RCOUNTY": "Lincoln County", "LCITY": "Newcastle", "RCITY": "Newcastle", "L_A4": null, "R_A4": null, "L_A5": null, "R_A5": null, "LPOSTCOMM": "Newcastle", "RPOSTCOMM": "Newcastle", "LZIPCODE": "04553", "RZIPCODE": "04553", "RDCLASS": "Secondary", "MDOTJURIS": "State Aid", "ONEWAY": "B", "SPEED": 45, "LVALID": "N", "RVALID": "N", "TOWN": "Newcastle", "ROUTE_NUM": "215", "MAP_LABEL": "Mills Rd - Route 215", "SOURCE": "43", "FEET": 383, "MINUTES": 0.09666495, "PSAP": "Lincoln RCC", "GEONAMEID": 37899, "SEGMENTID": 63152, "MCODE": 440, "LGEOCODE": "15110", "RGEOCODE": "15110", "GC_EXCEPTION": null, "AMUPDDAT": 1712778145000, "AMUPDORG": "es.ngesi.maine.gov", "FMUPDDAT": 1268047599000, "FMUPDORG": "jt.ngesi.maine.gov", "CREATDAT": 1268047599000, "CREATORG": "jt.ngesi.maine.gov", "GlobalID": "2edd0d7d-e64a-4aec-bb40-76d56e586d2e", "Shape__Length": 116.67559738009993}}, {"type": "Feature", "id": 4209, "geometry": {"type": "LineString", "coordinates": [[-69.6122831070054, 44.0081393975235], [-69.6122824182237, 44.0081415620497], [-69.6123310997262, 44.0082173085405], [-69.6124535537632, 44.0083110266874], [-69.6125494947826, 44.0084151778219], [-69.6126078923039, 44.008541606707], [-69.6126858101309, 44.0087029094021], [-69.612762861219, 44.0088902457447], [-69.6127979124651, 44.0091298834147], [-69.6128265474529, 44.0093678718279], [-69.6128141203619, 44.0096341983274], [-69.6127274442885, 44.009905541798], [-69.6125818855998, 44.0102483913916], [-69.612406423568, 44.0105986128477], [-69.6123262263262, 44.0107482212626], [-69.6122832877058, 44.0109253156478], [-69.6122849086433, 44.0110828677808], [-69.6123116557408, 44.0112187039291], [-69.6123869324066, 44.0113243164073], [-69.6126560507344, 44.0117039277368], [-69.6127982876687, 44.0119117034252], [-69.6128912296888, 44.0121370930593], [-69.6129561933197, 44.0123361534941], [-69.6130158618221, 44.0131680243461], [-69.6130620736761, 44.0137519306324], [-69.6131467126315, 44.0141240040615]]}, "properties": {"OBJECTID": 4209, "SOURCE_OF_DATA": "ngesi.maine.gov", "DATEUPDATE": 1712841440000, "EFFECTIVE": 1369612800000, "EXPIRE": null, "RCL_UID": "urn:emergency:uid:gis:RCL:64698:ngesi.maine.gov", "L_ADD_PRE": "", "L_ADD_FROM": 70, "L_ADD_TO": 164, "R_ADD_PRE": "", "R_ADD_FROM": 69, "R_ADD_TO": 163, "LPARITY": "E", "RPARITY": "O", "ST_PREMOD": "", "ST_PREDIR": "", "ST_PRETYP": "", "ST_PRESEP": "", "ST_NAME": "Station", "ST_POSTTYP": "Road", "ST_POSTDIR": "", "ST_POSTMOD": "", "ST_FULLNAME": "Station Road", "DIRTRAVEL": null, "PREDIR": "", "STREETNAME": "Station", "SUFFIX": "Rd", "POSTDIR": "", "RDNAME": "Station Rd", "LESN": "142", "RESN": "142", "LMSAGCOMM": "Newcastle", "RMSAGCOMM": "Newcastle", "LMSAG_CODE": "2315", "RMSAG_CODE": "2315", "LCOUNTRY": "US", "RCOUNTRY": "US", "LSTATE": "ME", "RSTATE": "ME", "LCOUNTY": "Lincoln County", "RCOUNTY": "Lincoln County", "LCITY": "Newcastle", "RCITY": "Newcastle", "L_A4": null, "R_A4": null, "L_A5": null, "R_A5": null, "LPOSTCOMM": "Newcastle", "RPOSTCOMM": "Newcastle", "LZIPCODE": "04553", "RZIPCODE": "04553", "RDCLASS": "Local", "MDOTJURIS": "Townway", "ONEWAY": "B", "SPEED": 35, "LVALID": "N", "RVALID": "N", "TOWN": "Newcastle", "ROUTE_NUM": "", "MAP_LABEL": "Station Rd", "SOURCE": "43", "FEET": 2274, "MINUTES": 0.73843835, "PSAP": "Lincoln RCC", "GEONAMEID": 55068, "SEGMENTID": 64698, "MCODE": 440, "LGEOCODE": "15110", "RGEOCODE": "15110", "GC_EXCEPTION": null, "AMUPDDAT": 1712841440000, "AMUPDORG": "es.ngesi.maine.gov", "FMUPDDAT": 1271079847000, "FMUPDORG": "jt.ngesi.maine.gov", "CREATDAT": 1271079847000, "CREATORG": "jt.ngesi.maine.gov", "GlobalID": "326da002-ddea-40ce-acb8-b5b50958e448", "Shape__Length": 693.235492606164}}, {"type": "Feature", "id": 4226, "geometry": {"type": "LineString", "coordinates": [[-69.5341132815279, 44.0497287098811], [-69.5340593898688, 44.0498369127972], [-69.5338625572125, 44.0502042268179]]}, "properties": {"OBJECTID": 4226, "SOURCE_OF_DATA": "ngesi.maine.gov", "DATEUPDATE": 1702499355000, "EFFECTIVE": 1369612800000, "EXPIRE": null, "RCL_UID": "urn:emergency:uid:gis:RCL:63107:ngesi.maine.gov", "L_ADD_PRE": "", "L_ADD_FROM": 250, "L_ADD_TO": 254, "R_ADD_PRE": "", "R_ADD_FROM": 249, "R_ADD_TO": 253, "LPARITY": "E", "RPARITY": "O", "ST_PREMOD": "", "ST_PREDIR": "", "ST_PRETYP": "", "ST_PRESEP": "", "ST_NAME": "Academy", "ST_POSTTYP": "Hill", "ST_POSTDIR": "", "ST_POSTMOD": "", "ST_FULLNAME": "Academy Hill", "DIRTRAVEL": null, "PREDIR": "", "STREETNAME": "Academy", "SUFFIX": "Hl", "POSTDIR": "", "RDNAME": "Academy Hl", "LESN": "142", "RESN": "142", "LMSAGCOMM": "Newcastle", "RMSAGCOMM": "Newcastle", "LMSAG_CODE": "2315", "RMSAG_CODE": "2315", "LCOUNTRY": "US", "RCOUNTRY": "US", "LSTATE": "ME", "RSTATE": "ME", "LCOUNTY": "Lincoln County", "RCOUNTY": "Lincoln County", "LCITY": "Newcastle", "RCITY": "Newcastle", "L_A4": null, "R_A4": null, "L_A5": null, "R_A5": null, "LPOSTCOMM": "Newcastle", "RPOSTCOMM": "Newcastle", "LZIPCODE": "04553", "RZIPCODE": "04553", "RDCLASS": "Local", "MDOTJURIS": "Townway", "ONEWAY": "B", "SPEED": 35, "LVALID": "N", "RVALID": "N", "TOWN": "Newcastle", "ROUTE_NUM": "", "MAP_LABEL": "Academy Hl", "SOURCE": "43", "FEET": 185, "MINUTES": 0.06019394, "PSAP": "Lincoln RCC", "GEONAMEID": 324, "SEGMENTID": 63107, "MCODE": 440, "LGEOCODE": "15110", "RGEOCODE": "15110", "GC_EXCEPTION": null, "AMUPDDAT": 1702499355000, "AMUPDORG": "es.ngesi.maine.gov", "FMUPDDAT": 1267184265000, "FMUPDORG": "jt.ngesi.maine.gov", "CREATDAT": 1267184265000, "CREATORG": "jt.ngesi.maine.gov", "GlobalID": "3518c23c-9f34-4d4f-9af6-8fcddb43de40", "Shape__Length": 56.50921690084543}}, {"type": "Feature", "id": 4231, "geometry": {"type": "LineString", "coordinates": [[-69.5818798759419, 44.0748227625651], [-69.5816928803498, 44.0750912771532]]}, "properties": {"OBJECTID": 4231, "SOURCE_OF_DATA": "ngesi.maine.gov", "DATEUPDATE": 1721910200000, "EFFECTIVE": 1369612800000, "EXPIRE": null, "RCL_UID": "urn:emergency:uid:gis:RCL:74215:ngesi.maine.gov", "L_ADD_PRE": "", "L_ADD_FROM": 462, "L_ADD_TO": 464, "R_ADD_PRE": "", "R_ADD_FROM": 461, "R_ADD_TO": 463, "LPARITY": "E", "RPARITY": "O", "ST_PREMOD": "", "ST_PREDIR": "North", "ST_PRETYP": "", "ST_PRESEP": "", "ST_NAME": "Newcastle", "ST_POSTTYP": "Road", "ST_POSTDIR": "", "ST_POSTMOD": "", "ST_FULLNAME": "North Newcastle Road", "DIRTRAVEL": null, "PREDIR": "N", "STREETNAME": "Newcastle", "SUFFIX": "Rd", "POSTDIR": "", "RDNAME": "N Newcastle Rd", "LESN": "142", "RESN": "142", "LMSAGCOMM": "Newcastle", "RMSAGCOMM": "Newcastle", "LMSAG_CODE": "2315", "RMSAG_CODE": "2315", "LCOUNTRY": "US", "RCOUNTRY": "US", "LSTATE": "ME", "RSTATE": "ME", "LCOUNTY": "Lincoln County", "RCOUNTY": "Lincoln County", "LCITY": "Newcastle", "RCITY": "Newcastle", "L_A4": null, "R_A4": null, "L_A5": null, "R_A5": null, "LPOSTCOMM": "Newcastle", "RPOSTCOMM": "Newcastle", "LZIPCODE": "04553", "RZIPCODE": "04553", "RDCLASS": "Local", "MDOTJURIS": "Townway", "ONEWAY": "B", "SPEED": 35, "LVALID": "N", "RVALID": "N", "TOWN": "Newcastle", "ROUTE_NUM": "", "MAP_LABEL": "N Newcastle Rd", "SOURCE": "43", "FEET": 109, "MINUTES": 0.03554841, "PSAP": "Lincoln RCC", "GEONAMEID": 65069, "SEGMENTID": 74215, "MCODE": 440, "LGEOCODE": "15110", "RGEOCODE": "15110", "GC_EXCEPTION": null, "AMUPDDAT": 1721910200000, "AMUPDORG": "es.ngesi.maine.gov", "FMUPDDAT": 1295346978000, "FMUPDORG": "jt.ngesi.maine.gov", "CREATDAT": 1295346978000, "CREATORG": "jt.ngesi.maine.gov", "GlobalID": "a0936856-01ee-4c64-81b7-05b4c532fdef", "Shape__Length": 33.37234453902259}}, {"type": "Feature", "id": 4248, "geometry": {"type": "LineString", "coordinates": [[-69.5651149717504, 44.0885917835019], [-69.564975513339, 44.0885533086312], [-69.5648168229026, 44.0885087523678], [-69.5646986555653, 44.0883658049852], [-69.5645857388512, 44.0882219311936], [-69.5644146389551, 44.0880321755244], [-69.5643190461877, 44.0879011446961]]}, "properties": {"OBJECTID": 4248, "SOURCE_OF_DATA": "ngesi.maine.gov", "DATEUPDATE": 1702656682000, "EFFECTIVE": 1369612800000, "EXPIRE": null, "RCL_UID": "urn:emergency:uid:gis:RCL:61247:ngesi.maine.gov", "L_ADD_PRE": "", "L_ADD_FROM": 2, "L_ADD_TO": 12, "R_ADD_PRE": "", "R_ADD_FROM": 1, "R_ADD_TO": 15, "LPARITY": "E", "RPARITY": "O", "ST_PREMOD": "", "ST_PREDIR": "", "ST_PRETYP": "", "ST_PRESEP": "", "ST_NAME": "Birch", "ST_POSTTYP": "Road", "ST_POSTDIR": "", "ST_POSTMOD": "", "ST_FULLNAME": "Birch Road", "DIRTRAVEL": null, "PREDIR": "", "STREETNAME": "Birch", "SUFFIX": "Rd", "POSTDIR": "", "RDNAME": "Birch Rd", "LESN": "142", "RESN": "142", "LMSAGCOMM": "Newcastle", "RMSAGCOMM": "Newcastle", "LMSAG_CODE": "2315", "RMSAG_CODE": "2315", "LCOUNTRY": "US", "RCOUNTRY": "US", "LSTATE": "ME", "RSTATE": "ME", "LCOUNTY": "Lincoln County", "RCOUNTY": "Lincoln County", "LCITY": "Newcastle", "RCITY": "Newcastle", "L_A4": null, "R_A4": null, "L_A5": null, "R_A5": null, "LPOSTCOMM": "Newcastle", "RPOSTCOMM": "Newcastle", "LZIPCODE": "04553", "RZIPCODE": "04553", "RDCLASS": "Private", "MDOTJURIS": "Private", "ONEWAY": "B", "SPEED": 25, "LVALID": "N", "RVALID": "N", "TOWN": "Newcastle", "ROUTE_NUM": "", "MAP_LABEL": "Birch Rd", "SOURCE": "2", "FEET": 341, "MINUTES": 0.1551101, "PSAP": "Lincoln RCC", "GEONAMEID": 5158, "SEGMENTID": 61247, "MCODE": 440, "LGEOCODE": "15110", "RGEOCODE": "15110", "GC_EXCEPTION": null, "AMUPDDAT": 1702656682000, "AMUPDORG": "es.ngesi.maine.gov", "FMUPDDAT": 1267178425000, "FMUPDORG": "jt.ngesi.maine.gov", "CREATDAT": 1267178425000, "CREATORG": "jt.ngesi.maine.gov", "GlobalID": "d8289873-49e8-4dda-a23b-f3191d8ebcfe", "Shape__Length": 104.01083541709039}}, {"type": "Feature", "id": 4255, "geometry": {"type": "LineString", "coordinates": [[-69.5620391765984, 43.9988217833108], [-69.561793727647, 43.9986749639083], [-69.5614109241806, 43.9984756803037], [-69.5611313499865, 43.9983496631555], [-69.5608484845474, 43.9982276500252], [-69.5606428463951, 43.9981357611337], [-69.5604960299717, 43.9980651917328], [-69.5603294721274, 43.9980505046349], [-69.5602379528667, 43.9980548429234], [-69.5600736649927, 43.9981342849045], [-69.5599294231259, 43.9982326347993], [-69.5596397566169, 43.9983102865739], [-69.5595143193102, 43.9983061380463], [-69.5594216911302, 43.9982827683431], [-69.5589818432169, 43.9980018060167], [-69.5588308838076, 43.9979188029028], [-69.5586185162763, 43.9979214620074], [-69.5582903770421, 43.9979504184583], [-69.5579742343836, 43.9979499279624], [-69.55755189578, 43.9979421488141], [-69.5570919269235, 43.9979235853227], [-69.5567167056558, 43.9979060746558], [-69.5564113355274, 43.9978918240206], [-69.5560301501712, 43.9978499856767], [-69.5556441184231, 43.997796636146], [-69.5553059543863, 43.9976695301028], [-69.5550541631073, 43.997574587167], [-69.5547992749934, 43.9974778219975], [-69.5544804963696, 43.9972971295781], [-69.5543090745088, 43.9971681938816], [-69.5541353702792, 43.9969815565542], [-69.553963246437, 43.9967957576232], [-69.5538110413304, 43.9966903801946], [-69.5536929342359, 43.9966183933789], [-69.5534945922208, 43.9965086112927], [-69.5533829289809, 43.9964562205719], [-69.5532761650762, 43.9964022304048], [-69.5531819261234, 43.9963458565954], [-69.5531255630586, 43.9962530242485], [-69.5530467879587, 43.9961857082379]]}, "properties": {"OBJECTID": 4255, "SOURCE_OF_DATA": "ngesi.maine.gov", "DATEUPDATE": 1702656682000, "EFFECTIVE": 1369612800000, "EXPIRE": null, "RCL_UID": "urn:emergency:uid:gis:RCL:60912:ngesi.maine.gov", "L_ADD_PRE": "", "L_ADD_FROM": 2, "L_ADD_TO": 110, "R_ADD_PRE": "", "R_ADD_FROM": 1, "R_ADD_TO": 109, "LPARITY": "E", "RPARITY": "O", "ST_PREMOD": "", "ST_PREDIR": "", "ST_PRETYP": "", "ST_PRESEP": "", "ST_NAME": "Long Wharf", "ST_POSTTYP": "Road", "ST_POSTDIR": "", "ST_POSTMOD": "", "ST_FULLNAME": "Long Wharf Road", "DIRTRAVEL": null, "PREDIR": "", "STREETNAME": "Long Wharf", "SUFFIX": "Rd", "POSTDIR": "", "RDNAME": "Long Wharf Rd", "LESN": "142", "RESN": "142", "LMSAGCOMM": "Newcastle", "RMSAGCOMM": "Newcastle", "LMSAG_CODE": "2315", "RMSAG_CODE": "2315", "LCOUNTRY": "US", "RCOUNTRY": "US", "LSTATE": "ME", "RSTATE": "ME", "LCOUNTY": "Lincoln County", "RCOUNTY": "Lincoln County", "LCITY": "Newcastle", "RCITY": "Newcastle", "L_A4": null, "R_A4": null, "L_A5": null, "R_A5": null, "LPOSTCOMM": "Newcastle", "RPOSTCOMM": "Newcastle", "LZIPCODE": "04553", "RZIPCODE": "04553", "RDCLASS": "Private", "MDOTJURIS": "Private", "ONEWAY": "B", "SPEED": 25, "LVALID": "N", "RVALID": "N", "TOWN": "Newcastle", "ROUTE_NUM": "", "MAP_LABEL": "Long Wharf Rd", "SOURCE": "2", "FEET": 2769, "MINUTES": 1.25877683, "PSAP": "Lincoln RCC", "GEONAMEID": 33569, "SEGMENTID": 60912, "MCODE": 440, "LGEOCODE": "15110", "RGEOCODE": "15110", "GC_EXCEPTION": null, "AMUPDDAT": 1702656682000, "AMUPDORG": "es.ngesi.maine.gov", "FMUPDDAT": 1271077629000, "FMUPDORG": "jt.ngesi.maine.gov", "CREATDAT": 1271077629000, "CREATORG": "jt.ngesi.maine.gov", "GlobalID": "7525001e-88e2-4720-b2b9-ffbd9d989cb5", "Shape__Length": 844.0870812341725}}, {"type": "Feature", "id": 4268, "geometry": {"type": "LineString", "coordinates": [[-69.5521221857086, 44.1023922848406], [-69.5520829527263, 44.1023452159273], [-69.5520394996388, 44.1022930895102], [-69.5519736326678, 44.1022504528453], [-69.5519259074179, 44.1022373494759], [-69.5518544701222, 44.1022338771532], [-69.5517948051667, 44.102248156526], [-69.5517511932088, 44.102283696247], [-69.5517227747275, 44.1023179381258], [-69.5517146223074, 44.1023508666809], [-69.5517149054784, 44.1023813145946], [-69.5517373238118, 44.1024287079294], [-69.5517782197428, 44.1024638395098], [-69.5518255730773, 44.1024785833439], [-69.551850702186, 44.1024815861217], [-69.5518974356371, 44.1024807301397], [-69.5519826317014, 44.1024441521476], [-69.5520364353143, 44.1024270109285], [-69.5521221857086, 44.1023922848406]]}, "properties": {"OBJECTID": 4268, "SOURCE_OF_DATA": "ngesi.maine.gov", "DATEUPDATE": 1740144872000, "EFFECTIVE": 1369612800000, "EXPIRE": null, "RCL_UID": "urn:emergency:uid:gis:RCL:60908:ngesi.maine.gov", "L_ADD_PRE": "", "L_ADD_FROM": 30, "L_ADD_TO": 44, "R_ADD_PRE": "", "R_ADD_FROM": 29, "R_ADD_TO": 43, "LPARITY": "E", "RPARITY": "O", "ST_PREMOD": "", "ST_PREDIR": "", "ST_PRETYP": "", "ST_PRESEP": "", "ST_NAME": "Deer Meadow", "ST_POSTTYP": "Road", "ST_POSTDIR": "", "ST_POSTMOD": "", "ST_FULLNAME": "Deer Meadow Road", "DIRTRAVEL": null, "PREDIR": "", "STREETNAME": "Deer Meadow", "SUFFIX": "Rd", "POSTDIR": "", "RDNAME": "Deer Meadow Rd", "LESN": "142", "RESN": "142", "LMSAGCOMM": "Newcastle", "RMSAGCOMM": "Newcastle", "LMSAG_CODE": "2315", "RMSAG_CODE": "2315", "LCOUNTRY": "US", "RCOUNTRY": "US", "LSTATE": "ME", "RSTATE": "ME", "LCOUNTY": "Lincoln County", "RCOUNTY": "Lincoln County", "LCITY": "Newcastle", "RCITY": "Newcastle", "L_A4": null, "R_A4": null, "L_A5": null, "R_A5": null, "LPOSTCOMM": "Newcastle", "RPOSTCOMM": "Newcastle", "LZIPCODE": "04553", "RZIPCODE": "04553", "RDCLASS": "Private", "MDOTJURIS": "Private", "ONEWAY": "B", "SPEED": 25, "LVALID": "N", "RVALID": "N", "TOWN": "Newcastle", "ROUTE_NUM": "", "MAP_LABEL": "Deer Meadow Rd", "SOURCE": "2", "FEET": 304, "MINUTES": 0.13819852, "PSAP": "Lincoln RCC", "GEONAMEID": 15113, "SEGMENTID": 60908, "MCODE": 440, "LGEOCODE": "15110", "RGEOCODE": "15110", "GC_EXCEPTION": null, "AMUPDDAT": 1740144872000, "AMUPDORG": "es.ngesi.maine.gov", "FMUPDDAT": 1740144872000, "FMUPDORG": "es.ngesi.maine.gov", "CREATDAT": 839462400000, "CREATORG": "bw.ngesi.maine.gov", "GlobalID": "bdf7e62d-7dca-451b-a24e-5e833b3d9658", "Shape__Length": 92.67058752791996}}, {"type": "Feature", "id": 4272, "geometry": {"type": "LineString", "coordinates": [[-69.6251493623903, 44.0122064710918], [-69.6250426742064, 44.0121947200252], [-69.6245747082874, 44.0121791010781], [-69.6240292008972, 44.0121925347893], [-69.623826400175, 44.0121936422383], [-69.623657174248, 44.0121736600034], [-69.6235116976409, 44.0121152021259], [-69.6234046363939, 44.0120356374061], [-69.6232962124822, 44.0118271322735], [-69.6231138785742, 44.0114761450025], [-69.6229672369206, 44.0113061757463], [-69.6227774999095, 44.0111713026577], [-69.6225341496714, 44.0109879225453], [-69.6224019573023, 44.0108143984777], [-69.6223472379598, 44.0106613583574], [-69.622263419474, 44.0104037842753], [-69.6222578727187, 44.0102670156722], [-69.6222971785609, 44.0100853995641], [-69.6224296023305, 44.0097456613397], [-69.6225477654039, 44.0092245985824], [-69.622729869135, 44.0089083764487], [-69.6230186056758, 44.0086566587569]]}, "properties": {"OBJECTID": 4272, "SOURCE_OF_DATA": "ngesi.maine.gov", "DATEUPDATE": 1740144712000, "EFFECTIVE": 1369612800000, "EXPIRE": null, "RCL_UID": "urn:emergency:uid:gis:RCL:61888:ngesi.maine.gov", "L_ADD_PRE": "", "L_ADD_FROM": 2, "L_ADD_TO": 74, "R_ADD_PRE": "", "R_ADD_FROM": 1, "R_ADD_TO": 73, "LPARITY": "E", "RPARITY": "O", "ST_PREMOD": "", "ST_PREDIR": "", "ST_PRETYP": "", "ST_PRESEP": "", "ST_NAME": "Brick Hill", "ST_POSTTYP": "Road", "ST_POSTDIR": "", "ST_POSTMOD": "", "ST_FULLNAME": "Brick Hill Road", "DIRTRAVEL": null, "PREDIR": "", "STREETNAME": "Brick Hill", "SUFFIX": "Rd", "POSTDIR": "", "RDNAME": "Brick Hill Rd", "LESN": "142", "RESN": "142", "LMSAGCOMM": "Newcastle", "RMSAGCOMM": "Newcastle", "LMSAG_CODE": "2315", "RMSAG_CODE": "2315", "LCOUNTRY": "US", "RCOUNTRY": "US", "LSTATE": "ME", "RSTATE": "ME", "LCOUNTY": "Lincoln County", "RCOUNTY": "Lincoln County", "LCITY": "Newcastle", "RCITY": "Newcastle", "L_A4": null, "R_A4": null, "L_A5": null, "R_A5": null, "LPOSTCOMM": "Newcastle", "RPOSTCOMM": "Newcastle", "LZIPCODE": "04553", "RZIPCODE": "04553", "RDCLASS": "Private", "MDOTJURIS": "Private", "ONEWAY": "B", "SPEED": 25, "LVALID": "N", "RVALID": "N", "TOWN": "Newcastle", "ROUTE_NUM": "", "MAP_LABEL": "Brick Hill Rd", "SOURCE": "Vexcel 15-20cm", "FEET": 1839, "MINUTES": 0.83589103, "PSAP": "Lincoln RCC", "GEONAMEID": 7147, "SEGMENTID": 61888, "MCODE": 440, "LGEOCODE": "15110", "RGEOCODE": "15110", "GC_EXCEPTION": "201", "AMUPDDAT": 1740144712000, "AMUPDORG": "es.ngesi.maine.gov", "FMUPDDAT": 1740144676000, "FMUPDORG": "es.ngesi.maine.gov", "CREATDAT": 1271080023000, "CREATORG": "jt.ngesi.maine.gov", "GlobalID": "342053f1-683d-4bee-95aa-e2280cccba8c", "Shape__Length": 560.5162113375123}}, {"type": "Feature", "id": 4295, "geometry": {"type": "LineString", "coordinates": [[-69.5735717911815, 44.0372515373903], [-69.5733558729995, 44.0373560616102], [-69.5728813639232, 44.0375976091165], [-69.5723971154221, 44.0378624323009], [-69.5721274762822, 44.0380746793143], [-69.5718562906673, 44.0382093868379], [-69.5715689083363, 44.0384536385037], [-69.5712556678965, 44.0386009617036], [-69.5708848834773, 44.0387373443001], [-69.5703098096819, 44.0389323945946], [-69.5696734781409, 44.0391915817847], [-69.5688484140035, 44.0395590171639], [-69.5685871430485, 44.0396565373764], [-69.5683246086296, 44.0396859523043], [-69.5681741403716, 44.0396851250691], [-69.5679946755015, 44.0396408831824], [-69.5676928649351, 44.0396064865012], [-69.5673932351059, 44.0396632379537], [-69.5670773820188, 44.0397857131724], [-69.5668057333851, 44.0400257331281], [-69.5666563636694, 44.0401664414066], [-69.5663935585157, 44.0403891839378], [-69.5660342657414, 44.0405878245471], [-69.5656653399114, 44.0407515693961], [-69.5653809302207, 44.0408844992709], [-69.5649173956265, 44.0410788983321], [-69.5643830617482, 44.0413270716173], [-69.56399765333, 44.0415134100614], [-69.5636112461386, 44.0416828616921], [-69.5635210704041, 44.0417438185465]]}, "properties": {"OBJECTID": 4295, "SOURCE_OF_DATA": "ngesi.maine.gov", "DATEUPDATE": 1734363764000, "EFFECTIVE": 1369612800000, "EXPIRE": null, "RCL_UID": "urn:emergency:uid:gis:RCL:74106:ngesi.maine.gov", "L_ADD_PRE": "", "L_ADD_FROM": 66, "L_ADD_TO": 210, "R_ADD_PRE": "", "R_ADD_FROM": 75, "R_ADD_TO": 209, "LPARITY": "E", "RPARITY": "O", "ST_PREMOD": "", "ST_PREDIR": "", "ST_PRETYP": "", "ST_PRESEP": "", "ST_NAME": "Indian", "ST_POSTTYP": "Trail", "ST_POSTDIR": "", "ST_POSTMOD": "", "ST_FULLNAME": "Indian Trail", "DIRTRAVEL": null, "PREDIR": "", "STREETNAME": "Indian", "SUFFIX": "Trl", "POSTDIR": "", "RDNAME": "Indian Trl", "LESN": "142", "RESN": "142", "LMSAGCOMM": "Newcastle", "RMSAGCOMM": "Newcastle", "LMSAG_CODE": "2315", "RMSAG_CODE": "2315", "LCOUNTRY": "US", "RCOUNTRY": "US", "LSTATE": "ME", "RSTATE": "ME", "LCOUNTY": "Lincoln County", "RCOUNTY": "Lincoln County", "LCITY": "Newcastle", "RCITY": "Newcastle", "L_A4": null, "R_A4": null, "L_A5": null, "R_A5": null, "LPOSTCOMM": "Newcastle", "RPOSTCOMM": "Newcastle", "LZIPCODE": "04553", "RZIPCODE": "04553", "RDCLASS": "Private", "MDOTJURIS": "Private", "ONEWAY": "B", "SPEED": 25, "LVALID": "N", "RVALID": "N", "TOWN": "Newcastle", "ROUTE_NUM": "", "MAP_LABEL": "Indian Trl", "SOURCE": "2", "FEET": 3191, "MINUTES": 1.45029222, "PSAP": "Lincoln RCC", "GEONAMEID": 27899, "SEGMENTID": 74106, "MCODE": 440, "LGEOCODE": "15110", "RGEOCODE": "15110", "GC_EXCEPTION": null, "AMUPDDAT": 1734363764000, "AMUPDORG": "es.ngesi.maine.gov", "FMUPDDAT": 1295350923000, "FMUPDORG": "jt.ngesi.maine.gov", "CREATDAT": 1295350923000, "CREATORG": "jt.ngesi.maine.gov", "GlobalID": "027d75b1-f94f-4984-95c6-1717579497e0", "Shape__Length": 972.509897522048}}, {"type": "Feature", "id": 4326, "geometry": {"type": "LineString", "coordinates": [[-69.5409971289276, 44.0377057360129], [-69.5410506617388, 44.0377609166859], [-69.5412891602769, 44.0379368126128], [-69.5417404120566, 44.0382678910782], [-69.5421959422332, 44.0386186649623], [-69.5424813713248, 44.038836444721], [-69.5429091788364, 44.0391491097588], [-69.5437609287527, 44.0397774965287], [-69.5444786231849, 44.040354169835], [-69.5453888648456, 44.0410799438014], [-69.5463340682844, 44.0418169595928], [-69.5470224746623, 44.0423238271009], [-69.547757252821, 44.0428648341938], [-69.5490145004092, 44.0439517889246], [-69.5505087797532, 44.0452796718512], [-69.5508720645131, 44.0456176290769], [-69.5512304713546, 44.045919090772], [-69.5515465285361, 44.04614117451], [-69.5518903348487, 44.0463361580743], [-69.5523670008723, 44.0465572205109], [-69.5527316493965, 44.0467069485963], [-69.5536496319686, 44.0470095206141], [-69.5545219989984, 44.0472652187426], [-69.5554024447929, 44.047580482577], [-69.5556001087772, 44.0476471012082], [-69.5558108643552, 44.0476359382782], [-69.5560276553348, 44.0476201088254], [-69.5563648669613, 44.0475908357396], [-69.5570726161539, 44.0475293960597], [-69.5587579731838, 44.0474381546397], [-69.5591080423228, 44.0474025261878], [-69.559346238223, 44.0473706406291], [-69.5595573614116, 44.0473403637277], [-69.559732390604, 44.047331970518], [-69.5598389327602, 44.0473533628389], [-69.5601052839673, 44.0474242468402], [-69.5604295784695, 44.0475160490692], [-69.5624323945909, 44.0476321832235], [-69.5628959288985, 44.0476925012264], [-69.5636116147278, 44.0478091056138], [-69.5647106937669, 44.048021984475], [-69.5651934352418, 44.0480668743933], [-69.5655543844597, 44.0480963301208], [-69.5670246302101, 44.0479191123458], [-69.5683988006407, 44.0478686626394], [-69.5693680790309, 44.0477404985827], [-69.5706636849958, 44.0476181426706]]}, "properties": {"OBJECTID": 4326, "SOURCE_OF_DATA": "ngesi.maine.gov", "DATEUPDATE": 1710445317000, "EFFECTIVE": 1369612800000, "EXPIRE": null, "RCL_UID": "urn:emergency:uid:gis:RCL:63154:ngesi.maine.gov", "L_ADD_PRE": "", "L_ADD_FROM": 2, "L_ADD_TO": 382, "R_ADD_PRE": "", "R_ADD_FROM": 1, "R_ADD_TO": 381, "LPARITY": "E", "RPARITY": "O", "ST_PREMOD": "", "ST_PREDIR": "East", "ST_PRETYP": "", "ST_PRESEP": "", "ST_NAME": "Old County", "ST_POSTTYP": "Road", "ST_POSTDIR": "", "ST_POSTMOD": "", "ST_FULLNAME": "East Old County Road", "DIRTRAVEL": null, "PREDIR": "E", "STREETNAME": "Old County", "SUFFIX": "Rd", "POSTDIR": "", "RDNAME": "E Old County Rd", "LESN": "142", "RESN": "142", "LMSAGCOMM": "Newcastle", "RMSAGCOMM": "Newcastle", "LMSAG_CODE": "2315", "RMSAG_CODE": "2315", "LCOUNTRY": "US", "RCOUNTRY": "US", "LSTATE": "ME", "RSTATE": "ME", "LCOUNTY": "Lincoln County", "RCOUNTY": "Lincoln County", "LCITY": "Newcastle", "RCITY": "Newcastle", "L_A4": null, "R_A4": null, "L_A5": null, "R_A5": null, "LPOSTCOMM": "Newcastle", "RPOSTCOMM": "Newcastle", "LZIPCODE": "04553", "RZIPCODE": "04553", "RDCLASS": "Local", "MDOTJURIS": "Townway", "ONEWAY": "B", "SPEED": 35, "LVALID": "N", "RVALID": "N", "TOWN": "Newcastle", "ROUTE_NUM": "", "MAP_LABEL": "E Old County Rd", "SOURCE": "43", "FEET": 9357, "MINUTES": 3.0380564, "PSAP": "Lincoln RCC", "GEONAMEID": 64735, "SEGMENTID": 63154, "MCODE": 440, "LGEOCODE": "15110", "RGEOCODE": "15110", "GC_EXCEPTION": null, "AMUPDDAT": 1710445317000, "AMUPDORG": "es.ngesi.maine.gov", "FMUPDDAT": 1268053361000, "FMUPDORG": "jt.ngesi.maine.gov", "CREATDAT": 1268053361000, "CREATORG": "jt.ngesi.maine.gov", "GlobalID": "4ecc6e4c-5bd7-4c81-8059-026255235728", "Shape__Length": 2852.0844436127613}}, {"type": "Feature", "id": 4330, "geometry": {"type": "LineString", "coordinates": [[-69.5303747470077, 44.0945818171587], [-69.5304987368372, 44.0946153281693], [-69.5306687471604, 44.0946499217762], [-69.5308720147218, 44.0946888622734], [-69.5310681199099, 44.0947650105289], [-69.5312376699294, 44.0948471791212], [-69.5313428319834, 44.094908345012], [-69.5314124770248, 44.0950057524315], [-69.5314007639437, 44.095196047658], [-69.5313636161198, 44.0952678510736]]}, "properties": {"OBJECTID": 4330, "SOURCE_OF_DATA": "ngesi.maine.gov", "DATEUPDATE": 1702656682000, "EFFECTIVE": 1369612800000, "EXPIRE": null, "RCL_UID": "urn:emergency:uid:gis:RCL:62216:ngesi.maine.gov", "L_ADD_PRE": "", "L_ADD_FROM": 2, "L_ADD_TO": 16, "R_ADD_PRE": "", "R_ADD_FROM": 1, "R_ADD_TO": 15, "LPARITY": "E", "RPARITY": "O", "ST_PREMOD": "", "ST_PREDIR": "", "ST_PRETYP": "", "ST_PRESEP": "", "ST_NAME": "Blueberry Hill", "ST_POSTTYP": "Road", "ST_POSTDIR": "", "ST_POSTMOD": "", "ST_FULLNAME": "Blueberry Hill Road", "DIRTRAVEL": null, "PREDIR": "", "STREETNAME": "Blueberry Hill", "SUFFIX": "Rd", "POSTDIR": "", "RDNAME": "Blueberry Hill Rd", "LESN": "142", "RESN": "142", "LMSAGCOMM": "Newcastle", "RMSAGCOMM": "Newcastle", "LMSAG_CODE": "2315", "RMSAG_CODE": "2315", "LCOUNTRY": "US", "RCOUNTRY": "US", "LSTATE": "ME", "RSTATE": "ME", "LCOUNTY": "Lincoln County", "RCOUNTY": "Lincoln County", "LCITY": "Newcastle", "RCITY": "Newcastle", "L_A4": null, "R_A4": null, "L_A5": null, "R_A5": null, "LPOSTCOMM": "Newcastle", "RPOSTCOMM": "Newcastle", "LZIPCODE": "04553", "RZIPCODE": "04553", "RDCLASS": "Private", "MDOTJURIS": "Private", "ONEWAY": "B", "SPEED": 25, "LVALID": "N", "RVALID": "N", "TOWN": "Newcastle", "ROUTE_NUM": "", "MAP_LABEL": "Blueberry Hill Rd", "SOURCE": "2", "FEET": 421, "MINUTES": 0.19151407, "PSAP": "Lincoln RCC", "GEONAMEID": 5972, "SEGMENTID": 62216, "MCODE": 440, "LGEOCODE": "15110", "RGEOCODE": "15110", "GC_EXCEPTION": null, "AMUPDDAT": 1702656682000, "AMUPDORG": "es.ngesi.maine.gov", "FMUPDDAT": 1271068057000, "FMUPDORG": "jt.ngesi.maine.gov", "CREATDAT": 1271068057000, "CREATORG": "jt.ngesi.maine.gov", "GlobalID": "d42bba8b-d4ae-456d-bf40-a733bf219b40", "Shape__Length": 128.4219341666796}}, {"type": "Feature", "id": 4331, "geometry": {"type": "LineString", "coordinates": [[-69.5389602248166, 44.0350335260512], [-69.5389912781451, 44.0349883803597], [-69.5390643064208, 44.0348638513519], [-69.5391521029847, 44.0347535950899]]}, "properties": {"OBJECTID": 4331, "SOURCE_OF_DATA": "ngesi.maine.gov", "DATEUPDATE": 1702054300000, "EFFECTIVE": 1369612800000, "EXPIRE": null, "RCL_UID": "urn:emergency:uid:gis:RCL:93062:ngesi.maine.gov", "L_ADD_PRE": "", "L_ADD_FROM": 24, "L_ADD_TO": 26, "R_ADD_PRE": "", "R_ADD_FROM": 23, "R_ADD_TO": 25, "LPARITY": "E", "RPARITY": "O", "ST_PREMOD": "", "ST_PREDIR": "", "ST_PRETYP": "", "ST_PRESEP": "", "ST_NAME": "High", "ST_POSTTYP": "Street", "ST_POSTDIR": "", "ST_POSTMOD": "", "ST_FULLNAME": "High Street", "DIRTRAVEL": null, "PREDIR": "", "STREETNAME": "High", "SUFFIX": "St", "POSTDIR": "", "RDNAME": "High St", "LESN": "142", "RESN": "142", "LMSAGCOMM": "Newcastle", "RMSAGCOMM": "Newcastle", "LMSAG_CODE": "2315", "RMSAG_CODE": "2315", "LCOUNTRY": "US", "RCOUNTRY": "US", "LSTATE": "ME", "RSTATE": "ME", "LCOUNTY": "Lincoln County", "RCOUNTY": "Lincoln County", "LCITY": "Newcastle", "RCITY": "Newcastle", "L_A4": null, "R_A4": null, "L_A5": null, "R_A5": null, "LPOSTCOMM": "Newcastle", "RPOSTCOMM": "Newcastle", "LZIPCODE": "04553", "RZIPCODE": "04553", "RDCLASS": "Private", "MDOTJURIS": "Private", "ONEWAY": "B", "SPEED": 25, "LVALID": "N", "RVALID": "N", "TOWN": "Newcastle", "ROUTE_NUM": "", "MAP_LABEL": "High St", "SOURCE": "14", "FEET": 114, "MINUTES": 0.05180647, "PSAP": "Lincoln RCC", "GEONAMEID": 25954, "SEGMENTID": 93062, "MCODE": 440, "LGEOCODE": "15110", "RGEOCODE": "15110", "GC_EXCEPTION": null, "AMUPDDAT": 1702054300000, "AMUPDORG": "es.ngesi.maine.gov", "FMUPDDAT": 1268045799000, "FMUPDORG": "jt.ngesi.maine.gov", "CREATDAT": 1268045799000, "CREATORG": "jt.ngesi.maine.gov", "GlobalID": "cb20f924-5ba0-466e-84d9-b23da857e6a1", "Shape__Length": 34.739414574565615}}, {"type": "Feature", "id": 4351, "geometry": {"type": "LineString", "coordinates": [[-69.5255725547285, 44.083394423789], [-69.5253930254272, 44.0833923864547], [-69.5252032092566, 44.0833881092724], [-69.5250180370938, 44.0833327163273], [-69.5248671463834, 44.0832894912046], [-69.5247433662995, 44.0832837304241], [-69.5244460326701, 44.0832878056977], [-69.5242967592533, 44.0832975302018], [-69.5241451863834, 44.083295803774], [-69.5240220662511, 44.083279901393], [-69.523873281524, 44.083243102705], [-69.5237078909648, 44.0831885892904], [-69.5235848343948, 44.0831345388797], [-69.5235619252465, 44.0830875832656], [-69.5235855291073, 44.0830476171881], [-69.5236444857658, 44.0829785252432], [-69.5237152486267, 44.0828956220027], [-69.5237757785747, 44.0828109379469], [-69.5238483839357, 44.0827033299366], [-69.5239259032119, 44.0826175775284], [-69.5240017877894, 44.0825490019869], [-69.5240432643739, 44.0824283646876], [-69.5240299007425, 44.0823336565281], [-69.5240105702974, 44.0822662199261]]}, "properties": {"OBJECTID": 4351, "SOURCE_OF_DATA": "ngesi.maine.gov", "DATEUPDATE": 1605571200000, "EFFECTIVE": 1369612800000, "EXPIRE": null, "RCL_UID": "urn:emergency:uid:gis:RCL:62348:ngesi.maine.gov", "L_ADD_PRE": "", "L_ADD_FROM": 2, "L_ADD_TO": 46, "R_ADD_PRE": "", "R_ADD_FROM": 1, "R_ADD_TO": 45, "LPARITY": "E", "RPARITY": "O", "ST_PREMOD": "", "ST_PREDIR": "", "ST_PRETYP": "", "ST_PRESEP": "", "ST_NAME": "Nob Hill", "ST_POSTTYP": "Road", "ST_POSTDIR": "", "ST_POSTMOD": "", "ST_FULLNAME": "Nob Hill Road", "DIRTRAVEL": null, "PREDIR": "", "STREETNAME": "Nob Hill", "SUFFIX": "Rd", "POSTDIR": "", "RDNAME": "Nob Hill Rd", "LESN": "142", "RESN": "142", "LMSAGCOMM": "Newcastle", "RMSAGCOMM": "Newcastle", "LMSAG_CODE": "2315", "RMSAG_CODE": "2315", "LCOUNTRY": "US", "RCOUNTRY": "US", "LSTATE": "ME", "RSTATE": "ME", "LCOUNTY": "Lincoln County", "RCOUNTY": "Lincoln County", "LCITY": "Newcastle", "RCITY": "Newcastle", "L_A4": null, "R_A4": null, "L_A5": null, "R_A5": null, "LPOSTCOMM": "Newcastle", "RPOSTCOMM": "Newcastle", "LZIPCODE": "04553", "RZIPCODE": "04553", "RDCLASS": "Private", "MDOTJURIS": "Private", "ONEWAY": "B", "SPEED": 25, "LVALID": "N", "RVALID": "N", "TOWN": "Newcastle", "ROUTE_NUM": "", "MAP_LABEL": "Nob Hill Rd", "SOURCE": "2", "FEET": 894, "MINUTES": 0.40622869, "PSAP": "Lincoln RCC", "GEONAMEID": 40261, "SEGMENTID": 62348, "MCODE": 440, "LGEOCODE": "15110", "RGEOCODE": "15110", "GC_EXCEPTION": null, "AMUPDDAT": 1590710400000, "AMUPDORG": "jr.ngesi.maine.gov", "FMUPDDAT": 1331637631000, "FMUPDORG": "es.ngesi.maine.gov", "CREATDAT": 1331637631000, "CREATORG": "es.ngesi.maine.gov", "GlobalID": "c6a42c2b-4c72-42f6-87a3-ede9faca81c4", "Shape__Length": 272.40071355469735}}, {"type": "Feature", "id": 4357, "geometry": {"type": "LineString", "coordinates": [[-69.534370366124, 44.0393291525148], [-69.5342427639474, 44.0394185411229], [-69.5340091137526, 44.0396265413559], [-69.5337343706164, 44.0398383524568], [-69.5329571598489, 44.0403596960084], [-69.5325697140557, 44.0405978157829], [-69.532234407775, 44.0407977689019], [-69.5318711838859, 44.0410095104409]]}, "properties": {"OBJECTID": 4357, "SOURCE_OF_DATA": "ngesi.maine.gov", "DATEUPDATE": 1733157572000, "EFFECTIVE": 1369612800000, "EXPIRE": null, "RCL_UID": "urn:emergency:uid:gis:RCL:63150:ngesi.maine.gov", "L_ADD_PRE": "", "L_ADD_FROM": 2, "L_ADD_TO": 36, "R_ADD_PRE": "", "R_ADD_FROM": 1, "R_ADD_TO": 35, "LPARITY": "E", "RPARITY": "O", "ST_PREMOD": "", "ST_PREDIR": "", "ST_PRETYP": "", "ST_PRESEP": "", "ST_NAME": "On Route One", "ST_POSTTYP": "Road", "ST_POSTDIR": "", "ST_POSTMOD": "", "ST_FULLNAME": "On Route One Road", "DIRTRAVEL": null, "PREDIR": "", "STREETNAME": "On Rt One", "SUFFIX": "Rd", "POSTDIR": "", "RDNAME": "On Rt One Rd", "LESN": "142", "RESN": "142", "LMSAGCOMM": "Newcastle", "RMSAGCOMM": "Newcastle", "LMSAG_CODE": "2315", "RMSAG_CODE": "2315", "LCOUNTRY": "US", "RCOUNTRY": "US", "LSTATE": "ME", "RSTATE": "ME", "LCOUNTY": "Lincoln County", "RCOUNTY": "Lincoln County", "LCITY": "Newcastle", "RCITY": "Newcastle", "L_A4": null, "R_A4": null, "L_A5": null, "R_A5": null, "LPOSTCOMM": "Newcastle", "RPOSTCOMM": "Newcastle", "LZIPCODE": "04553", "RZIPCODE": "04553", "RDCLASS": "Local", "MDOTJURIS": "State Highway", "ONEWAY": "FT", "SPEED": 35, "LVALID": "N", "RVALID": "N", "TOWN": "Newcastle", "ROUTE_NUM": "", "MAP_LABEL": "On Rt One Rd", "SOURCE": "43", "FEET": 900, "MINUTES": 0.29218114, "PSAP": "Lincoln RCC", "GEONAMEID": 42079, "SEGMENTID": 63150, "MCODE": 440, "LGEOCODE": "15110", "RGEOCODE": "15110", "GC_EXCEPTION": null, "AMUPDDAT": 1733157572000, "AMUPDORG": "es.ngesi.maine.gov", "FMUPDDAT": 1268047329000, "FMUPDORG": "jt.ngesi.maine.gov", "CREATDAT": 1268047329000, "CREATORG": "jt.ngesi.maine.gov", "GlobalID": "3101d49b-3548-4a8b-90ac-4147935e2fc3", "Shape__Length": 274.2955265944692}}, {"type": "Feature", "id": 4380, "geometry": {"type": "LineString", "coordinates": [[-69.5354615533745, 44.0470313934346], [-69.5352384974584, 44.0473360790383], [-69.5348425600346, 44.0478885734998], [-69.5346684281199, 44.0482373527569], [-69.5345737598673, 44.0485165956767], [-69.5344764129766, 44.048897850786], [-69.5343783055666, 44.0491543939721], [-69.534247644866, 44.0494669014848], [-69.5341132815279, 44.0497287098811]]}, "properties": {"OBJECTID": 4380, "SOURCE_OF_DATA": "ngesi.maine.gov", "DATEUPDATE": 1702499355000, "EFFECTIVE": 1369612800000, "EXPIRE": null, "RCL_UID": "urn:emergency:uid:gis:RCL:63101:ngesi.maine.gov", "L_ADD_PRE": "", "L_ADD_FROM": 208, "L_ADD_TO": 248, "R_ADD_PRE": "", "R_ADD_FROM": 207, "R_ADD_TO": 247, "LPARITY": "E", "RPARITY": "O", "ST_PREMOD": "", "ST_PREDIR": "", "ST_PRETYP": "", "ST_PRESEP": "", "ST_NAME": "Academy", "ST_POSTTYP": "Hill", "ST_POSTDIR": "", "ST_POSTMOD": "", "ST_FULLNAME": "Academy Hill", "DIRTRAVEL": null, "PREDIR": "", "STREETNAME": "Academy", "SUFFIX": "Hl", "POSTDIR": "", "RDNAME": "Academy Hl", "LESN": "142", "RESN": "142", "LMSAGCOMM": "Newcastle", "RMSAGCOMM": "Newcastle", "LMSAG_CODE": "2315", "RMSAG_CODE": "2315", "LCOUNTRY": "US", "RCOUNTRY": "US", "LSTATE": "ME", "RSTATE": "ME", "LCOUNTY": "Lincoln County", "RCOUNTY": "Lincoln County", "LCITY": "Newcastle", "RCITY": "Newcastle", "L_A4": null, "R_A4": null, "L_A5": null, "R_A5": null, "LPOSTCOMM": "Newcastle", "RPOSTCOMM": "Newcastle", "LZIPCODE": "04553", "RZIPCODE": "04553", "RDCLASS": "Local", "MDOTJURIS": "Townway", "ONEWAY": "B", "SPEED": 35, "LVALID": "N", "RVALID": "N", "TOWN": "Newcastle", "ROUTE_NUM": "", "MAP_LABEL": "Academy Hl", "SOURCE": "43", "FEET": 1051, "MINUTES": 0.34121977, "PSAP": "Lincoln RCC", "GEONAMEID": 324, "SEGMENTID": 63101, "MCODE": 440, "LGEOCODE": "15110", "RGEOCODE": "15110", "GC_EXCEPTION": null, "AMUPDDAT": 1702499355000, "AMUPDORG": "es.ngesi.maine.gov", "FMUPDDAT": 1267184265000, "FMUPDORG": "jt.ngesi.maine.gov", "CREATDAT": 1267184265000, "CREATORG": "jt.ngesi.maine.gov", "GlobalID": "17f63884-58a1-427d-ada4-c2364d978134", "Shape__Length": 320.3323008815737}}, {"type": "Feature", "id": 4397, "geometry": {"type": "LineString", "coordinates": [[-69.5990434767592, 44.0111877858156], [-69.5990413262287, 44.0111005534086], [-69.5990251832855, 44.0109505771068], [-69.5990085693942, 44.0108157741258], [-69.5989896189706, 44.0106620040594], [-69.5989708454949, 44.0105096916215], [-69.5989733040508, 44.0103746805976], [-69.5989748627391, 44.0102890853718], [-69.5990175824996, 44.0101594814413], [-69.599059600318, 44.0100320420069], [-69.5991428700678, 44.0098956888844], [-69.5992209226573, 44.0097454796964]]}, "properties": {"OBJECTID": 4397, "SOURCE_OF_DATA": "ngesi.maine.gov", "DATEUPDATE": 1702656682000, "EFFECTIVE": 1369612800000, "EXPIRE": null, "RCL_UID": "urn:emergency:uid:gis:RCL:74103:ngesi.maine.gov", "L_ADD_PRE": "", "L_ADD_FROM": 2, "L_ADD_TO": 22, "R_ADD_PRE": "", "R_ADD_FROM": 1, "R_ADD_TO": 21, "LPARITY": "E", "RPARITY": "O", "ST_PREMOD": "", "ST_PREDIR": "", "ST_PRETYP": "", "ST_PRESEP": "", "ST_NAME": "Woods Island", "ST_POSTTYP": "Road", "ST_POSTDIR": "", "ST_POSTMOD": "", "ST_FULLNAME": "Woods Island Road", "DIRTRAVEL": null, "PREDIR": "", "STREETNAME": "Woods Island", "SUFFIX": "Rd", "POSTDIR": "", "RDNAME": "Woods Island Rd", "LESN": "142", "RESN": "142", "LMSAGCOMM": "Newcastle", "RMSAGCOMM": "Newcastle", "LMSAG_CODE": "2315", "RMSAG_CODE": "2315", "LCOUNTRY": "US", "RCOUNTRY": "US", "LSTATE": "ME", "RSTATE": "ME", "LCOUNTY": "Lincoln County", "RCOUNTY": "Lincoln County", "LCITY": "Newcastle", "RCITY": "Newcastle", "L_A4": null, "R_A4": null, "L_A5": null, "R_A5": null, "LPOSTCOMM": "Newcastle", "RPOSTCOMM": "Newcastle", "LZIPCODE": "04553", "RZIPCODE": "04553", "RDCLASS": "Local", "MDOTJURIS": "", "ONEWAY": "B", "SPEED": 35, "LVALID": "N", "RVALID": "N", "TOWN": "Newcastle", "ROUTE_NUM": "", "MAP_LABEL": "Woods Island Rd", "SOURCE": "2", "FEET": 537, "MINUTES": 0.17446278, "PSAP": "Lincoln RCC", "GEONAMEID": 64136, "SEGMENTID": 74103, "MCODE": 440, "LGEOCODE": "15110", "RGEOCODE": "15110", "GC_EXCEPTION": null, "AMUPDDAT": 1702656682000, "AMUPDORG": "es.ngesi.maine.gov", "FMUPDDAT": 1295348608000, "FMUPDORG": "jt.ngesi.maine.gov", "CREATDAT": 1295348608000, "CREATORG": "jt.ngesi.maine.gov", "GlobalID": "0065c8de-a988-4350-8a60-09873f41ea2a", "Shape__Length": 163.7831966538744}}, {"type": "Feature", "id": 4423, "geometry": {"type": "LineString", "coordinates": [[-69.5538339679429, 44.012398296025], [-69.5537260990102, 44.0123868892362], [-69.5535103552518, 44.0123728177574], [-69.5531872580456, 44.0123960538895], [-69.5528063971909, 44.0124620379973], [-69.5523642320739, 44.0124515175658], [-69.5519565785004, 44.0123890046971], [-69.551626009483, 44.0122495706792], [-69.5515053376608, 44.0120721724757], [-69.551484777565, 44.0118284305357], [-69.5515010888172, 44.0113242560746]]}, "properties": {"OBJECTID": 4423, "SOURCE_OF_DATA": "ngesi.maine.gov", "DATEUPDATE": 1702656682000, "EFFECTIVE": 1369612800000, "EXPIRE": null, "RCL_UID": "urn:emergency:uid:gis:RCL:61869:ngesi.maine.gov", "L_ADD_PRE": "", "L_ADD_FROM": 2, "L_ADD_TO": 36, "R_ADD_PRE": "", "R_ADD_FROM": 1, "R_ADD_TO": 35, "LPARITY": "E", "RPARITY": "O", "ST_PREMOD": "", "ST_PREDIR": "", "ST_PRETYP": "", "ST_PRESEP": "", "ST_NAME": "Kiln", "ST_POSTTYP": "Road", "ST_POSTDIR": "", "ST_POSTMOD": "", "ST_FULLNAME": "Kiln Road", "DIRTRAVEL": null, "PREDIR": "", "STREETNAME": "Kiln", "SUFFIX": "Rd", "POSTDIR": "", "RDNAME": "Kiln Rd", "LESN": "142", "RESN": "142", "LMSAGCOMM": "Newcastle", "RMSAGCOMM": "Newcastle", "LMSAG_CODE": "2315", "RMSAG_CODE": "2315", "LCOUNTRY": "US", "RCOUNTRY": "US", "LSTATE": "ME", "RSTATE": "ME", "LCOUNTY": "Lincoln County", "RCOUNTY": "Lincoln County", "LCITY": "Newcastle", "RCITY": "Newcastle", "L_A4": null, "R_A4": null, "L_A5": null, "R_A5": null, "LPOSTCOMM": "Newcastle", "RPOSTCOMM": "Newcastle", "LZIPCODE": "04553", "RZIPCODE": "04553", "RDCLASS": "Private", "MDOTJURIS": "Private", "ONEWAY": "B", "SPEED": 25, "LVALID": "N", "RVALID": "N", "TOWN": "Newcastle", "ROUTE_NUM": "", "MAP_LABEL": "Kiln Rd", "SOURCE": "2", "FEET": 945, "MINUTES": 0.42975422, "PSAP": "Lincoln RCC", "GEONAMEID": 30376, "SEGMENTID": 61869, "MCODE": 440, "LGEOCODE": "15110", "RGEOCODE": "15110", "GC_EXCEPTION": null, "AMUPDDAT": 1702656682000, "AMUPDORG": "es.ngesi.maine.gov", "FMUPDDAT": 1271077933000, "FMUPDORG": "jt.ngesi.maine.gov", "CREATDAT": 1271077933000, "CREATORG": "jt.ngesi.maine.gov", "GlobalID": "c7a8c678-b0a5-4673-a0b4-79358bfaf786", "Shape__Length": 288.17656355016766}}, {"type": "Feature", "id": 4430, "geometry": {"type": "LineString", "coordinates": [[-69.5389157036166, 44.0366441634789], [-69.5388224342276, 44.0367774851349], [-69.5387971065253, 44.0368058933832], [-69.5387090769355, 44.0369046080242], [-69.5385947306224, 44.0370328248768], [-69.5384913220967, 44.0371822921975], [-69.5384382939082, 44.0373437666842], [-69.5384038310282, 44.0374577505559], [-69.538296591614, 44.0375674495499], [-69.5382473794498, 44.0376142471781], [-69.5381768760561, 44.0376528799199], [-69.5381035577191, 44.0376949111681], [-69.5380272280614, 44.0377420885089], [-69.5380140721034, 44.0377502265437]]}, "properties": {"OBJECTID": 4430, "SOURCE_OF_DATA": "ngesi.maine.gov", "DATEUPDATE": 1702656682000, "EFFECTIVE": 1369612800000, "EXPIRE": null, "RCL_UID": "urn:emergency:uid:gis:RCL:93055:ngesi.maine.gov", "L_ADD_PRE": "", "L_ADD_FROM": 2, "L_ADD_TO": 24, "R_ADD_PRE": "", "R_ADD_FROM": 1, "R_ADD_TO": 23, "LPARITY": "E", "RPARITY": "O", "ST_PREMOD": "", "ST_PREDIR": "", "ST_PRETYP": "", "ST_PRESEP": "", "ST_NAME": "Depot", "ST_POSTTYP": "Street", "ST_POSTDIR": "", "ST_POSTMOD": "", "ST_FULLNAME": "Depot Street", "DIRTRAVEL": null, "PREDIR": "", "STREETNAME": "Depot", "SUFFIX": "St", "POSTDIR": "", "RDNAME": "Depot St", "LESN": "142", "RESN": "142", "LMSAGCOMM": "Newcastle", "RMSAGCOMM": "Newcastle", "LMSAG_CODE": "2315", "RMSAG_CODE": "2315", "LCOUNTRY": "US", "RCOUNTRY": "US", "LSTATE": "ME", "RSTATE": "ME", "LCOUNTY": "Lincoln County", "RCOUNTY": "Lincoln County", "LCITY": "Newcastle", "RCITY": "Newcastle", "L_A4": null, "R_A4": null, "L_A5": null, "R_A5": null, "LPOSTCOMM": "Newcastle", "RPOSTCOMM": "Newcastle", "LZIPCODE": "04553", "RZIPCODE": "04553", "RDCLASS": "Private", "MDOTJURIS": "Private", "ONEWAY": "B", "SPEED": 25, "LVALID": "N", "RVALID": "N", "TOWN": "Newcastle", "ROUTE_NUM": "", "MAP_LABEL": "Depot St", "SOURCE": "2", "FEET": 478, "MINUTES": 0.21732154, "PSAP": "Lincoln RCC", "GEONAMEID": 15457, "SEGMENTID": 93055, "MCODE": 440, "LGEOCODE": "15110", "RGEOCODE": "15110", "GC_EXCEPTION": null, "AMUPDDAT": 1702656682000, "AMUPDORG": "es.ngesi.maine.gov", "FMUPDDAT": 1268045658000, "FMUPDORG": "jt.ngesi.maine.gov", "CREATDAT": 1268045658000, "CREATORG": "jt.ngesi.maine.gov", "GlobalID": "8a742521-4954-4e3f-8ba6-97d35f978462", "Shape__Length": 145.7274215555328}}, {"type": "Feature", "id": 4440, "geometry": {"type": "LineString", "coordinates": [[-69.525982347268, 44.0822014643991], [-69.5259231779096, 44.0823476633848], [-69.5258646515735, 44.0825143150289], [-69.5258250357774, 44.0826161814036], [-69.5257656653494, 44.0827679723142], [-69.5257012929858, 44.0829642718443], [-69.5256541342748, 44.0831157093856], [-69.5256237600784, 44.0832076474626], [-69.5256084042203, 44.0832606579068], [-69.5255817690164, 44.0833333565807], [-69.5255725547285, 44.083394423789]]}, "properties": {"OBJECTID": 4440, "SOURCE_OF_DATA": "ngesi.maine.gov", "DATEUPDATE": 1740151099000, "EFFECTIVE": 1369612800000, "EXPIRE": null, "RCL_UID": "urn:emergency:uid:gis:RCL:61280:ngesi.maine.gov", "L_ADD_PRE": "", "L_ADD_FROM": 86, "L_ADD_TO": 104, "R_ADD_PRE": "", "R_ADD_FROM": 85, "R_ADD_TO": 103, "LPARITY": "E", "RPARITY": "O", "ST_PREMOD": "", "ST_PREDIR": "", "ST_PRETYP": "", "ST_PRESEP": "", "ST_NAME": "Milliken Island", "ST_POSTTYP": "Road", "ST_POSTDIR": "", "ST_POSTMOD": "", "ST_FULLNAME": "Milliken Island Road", "DIRTRAVEL": null, "PREDIR": "", "STREETNAME": "Milliken Island", "SUFFIX": "Rd", "POSTDIR": "", "RDNAME": "Milliken Island Rd", "LESN": "142", "RESN": "142", "LMSAGCOMM": "Newcastle", "RMSAGCOMM": "Newcastle", "LMSAG_CODE": "2315", "RMSAG_CODE": "2315", "LCOUNTRY": "US", "RCOUNTRY": "US", "LSTATE": "ME", "RSTATE": "ME", "LCOUNTY": "Lincoln County", "RCOUNTY": "Lincoln County", "LCITY": "Newcastle", "RCITY": "Newcastle", "L_A4": null, "R_A4": null, "L_A5": null, "R_A5": null, "LPOSTCOMM": "Newcastle", "RPOSTCOMM": "Newcastle", "LZIPCODE": "04553", "RZIPCODE": "04553", "RDCLASS": "Private", "MDOTJURIS": "Private", "ONEWAY": "B", "SPEED": 25, "LVALID": "N", "RVALID": "N", "TOWN": "Newcastle", "ROUTE_NUM": "", "MAP_LABEL": "Milliken Island Rd", "SOURCE": "2", "FEET": 448, "MINUTES": 0.20372082, "PSAP": "Lincoln RCC", "GEONAMEID": 37879, "SEGMENTID": 61280, "MCODE": 440, "LGEOCODE": "15110", "RGEOCODE": "15110", "GC_EXCEPTION": null, "AMUPDDAT": 1740151099000, "AMUPDORG": "es.ngesi.maine.gov", "FMUPDDAT": 1740151099000, "FMUPDORG": "es.ngesi.maine.gov", "CREATDAT": 1331637573000, "CREATORG": "es.ngesi.maine.gov", "GlobalID": "ff534331-8521-429f-bad6-6fc5f13633ef", "Shape__Length": 136.6073061819075}}, {"type": "Feature", "id": 4467, "geometry": {"type": "LineString", "coordinates": [[-69.5945229240987, 44.0387779315369], [-69.5947670937727, 44.0386224319189], [-69.5950974051674, 44.0384419757866], [-69.595387772071, 44.0382860721414], [-69.5955469461268, 44.0382405315045], [-69.5958307362615, 44.0382019757539], [-69.5961107215458, 44.038192268145], [-69.596333335225, 44.0381828503056], [-69.596497155766, 44.0381452341246], [-69.5966471850718, 44.038061628161], [-69.5967859515578, 44.0379514396679], [-69.596982757778, 44.0377733499722], [-69.5971444243369, 44.0376270456503], [-69.5974336631028, 44.0373548273068], [-69.5975798511789, 44.0372122226761], [-69.5976426899992, 44.0370221285852], [-69.5976537150931, 44.0369493411613], [-69.5976530009913, 44.0367516474529], [-69.5976528066483, 44.0366963043483], [-69.5976309774887, 44.036496317163], [-69.5976585855531, 44.0362853572825], [-69.5977378321616, 44.0361669976957], [-69.5978199856281, 44.0360808371395], [-69.5978331962872, 44.0358741751459]]}, "properties": {"OBJECTID": 4467, "SOURCE_OF_DATA": "ngesi.maine.gov", "DATEUPDATE": 1605571200000, "EFFECTIVE": 1369612800000, "EXPIRE": null, "RCL_UID": "urn:emergency:uid:gis:RCL:61289:ngesi.maine.gov", "L_ADD_PRE": "", "L_ADD_FROM": 2, "L_ADD_TO": 68, "R_ADD_PRE": "", "R_ADD_FROM": 1, "R_ADD_TO": 67, "LPARITY": "E", "RPARITY": "O", "ST_PREMOD": "", "ST_PREDIR": "", "ST_PRETYP": "", "ST_PRESEP": "", "ST_NAME": "Gray", "ST_POSTTYP": "Road", "ST_POSTDIR": "", "ST_POSTMOD": "", "ST_FULLNAME": "Gray Road", "DIRTRAVEL": null, "PREDIR": "", "STREETNAME": "Gray", "SUFFIX": "Rd", "POSTDIR": "", "RDNAME": "Gray Rd", "LESN": "142", "RESN": "142", "LMSAGCOMM": "Newcastle", "RMSAGCOMM": "Newcastle", "LMSAG_CODE": "2315", "RMSAG_CODE": "2315", "LCOUNTRY": "US", "RCOUNTRY": "US", "LSTATE": "ME", "RSTATE": "ME", "LCOUNTY": "Lincoln County", "RCOUNTY": "Lincoln County", "LCITY": "Newcastle", "RCITY": "Newcastle", "L_A4": null, "R_A4": null, "L_A5": null, "R_A5": null, "LPOSTCOMM": "Newcastle", "RPOSTCOMM": "Newcastle", "LZIPCODE": "04553", "RZIPCODE": "04553", "RDCLASS": "Private", "MDOTJURIS": "Private", "ONEWAY": "B", "SPEED": 25, "LVALID": "N", "RVALID": "N", "TOWN": "Newcastle", "ROUTE_NUM": "", "MAP_LABEL": "Gray Rd", "SOURCE": "2", "FEET": 1535, "MINUTES": 0.6976482, "PSAP": "Lincoln RCC", "GEONAMEID": 22821, "SEGMENTID": 61289, "MCODE": 440, "LGEOCODE": "15110", "RGEOCODE": "15110", "GC_EXCEPTION": null, "AMUPDDAT": 1590710400000, "AMUPDORG": "jr.ngesi.maine.gov", "FMUPDDAT": 839462400000, "FMUPDORG": "bw.ngesi.maine.gov", "CREATDAT": 839462400000, "CREATORG": "bw.ngesi.maine.gov", "GlobalID": "fffa6e46-cf02-465f-ac52-3646741da175", "Shape__Length": 467.81497746181424}}, {"type": "Feature", "id": 4499, "geometry": {"type": "LineString", "coordinates": [[-69.5675196330956, 44.0266323228055], [-69.5672631784443, 44.0268039146874], [-69.5665962625587, 44.0272500947447], [-69.5660736347151, 44.027500388267]]}, "properties": {"OBJECTID": 4499, "SOURCE_OF_DATA": "ngesi.maine.gov", "DATEUPDATE": 1733835554000, "EFFECTIVE": 1369612800000, "EXPIRE": null, "RCL_UID": "urn:emergency:uid:gis:RCL:131351:ngesi.maine.gov", "L_ADD_PRE": "", "L_ADD_FROM": 2, "L_ADD_TO": 36, "R_ADD_PRE": "", "R_ADD_FROM": 1, "R_ADD_TO": 35, "LPARITY": "E", "RPARITY": "O", "ST_PREMOD": "", "ST_PREDIR": "", "ST_PRETYP": "", "ST_PRESEP": "", "ST_NAME": "Ledge Hill", "ST_POSTTYP": "Crossing", "ST_POSTDIR": "", "ST_POSTMOD": "", "ST_FULLNAME": "Ledge Hill Crossing", "DIRTRAVEL": null, "PREDIR": "", "STREETNAME": "Ledge Hill", "SUFFIX": "Xing", "POSTDIR": "", "RDNAME": "Ledge Hill Xing", "LESN": "142", "RESN": "142", "LMSAGCOMM": "Newcastle", "RMSAGCOMM": "Newcastle", "LMSAG_CODE": "2315", "RMSAG_CODE": "2315", "LCOUNTRY": "US", "RCOUNTRY": "US", "LSTATE": "ME", "RSTATE": "ME", "LCOUNTY": "Lincoln County", "RCOUNTY": "Lincoln County", "LCITY": "Newcastle", "RCITY": "Newcastle", "L_A4": null, "R_A4": null, "L_A5": null, "R_A5": null, "LPOSTCOMM": "Newcastle", "RPOSTCOMM": "Newcastle", "LZIPCODE": "04553", "RZIPCODE": "04553", "RDCLASS": "Private", "MDOTJURIS": "Private", "ONEWAY": "B", "SPEED": 25, "LVALID": "N", "RVALID": "N", "TOWN": "Newcastle", "ROUTE_NUM": "", "MAP_LABEL": "Ledge Hill Xing", "SOURCE": "2", "FEET": 496, "MINUTES": 0.22546162, "PSAP": "Lincoln RCC", "GEONAMEID": 31995, "SEGMENTID": 131351, "MCODE": 440, "LGEOCODE": "15110", "RGEOCODE": "15110", "GC_EXCEPTION": null, "AMUPDDAT": 1733835554000, "AMUPDORG": "es.ngesi.maine.gov", "FMUPDDAT": 1733835554000, "FMUPDORG": "es.ngesi.maine.gov", "CREATDAT": 1517216967000, "CREATORG": "es.ngesi.maine.gov", "GlobalID": "c0ffcf37-370f-4dca-b572-d7d623174a50", "Shape__Length": 151.18584690791906}}, {"type": "Feature", "id": 4505, "geometry": {"type": "LineString", "coordinates": [[-69.6144044874336, 44.0435543697118], [-69.6146168235943, 44.0437323597838], [-69.6147008843976, 44.0438513289668], [-69.6148416836391, 44.0440735681508], [-69.6149428103313, 44.0442084083777], [-69.6150802187136, 44.0443609249893], [-69.6152178380948, 44.044504815016], [-69.6153496708572, 44.0446539580244], [-69.6155025513312, 44.0448382538951], [-69.6156604120841, 44.0450573929715], [-69.6157038395902, 44.0451648038613], [-69.6156351082353, 44.045460918623], [-69.615582208145, 44.0455573601952], [-69.6155545436412, 44.0457197418894], [-69.615500103479, 44.0460664958117], [-69.6155325665824, 44.0461878670953], [-69.6155645325215, 44.0463588498895], [-69.6155788170038, 44.0464352119616]]}, "properties": {"OBJECTID": 4505, "SOURCE_OF_DATA": "ngesi.maine.gov", "DATEUPDATE": 1605571200000, "EFFECTIVE": 1369612800000, "EXPIRE": null, "RCL_UID": "urn:emergency:uid:gis:RCL:61128:ngesi.maine.gov", "L_ADD_PRE": "", "L_ADD_FROM": 32, "L_ADD_TO": 76, "R_ADD_PRE": "", "R_ADD_FROM": 31, "R_ADD_TO": 75, "LPARITY": "E", "RPARITY": "O", "ST_PREMOD": "", "ST_PREDIR": "", "ST_PRETYP": "", "ST_PRESEP": "", "ST_NAME": "Falls", "ST_POSTTYP": "Road", "ST_POSTDIR": "", "ST_POSTMOD": "", "ST_FULLNAME": "Falls Road", "DIRTRAVEL": null, "PREDIR": "", "STREETNAME": "Falls", "SUFFIX": "Rd", "POSTDIR": "", "RDNAME": "Falls Rd", "LESN": "142", "RESN": "142", "LMSAGCOMM": "Newcastle", "RMSAGCOMM": "Newcastle", "LMSAG_CODE": "2315", "RMSAG_CODE": "2315", "LCOUNTRY": "US", "RCOUNTRY": "US", "LSTATE": "ME", "RSTATE": "ME", "LCOUNTY": "Lincoln County", "RCOUNTY": "Lincoln County", "LCITY": "Newcastle", "RCITY": "Newcastle", "L_A4": null, "R_A4": null, "L_A5": null, "R_A5": null, "LPOSTCOMM": "Newcastle", "RPOSTCOMM": "Newcastle", "LZIPCODE": "04553", "RZIPCODE": "04553", "RDCLASS": "Private", "MDOTJURIS": "Private", "ONEWAY": "B", "SPEED": 25, "LVALID": "N", "RVALID": "N", "TOWN": "Newcastle", "ROUTE_NUM": "", "MAP_LABEL": "Falls Rd", "SOURCE": "2", "FEET": 1153, "MINUTES": 0.52390515, "PSAP": "Lincoln RCC", "GEONAMEID": 18793, "SEGMENTID": 61128, "MCODE": 440, "LGEOCODE": "15110", "RGEOCODE": "15110", "GC_EXCEPTION": null, "AMUPDDAT": 1590710400000, "AMUPDORG": "jr.ngesi.maine.gov", "FMUPDDAT": 1331635616000, "FMUPDORG": "es.ngesi.maine.gov", "CREATDAT": 1331635616000, "CREATORG": "es.ngesi.maine.gov", "GlobalID": "37bfcc47-9d59-4c5a-8aa0-48e6677a1e2d", "Shape__Length": 351.30983591496215}}, {"type": "Feature", "id": 4512, "geometry": {"type": "LineString", "coordinates": [[-69.6106418414293, 44.0040365243157], [-69.6109252544181, 44.003839489568], [-69.6114397533989, 44.0035479325781], [-69.6119027076028, 44.0032855775219]]}, "properties": {"OBJECTID": 4512, "SOURCE_OF_DATA": "ngesi.maine.gov", "DATEUPDATE": 1747321733000, "EFFECTIVE": 1369612800000, "EXPIRE": null, "RCL_UID": "urn:emergency:uid:gis:RCL:64697:ngesi.maine.gov", "L_ADD_PRE": "", "L_ADD_FROM": 1210, "L_ADD_TO": 1230, "R_ADD_PRE": "", "R_ADD_FROM": 1209, "R_ADD_TO": 1229, "LPARITY": "E", "RPARITY": "O", "ST_PREMOD": "", "ST_PREDIR": "", "ST_PRETYP": "", "ST_PRESEP": "", "ST_NAME": "Route 1", "ST_POSTTYP": "", "ST_POSTDIR": "", "ST_POSTMOD": "", "ST_FULLNAME": "Route 1", "DIRTRAVEL": null, "PREDIR": "", "STREETNAME": "Route 1", "SUFFIX": "", "POSTDIR": "", "RDNAME": "Route 1", "LESN": "142", "RESN": "142", "LMSAGCOMM": "Newcastle", "RMSAGCOMM": "Newcastle", "LMSAG_CODE": "2315", "RMSAG_CODE": "2315", "LCOUNTRY": "US", "RCOUNTRY": "US", "LSTATE": "ME", "RSTATE": "ME", "LCOUNTY": "Lincoln County", "RCOUNTY": "Lincoln County", "LCITY": "Newcastle", "RCITY": "Newcastle", "L_A4": null, "R_A4": null, "L_A5": null, "R_A5": null, "LPOSTCOMM": "Newcastle", "RPOSTCOMM": "Newcastle", "LZIPCODE": "04553", "RZIPCODE": "04553", "RDCLASS": "Secondary", "MDOTJURIS": "State Highway", "ONEWAY": "B", "SPEED": 45, "LVALID": "N", "RVALID": "N", "TOWN": "Newcastle", "ROUTE_NUM": "1", "MAP_LABEL": "Route 1 - Route 1", "SOURCE": "43", "FEET": 430, "MINUTES": 0.10867908, "PSAP": "Lincoln RCC", "GEONAMEID": 49703, "SEGMENTID": 64697, "MCODE": 440, "LGEOCODE": "15110", "RGEOCODE": "15110", "GC_EXCEPTION": null, "AMUPDDAT": 1747321733000, "AMUPDORG": "jr.ngesi.maine.gov", "FMUPDDAT": 1271079521000, "FMUPDORG": "jt.ngesi.maine.gov", "CREATDAT": 1271079521000, "CREATORG": "jt.ngesi.maine.gov", "GlobalID": "eecbf5fd-003a-434c-be87-26af1759fe5e", "Shape__Length": 131.17677721979888}}, {"type": "Feature", "id": 4523, "geometry": {"type": "LineString", "coordinates": [[-69.5943678618633, 44.039755610702], [-69.5949892624079, 44.0395897923988], [-69.595761730338, 44.0393890600802], [-69.5963205646915, 44.0392477889916], [-69.5967893584144, 44.0391513004132], [-69.5971043734766, 44.0390959760702], [-69.5974683791436, 44.0390595990021], [-69.5977595295189, 44.0390738051062], [-69.5980512510552, 44.0391149997686], [-69.5982426134221, 44.0391574845127], [-69.5984461700773, 44.0392284909611], [-69.598708481126, 44.0393285493683], [-69.5990475559679, 44.0394835217967], [-69.5998260560214, 44.0398450666934], [-69.6003242878893, 44.0400757468033], [-69.6006879361039, 44.0402728923395], [-69.6009733984624, 44.0404398813514], [-69.6011810619513, 44.0405916400784], [-69.6013731094781, 44.040745587422], [-69.6017174058866, 44.0410240514465], [-69.6020997807909, 44.0413943738126], [-69.6030329989846, 44.0421966813796], [-69.6035899321239, 44.0426773955797]]}, "properties": {"OBJECTID": 4523, "SOURCE_OF_DATA": "ngesi.maine.gov", "DATEUPDATE": 1605571200000, "EFFECTIVE": 1369612800000, "EXPIRE": null, "RCL_UID": "urn:emergency:uid:gis:RCL:63117:ngesi.maine.gov", "L_ADD_PRE": "", "L_ADD_FROM": 390, "L_ADD_TO": 500, "R_ADD_PRE": "", "R_ADD_FROM": 389, "R_ADD_TO": 499, "LPARITY": "E", "RPARITY": "O", "ST_PREMOD": "", "ST_PREDIR": "", "ST_PRETYP": "", "ST_PRESEP": "", "ST_NAME": "Sheepscot", "ST_POSTTYP": "Road", "ST_POSTDIR": "", "ST_POSTMOD": "", "ST_FULLNAME": "Sheepscot Road", "DIRTRAVEL": null, "PREDIR": "", "STREETNAME": "Sheepscot", "SUFFIX": "Rd", "POSTDIR": "", "RDNAME": "Sheepscot Rd", "LESN": "142", "RESN": "142", "LMSAGCOMM": "Newcastle", "RMSAGCOMM": "Newcastle", "LMSAG_CODE": "2315", "RMSAG_CODE": "2315", "LCOUNTRY": "US", "RCOUNTRY": "US", "LSTATE": "ME", "RSTATE": "ME", "LCOUNTY": "Lincoln County", "RCOUNTY": "Lincoln County", "LCITY": "Newcastle", "RCITY": "Newcastle", "L_A4": null, "R_A4": null, "L_A5": null, "R_A5": null, "LPOSTCOMM": "Newcastle", "RPOSTCOMM": "Newcastle", "LZIPCODE": "04553", "RZIPCODE": "04553", "RDCLASS": "Local", "MDOTJURIS": "State Aid", "ONEWAY": "B", "SPEED": 35, "LVALID": "N", "RVALID": "N", "TOWN": "Newcastle", "ROUTE_NUM": "", "MAP_LABEL": "Sheepscot Rd", "SOURCE": "43", "FEET": 2989, "MINUTES": 0.97033707, "PSAP": "Lincoln RCC", "GEONAMEID": 52286, "SEGMENTID": 63117, "MCODE": 440, "LGEOCODE": "15110", "RGEOCODE": "15110", "GC_EXCEPTION": null, "AMUPDDAT": 1590710400000, "AMUPDORG": "jr.ngesi.maine.gov", "FMUPDDAT": 1517485882000, "FMUPDORG": "es.ngesi.maine.gov", "CREATDAT": 1517485882000, "CREATORG": "es.ngesi.maine.gov", "GlobalID": "7abbb8b0-6638-4bff-a5ca-70a924d01728", "Shape__Length": 910.936914269648}}, {"type": "Feature", "id": 4536, "geometry": {"type": "LineString", "coordinates": [[-69.5319840443639, 44.0825046038203], [-69.5319396362635, 44.082432891689], [-69.5318893291064, 44.0823231137527], [-69.5318466058793, 44.0822121930736], [-69.5318056567335, 44.0821013091353], [-69.53175700147, 44.081969519212], [-69.5316689389208, 44.0818250108295], [-69.5314752136984, 44.0816946970839], [-69.5312438330012, 44.0815184248414], [-69.5309998533042, 44.0813465593094], [-69.5307372621962, 44.081203707538], [-69.5305177889323, 44.0810135133026], [-69.5303015348436, 44.0808577595956], [-69.5299682085281, 44.0808061954006], [-69.5296495880165, 44.0808041616273], [-69.5292905391064, 44.0807728282293], [-69.5289463535232, 44.0807274876719], [-69.5286855787477, 44.0806657161194], [-69.5284769550121, 44.0805484670692], [-69.5282930834752, 44.0805248913005], [-69.5281094820065, 44.0804895375778], [-69.5280512721379, 44.0804872676833]]}, "properties": {"OBJECTID": 4536, "SOURCE_OF_DATA": "ngesi.maine.gov", "DATEUPDATE": 1605571200000, "EFFECTIVE": 1369612800000, "EXPIRE": null, "RCL_UID": "urn:emergency:uid:gis:RCL:61824:ngesi.maine.gov", "L_ADD_PRE": "", "L_ADD_FROM": 2, "L_ADD_TO": 60, "R_ADD_PRE": "", "R_ADD_FROM": 1, "R_ADD_TO": 59, "LPARITY": "E", "RPARITY": "O", "ST_PREMOD": "", "ST_PREDIR": "", "ST_PRETYP": "", "ST_PRESEP": "", "ST_NAME": "Bell Cove", "ST_POSTTYP": "Road", "ST_POSTDIR": "", "ST_POSTMOD": "", "ST_FULLNAME": "Bell Cove Road", "DIRTRAVEL": null, "PREDIR": "", "STREETNAME": "Bell Cove", "SUFFIX": "Rd", "POSTDIR": "", "RDNAME": "Bell Cove Rd", "LESN": "142", "RESN": "142", "LMSAGCOMM": "Newcastle", "RMSAGCOMM": "Newcastle", "LMSAG_CODE": "2315", "RMSAG_CODE": "2315", "LCOUNTRY": "US", "RCOUNTRY": "US", "LSTATE": "ME", "RSTATE": "ME", "LCOUNTY": "Lincoln County", "RCOUNTY": "Lincoln County", "LCITY": "Newcastle", "RCITY": "Newcastle", "L_A4": null, "R_A4": null, "L_A5": null, "R_A5": null, "LPOSTCOMM": "Newcastle", "RPOSTCOMM": "Newcastle", "LZIPCODE": "04553", "RZIPCODE": "04553", "RDCLASS": "Private", "MDOTJURIS": "Private", "ONEWAY": "B", "SPEED": 25, "LVALID": "N", "RVALID": "N", "TOWN": "Newcastle", "ROUTE_NUM": "", "MAP_LABEL": "Bell Cove Rd", "SOURCE": "2", "FEET": 1382, "MINUTES": 0.62832064, "PSAP": "Lincoln RCC", "GEONAMEID": 4437, "SEGMENTID": 61824, "MCODE": 440, "LGEOCODE": "15110", "RGEOCODE": "15110", "GC_EXCEPTION": null, "AMUPDDAT": 1590710400000, "AMUPDORG": "jr.ngesi.maine.gov", "FMUPDDAT": 839462400000, "FMUPDORG": "bw.ngesi.maine.gov", "CREATDAT": 839462400000, "CREATORG": "bw.ngesi.maine.gov", "GlobalID": "aec25de6-574a-41d9-ac1d-bd03f1623769", "Shape__Length": 421.326685911098}}, {"type": "Feature", "id": 4553, "geometry": {"type": "LineString", "coordinates": [[-69.6223950585768, 44.0151657959071], [-69.6224431687572, 44.015230457832], [-69.6225050898939, 44.0153106114862], [-69.6226452552921, 44.0153914101477], [-69.6228063379038, 44.0154812151315], [-69.6229508755234, 44.0155612783084], [-69.6231546743632, 44.0156651023797], [-69.6234023119773, 44.0157912585931], [-69.6236836917303, 44.015934606776], [-69.6242433850176, 44.0162033558872], [-69.6244715720657, 44.0163873192523], [-69.6246207128464, 44.0165667354012], [-69.6246293321286, 44.0167828614935], [-69.6246401872673, 44.0169398045795], [-69.6247228085655, 44.0173571496467], [-69.6248196384, 44.0175175390852], [-69.6249511331377, 44.0177353790107], [-69.6250720180684, 44.0179598043323], [-69.6249735834004, 44.0181836467119], [-69.6248500071156, 44.0184300271136], [-69.624741032064, 44.0186768317278], [-69.624645145022, 44.0188939973052], [-69.624615102737, 44.0189797394537], [-69.624540554346, 44.0191925476449], [-69.6245361207655, 44.01920521274], [-69.6245344782404, 44.0192234627319], [-69.624527536393, 44.0193002731948], [-69.6245186179679, 44.019399170948], [-69.6245137672978, 44.0194529301197]]}, "properties": {"OBJECTID": 4553, "SOURCE_OF_DATA": "ngesi.maine.gov", "DATEUPDATE": 1605571200000, "EFFECTIVE": 1369612800000, "EXPIRE": null, "RCL_UID": "urn:emergency:uid:gis:RCL:60959:ngesi.maine.gov", "L_ADD_PRE": "", "L_ADD_FROM": 2, "L_ADD_TO": 76, "R_ADD_PRE": "", "R_ADD_FROM": 1, "R_ADD_TO": 75, "LPARITY": "E", "RPARITY": "O", "ST_PREMOD": "", "ST_PREDIR": "", "ST_PRETYP": "", "ST_PRESEP": "", "ST_NAME": "Trails End", "ST_POSTTYP": "Road", "ST_POSTDIR": "", "ST_POSTMOD": "", "ST_FULLNAME": "Trails End Road", "DIRTRAVEL": null, "PREDIR": "", "STREETNAME": "Trails End", "SUFFIX": "Rd", "POSTDIR": "", "RDNAME": "Trails End Rd", "LESN": "142", "RESN": "142", "LMSAGCOMM": "Newcastle", "RMSAGCOMM": "Newcastle", "LMSAG_CODE": "2315", "RMSAG_CODE": "2315", "LCOUNTRY": "US", "RCOUNTRY": "US", "LSTATE": "ME", "RSTATE": "ME", "LCOUNTY": "Lincoln County", "RCOUNTY": "Lincoln County", "LCITY": "Newcastle", "RCITY": "Newcastle", "L_A4": null, "R_A4": null, "L_A5": null, "R_A5": null, "LPOSTCOMM": "Newcastle", "RPOSTCOMM": "Newcastle", "LZIPCODE": "04553", "RZIPCODE": "04553", "RDCLASS": "Private", "MDOTJURIS": "Private", "ONEWAY": "B", "SPEED": 25, "LVALID": "N", "RVALID": "N", "TOWN": "Newcastle", "ROUTE_NUM": "", "MAP_LABEL": "Trails End Rd", "SOURCE": "2", "FEET": 1881, "MINUTES": 0.85519183, "PSAP": "Lincoln RCC", "GEONAMEID": 58661, "SEGMENTID": 60959, "MCODE": 440, "LGEOCODE": "15110", "RGEOCODE": "15110", "GC_EXCEPTION": null, "AMUPDDAT": 1590710400000, "AMUPDORG": "jr.ngesi.maine.gov", "FMUPDDAT": 1517484335000, "FMUPDORG": "es.ngesi.maine.gov", "CREATDAT": 1517484335000, "CREATORG": "es.ngesi.maine.gov", "GlobalID": "6be1519d-e49a-43fd-977b-be71c30716ff", "Shape__Length": 573.4574319932686}}, {"type": "Feature", "id": 4590, "geometry": {"type": "LineString", "coordinates": [[-69.5559752846397, 44.007008145651], [-69.5557968596498, 44.006940812324], [-69.5556540828232, 44.0068891154802], [-69.555512256707, 44.0068603997328], [-69.5552997267536, 44.0068504215762], [-69.5550300910207, 44.0068927605855], [-69.5547632365163, 44.006941775044], [-69.5544768643264, 44.0069792781049], [-69.5543114788649, 44.0069630729939], [-69.5541136261512, 44.0069096966543], [-69.553898087383, 44.0068994423707], [-69.5536289423025, 44.0068739614442], [-69.5533506091346, 44.0068289147906], [-69.5531005811381, 44.0067812544836], [-69.5529893421116, 44.0067550885785], [-69.552862307606, 44.0067084350351], [-69.5527343694418, 44.0066531063613], [-69.5525518851879, 44.0065618653361], [-69.5523727542523, 44.0065321556361], [-69.5521484969053, 44.0064828200531], [-69.5519292561381, 44.0063314142849], [-69.5518691501624, 44.0062554810996], [-69.5517166275626, 44.006179985167], [-69.5515311003178, 44.0061046483502], [-69.5512270278548, 44.0060584782767]]}, "properties": {"OBJECTID": 4590, "SOURCE_OF_DATA": "ngesi.maine.gov", "DATEUPDATE": 1702656682000, "EFFECTIVE": 1369612800000, "EXPIRE": null, "RCL_UID": "urn:emergency:uid:gis:RCL:61573:ngesi.maine.gov", "L_ADD_PRE": "", "L_ADD_FROM": 2, "L_ADD_TO": 92, "R_ADD_PRE": "", "R_ADD_FROM": 1, "R_ADD_TO": 91, "LPARITY": "E", "RPARITY": "O", "ST_PREMOD": "", "ST_PREDIR": "", "ST_PRETYP": "", "ST_PRESEP": "", "ST_NAME": "White", "ST_POSTTYP": "Road", "ST_POSTDIR": "", "ST_POSTMOD": "", "ST_FULLNAME": "White Road", "DIRTRAVEL": null, "PREDIR": "", "STREETNAME": "White", "SUFFIX": "Rd", "POSTDIR": "", "RDNAME": "White Rd", "LESN": "142", "RESN": "142", "LMSAGCOMM": "Newcastle", "RMSAGCOMM": "Newcastle", "LMSAG_CODE": "2315", "RMSAG_CODE": "2315", "LCOUNTRY": "US", "RCOUNTRY": "US", "LSTATE": "ME", "RSTATE": "ME", "LCOUNTY": "Lincoln County", "RCOUNTY": "Lincoln County", "LCITY": "Newcastle", "RCITY": "Newcastle", "L_A4": null, "R_A4": null, "L_A5": null, "R_A5": null, "LPOSTCOMM": "Newcastle", "RPOSTCOMM": "Newcastle", "LZIPCODE": "04553", "RZIPCODE": "04553", "RDCLASS": "Private", "MDOTJURIS": "Private", "ONEWAY": "B", "SPEED": 25, "LVALID": "N", "RVALID": "N", "TOWN": "Newcastle", "ROUTE_NUM": "", "MAP_LABEL": "White Rd", "SOURCE": "2", "FEET": 1356, "MINUTES": 0.61631331, "PSAP": "Lincoln RCC", "GEONAMEID": 62350, "SEGMENTID": 61573, "MCODE": 440, "LGEOCODE": "15110", "RGEOCODE": "15110", "GC_EXCEPTION": null, "AMUPDDAT": 1702656682000, "AMUPDORG": "es.ngesi.maine.gov", "FMUPDDAT": 1271077832000, "FMUPDORG": "jt.ngesi.maine.gov", "CREATDAT": 1271077832000, "CREATORG": "jt.ngesi.maine.gov", "GlobalID": "f2acbbd8-9009-44ca-aef7-ab13239af61c", "Shape__Length": 413.2758771706023}}, {"type": "Feature", "id": 4593, "geometry": {"type": "LineString", "coordinates": [[-69.5528292678347, 44.0183709959975], [-69.5528490863775, 44.0181836099742], [-69.5528833384344, 44.0178684759197], [-69.5530710976518, 44.0172429065563], [-69.5531605741049, 44.0170115794327]]}, "properties": {"OBJECTID": 4593, "SOURCE_OF_DATA": "ngesi.maine.gov", "DATEUPDATE": 1721998285000, "EFFECTIVE": 1369612800000, "EXPIRE": null, "RCL_UID": "urn:emergency:uid:gis:RCL:64690:ngesi.maine.gov", "L_ADD_PRE": "", "L_ADD_FROM": 282, "L_ADD_TO": 294, "R_ADD_PRE": "", "R_ADD_FROM": 281, "R_ADD_TO": 293, "LPARITY": "E", "RPARITY": "O", "ST_PREMOD": "", "ST_PREDIR": "", "ST_PRETYP": "", "ST_PRESEP": "", "ST_NAME": "River", "ST_POSTTYP": "Road", "ST_POSTDIR": "", "ST_POSTMOD": "", "ST_FULLNAME": "River Road", "DIRTRAVEL": null, "PREDIR": "", "STREETNAME": "River", "SUFFIX": "Rd", "POSTDIR": "", "RDNAME": "River Rd", "LESN": "142", "RESN": "142", "LMSAGCOMM": "Newcastle", "RMSAGCOMM": "Newcastle", "LMSAG_CODE": "2315", "RMSAG_CODE": "2315", "LCOUNTRY": "US", "RCOUNTRY": "US", "LSTATE": "ME", "RSTATE": "ME", "LCOUNTY": "Lincoln County", "RCOUNTY": "Lincoln County", "LCITY": "Newcastle", "RCITY": "Newcastle", "L_A4": null, "R_A4": null, "L_A5": null, "R_A5": null, "LPOSTCOMM": "Newcastle", "RPOSTCOMM": "Newcastle", "LZIPCODE": "04553", "RZIPCODE": "04553", "RDCLASS": "Local", "MDOTJURIS": "State Aid", "ONEWAY": "B", "SPEED": 35, "LVALID": "N", "RVALID": "N", "TOWN": "Newcastle", "ROUTE_NUM": "", "MAP_LABEL": "River Rd", "SOURCE": "43", "FEET": 504, "MINUTES": 0.16377833, "PSAP": "Lincoln RCC", "GEONAMEID": 48507, "SEGMENTID": 64690, "MCODE": 440, "LGEOCODE": "15110", "RGEOCODE": "15110", "GC_EXCEPTION": null, "AMUPDDAT": 1721998285000, "AMUPDORG": "es.ngesi.maine.gov", "FMUPDDAT": 1271077980000, "FMUPDORG": "jt.ngesi.maine.gov", "CREATDAT": 1271077980000, "CREATORG": "jt.ngesi.maine.gov", "GlobalID": "f2b8fa3f-1f2a-4f64-8c89-36818f311404", "Shape__Length": 153.7527794198211}}, {"type": "Feature", "id": 4638, "geometry": {"type": "LineString", "coordinates": [[-69.610238864013, 44.0501923713691], [-69.6106894883383, 44.0503770275517], [-69.6111574622396, 44.050584241733], [-69.6116686179314, 44.0508118946515], [-69.6120992517161, 44.0510061418685]]}, "properties": {"OBJECTID": 4638, "SOURCE_OF_DATA": "ngesi.maine.gov", "DATEUPDATE": 1721998285000, "EFFECTIVE": 1369612800000, "EXPIRE": null, "RCL_UID": "urn:emergency:uid:gis:RCL:64705:ngesi.maine.gov", "L_ADD_PRE": "", "L_ADD_FROM": 678, "L_ADD_TO": 700, "R_ADD_PRE": "", "R_ADD_FROM": 677, "R_ADD_TO": 699, "LPARITY": "E", "RPARITY": "O", "ST_PREMOD": "", "ST_PREDIR": "", "ST_PRETYP": "", "ST_PRESEP": "", "ST_NAME": "Sheepscot", "ST_POSTTYP": "Road", "ST_POSTDIR": "", "ST_POSTMOD": "", "ST_FULLNAME": "Sheepscot Road", "DIRTRAVEL": null, "PREDIR": "", "STREETNAME": "Sheepscot", "SUFFIX": "Rd", "POSTDIR": "", "RDNAME": "Sheepscot Rd", "LESN": "142", "RESN": "142", "LMSAGCOMM": "Newcastle", "RMSAGCOMM": "Newcastle", "LMSAG_CODE": "2315", "RMSAG_CODE": "2315", "LCOUNTRY": "US", "RCOUNTRY": "US", "LSTATE": "ME", "RSTATE": "ME", "LCOUNTY": "Lincoln County", "RCOUNTY": "Lincoln County", "LCITY": "Newcastle", "RCITY": "Newcastle", "L_A4": null, "R_A4": null, "L_A5": null, "R_A5": null, "LPOSTCOMM": "Newcastle", "RPOSTCOMM": "Newcastle", "LZIPCODE": "04553", "RZIPCODE": "04553", "RDCLASS": "Local", "MDOTJURIS": "State Aid", "ONEWAY": "B", "SPEED": 35, "LVALID": "N", "RVALID": "N", "TOWN": "Newcastle", "ROUTE_NUM": "", "MAP_LABEL": "Sheepscot Rd", "SOURCE": "43", "FEET": 572, "MINUTES": 0.18568982, "PSAP": "Lincoln RCC", "GEONAMEID": 52286, "SEGMENTID": 64705, "MCODE": 440, "LGEOCODE": "15110", "RGEOCODE": "15110", "GC_EXCEPTION": null, "AMUPDDAT": 1721998285000, "AMUPDORG": "es.ngesi.maine.gov", "FMUPDDAT": 1271080085000, "FMUPDORG": "jt.ngesi.maine.gov", "CREATDAT": 1271080085000, "CREATORG": "jt.ngesi.maine.gov", "GlobalID": "659e6780-6fd6-4b31-9d89-87dc436c5978", "Shape__Length": 174.3229764599079}}, {"type": "Feature", "id": 4646, "geometry": {"type": "LineString", "coordinates": [[-69.5498030066548, 44.0229340583824], [-69.5502914430476, 44.0221583456906], [-69.5504910158667, 44.0218814372155], [-69.5506853418648, 44.0216579622059], [-69.5508618255701, 44.021492618205], [-69.5511066787116, 44.0212997717214], [-69.5516150338881, 44.0209329394193], [-69.5520302035878, 44.0206293182456], [-69.5523197147612, 44.0204240806778], [-69.5525166222278, 44.0202876985397], [-69.5526847124674, 44.020133124405], [-69.5527681518046, 44.0199873148044], [-69.5528219411733, 44.0198450789229], [-69.5528439001953, 44.0196557018295], [-69.5528359792487, 44.01945315318], [-69.5528289412216, 44.0192731089155], [-69.5528164612695, 44.0190525573705], [-69.5528127030099, 44.0186427017434], [-69.5528292678347, 44.0183709959975]]}, "properties": {"OBJECTID": 4646, "SOURCE_OF_DATA": "ngesi.maine.gov", "DATEUPDATE": 1721998285000, "EFFECTIVE": 1369612800000, "EXPIRE": null, "RCL_UID": "urn:emergency:uid:gis:RCL:64679:ngesi.maine.gov", "L_ADD_PRE": "", "L_ADD_FROM": 206, "L_ADD_TO": 280, "R_ADD_PRE": "", "R_ADD_FROM": 205, "R_ADD_TO": 279, "LPARITY": "E", "RPARITY": "O", "ST_PREMOD": "", "ST_PREDIR": "", "ST_PRETYP": "", "ST_PRESEP": "", "ST_NAME": "River", "ST_POSTTYP": "Road", "ST_POSTDIR": "", "ST_POSTMOD": "", "ST_FULLNAME": "River Road", "DIRTRAVEL": null, "PREDIR": "", "STREETNAME": "River", "SUFFIX": "Rd", "POSTDIR": "", "RDNAME": "River Rd", "LESN": "142", "RESN": "142", "LMSAGCOMM": "Newcastle", "RMSAGCOMM": "Newcastle", "LMSAG_CODE": "2315", "RMSAG_CODE": "2315", "LCOUNTRY": "US", "RCOUNTRY": "US", "LSTATE": "ME", "RSTATE": "ME", "LCOUNTY": "Lincoln County", "RCOUNTY": "Lincoln County", "LCITY": "Newcastle", "RCITY": "Newcastle", "L_A4": null, "R_A4": null, "L_A5": null, "R_A5": null, "LPOSTCOMM": "Newcastle", "RPOSTCOMM": "Newcastle", "LZIPCODE": "04553", "RZIPCODE": "04553", "RDCLASS": "Local", "MDOTJURIS": "State Aid", "ONEWAY": "B", "SPEED": 35, "LVALID": "N", "RVALID": "N", "TOWN": "Newcastle", "ROUTE_NUM": "", "MAP_LABEL": "River Rd", "SOURCE": "43", "FEET": 1935, "MINUTES": 0.62828589, "PSAP": "Lincoln RCC", "GEONAMEID": 48507, "SEGMENTID": 64679, "MCODE": 440, "LGEOCODE": "15110", "RGEOCODE": "15110", "GC_EXCEPTION": null, "AMUPDDAT": 1721998285000, "AMUPDORG": "es.ngesi.maine.gov", "FMUPDDAT": 1271078078000, "FMUPDORG": "jt.ngesi.maine.gov", "CREATDAT": 1271078078000, "CREATORG": "jt.ngesi.maine.gov", "GlobalID": "a71896b5-a359-46bc-9b04-f3e4f0701b9e", "Shape__Length": 589.825917691615}}, {"type": "Feature", "id": 4647, "geometry": {"type": "LineString", "coordinates": [[-69.6012533998031, 44.0492813812735], [-69.6008347022292, 44.0492727798095], [-69.6000283136592, 44.0492479636168], [-69.599054625292, 44.0492094065075], [-69.5984921075653, 44.0491844349603], [-69.5980098730189, 44.0491585812849], [-69.5975505209932, 44.0491600933288], [-69.5970261424736, 44.0491651575608], [-69.5964760719551, 44.0491638440488], [-69.5963450251314, 44.0491589910285], [-69.5959806316556, 44.0491454965754]]}, "properties": {"OBJECTID": 4647, "SOURCE_OF_DATA": "ngesi.maine.gov", "DATEUPDATE": 1605571200000, "EFFECTIVE": 1369612800000, "EXPIRE": null, "RCL_UID": "urn:emergency:uid:gis:RCL:127290:ngesi.maine.gov", "L_ADD_PRE": "", "L_ADD_FROM": 50, "L_ADD_TO": 100, "R_ADD_PRE": "", "R_ADD_FROM": 49, "R_ADD_TO": 99, "LPARITY": "E", "RPARITY": "O", "ST_PREMOD": "", "ST_PREDIR": "West", "ST_PRETYP": "", "ST_PRESEP": "", "ST_NAME": "Old County", "ST_POSTTYP": "Road", "ST_POSTDIR": "", "ST_POSTMOD": "", "ST_FULLNAME": "West Old County Road", "DIRTRAVEL": null, "PREDIR": "W", "STREETNAME": "Old County", "SUFFIX": "Rd", "POSTDIR": "", "RDNAME": "W Old County Rd", "LESN": "142", "RESN": "142", "LMSAGCOMM": "Newcastle", "RMSAGCOMM": "Newcastle", "LMSAG_CODE": "2315", "RMSAG_CODE": "2315", "LCOUNTRY": "US", "RCOUNTRY": "US", "LSTATE": "ME", "RSTATE": "ME", "LCOUNTY": "Lincoln County", "RCOUNTY": "Lincoln County", "LCITY": "Newcastle", "RCITY": "Newcastle", "L_A4": null, "R_A4": null, "L_A5": null, "R_A5": null, "LPOSTCOMM": "Newcastle", "RPOSTCOMM": "Newcastle", "LZIPCODE": "04553", "RZIPCODE": "04553", "RDCLASS": "Local", "MDOTJURIS": "Townway", "ONEWAY": "B", "SPEED": 35, "LVALID": "N", "RVALID": "N", "TOWN": "Newcastle", "ROUTE_NUM": "", "MAP_LABEL": "W Old County Rd", "SOURCE": "43", "FEET": 1387, "MINUTES": 0.45041272, "PSAP": "Lincoln RCC", "GEONAMEID": 65719, "SEGMENTID": 127290, "MCODE": 440, "LGEOCODE": "15110", "RGEOCODE": "15110", "GC_EXCEPTION": null, "AMUPDDAT": 1590710400000, "AMUPDORG": "jr.ngesi.maine.gov", "FMUPDDAT": 1314888522000, "FMUPDORG": "es.ngesi.maine.gov", "CREATDAT": 1314888522000, "CREATORG": "es.ngesi.maine.gov", "GlobalID": "52e806e0-fc3a-479b-b7e3-500e7a1b903c", "Shape__Length": 422.8402536232555}}, {"type": "Feature", "id": 4668, "geometry": {"type": "LineString", "coordinates": [[-69.6032428605119, 44.010442199098], [-69.6034396742274, 44.0106902679997], [-69.6036475943676, 44.01084997178], [-69.6037684225139, 44.0108850681467], [-69.6039202005442, 44.0108794941607], [-69.6040665789387, 44.0108741285902], [-69.604183666667, 44.0108209291957], [-69.604334319412, 44.010705788304], [-69.6045233804191, 44.010471337011], [-69.6046149782897, 44.010357750662], [-69.6047197165224, 44.0103035446496], [-69.6049303271451, 44.0102404948516], [-69.6051282598966, 44.0102299210502], [-69.605392920969, 44.0102904539604], [-69.6056855547745, 44.0105033028483], [-69.6058400960274, 44.0107692835212], [-69.6059088281113, 44.0108875848667], [-69.6059418217659, 44.011035544083], [-69.6058838249072, 44.0111740189822], [-69.6057331615325, 44.0112891619634], [-69.6055227904599, 44.011376035157]]}, "properties": {"OBJECTID": 4668, "SOURCE_OF_DATA": "ngesi.maine.gov", "DATEUPDATE": 1657035965000, "EFFECTIVE": 1369612800000, "EXPIRE": null, "RCL_UID": "urn:emergency:uid:gis:RCL:62469:ngesi.maine.gov", "L_ADD_PRE": "", "L_ADD_FROM": 2, "L_ADD_TO": 20, "R_ADD_PRE": "", "R_ADD_FROM": 1, "R_ADD_TO": 19, "LPARITY": "E", "RPARITY": "O", "ST_PREMOD": "", "ST_PREDIR": "", "ST_PRETYP": "", "ST_PRESEP": "", "ST_NAME": "Eagle Point", "ST_POSTTYP": "Road", "ST_POSTDIR": "", "ST_POSTMOD": "", "ST_FULLNAME": "Eagle Point Road", "DIRTRAVEL": null, "PREDIR": "", "STREETNAME": "Eagle Point", "SUFFIX": "Rd", "POSTDIR": "", "RDNAME": "Eagle Point Rd", "LESN": "142", "RESN": "142", "LMSAGCOMM": "Newcastle", "RMSAGCOMM": "Newcastle", "LMSAG_CODE": "2315", "RMSAG_CODE": "2315", "LCOUNTRY": "US", "RCOUNTRY": "US", "LSTATE": "ME", "RSTATE": "ME", "LCOUNTY": "Lincoln County", "RCOUNTY": "Lincoln County", "LCITY": "Newcastle", "RCITY": "Newcastle", "L_A4": null, "R_A4": null, "L_A5": null, "R_A5": null, "LPOSTCOMM": "Newcastle", "RPOSTCOMM": "Newcastle", "LZIPCODE": "04553", "RZIPCODE": "04553", "RDCLASS": "Private", "MDOTJURIS": "Private", "ONEWAY": "B", "SPEED": 25, "LVALID": "N", "RVALID": "N", "TOWN": "Newcastle", "ROUTE_NUM": "", "MAP_LABEL": "Eagle Point Rd", "SOURCE": "14", "FEET": 1247, "MINUTES": 0.56664255, "PSAP": "Lincoln RCC", "GEONAMEID": 17039, "SEGMENTID": 62469, "MCODE": 440, "LGEOCODE": "15110", "RGEOCODE": "15110", "GC_EXCEPTION": null, "AMUPDDAT": 1657036027000, "AMUPDORG": "es.ngesi.maine.gov", "FMUPDDAT": 1657010292000, "FMUPDORG": "es.ngesi.maine.gov", "CREATDAT": 1129680000000, "CREATORG": "bw.ngesi.maine.gov", "GlobalID": "e4111b11-f7a2-485a-9f4a-f599b32e8d65", "Shape__Length": 379.9678262603234}}, {"type": "Feature", "id": 4689, "geometry": {"type": "LineString", "coordinates": [[-69.530836929578, 44.04590681978], [-69.5307299817512, 44.0461153407617], [-69.5304906358204, 44.0465803807845], [-69.5300374831595, 44.0474220531747], [-69.5295407043271, 44.0483368085532], [-69.5288956370098, 44.0496375225198], [-69.5283640583941, 44.0506634726842], [-69.5276791446161, 44.0519180409607], [-69.5274279354193, 44.0524428035393], [-69.5272528487524, 44.0528943766311], [-69.5269828960461, 44.0536348473908], [-69.5266186887441, 44.0546002159672], [-69.5261124903014, 44.0559273099154], [-69.5260025800256, 44.0562337878516], [-69.5259694627863, 44.05634571764], [-69.5259590530157, 44.0564489536331], [-69.5259894471568, 44.0567599535088], [-69.5260472977674, 44.0571600237082], [-69.5261149210125, 44.0577542343327], [-69.5261601528998, 44.0583391934367], [-69.5261795768972, 44.0585855902233], [-69.5261678993399, 44.0587190744726]]}, "properties": {"OBJECTID": 4689, "SOURCE_OF_DATA": "ngesi.maine.gov", "DATEUPDATE": 1721998285000, "EFFECTIVE": 1369612800000, "EXPIRE": null, "RCL_UID": "urn:emergency:uid:gis:RCL:63097:ngesi.maine.gov", "L_ADD_PRE": "", "L_ADD_FROM": 174, "L_ADD_TO": 364, "R_ADD_PRE": "", "R_ADD_FROM": 173, "R_ADD_TO": 363, "LPARITY": "E", "RPARITY": "O", "ST_PREMOD": "", "ST_PREDIR": "", "ST_PRETYP": "", "ST_PRESEP": "", "ST_NAME": "Mills", "ST_POSTTYP": "Road", "ST_POSTDIR": "", "ST_POSTMOD": "", "ST_FULLNAME": "Mills Road", "DIRTRAVEL": null, "PREDIR": "", "STREETNAME": "Mills", "SUFFIX": "Rd", "POSTDIR": "", "RDNAME": "Mills Rd", "LESN": "142", "RESN": "142", "LMSAGCOMM": "Newcastle", "RMSAGCOMM": "Newcastle", "LMSAG_CODE": "2315", "RMSAG_CODE": "2315", "LCOUNTRY": "US", "RCOUNTRY": "US", "LSTATE": "ME", "RSTATE": "ME", "LCOUNTY": "Lincoln County", "RCOUNTY": "Lincoln County", "LCITY": "Newcastle", "RCITY": "Newcastle", "L_A4": null, "R_A4": null, "L_A5": null, "R_A5": null, "LPOSTCOMM": "Newcastle", "RPOSTCOMM": "Newcastle", "LZIPCODE": "04553", "RZIPCODE": "04553", "RDCLASS": "Secondary", "MDOTJURIS": "State Aid", "ONEWAY": "B", "SPEED": 45, "LVALID": "N", "RVALID": "N", "TOWN": "Newcastle", "ROUTE_NUM": "215", "MAP_LABEL": "Mills Rd - Route 215", "SOURCE": "43", "FEET": 4885, "MINUTES": 1.23367951, "PSAP": "Lincoln RCC", "GEONAMEID": 37899, "SEGMENTID": 63097, "MCODE": 440, "LGEOCODE": "15110", "RGEOCODE": "15110", "GC_EXCEPTION": null, "AMUPDDAT": 1721998285000, "AMUPDORG": "es.ngesi.maine.gov", "FMUPDDAT": 1267183838000, "FMUPDORG": "jt.ngesi.maine.gov", "CREATDAT": 1267183838000, "CREATORG": "jt.ngesi.maine.gov", "GlobalID": "f7d25e35-fade-49e9-a399-c06fe1dce6e8", "Shape__Length": 1489.0640196213742}}, {"type": "Feature", "id": 4776, "geometry": {"type": "LineString", "coordinates": [[-69.5388366825077, 44.073077756403], [-69.5388307503459, 44.0731135098013], [-69.5388246809498, 44.0731355156818]]}, "properties": {"OBJECTID": 4776, "SOURCE_OF_DATA": "ngesi.maine.gov", "DATEUPDATE": 1722281541000, "EFFECTIVE": 1369612800000, "EXPIRE": null, "RCL_UID": "urn:emergency:uid:gis:RCL:63087:ngesi.maine.gov", "L_ADD_PRE": "", "L_ADD_FROM": 314, "L_ADD_TO": 314, "R_ADD_PRE": "", "R_ADD_FROM": 313, "R_ADD_TO": 313, "LPARITY": "E", "RPARITY": "O", "ST_PREMOD": "", "ST_PREDIR": "", "ST_PRETYP": "", "ST_PRESEP": "", "ST_NAME": "Pond", "ST_POSTTYP": "Road", "ST_POSTDIR": "", "ST_POSTMOD": "", "ST_FULLNAME": "Pond Road", "DIRTRAVEL": null, "PREDIR": "", "STREETNAME": "Pond", "SUFFIX": "Rd", "POSTDIR": "", "RDNAME": "Pond Rd", "LESN": "142", "RESN": "142", "LMSAGCOMM": "Newcastle", "RMSAGCOMM": "Newcastle", "LMSAG_CODE": "2315", "RMSAG_CODE": "2315", "LCOUNTRY": "US", "RCOUNTRY": "US", "LSTATE": "ME", "RSTATE": "ME", "LCOUNTY": "Lincoln County", "RCOUNTY": "Lincoln County", "LCITY": "Newcastle", "RCITY": "Newcastle", "L_A4": null, "R_A4": null, "L_A5": null, "R_A5": null, "LPOSTCOMM": "Newcastle", "RPOSTCOMM": "Newcastle", "LZIPCODE": "04553", "RZIPCODE": "04553", "RDCLASS": "Secondary", "MDOTJURIS": "State Aid", "ONEWAY": "B", "SPEED": 45, "LVALID": "N", "RVALID": "N", "TOWN": "Newcastle", "ROUTE_NUM": "215", "MAP_LABEL": "Pond Rd - Route 215", "SOURCE": "43", "FEET": 21, "MINUTES": 0.00537824, "PSAP": "Lincoln RCC", "GEONAMEID": 45744, "SEGMENTID": 63087, "MCODE": 440, "LGEOCODE": "15110", "RGEOCODE": "15110", "GC_EXCEPTION": null, "AMUPDDAT": 1722281541000, "AMUPDORG": "es.ngesi.maine.gov", "FMUPDDAT": 1267181625000, "FMUPDORG": "jt.ngesi.maine.gov", "CREATDAT": 1267181625000, "CREATORG": "jt.ngesi.maine.gov", "GlobalID": "94780c35-04ed-44cf-aa22-7094b988a83a", "Shape__Length": 6.491587563085266}}, {"type": "Feature", "id": 4777, "geometry": {"type": "LineString", "coordinates": [[-69.540276282998, 44.063082857966], [-69.5401010830598, 44.0631685163392], [-69.5398882461209, 44.0632579266494], [-69.539644322333, 44.063375294894], [-69.5393264725973, 44.0635290342018], [-69.5390058979864, 44.0636867649785], [-69.5386927512965, 44.0638403992975], [-69.5383930978688, 44.0639799508819], [-69.5381450352876, 44.0640794096538], [-69.5380174858049, 44.0641398379344]]}, "properties": {"OBJECTID": 4777, "SOURCE_OF_DATA": "ngesi.maine.gov", "DATEUPDATE": 1702656682000, "EFFECTIVE": 1369612800000, "EXPIRE": null, "RCL_UID": "urn:emergency:uid:gis:RCL:61880:ngesi.maine.gov", "L_ADD_PRE": "", "L_ADD_FROM": 2, "L_ADD_TO": 12, "R_ADD_PRE": "", "R_ADD_FROM": 1, "R_ADD_TO": 13, "LPARITY": "E", "RPARITY": "O", "ST_PREMOD": "", "ST_PREDIR": "", "ST_PRETYP": "", "ST_PRESEP": "", "ST_NAME": "Lake Meadow", "ST_POSTTYP": "Lane", "ST_POSTDIR": "", "ST_POSTMOD": "", "ST_FULLNAME": "Lake Meadow Lane", "DIRTRAVEL": null, "PREDIR": "", "STREETNAME": "Lake Meadow", "SUFFIX": "Ln", "POSTDIR": "", "RDNAME": "Lake Meadow Ln", "LESN": "142", "RESN": "142", "LMSAGCOMM": "Newcastle", "RMSAGCOMM": "Newcastle", "LMSAG_CODE": "2315", "RMSAG_CODE": "2315", "LCOUNTRY": "US", "RCOUNTRY": "US", "LSTATE": "ME", "RSTATE": "ME", "LCOUNTY": "Lincoln County", "RCOUNTY": "Lincoln County", "LCITY": "Newcastle", "RCITY": "Newcastle", "L_A4": null, "R_A4": null, "L_A5": null, "R_A5": null, "LPOSTCOMM": "Newcastle", "RPOSTCOMM": "Newcastle", "LZIPCODE": "04553", "RZIPCODE": "04553", "RDCLASS": "Private", "MDOTJURIS": "Private", "ONEWAY": "B", "SPEED": 25, "LVALID": "N", "RVALID": "N", "TOWN": "Newcastle", "ROUTE_NUM": "", "MAP_LABEL": "Lake Meadow Ln", "SOURCE": "2", "FEET": 708, "MINUTES": 0.32176486, "PSAP": "Lincoln RCC", "GEONAMEID": 31159, "SEGMENTID": 61880, "MCODE": 440, "LGEOCODE": "15110", "RGEOCODE": "15110", "GC_EXCEPTION": null, "AMUPDDAT": 1702656682000, "AMUPDORG": "es.ngesi.maine.gov", "FMUPDDAT": 1267183243000, "FMUPDORG": "jt.ngesi.maine.gov", "CREATDAT": 1267183243000, "CREATORG": "jt.ngesi.maine.gov", "GlobalID": "a012415a-6eb5-4fdc-86af-e9143d5a2a28", "Shape__Length": 215.76307544510186}}, {"type": "Feature", "id": 4806, "geometry": {"type": "LineString", "coordinates": [[-69.5388366825077, 44.073077756403], [-69.5393626783246, 44.0731609506263], [-69.5399947618882, 44.0732907197429], [-69.5401654607279, 44.0733206323579], [-69.5403371645232, 44.0733498016874], [-69.540501439625, 44.0733681748349], [-69.5406765793455, 44.073387891855], [-69.5408453204235, 44.0734098267188], [-69.5410140491361, 44.0734317613918], [-69.5410695376851, 44.0734389714271], [-69.541127289313, 44.0734464768318], [-69.541184618342, 44.0734542002901], [-69.5412399296335, 44.0734693610682], [-69.5412973443065, 44.0734851060771], [-69.5413757544738, 44.0735121048355], [-69.5414491141983, 44.0735453758216], [-69.5415198605279, 44.0735796405159], [-69.5415864439813, 44.0736175352556], [-69.541656004199, 44.0736572885469], [-69.5417210504306, 44.073696405952], [-69.5417861091535, 44.0737355142571], [-69.5418913233281, 44.0737806894231], [-69.5419208634341, 44.0737990512574], [-69.5419504036406, 44.073817422087], [-69.5419834891642, 44.0738342725259], [-69.542013747616, 44.0738506051676], [-69.542047538978, 44.0738654264786], [-69.5420820360756, 44.0738782096669]]}, "properties": {"OBJECTID": 4806, "SOURCE_OF_DATA": "ngesi.maine.gov", "DATEUPDATE": 1714074607000, "EFFECTIVE": 1369612800000, "EXPIRE": null, "RCL_UID": "urn:emergency:uid:gis:RCL:61076:ngesi.maine.gov", "L_ADD_PRE": "", "L_ADD_FROM": 2, "L_ADD_TO": 10, "R_ADD_PRE": "", "R_ADD_FROM": 1, "R_ADD_TO": 9, "LPARITY": "E", "RPARITY": "O", "ST_PREMOD": "", "ST_PREDIR": "", "ST_PRETYP": "", "ST_PRESEP": "", "ST_NAME": "Grace Lily", "ST_POSTTYP": "Lane", "ST_POSTDIR": "", "ST_POSTMOD": "", "ST_FULLNAME": "Grace Lily Lane", "DIRTRAVEL": null, "PREDIR": "", "STREETNAME": "Grace Lily", "SUFFIX": "Ln", "POSTDIR": "", "RDNAME": "Grace Lily Ln", "LESN": "142", "RESN": "142", "LMSAGCOMM": "Newcastle", "RMSAGCOMM": "Newcastle", "LMSAG_CODE": "2315", "RMSAG_CODE": "2315", "LCOUNTRY": "US", "RCOUNTRY": "US", "LSTATE": "ME", "RSTATE": "ME", "LCOUNTY": "Lincoln County", "RCOUNTY": "Lincoln County", "LCITY": "Newcastle", "RCITY": "Newcastle", "L_A4": null, "R_A4": null, "L_A5": null, "R_A5": null, "LPOSTCOMM": "Newcastle", "RPOSTCOMM": "Newcastle", "LZIPCODE": "04553", "RZIPCODE": "04553", "RDCLASS": "Private", "MDOTJURIS": "Private", "ONEWAY": "B", "SPEED": 25, "LVALID": "N", "RVALID": "N", "TOWN": "Newcastle", "ROUTE_NUM": "", "MAP_LABEL": "Grace Lily Ln", "SOURCE": "14", "FEET": 916, "MINUTES": 0.41642434, "PSAP": "Lincoln RCC", "GEONAMEID": 22452, "SEGMENTID": 61076, "MCODE": 440, "LGEOCODE": "15110", "RGEOCODE": "15110", "GC_EXCEPTION": null, "AMUPDDAT": 1714074607000, "AMUPDORG": "es.ngesi.maine.gov", "FMUPDDAT": 1696951580000, "FMUPDORG": "es.ngesi.maine.gov", "CREATDAT": 1267181630000, "CREATORG": "jt.ngesi.maine.gov", "GlobalID": "1510e2c6-d380-4a30-896e-73c56a35f438", "Shape__Length": 279.2380664364684}}, {"type": "Feature", "id": 4828, "geometry": {"type": "LineString", "coordinates": [[-69.5867552267308, 44.0680430224372], [-69.5867549078477, 44.0680473997213], [-69.5865872722493, 44.0686028511691], [-69.5865209783236, 44.0688292755591], [-69.5863551768429, 44.0692977354684], [-69.5861925348195, 44.0696424813823], [-69.586003388201, 44.0699475680334], [-69.5857800677024, 44.0703077592236], [-69.585532119171, 44.0706591178108], [-69.5850682184277, 44.0712704471898], [-69.5847947077131, 44.0715985892509], [-69.5846126616252, 44.0718169796064], [-69.5842507018984, 44.0722170507369], [-69.5837991797416, 44.072669906029], [-69.583107767636, 44.073378635698], [-69.5828403558302, 44.0736762473948], [-69.5818986204674, 44.0747997444978], [-69.5818798759419, 44.0748227625651]]}, "properties": {"OBJECTID": 4828, "SOURCE_OF_DATA": "ngesi.maine.gov", "DATEUPDATE": 1722281541000, "EFFECTIVE": 1369612800000, "EXPIRE": null, "RCL_UID": "urn:emergency:uid:gis:RCL:74216:ngesi.maine.gov", "L_ADD_PRE": "", "L_ADD_FROM": 350, "L_ADD_TO": 460, "R_ADD_PRE": "", "R_ADD_FROM": 349, "R_ADD_TO": 459, "LPARITY": "E", "RPARITY": "O", "ST_PREMOD": "", "ST_PREDIR": "North", "ST_PRETYP": "", "ST_PRESEP": "", "ST_NAME": "Newcastle", "ST_POSTTYP": "Road", "ST_POSTDIR": "", "ST_POSTMOD": "", "ST_FULLNAME": "North Newcastle Road", "DIRTRAVEL": null, "PREDIR": "N", "STREETNAME": "Newcastle", "SUFFIX": "Rd", "POSTDIR": "", "RDNAME": "N Newcastle Rd", "LESN": "142", "RESN": "142", "LMSAGCOMM": "Newcastle", "RMSAGCOMM": "Newcastle", "LMSAG_CODE": "2315", "RMSAG_CODE": "2315", "LCOUNTRY": "US", "RCOUNTRY": "US", "LSTATE": "ME", "RSTATE": "ME", "LCOUNTY": "Lincoln County", "RCOUNTY": "Lincoln County", "LCITY": "Newcastle", "RCITY": "Newcastle", "L_A4": null, "R_A4": null, "L_A5": null, "R_A5": null, "LPOSTCOMM": "Newcastle", "RPOSTCOMM": "Newcastle", "LZIPCODE": "04553", "RZIPCODE": "04553", "RDCLASS": "Local", "MDOTJURIS": "Townway", "ONEWAY": "B", "SPEED": 35, "LVALID": "N", "RVALID": "N", "TOWN": "Newcastle", "ROUTE_NUM": "", "MAP_LABEL": "N Newcastle Rd", "SOURCE": "43", "FEET": 2808, "MINUTES": 0.91162909, "PSAP": "Lincoln RCC", "GEONAMEID": 65069, "SEGMENTID": 74216, "MCODE": 440, "LGEOCODE": "15110", "RGEOCODE": "15110", "GC_EXCEPTION": null, "AMUPDDAT": 1722281541000, "AMUPDORG": "es.ngesi.maine.gov", "FMUPDDAT": 1295347050000, "FMUPDORG": "jt.ngesi.maine.gov", "CREATDAT": 1295347050000, "CREATORG": "jt.ngesi.maine.gov", "GlobalID": "65bcfff3-5d96-468b-854c-ffc813c11d7a", "Shape__Length": 855.8245148886699}}, {"type": "Feature", "id": 4836, "geometry": {"type": "LineString", "coordinates": [[-69.5668460848515, 44.0858437466847], [-69.5668895582945, 44.0859672371576], [-69.5668885353269, 44.0861033910509], [-69.5668728571916, 44.0862797456336], [-69.5668325063586, 44.0864858796901], [-69.5667935687935, 44.086643829737], [-69.5667611818451, 44.0867421810449], [-69.5667068150655, 44.0868540923896], [-69.5666174958991, 44.0869841027471], [-69.5664178211554, 44.0871969869174], [-69.5662041794744, 44.087412451888], [-69.5657204511415, 44.0879202066667], [-69.5651149717504, 44.0885917835019]]}, "properties": {"OBJECTID": 4836, "SOURCE_OF_DATA": "ngesi.maine.gov", "DATEUPDATE": 1710445317000, "EFFECTIVE": 1369612800000, "EXPIRE": null, "RCL_UID": "urn:emergency:uid:gis:RCL:63076:ngesi.maine.gov", "L_ADD_PRE": "", "L_ADD_FROM": 2, "L_ADD_TO": 46, "R_ADD_PRE": "", "R_ADD_FROM": 1, "R_ADD_TO": 45, "LPARITY": "E", "RPARITY": "O", "ST_PREMOD": "", "ST_PREDIR": "", "ST_PRETYP": "", "ST_PRESEP": "", "ST_NAME": "Ridge", "ST_POSTTYP": "Road", "ST_POSTDIR": "", "ST_POSTMOD": "", "ST_FULLNAME": "Ridge Road", "DIRTRAVEL": null, "PREDIR": "", "STREETNAME": "Ridge", "SUFFIX": "Rd", "POSTDIR": "", "RDNAME": "Ridge Rd", "LESN": "142", "RESN": "142", "LMSAGCOMM": "Newcastle", "RMSAGCOMM": "Newcastle", "LMSAG_CODE": "2315", "RMSAG_CODE": "2315", "LCOUNTRY": "US", "RCOUNTRY": "US", "LSTATE": "ME", "RSTATE": "ME", "LCOUNTY": "Lincoln County", "RCOUNTY": "Lincoln County", "LCITY": "Newcastle", "RCITY": "Newcastle", "L_A4": null, "R_A4": null, "L_A5": null, "R_A5": null, "LPOSTCOMM": "Newcastle", "RPOSTCOMM": "Newcastle", "LZIPCODE": "04553", "RZIPCODE": "04553", "RDCLASS": "Secondary", "MDOTJURIS": "State Aid", "ONEWAY": "B", "SPEED": 45, "LVALID": "N", "RVALID": "N", "TOWN": "Newcastle", "ROUTE_NUM": "215", "MAP_LABEL": "Ridge Rd - Route 215", "SOURCE": "43", "FEET": 1134, "MINUTES": 0.2863992, "PSAP": "Lincoln RCC", "GEONAMEID": 48188, "SEGMENTID": 63076, "MCODE": 440, "LGEOCODE": "15110", "RGEOCODE": "15110", "GC_EXCEPTION": null, "AMUPDDAT": 1710445317000, "AMUPDORG": "es.ngesi.maine.gov", "FMUPDDAT": 1267178418000, "FMUPDORG": "jt.ngesi.maine.gov", "CREATDAT": 1267178418000, "CREATORG": "jt.ngesi.maine.gov", "GlobalID": "575d8290-e12a-43a6-a284-00dfc2760d26", "Shape__Length": 345.686816888894}}, {"type": "Feature", "id": 4865, "geometry": {"type": "LineString", "coordinates": [[-69.5392463640231, 44.036802585451], [-69.5398392768893, 44.0370554291843], [-69.5408806179297, 44.0374803733755], [-69.540958051036, 44.0375575083737], [-69.5409901515772, 44.0376247381116], [-69.5409971289276, 44.0377057360129]]}, "properties": {"OBJECTID": 4865, "SOURCE_OF_DATA": "ngesi.maine.gov", "DATEUPDATE": 1702499355000, "EFFECTIVE": 1369612800000, "EXPIRE": null, "RCL_UID": "urn:emergency:uid:gis:RCL:63146:ngesi.maine.gov", "L_ADD_PRE": "", "L_ADD_FROM": 36, "L_ADD_TO": 58, "R_ADD_PRE": "", "R_ADD_FROM": 35, "R_ADD_TO": 57, "LPARITY": "E", "RPARITY": "O", "ST_PREMOD": "", "ST_PREDIR": "", "ST_PRETYP": "", "ST_PRESEP": "", "ST_NAME": "Academy", "ST_POSTTYP": "Hill", "ST_POSTDIR": "", "ST_POSTMOD": "", "ST_FULLNAME": "Academy Hill", "DIRTRAVEL": null, "PREDIR": "", "STREETNAME": "Academy", "SUFFIX": "Hl", "POSTDIR": "", "RDNAME": "Academy Hl", "LESN": "142", "RESN": "142", "LMSAGCOMM": "Newcastle", "RMSAGCOMM": "Newcastle", "LMSAG_CODE": "2315", "RMSAG_CODE": "2315", "LCOUNTRY": "US", "RCOUNTRY": "US", "LSTATE": "ME", "RSTATE": "ME", "LCOUNTY": "Lincoln County", "RCOUNTY": "Lincoln County", "LCITY": "Newcastle", "RCITY": "Newcastle", "L_A4": null, "R_A4": null, "L_A5": null, "R_A5": null, "LPOSTCOMM": "Newcastle", "RPOSTCOMM": "Newcastle", "LZIPCODE": "04553", "RZIPCODE": "04553", "RDCLASS": "Local", "MDOTJURIS": "Townway", "ONEWAY": "B", "SPEED": 35, "LVALID": "N", "RVALID": "N", "TOWN": "Newcastle", "ROUTE_NUM": "", "MAP_LABEL": "Academy Hl", "SOURCE": "43", "FEET": 586, "MINUTES": 0.19018218, "PSAP": "Lincoln RCC", "GEONAMEID": 324, "SEGMENTID": 63146, "MCODE": 440, "LGEOCODE": "15110", "RGEOCODE": "15110", "GC_EXCEPTION": null, "AMUPDDAT": 1702499355000, "AMUPDORG": "es.ngesi.maine.gov", "FMUPDDAT": 1268045610000, "FMUPDORG": "jt.ngesi.maine.gov", "CREATDAT": 1268045610000, "CREATORG": "jt.ngesi.maine.gov", "GlobalID": "00ed2293-3ee0-40f3-beb6-5208c67a25f3", "Shape__Length": 178.54034783773506}}, {"type": "Feature", "id": 4876, "geometry": {"type": "LineString", "coordinates": [[-69.5748765984632, 43.9857398070661], [-69.574891342098, 43.9855541974043]]}, "properties": {"OBJECTID": 4876, "SOURCE_OF_DATA": "ngesi.maine.gov", "DATEUPDATE": 1605571200000, "EFFECTIVE": 1369612800000, "EXPIRE": null, "RCL_UID": "urn:emergency:uid:gis:RCL:64869:ngesi.maine.gov", "L_ADD_PRE": "", "L_ADD_FROM": 838, "L_ADD_TO": 840, "R_ADD_PRE": "", "R_ADD_FROM": 837, "R_ADD_TO": 839, "LPARITY": "E", "RPARITY": "O", "ST_PREMOD": "", "ST_PREDIR": "", "ST_PRETYP": "", "ST_PRESEP": "", "ST_NAME": "River", "ST_POSTTYP": "Road", "ST_POSTDIR": "", "ST_POSTMOD": "", "ST_FULLNAME": "River Road", "DIRTRAVEL": null, "PREDIR": "", "STREETNAME": "River", "SUFFIX": "Rd", "POSTDIR": "", "RDNAME": "River Rd", "LESN": "142", "RESN": "142", "LMSAGCOMM": "Newcastle", "RMSAGCOMM": "Newcastle", "LMSAG_CODE": "2315", "RMSAG_CODE": "2315", "LCOUNTRY": "US", "RCOUNTRY": "US", "LSTATE": "ME", "RSTATE": "ME", "LCOUNTY": "Lincoln County", "RCOUNTY": "Lincoln County", "LCITY": "Newcastle", "RCITY": "Newcastle", "L_A4": null, "R_A4": null, "L_A5": null, "R_A5": null, "LPOSTCOMM": "Newcastle", "RPOSTCOMM": "Newcastle", "LZIPCODE": "04553", "RZIPCODE": "04553", "RDCLASS": "Local", "MDOTJURIS": "State Aid", "ONEWAY": "B", "SPEED": 35, "LVALID": "N", "RVALID": "N", "TOWN": "Newcastle", "ROUTE_NUM": "", "MAP_LABEL": "River Rd", "SOURCE": "43", "FEET": 68, "MINUTES": 0.02199613, "PSAP": "Lincoln RCC", "GEONAMEID": 48507, "SEGMENTID": 64869, "MCODE": 440, "LGEOCODE": "15110", "RGEOCODE": "15110", "GC_EXCEPTION": null, "AMUPDDAT": 1590710400000, "AMUPDORG": "jr.ngesi.maine.gov", "FMUPDDAT": 1278937425000, "FMUPDORG": "es.ngesi.maine.gov", "CREATDAT": 1278937425000, "CREATORG": "es.ngesi.maine.gov", "GlobalID": "f5bb2dad-47c8-4f4a-a378-0ff904ab6fb1", "Shape__Length": 20.64961803600405}}, {"type": "Feature", "id": 4946, "geometry": {"type": "LineString", "coordinates": [[-69.5261678993399, 44.0587190744726], [-69.5260979209849, 44.0591562779524], [-69.5259987191367, 44.0595574582301]]}, "properties": {"OBJECTID": 4946, "SOURCE_OF_DATA": "ngesi.maine.gov", "DATEUPDATE": 1722281541000, "EFFECTIVE": 1369612800000, "EXPIRE": null, "RCL_UID": "urn:emergency:uid:gis:RCL:63096:ngesi.maine.gov", "L_ADD_PRE": "", "L_ADD_FROM": 366, "L_ADD_TO": 374, "R_ADD_PRE": "", "R_ADD_FROM": 365, "R_ADD_TO": 373, "LPARITY": "E", "RPARITY": "O", "ST_PREMOD": "", "ST_PREDIR": "", "ST_PRETYP": "", "ST_PRESEP": "", "ST_NAME": "Mills", "ST_POSTTYP": "Road", "ST_POSTDIR": "", "ST_POSTMOD": "", "ST_FULLNAME": "Mills Road", "DIRTRAVEL": null, "PREDIR": "", "STREETNAME": "Mills", "SUFFIX": "Rd", "POSTDIR": "", "RDNAME": "Mills Rd", "LESN": "142", "RESN": "142", "LMSAGCOMM": "Newcastle", "RMSAGCOMM": "Newcastle", "LMSAG_CODE": "2315", "RMSAG_CODE": "2315", "LCOUNTRY": "US", "RCOUNTRY": "US", "LSTATE": "ME", "RSTATE": "ME", "LCOUNTY": "Lincoln County", "RCOUNTY": "Lincoln County", "LCITY": "Newcastle", "RCITY": "Newcastle", "L_A4": null, "R_A4": null, "L_A5": null, "R_A5": null, "LPOSTCOMM": "Newcastle", "RPOSTCOMM": "Newcastle", "LZIPCODE": "04553", "RZIPCODE": "04553", "RDCLASS": "Secondary", "MDOTJURIS": "State Aid", "ONEWAY": "B", "SPEED": 45, "LVALID": "N", "RVALID": "N", "TOWN": "Newcastle", "ROUTE_NUM": "215", "MAP_LABEL": "Mills Rd - Route 215", "SOURCE": "43", "FEET": 309, "MINUTES": 0.07799908, "PSAP": "Lincoln RCC", "GEONAMEID": 37899, "SEGMENTID": 63096, "MCODE": 440, "LGEOCODE": "15110", "RGEOCODE": "15110", "GC_EXCEPTION": null, "AMUPDDAT": 1722281541000, "AMUPDORG": "es.ngesi.maine.gov", "FMUPDDAT": 1267183672000, "FMUPDORG": "jt.ngesi.maine.gov", "CREATDAT": 1267183672000, "CREATORG": "jt.ngesi.maine.gov", "GlobalID": "9224f13d-df9f-4f32-9073-8cde0e3f8e04", "Shape__Length": 94.14569694258188}}, {"type": "Feature", "id": 4961, "geometry": {"type": "LineString", "coordinates": [[-69.6223950585768, 44.0151657959071], [-69.6224668017627, 44.0151031730996], [-69.6225543841113, 44.0150412472452], [-69.6226768428901, 44.0149095794625], [-69.6230301974422, 44.0145304798698], [-69.6239526740971, 44.0135391698323], [-69.6243518704997, 44.0130980248931], [-69.6251493623903, 44.0122064710918]]}, "properties": {"OBJECTID": 4961, "SOURCE_OF_DATA": "ngesi.maine.gov", "DATEUPDATE": 1740144574000, "EFFECTIVE": 1369612800000, "EXPIRE": null, "RCL_UID": "urn:emergency:uid:gis:RCL:64702:ngesi.maine.gov", "L_ADD_PRE": "", "L_ADD_FROM": 102, "L_ADD_TO": 156, "R_ADD_PRE": "", "R_ADD_FROM": 101, "R_ADD_TO": 155, "LPARITY": "E", "RPARITY": "O", "ST_PREMOD": "", "ST_PREDIR": "", "ST_PRETYP": "", "ST_PRESEP": "", "ST_NAME": "Cochran", "ST_POSTTYP": "Road", "ST_POSTDIR": "", "ST_POSTMOD": "", "ST_FULLNAME": "Cochran Road", "DIRTRAVEL": null, "PREDIR": "", "STREETNAME": "Cochran", "SUFFIX": "Rd", "POSTDIR": "", "RDNAME": "Cochran Rd", "LESN": "142", "RESN": "142", "LMSAGCOMM": "Newcastle", "RMSAGCOMM": "Newcastle", "LMSAG_CODE": "2315", "RMSAG_CODE": "2315", "LCOUNTRY": "US", "RCOUNTRY": "US", "LSTATE": "ME", "RSTATE": "ME", "LCOUNTY": "Lincoln County", "RCOUNTY": "Lincoln County", "LCITY": "Newcastle", "RCITY": "Newcastle", "L_A4": null, "R_A4": null, "L_A5": null, "R_A5": null, "LPOSTCOMM": "Newcastle", "RPOSTCOMM": "Newcastle", "LZIPCODE": "04553", "RZIPCODE": "04553", "RDCLASS": "Local", "MDOTJURIS": "Townway", "ONEWAY": "B", "SPEED": 35, "LVALID": "N", "RVALID": "N", "TOWN": "Newcastle", "ROUTE_NUM": "", "MAP_LABEL": "Cochran Rd", "SOURCE": "43", "FEET": 1300, "MINUTES": 0.42207078, "PSAP": "Lincoln RCC", "GEONAMEID": 11870, "SEGMENTID": 64702, "MCODE": 440, "LGEOCODE": "15110", "RGEOCODE": "15110", "GC_EXCEPTION": null, "AMUPDDAT": 1740144574000, "AMUPDORG": "es.ngesi.maine.gov", "FMUPDDAT": 1740144574000, "FMUPDORG": "es.ngesi.maine.gov", "CREATDAT": 1271080016000, "CREATORG": "jt.ngesi.maine.gov", "GlobalID": "e25c8a5f-0f0a-4527-9b03-ef635b6c81dd", "Shape__Length": 396.2340922367457}}, {"type": "Feature", "id": 4963, "geometry": {"type": "LineString", "coordinates": [[-69.5477995278422, 44.0274914807235], [-69.548313951507, 44.0272186844612], [-69.5486311610354, 44.027093409254], [-69.5489717599648, 44.026998533491], [-69.5492361339109, 44.0269476719025], [-69.549485114108, 44.0269149266578], [-69.5496907743864, 44.026897641145], [-69.549951756452, 44.0268916764374], [-69.5501327328935, 44.0268958471246], [-69.5503502196076, 44.0269146613521], [-69.5505747885048, 44.0269530775711], [-69.550742421513, 44.0270039674892], [-69.5508901281201, 44.0270671439154], [-69.5510488578377, 44.0271577185166], [-69.551228903238, 44.0272888856688], [-69.5513926047248, 44.0274095253426], [-69.5515798948349, 44.0275534058618], [-69.5517057359493, 44.0277115381578]]}, "properties": {"OBJECTID": 4963, "SOURCE_OF_DATA": "ngesi.maine.gov", "DATEUPDATE": 1710445317000, "EFFECTIVE": 1369612800000, "EXPIRE": null, "RCL_UID": "urn:emergency:uid:gis:RCL:63131:ngesi.maine.gov", "L_ADD_PRE": "", "L_ADD_FROM": 2, "L_ADD_TO": 10, "R_ADD_PRE": "", "R_ADD_FROM": 1, "R_ADD_TO": 9, "LPARITY": "E", "RPARITY": "O", "ST_PREMOD": "", "ST_PREDIR": "", "ST_PRETYP": "", "ST_PRESEP": "", "ST_NAME": "Snead", "ST_POSTTYP": "Spur", "ST_POSTDIR": "", "ST_POSTMOD": "", "ST_FULLNAME": "Snead Spur", "DIRTRAVEL": null, "PREDIR": "", "STREETNAME": "Snead", "SUFFIX": "Spur", "POSTDIR": "", "RDNAME": "Snead Spur", "LESN": "142", "RESN": "142", "LMSAGCOMM": "Newcastle", "RMSAGCOMM": "Newcastle", "LMSAG_CODE": "2315", "RMSAG_CODE": "2315", "LCOUNTRY": "US", "RCOUNTRY": "US", "LSTATE": "ME", "RSTATE": "ME", "LCOUNTY": "Lincoln County", "RCOUNTY": "Lincoln County", "LCITY": "Newcastle", "RCITY": "Newcastle", "L_A4": null, "R_A4": null, "L_A5": null, "R_A5": null, "LPOSTCOMM": "Newcastle", "RPOSTCOMM": "Newcastle", "LZIPCODE": "04553", "RZIPCODE": "04553", "RDCLASS": "Local", "MDOTJURIS": "State Aid", "ONEWAY": "B", "SPEED": 35, "LVALID": "N", "RVALID": "N", "TOWN": "Newcastle", "ROUTE_NUM": "", "MAP_LABEL": "Snead Spur", "SOURCE": "43", "FEET": 1200, "MINUTES": 0.389522, "PSAP": "Lincoln RCC", "GEONAMEID": 53434, "SEGMENTID": 63131, "MCODE": 440, "LGEOCODE": "15110", "RGEOCODE": "15110", "GC_EXCEPTION": null, "AMUPDDAT": 1710445317000, "AMUPDORG": "es.ngesi.maine.gov", "FMUPDDAT": 1267195377000, "FMUPDORG": "jt.ngesi.maine.gov", "CREATDAT": 1267195377000, "CREATORG": "jt.ngesi.maine.gov", "GlobalID": "84d4e829-b718-4040-9896-29332037e4ce", "Shape__Length": 365.6777570163237}}, {"type": "Feature", "id": 5010, "geometry": {"type": "LineString", "coordinates": [[-69.5339583062269, 44.0828647930599], [-69.5339153990756, 44.0829644267702], [-69.5338712889596, 44.0831497511255], [-69.533809415622, 44.0834821204031], [-69.5337682463872, 44.0839459680852], [-69.5337192562702, 44.0843430022676], [-69.5336711066142, 44.0846265810823], [-69.5336138077541, 44.0848748013685], [-69.5335033419197, 44.0852627139939], [-69.5334197254931, 44.0855333763839]]}, "properties": {"OBJECTID": 5010, "SOURCE_OF_DATA": "ngesi.maine.gov", "DATEUPDATE": 1714677139000, "EFFECTIVE": 1369612800000, "EXPIRE": null, "RCL_UID": "urn:emergency:uid:gis:RCL:64666:ngesi.maine.gov", "L_ADD_PRE": "", "L_ADD_FROM": 98, "L_ADD_TO": 160, "R_ADD_PRE": "", "R_ADD_FROM": 97, "R_ADD_TO": 159, "LPARITY": "E", "RPARITY": "O", "ST_PREMOD": "", "ST_PREDIR": "", "ST_PRETYP": "", "ST_PRESEP": "", "ST_NAME": "Bunker Hill", "ST_POSTTYP": "Road", "ST_POSTDIR": "", "ST_POSTMOD": "", "ST_FULLNAME": "Bunker Hill Road", "DIRTRAVEL": null, "PREDIR": "", "STREETNAME": "Bunker Hill", "SUFFIX": "Rd", "POSTDIR": "", "RDNAME": "Bunker Hill Rd", "LESN": "142", "RESN": "142", "LMSAGCOMM": "Newcastle", "RMSAGCOMM": "Newcastle", "LMSAG_CODE": "2315", "RMSAG_CODE": "2315", "LCOUNTRY": "US", "RCOUNTRY": "US", "LSTATE": "ME", "RSTATE": "ME", "LCOUNTY": "Lincoln County", "RCOUNTY": "Lincoln County", "LCITY": "Newcastle", "RCITY": "Newcastle", "L_A4": null, "R_A4": null, "L_A5": null, "R_A5": null, "LPOSTCOMM": "Newcastle", "RPOSTCOMM": "Newcastle", "LZIPCODE": "04553", "RZIPCODE": "04553", "RDCLASS": "Secondary", "MDOTJURIS": "State Aid", "ONEWAY": "B", "SPEED": 45, "LVALID": "N", "RVALID": "N", "TOWN": "Newcastle", "ROUTE_NUM": "213", "MAP_LABEL": "Bunker Hill Rd - Route 213", "SOURCE": "43", "FEET": 985, "MINUTES": 0.24861873, "PSAP": "Lincoln RCC", "GEONAMEID": 8165, "SEGMENTID": 64666, "MCODE": 440, "LGEOCODE": "15110", "RGEOCODE": "15110", "GC_EXCEPTION": null, "AMUPDDAT": 1714677139000, "AMUPDORG": "es.ngesi.maine.gov", "FMUPDDAT": 1271067688000, "FMUPDORG": "jt.ngesi.maine.gov", "CREATDAT": 1271067688000, "CREATORG": "jt.ngesi.maine.gov", "GlobalID": "e4d23dc3-f350-4489-9e6d-07618483925d", "Shape__Length": 300.0853908372738}}, {"type": "Feature", "id": 5044, "geometry": {"type": "LineString", "coordinates": [[-69.5486971764158, 44.0258939941279], [-69.5487749740423, 44.0257055202886], [-69.5488463801518, 44.0254829990111], [-69.5489060458764, 44.0252566445909], [-69.5489449020917, 44.0251091883683], [-69.548981870132, 44.0249031827154], [-69.5490259330984, 44.0246466335535], [-69.5490689028126, 44.0243933488688], [-69.5491309447763, 44.0242137468324], [-69.5492135353662, 44.02399472788], [-69.5493592774553, 44.0236786270534], [-69.5497970681116, 44.022951697727], [-69.5498030066548, 44.0229340583824]]}, "properties": {"OBJECTID": 5044, "SOURCE_OF_DATA": "ngesi.maine.gov", "DATEUPDATE": 1724268937000, "EFFECTIVE": 1369612800000, "EXPIRE": null, "RCL_UID": "urn:emergency:uid:gis:RCL:64691:ngesi.maine.gov", "L_ADD_PRE": "", "L_ADD_FROM": 162, "L_ADD_TO": 204, "R_ADD_PRE": "", "R_ADD_FROM": 161, "R_ADD_TO": 203, "LPARITY": "E", "RPARITY": "O", "ST_PREMOD": "", "ST_PREDIR": "", "ST_PRETYP": "", "ST_PRESEP": "", "ST_NAME": "River", "ST_POSTTYP": "Road", "ST_POSTDIR": "", "ST_POSTMOD": "", "ST_FULLNAME": "River Road", "DIRTRAVEL": null, "PREDIR": "", "STREETNAME": "River", "SUFFIX": "Rd", "POSTDIR": "", "RDNAME": "River Rd", "LESN": "142", "RESN": "142", "LMSAGCOMM": "Newcastle", "RMSAGCOMM": "Newcastle", "LMSAG_CODE": "2315", "RMSAG_CODE": "2315", "LCOUNTRY": "US", "RCOUNTRY": "US", "LSTATE": "ME", "RSTATE": "ME", "LCOUNTY": "Lincoln County", "RCOUNTY": "Lincoln County", "LCITY": "Newcastle", "RCITY": "Newcastle", "L_A4": null, "R_A4": null, "L_A5": null, "R_A5": null, "LPOSTCOMM": "Newcastle", "RPOSTCOMM": "Newcastle", "LZIPCODE": "04553", "RZIPCODE": "04553", "RDCLASS": "Local", "MDOTJURIS": "State Aid", "ONEWAY": "B", "SPEED": 35, "LVALID": "N", "RVALID": "N", "TOWN": "Newcastle", "ROUTE_NUM": "", "MAP_LABEL": "River Rd", "SOURCE": "43", "FEET": 1123, "MINUTES": 0.36475431, "PSAP": "Lincoln RCC", "GEONAMEID": 48507, "SEGMENTID": 64691, "MCODE": 440, "LGEOCODE": "15110", "RGEOCODE": "15110", "GC_EXCEPTION": null, "AMUPDDAT": 1724268937000, "AMUPDORG": "es.ngesi.maine.gov", "FMUPDDAT": 1271078078000, "FMUPDORG": "jt.ngesi.maine.gov", "CREATDAT": 1271078078000, "CREATORG": "jt.ngesi.maine.gov", "GlobalID": "cf8808b2-44b6-413c-83e9-2b00a5d81773", "Shape__Length": 342.4261904360456}}, {"type": "Feature", "id": 5086, "geometry": {"type": "LineString", "coordinates": [[-69.525982347268, 44.0822014643991], [-69.5258564129377, 44.0822131182519], [-69.5257657342254, 44.0822215125689], [-69.5256917209064, 44.0822218531485], [-69.5255911702993, 44.0822127902014], [-69.5254859117851, 44.0821784223438], [-69.525371158487, 44.0821409558751], [-69.5252192702494, 44.0820947826898], [-69.525051242257, 44.0820412286869], [-69.524984022265, 44.0820173905525], [-69.5248598238988, 44.0820233542044], [-69.52472760785, 44.0820294265723], [-69.5246061232425, 44.0820343691072]]}, "properties": {"OBJECTID": 5086, "SOURCE_OF_DATA": "ngesi.maine.gov", "DATEUPDATE": 1605571200000, "EFFECTIVE": 1369612800000, "EXPIRE": null, "RCL_UID": "urn:emergency:uid:gis:RCL:61611:ngesi.maine.gov", "L_ADD_PRE": "", "L_ADD_FROM": 2, "L_ADD_TO": 18, "R_ADD_PRE": "", "R_ADD_FROM": 1, "R_ADD_TO": 17, "LPARITY": "E", "RPARITY": "O", "ST_PREMOD": "", "ST_PREDIR": "", "ST_PRETYP": "", "ST_PRESEP": "", "ST_NAME": "Bartlet Neck", "ST_POSTTYP": "Road", "ST_POSTDIR": "", "ST_POSTMOD": "", "ST_FULLNAME": "Bartlet Neck Road", "DIRTRAVEL": null, "PREDIR": "", "STREETNAME": "Bartlet Neck", "SUFFIX": "Rd", "POSTDIR": "", "RDNAME": "Bartlet Neck Rd", "LESN": "142", "RESN": "142", "LMSAGCOMM": "Newcastle", "RMSAGCOMM": "Newcastle", "LMSAG_CODE": "2315", "RMSAG_CODE": "2315", "LCOUNTRY": "US", "RCOUNTRY": "US", "LSTATE": "ME", "RSTATE": "ME", "LCOUNTY": "Lincoln County", "RCOUNTY": "Lincoln County", "LCITY": "Newcastle", "RCITY": "Newcastle", "L_A4": null, "R_A4": null, "L_A5": null, "R_A5": null, "LPOSTCOMM": "Newcastle", "RPOSTCOMM": "Newcastle", "LZIPCODE": "04553", "RZIPCODE": "04553", "RDCLASS": "Private", "MDOTJURIS": "Private", "ONEWAY": "B", "SPEED": 25, "LVALID": "N", "RVALID": "N", "TOWN": "Newcastle", "ROUTE_NUM": "", "MAP_LABEL": "Bartlet Neck Rd", "SOURCE": "2", "FEET": 378, "MINUTES": 0.17162387, "PSAP": "Lincoln RCC", "GEONAMEID": 3334, "SEGMENTID": 61611, "MCODE": 440, "LGEOCODE": "15110", "RGEOCODE": "15110", "GC_EXCEPTION": null, "AMUPDDAT": 1590710400000, "AMUPDORG": "jr.ngesi.maine.gov", "FMUPDDAT": 1331637521000, "FMUPDORG": "es.ngesi.maine.gov", "CREATDAT": 1331637521000, "CREATORG": "es.ngesi.maine.gov", "GlobalID": "a21478e3-7f39-496b-b866-9f42b0c876f4", "Shape__Length": 115.08410088479346}}, {"type": "Feature", "id": 5143, "geometry": {"type": "LineString", "coordinates": [[-69.5531605741049, 44.0170115794327], [-69.5540152132064, 44.0171368004421], [-69.554107741874, 44.0171532512567], [-69.5542017579041, 44.0171699828929], [-69.5542957739025, 44.0171867054483], [-69.5543912895747, 44.0172036907537], [-69.5544770639607, 44.0172330219919], [-69.5545679200885, 44.0172640931802], [-69.5546561478961, 44.0172942677049], [-69.5547417472914, 44.017323536569], [-69.5548246705061, 44.0173641717383], [-69.554906265173, 44.0174041470428], [-69.5549650109494, 44.0174329339191], [-69.5550237567824, 44.0174617207648], [-69.5550754492895, 44.0175007607832], [-69.5551302830265, 44.0175421624317], [-69.5551821640728, 44.0175813365372], [-69.5552310798568, 44.0176182741616], [-69.5552844597895, 44.0176562794888], [-69.5553158597817, 44.0176786355518], [-69.5553441197949, 44.0176987560009], [-69.555378659837, 44.0177233476511], [-69.5554069198927, 44.0177434680842], [-69.5554383199769, 44.0177658241127], [-69.5554775869667, 44.0177755280276], [-69.5555149156507, 44.0177847551657], [-69.5556026411591, 44.0178064321247], [-69.5556884284095, 44.0178276322556], [-69.555782650664, 44.0178382302237], [-69.5558698037918, 44.0178480341873], [-69.5559569569477, 44.0178578380842], [-69.5560503791073, 44.0178562400256], [-69.5561439135452, 44.017854641344], [-69.5562313229299, 44.0178531444322], [-69.5563249571646, 44.0178515451165], [-69.5564115604829, 44.0178358985401], [-69.5565248530002, 44.0178244525703], [-69.5566372469676, 44.0177996497193], [-69.556749640756, 44.0177748377551]]}, "properties": {"OBJECTID": 5143, "SOURCE_OF_DATA": "ngesi.maine.gov", "DATEUPDATE": 1702054300000, "EFFECTIVE": 1369612800000, "EXPIRE": null, "RCL_UID": "urn:emergency:uid:gis:RCL:123560:ngesi.maine.gov", "L_ADD_PRE": "", "L_ADD_FROM": 2, "L_ADD_TO": 50, "R_ADD_PRE": "", "R_ADD_FROM": 1, "R_ADD_TO": 49, "LPARITY": "E", "RPARITY": "O", "ST_PREMOD": "", "ST_PREDIR": "", "ST_PRETYP": "", "ST_PRESEP": "", "ST_NAME": "Upland", "ST_POSTTYP": "Way", "ST_POSTDIR": "", "ST_POSTMOD": "", "ST_FULLNAME": "Upland Way", "DIRTRAVEL": null, "PREDIR": "", "STREETNAME": "Upland", "SUFFIX": "Way", "POSTDIR": "", "RDNAME": "Upland Way", "LESN": "142", "RESN": "142", "LMSAGCOMM": "Newcastle", "RMSAGCOMM": "Newcastle", "LMSAG_CODE": "2315", "RMSAG_CODE": "2315", "LCOUNTRY": "US", "RCOUNTRY": "US", "LSTATE": "ME", "RSTATE": "ME", "LCOUNTY": "Lincoln County", "RCOUNTY": "Lincoln County", "LCITY": "Newcastle", "RCITY": "Newcastle", "L_A4": null, "R_A4": null, "L_A5": null, "R_A5": null, "LPOSTCOMM": "Newcastle", "RPOSTCOMM": "Newcastle", "LZIPCODE": "04553", "RZIPCODE": "04553", "RDCLASS": "Private", "MDOTJURIS": "Private", "ONEWAY": "B", "SPEED": 25, "LVALID": "N", "RVALID": "N", "TOWN": "Newcastle", "ROUTE_NUM": "", "MAP_LABEL": "Upland Way", "SOURCE": "14", "FEET": 1031, "MINUTES": 0.46883327, "PSAP": "Lincoln RCC", "GEONAMEID": 59834, "SEGMENTID": 123560, "MCODE": 440, "LGEOCODE": "15110", "RGEOCODE": "15110", "GC_EXCEPTION": null, "AMUPDDAT": 1702054300000, "AMUPDORG": "es.ngesi.maine.gov", "FMUPDDAT": 1271077996000, "FMUPDORG": "jt.ngesi.maine.gov", "CREATDAT": 1271077996000, "CREATORG": "jt.ngesi.maine.gov", "GlobalID": "2a0f51af-db24-4295-8460-953bf103b89a", "Shape__Length": 314.38146960480907}}, {"type": "Feature", "id": 5159, "geometry": {"type": "LineString", "coordinates": [[-69.5380453251239, 44.0425994369068], [-69.5378471279272, 44.0427871552465], [-69.5376315182953, 44.043074353035], [-69.5374610218708, 44.0433207507367], [-69.5372438855747, 44.0436452291439], [-69.5370524203342, 44.0439860447225], [-69.5368671936357, 44.0443240575908], [-69.5368624711537, 44.0443360273294]]}, "properties": {"OBJECTID": 5159, "SOURCE_OF_DATA": "ngesi.maine.gov", "DATEUPDATE": 1702499355000, "EFFECTIVE": 1369612800000, "EXPIRE": null, "RCL_UID": "urn:emergency:uid:gis:RCL:63158:ngesi.maine.gov", "L_ADD_PRE": "", "L_ADD_FROM": 138, "L_ADD_TO": 164, "R_ADD_PRE": "", "R_ADD_FROM": 137, "R_ADD_TO": 163, "LPARITY": "E", "RPARITY": "O", "ST_PREMOD": "", "ST_PREDIR": "", "ST_PRETYP": "", "ST_PRESEP": "", "ST_NAME": "Academy", "ST_POSTTYP": "Hill", "ST_POSTDIR": "", "ST_POSTMOD": "", "ST_FULLNAME": "Academy Hill", "DIRTRAVEL": null, "PREDIR": "", "STREETNAME": "Academy", "SUFFIX": "Hl", "POSTDIR": "", "RDNAME": "Academy Hl", "LESN": "142", "RESN": "142", "LMSAGCOMM": "Newcastle", "RMSAGCOMM": "Newcastle", "LMSAG_CODE": "2315", "RMSAG_CODE": "2315", "LCOUNTRY": "US", "RCOUNTRY": "US", "LSTATE": "ME", "RSTATE": "ME", "LCOUNTY": "Lincoln County", "RCOUNTY": "Lincoln County", "LCITY": "Newcastle", "RCITY": "Newcastle", "L_A4": null, "R_A4": null, "L_A5": null, "R_A5": null, "LPOSTCOMM": "Newcastle", "RPOSTCOMM": "Newcastle", "LZIPCODE": "04553", "RZIPCODE": "04553", "RDCLASS": "Local", "MDOTJURIS": "Townway", "ONEWAY": "B", "SPEED": 35, "LVALID": "N", "RVALID": "N", "TOWN": "Newcastle", "ROUTE_NUM": "", "MAP_LABEL": "Academy Hl", "SOURCE": "43", "FEET": 708, "MINUTES": 0.22975193, "PSAP": "Lincoln RCC", "GEONAMEID": 324, "SEGMENTID": 63158, "MCODE": 440, "LGEOCODE": "15110", "RGEOCODE": "15110", "GC_EXCEPTION": null, "AMUPDDAT": 1702499355000, "AMUPDORG": "es.ngesi.maine.gov", "FMUPDDAT": 1268055218000, "FMUPDORG": "jt.ngesi.maine.gov", "CREATDAT": 1268055218000, "CREATORG": "jt.ngesi.maine.gov", "GlobalID": "d09dc400-2a4f-41ad-a7eb-4ea53d78a0b1", "Shape__Length": 215.68787084357382}}, {"type": "Feature", "id": 5170, "geometry": {"type": "LineString", "coordinates": [[-69.5336059340419, 44.0409558373353], [-69.5333893775026, 44.040974891405], [-69.5330032024633, 44.0410125272567], [-69.5322286422127, 44.0411129519274], [-69.5317122627215, 44.0411873026406], [-69.5308251100904, 44.0413361129693]]}, "properties": {"OBJECTID": 5170, "SOURCE_OF_DATA": "ngesi.maine.gov", "DATEUPDATE": 1710445317000, "EFFECTIVE": 1369612800000, "EXPIRE": null, "RCL_UID": "urn:emergency:uid:gis:RCL:63151:ngesi.maine.gov", "L_ADD_PRE": "", "L_ADD_FROM": 2, "L_ADD_TO": 40, "R_ADD_PRE": "", "R_ADD_FROM": 1, "R_ADD_TO": 39, "LPARITY": "E", "RPARITY": "O", "ST_PREMOD": "", "ST_PREDIR": "", "ST_PRETYP": "", "ST_PRESEP": "", "ST_NAME": "Off To Mills", "ST_POSTTYP": "Road", "ST_POSTDIR": "", "ST_POSTMOD": "", "ST_FULLNAME": "Off To Mills Road", "DIRTRAVEL": null, "PREDIR": "", "STREETNAME": "Off To Mills", "SUFFIX": "Rd", "POSTDIR": "", "RDNAME": "Off To Mills Rd", "LESN": "142", "RESN": "142", "LMSAGCOMM": "Newcastle", "RMSAGCOMM": "Newcastle", "LMSAG_CODE": "2315", "RMSAG_CODE": "2315", "LCOUNTRY": "US", "RCOUNTRY": "US", "LSTATE": "ME", "RSTATE": "ME", "LCOUNTY": "Lincoln County", "RCOUNTY": "Lincoln County", "LCITY": "Newcastle", "RCITY": "Newcastle", "L_A4": null, "R_A4": null, "L_A5": null, "R_A5": null, "LPOSTCOMM": "Newcastle", "RPOSTCOMM": "Newcastle", "LZIPCODE": "04553", "RZIPCODE": "04553", "RDCLASS": "Local", "MDOTJURIS": "State Highway", "ONEWAY": "TF", "SPEED": 35, "LVALID": "N", "RVALID": "N", "TOWN": "Newcastle", "ROUTE_NUM": "", "MAP_LABEL": "Off To Mills Rd", "SOURCE": "43", "FEET": 744, "MINUTES": 0.24171405, "PSAP": "Lincoln RCC", "GEONAMEID": 41284, "SEGMENTID": 63151, "MCODE": 440, "LGEOCODE": "15110", "RGEOCODE": "15110", "GC_EXCEPTION": null, "AMUPDDAT": 1710445317000, "AMUPDORG": "es.ngesi.maine.gov", "FMUPDDAT": 1268047329000, "FMUPDORG": "jt.ngesi.maine.gov", "CREATDAT": 1268047329000, "CREATORG": "jt.ngesi.maine.gov", "GlobalID": "fbcac977-f91f-43a3-8a0b-56211d4dea90", "Shape__Length": 226.91773624451918}}, {"type": "Feature", "id": 5235, "geometry": {"type": "LineString", "coordinates": [[-69.5590925147154, 44.098231643263], [-69.5590494946702, 44.0982788422235], [-69.5588402751589, 44.0984933260398], [-69.5585596645526, 44.0987527880844], [-69.5582859029767, 44.0989636519408], [-69.5580169725045, 44.0991743024673], [-69.5577294830811, 44.0993951717138], [-69.5575016573458, 44.099561062812], [-69.55734077633, 44.0996715534603]]}, "properties": {"OBJECTID": 5235, "SOURCE_OF_DATA": "ngesi.maine.gov", "DATEUPDATE": 1724268938000, "EFFECTIVE": 1369612800000, "EXPIRE": null, "RCL_UID": "urn:emergency:uid:gis:RCL:64661:ngesi.maine.gov", "L_ADD_PRE": "", "L_ADD_FROM": 202, "L_ADD_TO": 226, "R_ADD_PRE": "", "R_ADD_FROM": 201, "R_ADD_TO": 225, "LPARITY": "E", "RPARITY": "O", "ST_PREMOD": "", "ST_PREDIR": "", "ST_PRETYP": "", "ST_PRESEP": "", "ST_NAME": "Ridge", "ST_POSTTYP": "Road", "ST_POSTDIR": "", "ST_POSTMOD": "", "ST_FULLNAME": "Ridge Road", "DIRTRAVEL": null, "PREDIR": "", "STREETNAME": "Ridge", "SUFFIX": "Rd", "POSTDIR": "", "RDNAME": "Ridge Rd", "LESN": "142", "RESN": "142", "LMSAGCOMM": "Newcastle", "RMSAGCOMM": "Newcastle", "LMSAG_CODE": "2315", "RMSAG_CODE": "2315", "LCOUNTRY": "US", "RCOUNTRY": "US", "LSTATE": "ME", "RSTATE": "ME", "LCOUNTY": "Lincoln County", "RCOUNTY": "Lincoln County", "LCITY": "Newcastle", "RCITY": "Newcastle", "L_A4": null, "R_A4": null, "L_A5": null, "R_A5": null, "LPOSTCOMM": "Newcastle", "RPOSTCOMM": "Newcastle", "LZIPCODE": "04553", "RZIPCODE": "04553", "RDCLASS": "Secondary", "MDOTJURIS": "State Aid", "ONEWAY": "B", "SPEED": 45, "LVALID": "N", "RVALID": "N", "TOWN": "Newcastle", "ROUTE_NUM": "215", "MAP_LABEL": "Ridge Rd - Route 215", "SOURCE": "43", "FEET": 699, "MINUTES": 0.17658993, "PSAP": "Lincoln RCC", "GEONAMEID": 48188, "SEGMENTID": 64661, "MCODE": 440, "LGEOCODE": "15110", "RGEOCODE": "15110", "GC_EXCEPTION": null, "AMUPDDAT": 1724268938000, "AMUPDORG": "es.ngesi.maine.gov", "FMUPDDAT": 1271063093000, "FMUPDORG": "jt.ngesi.maine.gov", "CREATDAT": 1271063093000, "CREATORG": "jt.ngesi.maine.gov", "GlobalID": "ac9e2c7b-242a-4129-a11b-f84784532a72", "Shape__Length": 213.14588359895927}}, {"type": "Feature", "id": 5253, "geometry": {"type": "LineString", "coordinates": [[-69.5473128941206, 44.0279058198731], [-69.5474048967615, 44.0278092582581], [-69.5476121458213, 44.0276307170345], [-69.5477995278422, 44.0274914807235]]}, "properties": {"OBJECTID": 5253, "SOURCE_OF_DATA": "ngesi.maine.gov", "DATEUPDATE": 1724268938000, "EFFECTIVE": 1369612800000, "EXPIRE": null, "RCL_UID": "urn:emergency:uid:gis:RCL:63138:ngesi.maine.gov", "L_ADD_PRE": "", "L_ADD_FROM": 132, "L_ADD_TO": 136, "R_ADD_PRE": "", "R_ADD_FROM": 131, "R_ADD_TO": 135, "LPARITY": "E", "RPARITY": "O", "ST_PREMOD": "", "ST_PREDIR": "", "ST_PRETYP": "", "ST_PRESEP": "", "ST_NAME": "River", "ST_POSTTYP": "Road", "ST_POSTDIR": "", "ST_POSTMOD": "", "ST_FULLNAME": "River Road", "DIRTRAVEL": null, "PREDIR": "", "STREETNAME": "River", "SUFFIX": "Rd", "POSTDIR": "", "RDNAME": "River Rd", "LESN": "142", "RESN": "142", "LMSAGCOMM": "Newcastle", "RMSAGCOMM": "Newcastle", "LMSAG_CODE": "2315", "RMSAG_CODE": "2315", "LCOUNTRY": "US", "RCOUNTRY": "US", "LSTATE": "ME", "RSTATE": "ME", "LCOUNTY": "Lincoln County", "RCOUNTY": "Lincoln County", "LCITY": "Newcastle", "RCITY": "Newcastle", "L_A4": null, "R_A4": null, "L_A5": null, "R_A5": null, "LPOSTCOMM": "Newcastle", "RPOSTCOMM": "Newcastle", "LZIPCODE": "04553", "RZIPCODE": "04553", "RDCLASS": "Local", "MDOTJURIS": "State Aid", "ONEWAY": "B", "SPEED": 35, "LVALID": "N", "RVALID": "N", "TOWN": "Newcastle", "ROUTE_NUM": "", "MAP_LABEL": "River Rd", "SOURCE": "43", "FEET": 198, "MINUTES": 0.06437914, "PSAP": "Lincoln RCC", "GEONAMEID": 48507, "SEGMENTID": 63138, "MCODE": 440, "LGEOCODE": "15110", "RGEOCODE": "15110", "GC_EXCEPTION": null, "AMUPDDAT": 1724268938000, "AMUPDORG": "es.ngesi.maine.gov", "FMUPDDAT": 1267196122000, "FMUPDORG": "jt.ngesi.maine.gov", "CREATDAT": 1267196122000, "CREATORG": "jt.ngesi.maine.gov", "GlobalID": "2b3f209c-c3f8-48a4-9f8b-da145991865f", "Shape__Length": 60.43822395981357}}, {"type": "Feature", "id": 5255, "geometry": {"type": "LineString", "coordinates": [[-69.608762309352, 44.0500341533715], [-69.6087928301466, 44.0499243831753], [-69.6088401005921, 44.0497911868611], [-69.6091939405193, 44.0491994509717], [-69.609474668705, 44.0487205206247], [-69.6098020031425, 44.0481222976213], [-69.6100755684311, 44.0475594200567], [-69.6102640403672, 44.0472305810346], [-69.6103177346888, 44.047099879697], [-69.6105481822285, 44.0465388608436], [-69.610607099453, 44.0463954186149], [-69.6106915310893, 44.0461766884277]]}, "properties": {"OBJECTID": 5255, "SOURCE_OF_DATA": "ngesi.maine.gov", "DATEUPDATE": 1710445317000, "EFFECTIVE": 1369612800000, "EXPIRE": null, "RCL_UID": "urn:emergency:uid:gis:RCL:74222:ngesi.maine.gov", "L_ADD_PRE": "", "L_ADD_FROM": 2, "L_ADD_TO": 60, "R_ADD_PRE": "", "R_ADD_FROM": 1, "R_ADD_TO": 59, "LPARITY": "E", "RPARITY": "O", "ST_PREMOD": "", "ST_PREDIR": "", "ST_PRETYP": "", "ST_PRESEP": "", "ST_NAME": "The Kings", "ST_POSTTYP": "Highway", "ST_POSTDIR": "", "ST_POSTMOD": "", "ST_FULLNAME": "The Kings Highway", "DIRTRAVEL": null, "PREDIR": "", "STREETNAME": "The Kings", "SUFFIX": "Hwy", "POSTDIR": "", "RDNAME": "The Kings Hwy", "LESN": "142", "RESN": "142", "LMSAGCOMM": "Newcastle", "RMSAGCOMM": "Newcastle", "LMSAG_CODE": "2315", "RMSAG_CODE": "2315", "LCOUNTRY": "US", "RCOUNTRY": "US", "LSTATE": "ME", "RSTATE": "ME", "LCOUNTY": "Lincoln County", "RCOUNTY": "Lincoln County", "LCITY": "Newcastle", "RCITY": "Newcastle", "L_A4": null, "R_A4": null, "L_A5": null, "R_A5": null, "LPOSTCOMM": "Newcastle", "RPOSTCOMM": "Newcastle", "LZIPCODE": "04553", "RZIPCODE": "04553", "RDCLASS": "Local", "MDOTJURIS": "Townway", "ONEWAY": "B", "SPEED": 35, "LVALID": "N", "RVALID": "N", "TOWN": "Newcastle", "ROUTE_NUM": "", "MAP_LABEL": "The Kings Hwy", "SOURCE": "43", "FEET": 1497, "MINUTES": 0.48595904, "PSAP": "Lincoln RCC", "GEONAMEID": 57514, "SEGMENTID": 74222, "MCODE": 440, "LGEOCODE": "15110", "RGEOCODE": "15110", "GC_EXCEPTION": null, "AMUPDDAT": 1710445317000, "AMUPDORG": "es.ngesi.maine.gov", "FMUPDDAT": 1295347362000, "FMUPDORG": "jt.ngesi.maine.gov", "CREATDAT": 1295347362000, "CREATORG": "jt.ngesi.maine.gov", "GlobalID": "33b6857c-96e9-4560-91ba-c20ef4a93d6e", "Shape__Length": 456.2114843065677}}, {"type": "Feature", "id": 5259, "geometry": {"type": "LineString", "coordinates": [[-69.5590925147154, 44.098231643263], [-69.558942481719, 44.0982184942308], [-69.5586760425891, 44.0981889339928], [-69.5584072768944, 44.0981444479604], [-69.558118119051, 44.0980956312723], [-69.5578501686901, 44.0980487450562], [-69.5576581739226, 44.098013308873], [-69.5572486470446, 44.097923653082], [-69.5571055159977, 44.0978683953521], [-69.5567207081307, 44.0976860987757], [-69.5560365885214, 44.0974478887263], [-69.5553305779282, 44.0973062337968], [-69.5543234439757, 44.0972593015742]]}, "properties": {"OBJECTID": 5259, "SOURCE_OF_DATA": "ngesi.maine.gov", "DATEUPDATE": 1733846355000, "EFFECTIVE": 1369612800000, "EXPIRE": null, "RCL_UID": "urn:emergency:uid:gis:RCL:60775:ngesi.maine.gov", "L_ADD_PRE": "", "L_ADD_FROM": 2, "L_ADD_TO": 60, "R_ADD_PRE": "", "R_ADD_FROM": 1, "R_ADD_TO": 61, "LPARITY": "E", "RPARITY": "O", "ST_PREMOD": "", "ST_PREDIR": "", "ST_PRETYP": "", "ST_PRESEP": "", "ST_NAME": "Pinewood Farm", "ST_POSTTYP": "Road", "ST_POSTDIR": "", "ST_POSTMOD": "", "ST_FULLNAME": "Pinewood Farm Road", "DIRTRAVEL": null, "PREDIR": "", "STREETNAME": "Pinewood Farm", "SUFFIX": "Rd", "POSTDIR": "", "RDNAME": "Pinewood Farm Rd", "LESN": "142", "RESN": "142", "LMSAGCOMM": "Newcastle", "RMSAGCOMM": "Newcastle", "LMSAG_CODE": "2315", "RMSAG_CODE": "2315", "LCOUNTRY": "US", "RCOUNTRY": "US", "LSTATE": "ME", "RSTATE": "ME", "LCOUNTY": "Lincoln County", "RCOUNTY": "Lincoln County", "LCITY": "Newcastle", "RCITY": "Newcastle", "L_A4": null, "R_A4": null, "L_A5": null, "R_A5": null, "LPOSTCOMM": "Newcastle", "RPOSTCOMM": "Newcastle", "LZIPCODE": "04553", "RZIPCODE": "04553", "RDCLASS": "Private", "MDOTJURIS": "Private", "ONEWAY": "B", "SPEED": 25, "LVALID": "N", "RVALID": "N", "TOWN": "Newcastle", "ROUTE_NUM": "", "MAP_LABEL": "Pinewood Farm Rd", "SOURCE": "2", "FEET": 1318, "MINUTES": 0.59925427, "PSAP": "Lincoln RCC", "GEONAMEID": 45029, "SEGMENTID": 60775, "MCODE": 440, "LGEOCODE": "15110", "RGEOCODE": "15110", "GC_EXCEPTION": null, "AMUPDDAT": 1733846355000, "AMUPDORG": "es.ngesi.maine.gov", "FMUPDDAT": 1733846355000, "FMUPDORG": "es.ngesi.maine.gov", "CREATDAT": 1271063074000, "CREATORG": "jt.ngesi.maine.gov", "GlobalID": "c7cf89d4-887d-4c46-87fb-959969e7891e", "Shape__Length": 401.8367459461442}}, {"type": "Feature", "id": 5261, "geometry": {"type": "LineString", "coordinates": [[-69.5309156598436, 44.0938547782424], [-69.5307602005464, 44.0940486944469], [-69.5306099043899, 44.0942431356585], [-69.530453921404, 44.0944681334272], [-69.5303747470077, 44.0945818171587]]}, "properties": {"OBJECTID": 5261, "SOURCE_OF_DATA": "ngesi.maine.gov", "DATEUPDATE": 1724268938000, "EFFECTIVE": 1369612800000, "EXPIRE": null, "RCL_UID": "urn:emergency:uid:gis:RCL:64671:ngesi.maine.gov", "L_ADD_PRE": "", "L_ADD_FROM": 266, "L_ADD_TO": 274, "R_ADD_PRE": "", "R_ADD_FROM": 265, "R_ADD_TO": 273, "LPARITY": "E", "RPARITY": "O", "ST_PREMOD": "", "ST_PREDIR": "", "ST_PRETYP": "", "ST_PRESEP": "", "ST_NAME": "Bunker Hill", "ST_POSTTYP": "Road", "ST_POSTDIR": "", "ST_POSTMOD": "", "ST_FULLNAME": "Bunker Hill Road", "DIRTRAVEL": null, "PREDIR": "", "STREETNAME": "Bunker Hill", "SUFFIX": "Rd", "POSTDIR": "", "RDNAME": "Bunker Hill Rd", "LESN": "142", "RESN": "142", "LMSAGCOMM": "Newcastle", "RMSAGCOMM": "Newcastle", "LMSAG_CODE": "2315", "RMSAG_CODE": "2315", "LCOUNTRY": "US", "RCOUNTRY": "US", "LSTATE": "ME", "RSTATE": "ME", "LCOUNTY": "Lincoln County", "RCOUNTY": "Lincoln County", "LCITY": "Newcastle", "RCITY": "Newcastle", "L_A4": null, "R_A4": null, "L_A5": null, "R_A5": null, "LPOSTCOMM": "Newcastle", "RPOSTCOMM": "Newcastle", "LZIPCODE": "04553", "RZIPCODE": "04553", "RDCLASS": "Secondary", "MDOTJURIS": "State Aid", "ONEWAY": "B", "SPEED": 45, "LVALID": "N", "RVALID": "N", "TOWN": "Newcastle", "ROUTE_NUM": "213", "MAP_LABEL": "Bunker Hill Rd - Route 213", "SOURCE": "43", "FEET": 301, "MINUTES": 0.07594153, "PSAP": "Lincoln RCC", "GEONAMEID": 8165, "SEGMENTID": 64671, "MCODE": 440, "LGEOCODE": "15110", "RGEOCODE": "15110", "GC_EXCEPTION": null, "AMUPDDAT": 1724268938000, "AMUPDORG": "es.ngesi.maine.gov", "FMUPDDAT": 1271068064000, "FMUPDORG": "jt.ngesi.maine.gov", "CREATDAT": 1271068064000, "CREATORG": "jt.ngesi.maine.gov", "GlobalID": "5f83f726-2766-4766-a1e0-c9a9ab668228", "Shape__Length": 91.6622147581813}}, {"type": "Feature", "id": 5273, "geometry": {"type": "LineString", "coordinates": [[-69.5382703322742, 44.0363928495757], [-69.5383354774577, 44.0362905246706], [-69.5384206095382, 44.0361144303896], [-69.5387535774694, 44.0353723277964], [-69.5389602248166, 44.0350335260512]]}, "properties": {"OBJECTID": 5273, "SOURCE_OF_DATA": "ngesi.maine.gov", "DATEUPDATE": 1710791737000, "EFFECTIVE": 1369612800000, "EXPIRE": null, "RCL_UID": "urn:emergency:uid:gis:RCL:93063:ngesi.maine.gov", "L_ADD_PRE": "", "L_ADD_FROM": 2, "L_ADD_TO": 22, "R_ADD_PRE": "", "R_ADD_FROM": 1, "R_ADD_TO": 21, "LPARITY": "E", "RPARITY": "O", "ST_PREMOD": "", "ST_PREDIR": "", "ST_PRETYP": "", "ST_PRESEP": "", "ST_NAME": "High", "ST_POSTTYP": "Street", "ST_POSTDIR": "", "ST_POSTMOD": "", "ST_FULLNAME": "High Street", "DIRTRAVEL": null, "PREDIR": "", "STREETNAME": "High", "SUFFIX": "St", "POSTDIR": "", "RDNAME": "High St", "LESN": "142", "RESN": "142", "LMSAGCOMM": "Newcastle", "RMSAGCOMM": "Newcastle", "LMSAG_CODE": "2315", "RMSAG_CODE": "2315", "LCOUNTRY": "US", "RCOUNTRY": "US", "LSTATE": "ME", "RSTATE": "ME", "LCOUNTY": "Lincoln County", "RCOUNTY": "Lincoln County", "LCITY": "Newcastle", "RCITY": "Newcastle", "L_A4": null, "R_A4": null, "L_A5": null, "R_A5": null, "LPOSTCOMM": "Newcastle", "RPOSTCOMM": "Newcastle", "LZIPCODE": "04553", "RZIPCODE": "04553", "RDCLASS": "Local", "MDOTJURIS": "Townway", "ONEWAY": "B", "SPEED": 35, "LVALID": "N", "RVALID": "N", "TOWN": "Newcastle", "ROUTE_NUM": "", "MAP_LABEL": "High St", "SOURCE": "43", "FEET": 528, "MINUTES": 0.17146671, "PSAP": "Lincoln RCC", "GEONAMEID": 25954, "SEGMENTID": 93063, "MCODE": 440, "LGEOCODE": "15110", "RGEOCODE": "15110", "GC_EXCEPTION": null, "AMUPDDAT": 1710791737000, "AMUPDORG": "es.ngesi.maine.gov", "FMUPDDAT": 1268043706000, "FMUPDORG": "jt.ngesi.maine.gov", "CREATDAT": 1268043706000, "CREATORG": "jt.ngesi.maine.gov", "GlobalID": "95d526cd-638f-4b71-bd06-1d4880d2dee7", "Shape__Length": 160.97052672072476}}, {"type": "Feature", "id": 5275, "geometry": {"type": "LineString", "coordinates": [[-69.5680131550989, 44.0253348134569], [-69.5684887605058, 44.0251625618212], [-69.5692348614943, 44.0248649922913], [-69.5719022080956, 44.023773679198], [-69.5743208136164, 44.0227816289414], [-69.5758613611819, 44.0221551300374], [-69.5765397207994, 44.0218496429228], [-69.5771350967449, 44.021561920638], [-69.5778065610701, 44.0211966147965], [-69.5783384503924, 44.020835486909], [-69.5789721655639, 44.020355787183], [-69.5795927642495, 44.0197948401645], [-69.5800804671375, 44.0193165050461]]}, "properties": {"OBJECTID": 5275, "SOURCE_OF_DATA": "ngesi.maine.gov", "DATEUPDATE": 1747321733000, "EFFECTIVE": 1369612800000, "EXPIRE": null, "RCL_UID": "urn:emergency:uid:gis:RCL:63127:ngesi.maine.gov", "L_ADD_PRE": "", "L_ADD_FROM": 648, "L_ADD_TO": 810, "R_ADD_PRE": "", "R_ADD_FROM": 647, "R_ADD_TO": 809, "LPARITY": "E", "RPARITY": "O", "ST_PREMOD": "", "ST_PREDIR": "", "ST_PRETYP": "", "ST_PRESEP": "", "ST_NAME": "Route 1", "ST_POSTTYP": "", "ST_POSTDIR": "", "ST_POSTMOD": "", "ST_FULLNAME": "Route 1", "DIRTRAVEL": null, "PREDIR": "", "STREETNAME": "Route 1", "SUFFIX": "", "POSTDIR": "", "RDNAME": "Route 1", "LESN": "142", "RESN": "142", "LMSAGCOMM": "Newcastle", "RMSAGCOMM": "Newcastle", "LMSAG_CODE": "2315", "RMSAG_CODE": "2315", "LCOUNTRY": "US", "RCOUNTRY": "US", "LSTATE": "ME", "RSTATE": "ME", "LCOUNTY": "Lincoln County", "RCOUNTY": "Lincoln County", "LCITY": "Newcastle", "RCITY": "Newcastle", "L_A4": null, "R_A4": null, "L_A5": null, "R_A5": null, "LPOSTCOMM": "Newcastle", "RPOSTCOMM": "Newcastle", "LZIPCODE": "04553", "RZIPCODE": "04553", "RDCLASS": "Secondary", "MDOTJURIS": "State Highway", "ONEWAY": "B", "SPEED": 45, "LVALID": "N", "RVALID": "N", "TOWN": "Newcastle", "ROUTE_NUM": "1", "MAP_LABEL": "Route 1 - Route 1", "SOURCE": "43", "FEET": 3898, "MINUTES": 0.9843783, "PSAP": "Lincoln RCC", "GEONAMEID": 49703, "SEGMENTID": 63127, "MCODE": 440, "LGEOCODE": "15110", "RGEOCODE": "15110", "GC_EXCEPTION": null, "AMUPDDAT": 1747321733000, "AMUPDORG": "jr.ngesi.maine.gov", "FMUPDDAT": 1669893534000, "FMUPDORG": "es.ngesi.maine.gov", "CREATDAT": 1267193666000, "CREATORG": "jt.ngesi.maine.gov", "GlobalID": "e8a5574c-a053-4e3e-beb6-7b6be897f3b8", "Shape__Length": 1188.1548573558985}}, {"type": "Feature", "id": 5306, "geometry": {"type": "LineString", "coordinates": [[-69.6060716176613, 44.0494724918834], [-69.6061610436118, 44.0495088414409], [-69.6062522207802, 44.0495247258757], [-69.606417915189, 44.0495569881081], [-69.6080391932569, 44.0499102455699], [-69.6083608371352, 44.0499784538738], [-69.6085699926553, 44.0500074744138], [-69.608762309352, 44.0500341533715]]}, "properties": {"OBJECTID": 5306, "SOURCE_OF_DATA": "ngesi.maine.gov", "DATEUPDATE": 1605571200000, "EFFECTIVE": 1369612800000, "EXPIRE": null, "RCL_UID": "urn:emergency:uid:gis:RCL:63109:ngesi.maine.gov", "L_ADD_PRE": "", "L_ADD_FROM": 636, "L_ADD_TO": 660, "R_ADD_PRE": "", "R_ADD_FROM": 635, "R_ADD_TO": 659, "LPARITY": "E", "RPARITY": "O", "ST_PREMOD": "", "ST_PREDIR": "", "ST_PRETYP": "", "ST_PRESEP": "", "ST_NAME": "Sheepscot", "ST_POSTTYP": "Road", "ST_POSTDIR": "", "ST_POSTMOD": "", "ST_FULLNAME": "Sheepscot Road", "DIRTRAVEL": null, "PREDIR": "", "STREETNAME": "Sheepscot", "SUFFIX": "Rd", "POSTDIR": "", "RDNAME": "Sheepscot Rd", "LESN": "142", "RESN": "142", "LMSAGCOMM": "Newcastle", "RMSAGCOMM": "Newcastle", "LMSAG_CODE": "2315", "RMSAG_CODE": "2315", "LCOUNTRY": "US", "RCOUNTRY": "US", "LSTATE": "ME", "RSTATE": "ME", "LCOUNTY": "Lincoln County", "RCOUNTY": "Lincoln County", "LCITY": "Newcastle", "RCITY": "Newcastle", "L_A4": null, "R_A4": null, "L_A5": null, "R_A5": null, "LPOSTCOMM": "Newcastle", "RPOSTCOMM": "Newcastle", "LZIPCODE": "04553", "RZIPCODE": "04553", "RDCLASS": "Local", "MDOTJURIS": "State Aid", "ONEWAY": "B", "SPEED": 35, "LVALID": "N", "RVALID": "N", "TOWN": "Newcastle", "ROUTE_NUM": "", "MAP_LABEL": "Sheepscot Rd", "SOURCE": "43", "FEET": 737, "MINUTES": 0.23942888, "PSAP": "Lincoln RCC", "GEONAMEID": 52286, "SEGMENTID": 63109, "MCODE": 440, "LGEOCODE": "15110", "RGEOCODE": "15110", "GC_EXCEPTION": null, "AMUPDDAT": 1590710400000, "AMUPDORG": "jr.ngesi.maine.gov", "FMUPDDAT": 1517486138000, "FMUPDORG": "es.ngesi.maine.gov", "CREATDAT": 1517486138000, "CREATORG": "es.ngesi.maine.gov", "GlobalID": "27998478-7f9d-4b1e-bae9-620e962d2c3f", "Shape__Length": 224.77199785565787}}, {"type": "Feature", "id": 5401, "geometry": {"type": "LineString", "coordinates": [[-69.5320194133889, 44.0574190298671], [-69.5320212292555, 44.0574810008659], [-69.5321009820205, 44.058009282492]]}, "properties": {"OBJECTID": 5401, "SOURCE_OF_DATA": "ngesi.maine.gov", "DATEUPDATE": 1702499355000, "EFFECTIVE": 1369612800000, "EXPIRE": null, "RCL_UID": "urn:emergency:uid:gis:RCL:63095:ngesi.maine.gov", "L_ADD_PRE": "", "L_ADD_FROM": 368, "L_ADD_TO": 374, "R_ADD_PRE": "", "R_ADD_FROM": 367, "R_ADD_TO": 373, "LPARITY": "E", "RPARITY": "O", "ST_PREMOD": "", "ST_PREDIR": "", "ST_PRETYP": "", "ST_PRESEP": "", "ST_NAME": "Academy", "ST_POSTTYP": "Hill", "ST_POSTDIR": "", "ST_POSTMOD": "", "ST_FULLNAME": "Academy Hill", "DIRTRAVEL": null, "PREDIR": "", "STREETNAME": "Academy", "SUFFIX": "Hl", "POSTDIR": "", "RDNAME": "Academy Hl", "LESN": "142", "RESN": "142", "LMSAGCOMM": "Newcastle", "RMSAGCOMM": "Newcastle", "LMSAG_CODE": "2315", "RMSAG_CODE": "2315", "LCOUNTRY": "US", "RCOUNTRY": "US", "LSTATE": "ME", "RSTATE": "ME", "LCOUNTY": "Lincoln County", "RCOUNTY": "Lincoln County", "LCITY": "Newcastle", "RCITY": "Newcastle", "L_A4": null, "R_A4": null, "L_A5": null, "R_A5": null, "LPOSTCOMM": "Newcastle", "RPOSTCOMM": "Newcastle", "LZIPCODE": "04553", "RZIPCODE": "04553", "RDCLASS": "Local", "MDOTJURIS": "Townway", "ONEWAY": "B", "SPEED": 35, "LVALID": "N", "RVALID": "N", "TOWN": "Newcastle", "ROUTE_NUM": "", "MAP_LABEL": "Academy Hl", "SOURCE": "43", "FEET": 216, "MINUTES": 0.07020602, "PSAP": "Lincoln RCC", "GEONAMEID": 324, "SEGMENTID": 63095, "MCODE": 440, "LGEOCODE": "15110", "RGEOCODE": "15110", "GC_EXCEPTION": null, "AMUPDDAT": 1702499355000, "AMUPDORG": "es.ngesi.maine.gov", "FMUPDDAT": 1267183375000, "FMUPDORG": "jt.ngesi.maine.gov", "CREATDAT": 1267183375000, "CREATORG": "jt.ngesi.maine.gov", "GlobalID": "bdb9721a-c37d-452c-a90b-91cb900f38de", "Shape__Length": 65.9084155378205}}, {"type": "Feature", "id": 5425, "geometry": {"type": "LineString", "coordinates": [[-69.5369045567998, 44.0350645246819], [-69.5367938712378, 44.0352139706931], [-69.5366571543129, 44.0353513031895], [-69.5365493498995, 44.0355172747455], [-69.536304270613, 44.0358945981648], [-69.5359076741497, 44.0365542414161], [-69.5353968064826, 44.037378578446], [-69.5350501581308, 44.0379599697028], [-69.5348487957953, 44.0383376703355]]}, "properties": {"OBJECTID": 5425, "SOURCE_OF_DATA": "ngesi.maine.gov", "DATEUPDATE": 1710791737000, "EFFECTIVE": 1369612800000, "EXPIRE": null, "RCL_UID": "urn:emergency:uid:gis:RCL:63140:ngesi.maine.gov", "L_ADD_PRE": "", "L_ADD_FROM": 2, "L_ADD_TO": 54, "R_ADD_PRE": "", "R_ADD_FROM": 1, "R_ADD_TO": 53, "LPARITY": "E", "RPARITY": "O", "ST_PREMOD": "", "ST_PREDIR": "", "ST_PRETYP": "", "ST_PRESEP": "", "ST_NAME": "Mills", "ST_POSTTYP": "Road", "ST_POSTDIR": "", "ST_POSTMOD": "", "ST_FULLNAME": "Mills Road", "DIRTRAVEL": null, "PREDIR": "", "STREETNAME": "Mills", "SUFFIX": "Rd", "POSTDIR": "", "RDNAME": "Mills Rd", "LESN": "142", "RESN": "142", "LMSAGCOMM": "Newcastle", "RMSAGCOMM": "Newcastle", "LMSAG_CODE": "2315", "RMSAG_CODE": "2315", "LCOUNTRY": "US", "RCOUNTRY": "US", "LSTATE": "ME", "RSTATE": "ME", "LCOUNTY": "Lincoln County", "RCOUNTY": "Lincoln County", "LCITY": "Newcastle", "RCITY": "Newcastle", "L_A4": null, "R_A4": null, "L_A5": null, "R_A5": null, "LPOSTCOMM": "Newcastle", "RPOSTCOMM": "Newcastle", "LZIPCODE": "04553", "RZIPCODE": "04553", "RDCLASS": "Secondary", "MDOTJURIS": "State Aid", "ONEWAY": "B", "SPEED": 45, "LVALID": "N", "RVALID": "N", "TOWN": "Newcastle", "ROUTE_NUM": "215", "MAP_LABEL": "Mills Rd - Route 215", "SOURCE": "43", "FEET": 1311, "MINUTES": 0.33109807, "PSAP": "Lincoln RCC", "GEONAMEID": 37899, "SEGMENTID": 63140, "MCODE": 440, "LGEOCODE": "15110", "RGEOCODE": "15110", "GC_EXCEPTION": null, "AMUPDDAT": 1710791737000, "AMUPDORG": "es.ngesi.maine.gov", "FMUPDDAT": 1267199593000, "FMUPDORG": "jt.ngesi.maine.gov", "CREATDAT": 1267199593000, "CREATORG": "jt.ngesi.maine.gov", "GlobalID": "facff93c-678c-4a60-a6fc-8427c1a2a04d", "Shape__Length": 399.6388145642809}}, {"type": "Feature", "id": 5445, "geometry": {"type": "LineString", "coordinates": [[-69.5632528501664, 43.9977291746012], [-69.5631814903433, 43.9976943136708], [-69.5630805545831, 43.997569338373], [-69.5628723029082, 43.9973963718435], [-69.5627955102817, 43.9973435124269], [-69.5626773902744, 43.9972622073492], [-69.562507931738, 43.9971502098748], [-69.562341391321, 43.9970407457753], [-69.5621565652715, 43.9969614520926], [-69.5619576496205, 43.996936707588], [-69.5617328425472, 43.9969107124947], [-69.5613665859907, 43.996740239559], [-69.5611620294746, 43.9966078215048], [-69.5608908684212, 43.9964471259348], [-69.5605648180525, 43.9962558260144], [-69.5602419350978, 43.9960735311346], [-69.5599476635085, 43.9959083368308], [-69.5596356805808, 43.9957388618156], [-69.5593809707551, 43.9956623548405], [-69.5590528450007, 43.9955917526904], [-69.5587155698251, 43.9955415332497], [-69.5584080118309, 43.9955188263432], [-69.5580748118808, 43.9954921292534], [-69.5577216800192, 43.9954265883348], [-69.5574102047272, 43.995358358144], [-69.5570899262283, 43.9952982551707], [-69.5567556361528, 43.9952454763981], [-69.5564297449946, 43.9951958789994], [-69.5560991805097, 43.9951466095348], [-69.5557487159765, 43.9950951400138], [-69.5553802397659, 43.9950727662568], [-69.5549902105608, 43.9950595445235], [-69.5545223037548, 43.995061978386], [-69.5544402714077, 43.9950520314494]]}, "properties": {"OBJECTID": 5445, "SOURCE_OF_DATA": "ngesi.maine.gov", "DATEUPDATE": 1703181771000, "EFFECTIVE": 1369612800000, "EXPIRE": null, "RCL_UID": "urn:emergency:uid:gis:RCL:60663:ngesi.maine.gov", "L_ADD_PRE": "", "L_ADD_FROM": 2, "L_ADD_TO": 102, "R_ADD_PRE": "", "R_ADD_FROM": 1, "R_ADD_TO": 101, "LPARITY": "E", "RPARITY": "O", "ST_PREMOD": "", "ST_PREDIR": "", "ST_PRETYP": "", "ST_PRESEP": "", "ST_NAME": "Bradley Shore", "ST_POSTTYP": "Road", "ST_POSTDIR": "", "ST_POSTMOD": "", "ST_FULLNAME": "Bradley Shore Road", "DIRTRAVEL": null, "PREDIR": "", "STREETNAME": "Bradley Shore", "SUFFIX": "Rd", "POSTDIR": "", "RDNAME": "Bradley Shore Rd", "LESN": "142", "RESN": "142", "LMSAGCOMM": "Newcastle", "RMSAGCOMM": "Newcastle", "LMSAG_CODE": "2315", "RMSAG_CODE": "2315", "LCOUNTRY": "US", "RCOUNTRY": "US", "LSTATE": "ME", "RSTATE": "ME", "LCOUNTY": "Lincoln County", "RCOUNTY": "Lincoln County", "LCITY": "Newcastle", "RCITY": "Newcastle", "L_A4": null, "R_A4": null, "L_A5": null, "R_A5": null, "LPOSTCOMM": "Newcastle", "RPOSTCOMM": "Newcastle", "LZIPCODE": "04553", "RZIPCODE": "04553", "RDCLASS": "Private", "MDOTJURIS": "Private", "ONEWAY": "B", "SPEED": 25, "LVALID": "N", "RVALID": "N", "TOWN": "Newcastle", "ROUTE_NUM": "", "MAP_LABEL": "Bradley Shore Rd", "SOURCE": "2", "FEET": 2614, "MINUTES": 1.1882462, "PSAP": "Lincoln RCC", "GEONAMEID": 6812, "SEGMENTID": 60663, "MCODE": 440, "LGEOCODE": "15110", "RGEOCODE": "15110", "GC_EXCEPTION": null, "AMUPDDAT": 1703181771000, "AMUPDORG": "es.ngesi.maine.gov", "FMUPDDAT": 1271077625000, "FMUPDORG": "jt.ngesi.maine.gov", "CREATDAT": 1271077625000, "CREATORG": "jt.ngesi.maine.gov", "GlobalID": "a2ba3dc2-2d19-42d7-9024-ebce55b62e4c", "Shape__Length": 796.7919656304415}}, {"type": "Feature", "id": 5515, "geometry": {"type": "LineString", "coordinates": [[-69.5923188373851, 44.0618824005899], [-69.5919875042159, 44.0622698683957], [-69.5912916631399, 44.0630223382125], [-69.5908510436204, 44.063500726266], [-69.5906931982775, 44.0636769916062], [-69.5906076313718, 44.0637725368211], [-69.5905365944621, 44.0638978531196], [-69.5904532454896, 44.0641035342694], [-69.5903070795691, 44.0644175086208], [-69.5900293997126, 44.0646894499341], [-69.5899220740435, 44.0647945605496], [-69.5896184455313, 44.0650893233762], [-69.5892673114799, 44.0653937839716], [-69.5887321696905, 44.0658026767908], [-69.5882162510435, 44.0661700525124], [-69.587797213786, 44.0664708245973], [-69.5874755921978, 44.0667940709103], [-69.5872722540977, 44.0669984398381]]}, "properties": {"OBJECTID": 5515, "SOURCE_OF_DATA": "ngesi.maine.gov", "DATEUPDATE": 1724268938000, "EFFECTIVE": 1369612800000, "EXPIRE": null, "RCL_UID": "urn:emergency:uid:gis:RCL:74218:ngesi.maine.gov", "L_ADD_PRE": "", "L_ADD_FROM": 242, "L_ADD_TO": 332, "R_ADD_PRE": "", "R_ADD_FROM": 241, "R_ADD_TO": 331, "LPARITY": "E", "RPARITY": "O", "ST_PREMOD": "", "ST_PREDIR": "North", "ST_PRETYP": "", "ST_PRESEP": "", "ST_NAME": "Newcastle", "ST_POSTTYP": "Road", "ST_POSTDIR": "", "ST_POSTMOD": "", "ST_FULLNAME": "North Newcastle Road", "DIRTRAVEL": null, "PREDIR": "N", "STREETNAME": "Newcastle", "SUFFIX": "Rd", "POSTDIR": "", "RDNAME": "N Newcastle Rd", "LESN": "142", "RESN": "142", "LMSAGCOMM": "Newcastle", "RMSAGCOMM": "Newcastle", "LMSAG_CODE": "2315", "RMSAG_CODE": "2315", "LCOUNTRY": "US", "RCOUNTRY": "US", "LSTATE": "ME", "RSTATE": "ME", "LCOUNTY": "Lincoln County", "RCOUNTY": "Lincoln County", "LCITY": "Newcastle", "RCITY": "Newcastle", "L_A4": null, "R_A4": null, "L_A5": null, "R_A5": null, "LPOSTCOMM": "Newcastle", "RPOSTCOMM": "Newcastle", "LZIPCODE": "04553", "RZIPCODE": "04553", "RDCLASS": "Local", "MDOTJURIS": "Townway", "ONEWAY": "B", "SPEED": 35, "LVALID": "N", "RVALID": "N", "TOWN": "Newcastle", "ROUTE_NUM": "", "MAP_LABEL": "N Newcastle Rd", "SOURCE": "43", "FEET": 2307, "MINUTES": 0.74897904, "PSAP": "Lincoln RCC", "GEONAMEID": 65069, "SEGMENTID": 74218, "MCODE": 440, "LGEOCODE": "15110", "RGEOCODE": "15110", "GC_EXCEPTION": null, "AMUPDDAT": 1724268938000, "AMUPDORG": "es.ngesi.maine.gov", "FMUPDDAT": 1295347145000, "FMUPDORG": "jt.ngesi.maine.gov", "CREATDAT": 1295347145000, "CREATORG": "jt.ngesi.maine.gov", "GlobalID": "1f4a1bb2-ba12-4fab-b288-65765fcad4d6", "Shape__Length": 703.1309445150183}}, {"type": "Feature", "id": 5575, "geometry": {"type": "LineString", "coordinates": [[-69.56222789911, 44.0929456709147], [-69.5621989442076, 44.0930434997478], [-69.5620896871437, 44.0933443350573], [-69.5620226637326, 44.0934958670344]]}, "properties": {"OBJECTID": 5575, "SOURCE_OF_DATA": "ngesi.maine.gov", "DATEUPDATE": 1714677139000, "EFFECTIVE": 1369612800000, "EXPIRE": null, "RCL_UID": "urn:emergency:uid:gis:RCL:63080:ngesi.maine.gov", "L_ADD_PRE": "", "L_ADD_FROM": 120, "L_ADD_TO": 124, "R_ADD_PRE": "", "R_ADD_FROM": 119, "R_ADD_TO": 123, "LPARITY": "E", "RPARITY": "O", "ST_PREMOD": "", "ST_PREDIR": "", "ST_PRETYP": "", "ST_PRESEP": "", "ST_NAME": "Ridge", "ST_POSTTYP": "Road", "ST_POSTDIR": "", "ST_POSTMOD": "", "ST_FULLNAME": "Ridge Road", "DIRTRAVEL": null, "PREDIR": "", "STREETNAME": "Ridge", "SUFFIX": "Rd", "POSTDIR": "", "RDNAME": "Ridge Rd", "LESN": "142", "RESN": "142", "LMSAGCOMM": "Newcastle", "RMSAGCOMM": "Newcastle", "LMSAG_CODE": "2315", "RMSAG_CODE": "2315", "LCOUNTRY": "US", "RCOUNTRY": "US", "LSTATE": "ME", "RSTATE": "ME", "LCOUNTY": "Lincoln County", "RCOUNTY": "Lincoln County", "LCITY": "Newcastle", "RCITY": "Newcastle", "L_A4": null, "R_A4": null, "L_A5": null, "R_A5": null, "LPOSTCOMM": "Newcastle", "RPOSTCOMM": "Newcastle", "LZIPCODE": "04553", "RZIPCODE": "04553", "RDCLASS": "Secondary", "MDOTJURIS": "State Aid", "ONEWAY": "B", "SPEED": 45, "LVALID": "N", "RVALID": "N", "TOWN": "Newcastle", "ROUTE_NUM": "215", "MAP_LABEL": "Ridge Rd - Route 215", "SOURCE": "43", "FEET": 208, "MINUTES": 0.05245702, "PSAP": "Lincoln RCC", "GEONAMEID": 48188, "SEGMENTID": 63080, "MCODE": 440, "LGEOCODE": "15110", "RGEOCODE": "15110", "GC_EXCEPTION": null, "AMUPDDAT": 1714677139000, "AMUPDORG": "es.ngesi.maine.gov", "FMUPDDAT": 1267178729000, "FMUPDORG": "jt.ngesi.maine.gov", "CREATDAT": 1267178729000, "CREATORG": "jt.ngesi.maine.gov", "GlobalID": "63ae01da-adaf-4d7e-bcfe-add4d70b6e3a", "Shape__Length": 63.316163515400035}}, {"type": "Feature", "id": 5597, "geometry": {"type": "LineString", "coordinates": [[-69.5990434767592, 44.0111877858156], [-69.5997297915306, 44.0110892887972], [-69.6002331822248, 44.0110045066954], [-69.6008315987744, 44.0108793733247], [-69.601472624848, 44.0106922396678], [-69.6020954755385, 44.0104796823362], [-69.6025887863771, 44.0102700647404], [-69.6030593602587, 44.0100526509619], [-69.6032467372758, 44.0099459159696]]}, "properties": {"OBJECTID": 5597, "SOURCE_OF_DATA": "ngesi.maine.gov", "DATEUPDATE": 1747321734000, "EFFECTIVE": 1369612800000, "EXPIRE": null, "RCL_UID": "urn:emergency:uid:gis:RCL:64696:ngesi.maine.gov", "L_ADD_PRE": "", "L_ADD_FROM": 1050, "L_ADD_TO": 1094, "R_ADD_PRE": "", "R_ADD_FROM": 1049, "R_ADD_TO": 1093, "LPARITY": "E", "RPARITY": "O", "ST_PREMOD": "", "ST_PREDIR": "", "ST_PRETYP": "", "ST_PRESEP": "", "ST_NAME": "Route 1", "ST_POSTTYP": "", "ST_POSTDIR": "", "ST_POSTMOD": "", "ST_FULLNAME": "Route 1", "DIRTRAVEL": null, "PREDIR": "", "STREETNAME": "Route 1", "SUFFIX": "", "POSTDIR": "", "RDNAME": "Route 1", "LESN": "142", "RESN": "142", "LMSAGCOMM": "Newcastle", "RMSAGCOMM": "Newcastle", "LMSAG_CODE": "2315", "RMSAG_CODE": "2315", "LCOUNTRY": "US", "RCOUNTRY": "US", "LSTATE": "ME", "RSTATE": "ME", "LCOUNTY": "Lincoln County", "RCOUNTY": "Lincoln County", "LCITY": "Newcastle", "RCITY": "Newcastle", "L_A4": null, "R_A4": null, "L_A5": null, "R_A5": null, "LPOSTCOMM": "Newcastle", "RPOSTCOMM": "Newcastle", "LZIPCODE": "04553", "RZIPCODE": "04553", "RDCLASS": "Secondary", "MDOTJURIS": "State Highway", "ONEWAY": "B", "SPEED": 45, "LVALID": "N", "RVALID": "N", "TOWN": "Newcastle", "ROUTE_NUM": "1", "MAP_LABEL": "Route 1 - Route 1", "SOURCE": "43", "FEET": 1207, "MINUTES": 0.30484237, "PSAP": "Lincoln RCC", "GEONAMEID": 49703, "SEGMENTID": 64696, "MCODE": 440, "LGEOCODE": "15110", "RGEOCODE": "15110", "GC_EXCEPTION": null, "AMUPDDAT": 1747321734000, "AMUPDORG": "jr.ngesi.maine.gov", "FMUPDDAT": 1271079430000, "FMUPDORG": "jt.ngesi.maine.gov", "CREATDAT": 1271079430000, "CREATORG": "jt.ngesi.maine.gov", "GlobalID": "bf802fca-1163-4008-acfc-0f4cd690220a", "Shape__Length": 367.94791724719164}}, {"type": "Feature", "id": 5624, "geometry": {"type": "LineString", "coordinates": [[-69.5680131550989, 44.0253348134569], [-69.5679099990584, 44.0252290314467], [-69.5678858468891, 44.025203464634], [-69.567857951892, 44.0250838483115], [-69.5679004959999, 44.0250322271225], [-69.567998085939, 44.0249249520224], [-69.5681894754454, 44.0247473976118], [-69.5684474944246, 44.0245892379715], [-69.5685389798391, 44.0244896817252], [-69.5685295086437, 44.0243277476595]]}, "properties": {"OBJECTID": 5624, "SOURCE_OF_DATA": "ngesi.maine.gov", "DATEUPDATE": 1702054301000, "EFFECTIVE": 1369612800000, "EXPIRE": null, "RCL_UID": "urn:emergency:uid:gis:RCL:61056:ngesi.maine.gov", "L_ADD_PRE": "", "L_ADD_FROM": 2, "L_ADD_TO": 30, "R_ADD_PRE": "", "R_ADD_FROM": 1, "R_ADD_TO": 29, "LPARITY": "E", "RPARITY": "O", "ST_PREMOD": "", "ST_PREDIR": "", "ST_PRETYP": "", "ST_PRESEP": "", "ST_NAME": "Desperado", "ST_POSTTYP": "Lane", "ST_POSTDIR": "", "ST_POSTMOD": "", "ST_FULLNAME": "Desperado Lane", "DIRTRAVEL": null, "PREDIR": "", "STREETNAME": "Desperado", "SUFFIX": "Ln", "POSTDIR": "", "RDNAME": "Desperado Ln", "LESN": "142", "RESN": "142", "LMSAGCOMM": "Newcastle", "RMSAGCOMM": "Newcastle", "LMSAG_CODE": "2315", "RMSAG_CODE": "2315", "LCOUNTRY": "US", "RCOUNTRY": "US", "LSTATE": "ME", "RSTATE": "ME", "LCOUNTY": "Lincoln County", "RCOUNTY": "Lincoln County", "LCITY": "Newcastle", "RCITY": "Newcastle", "L_A4": null, "R_A4": null, "L_A5": null, "R_A5": null, "LPOSTCOMM": "Newcastle", "RPOSTCOMM": "Newcastle", "LZIPCODE": "04553", "RZIPCODE": "04553", "RDCLASS": "Private", "MDOTJURIS": "Private", "ONEWAY": "B", "SPEED": 25, "LVALID": "N", "RVALID": "N", "TOWN": "Newcastle", "ROUTE_NUM": "", "MAP_LABEL": "Desperado Ln", "SOURCE": "14", "FEET": 445, "MINUTES": 0.20219767, "PSAP": "Lincoln RCC", "GEONAMEID": 15519, "SEGMENTID": 61056, "MCODE": 440, "LGEOCODE": "15110", "RGEOCODE": "15110", "GC_EXCEPTION": null, "AMUPDDAT": 1702054301000, "AMUPDORG": "es.ngesi.maine.gov", "FMUPDDAT": 1267193695000, "FMUPDORG": "jt.ngesi.maine.gov", "CREATDAT": 1267193695000, "CREATORG": "jt.ngesi.maine.gov", "GlobalID": "51ba0ca7-4d7b-4a5e-b24b-950886c6eaee", "Shape__Length": 135.58594380682575}}, {"type": "Feature", "id": 5625, "geometry": {"type": "LineString", "coordinates": [[-69.5468597281805, 44.0296278380314], [-69.5475198396936, 44.02921248067], [-69.5478219635576, 44.0290453779793], [-69.5481248960032, 44.0288876612059], [-69.5483937922054, 44.0287537860721], [-69.548622792284, 44.0286415481014], [-69.5489406464496, 44.0285069503957], [-69.5493535011023, 44.0283467844412], [-69.549998277595, 44.0281198566391], [-69.5504641749159, 44.0279921858745], [-69.55080992452, 44.0278994406588], [-69.5513003620738, 44.0277850363068], [-69.5517057359493, 44.0277115381578]]}, "properties": {"OBJECTID": 5625, "SOURCE_OF_DATA": "ngesi.maine.gov", "DATEUPDATE": 1747321734000, "EFFECTIVE": 1369612800000, "EXPIRE": null, "RCL_UID": "urn:emergency:uid:gis:RCL:63136:ngesi.maine.gov", "L_ADD_PRE": "", "L_ADD_FROM": 420, "L_ADD_TO": 480, "R_ADD_PRE": "", "R_ADD_FROM": 419, "R_ADD_TO": 479, "LPARITY": "E", "RPARITY": "O", "ST_PREMOD": "", "ST_PREDIR": "", "ST_PRETYP": "", "ST_PRESEP": "", "ST_NAME": "Route 1", "ST_POSTTYP": "", "ST_POSTDIR": "", "ST_POSTMOD": "", "ST_FULLNAME": "Route 1", "DIRTRAVEL": null, "PREDIR": "", "STREETNAME": "Route 1", "SUFFIX": "", "POSTDIR": "", "RDNAME": "Route 1", "LESN": "142", "RESN": "142", "LMSAGCOMM": "Newcastle", "RMSAGCOMM": "Newcastle", "LMSAG_CODE": "2315", "RMSAG_CODE": "2315", "LCOUNTRY": "US", "RCOUNTRY": "US", "LSTATE": "ME", "RSTATE": "ME", "LCOUNTY": "Lincoln County", "RCOUNTY": "Lincoln County", "LCITY": "Newcastle", "RCITY": "Newcastle", "L_A4": null, "R_A4": null, "L_A5": null, "R_A5": null, "LPOSTCOMM": "Newcastle", "RPOSTCOMM": "Newcastle", "LZIPCODE": "04553", "RZIPCODE": "04553", "RDCLASS": "Secondary", "MDOTJURIS": "State Highway", "ONEWAY": "B", "SPEED": 45, "LVALID": "N", "RVALID": "N", "TOWN": "Newcastle", "ROUTE_NUM": "1", "MAP_LABEL": "Route 1 - Route 1", "SOURCE": "43", "FEET": 1469, "MINUTES": 0.37107552, "PSAP": "Lincoln RCC", "GEONAMEID": 49703, "SEGMENTID": 63136, "MCODE": 440, "LGEOCODE": "15110", "RGEOCODE": "15110", "GC_EXCEPTION": null, "AMUPDDAT": 1747321734000, "AMUPDORG": "jr.ngesi.maine.gov", "FMUPDDAT": 1267196096000, "FMUPDORG": "jt.ngesi.maine.gov", "CREATDAT": 1267196096000, "CREATORG": "jt.ngesi.maine.gov", "GlobalID": "09ad11a0-b1ef-4732-b60c-93bdd99198c2", "Shape__Length": 447.89201237333185}}, {"type": "Feature", "id": 5645, "geometry": {"type": "LineString", "coordinates": [[-69.5369045567998, 44.0350645246819], [-69.5366342128681, 44.0348407087073], [-69.5362119299136, 44.0345204671102]]}, "properties": {"OBJECTID": 5645, "SOURCE_OF_DATA": "ngesi.maine.gov", "DATEUPDATE": 1747321734000, "EFFECTIVE": 1369612800000, "EXPIRE": null, "RCL_UID": "urn:emergency:uid:gis:RCL:93071:ngesi.maine.gov", "L_ADD_PRE": "", "L_ADD_FROM": 54, "L_ADD_TO": 64, "R_ADD_PRE": "", "R_ADD_FROM": 53, "R_ADD_TO": 63, "LPARITY": "E", "RPARITY": "O", "ST_PREMOD": "", "ST_PREDIR": "", "ST_PRETYP": "", "ST_PRESEP": "", "ST_NAME": "Main", "ST_POSTTYP": "Street", "ST_POSTDIR": "", "ST_POSTMOD": "", "ST_FULLNAME": "Main Street", "DIRTRAVEL": null, "PREDIR": "", "STREETNAME": "Main", "SUFFIX": "St", "POSTDIR": "", "RDNAME": "Main St", "LESN": "142", "RESN": "142", "LMSAGCOMM": "Newcastle", "RMSAGCOMM": "Newcastle", "LMSAG_CODE": "2315", "RMSAG_CODE": "2315", "LCOUNTRY": "US", "RCOUNTRY": "US", "LSTATE": "ME", "RSTATE": "ME", "LCOUNTY": "Lincoln County", "RCOUNTY": "Lincoln County", "LCITY": "Newcastle", "RCITY": "Newcastle", "L_A4": null, "R_A4": null, "L_A5": null, "R_A5": null, "LPOSTCOMM": "Newcastle", "RPOSTCOMM": "Newcastle", "LZIPCODE": "04553", "RZIPCODE": "04553", "RDCLASS": "Local", "MDOTJURIS": "State Highway", "ONEWAY": "B", "SPEED": 35, "LVALID": "N", "RVALID": "N", "TOWN": "Newcastle", "ROUTE_NUM": "", "MAP_LABEL": "Main St", "SOURCE": "43", "FEET": 269, "MINUTES": 0.08741795, "PSAP": "Lincoln RCC", "GEONAMEID": 34897, "SEGMENTID": 93071, "MCODE": 440, "LGEOCODE": "15110", "RGEOCODE": "15110", "GC_EXCEPTION": null, "AMUPDDAT": 1747321734000, "AMUPDORG": "jr.ngesi.maine.gov", "FMUPDDAT": 1267199013000, "FMUPDORG": "jt.ngesi.maine.gov", "CREATDAT": 1267199013000, "CREATORG": "jt.ngesi.maine.gov", "GlobalID": "1197ff98-e9dd-4bc9-bf25-ce87cfbe5577", "Shape__Length": 82.06673794228593}}, {"type": "Feature", "id": 5673, "geometry": {"type": "LineString", "coordinates": [[-69.5334126846829, 44.0558665132825], [-69.5335627636806, 44.055886214231], [-69.5338410200838, 44.0559015527223], [-69.5341687213774, 44.0559675376404], [-69.5345077521334, 44.0560313258039], [-69.5349387761024, 44.0559973104066], [-69.5358666026382, 44.0558253279914], [-69.5375100619293, 44.0554201974929], [-69.5386272201409, 44.055006838675], [-69.5395036921739, 44.0546651474187], [-69.5402038946409, 44.0543679945528]]}, "properties": {"OBJECTID": 5673, "SOURCE_OF_DATA": "ngesi.maine.gov", "DATEUPDATE": 1710791737000, "EFFECTIVE": 1369612800000, "EXPIRE": null, "RCL_UID": "urn:emergency:uid:gis:RCL:64674:ngesi.maine.gov", "L_ADD_PRE": "", "L_ADD_FROM": 2, "L_ADD_TO": 74, "R_ADD_PRE": "", "R_ADD_FROM": 1, "R_ADD_TO": 75, "LPARITY": "E", "RPARITY": "O", "ST_PREMOD": "", "ST_PREDIR": "", "ST_PRETYP": "", "ST_PRESEP": "", "ST_NAME": "Kavanagh", "ST_POSTTYP": "Road", "ST_POSTDIR": "", "ST_POSTMOD": "", "ST_FULLNAME": "Kavanagh Road", "DIRTRAVEL": null, "PREDIR": "", "STREETNAME": "Kavanagh", "SUFFIX": "Rd", "POSTDIR": "", "RDNAME": "Kavanagh Rd", "LESN": "142", "RESN": "142", "LMSAGCOMM": "Newcastle", "RMSAGCOMM": "Newcastle", "LMSAG_CODE": "2315", "RMSAG_CODE": "2315", "LCOUNTRY": "US", "RCOUNTRY": "US", "LSTATE": "ME", "RSTATE": "ME", "LCOUNTY": "Lincoln County", "RCOUNTY": "Lincoln County", "LCITY": "Newcastle", "RCITY": "Newcastle", "L_A4": null, "R_A4": null, "L_A5": null, "R_A5": null, "LPOSTCOMM": "Newcastle", "RPOSTCOMM": "Newcastle", "LZIPCODE": "04553", "RZIPCODE": "04553", "RDCLASS": "Local", "MDOTJURIS": "", "ONEWAY": "B", "SPEED": 35, "LVALID": "N", "RVALID": "N", "TOWN": "Newcastle", "ROUTE_NUM": "", "MAP_LABEL": "Kavanagh Rd", "SOURCE": "43", "FEET": 1922, "MINUTES": 0.62414912, "PSAP": "Lincoln RCC", "GEONAMEID": 29894, "SEGMENTID": 64674, "MCODE": 440, "LGEOCODE": "15110", "RGEOCODE": "15110", "GC_EXCEPTION": null, "AMUPDDAT": 1710791737000, "AMUPDORG": "es.ngesi.maine.gov", "FMUPDDAT": 1271074804000, "FMUPDORG": "jt.ngesi.maine.gov", "CREATDAT": 1271074804000, "CREATORG": "jt.ngesi.maine.gov", "GlobalID": "a0cb6ab2-2c14-4baf-acd6-81dc9b01b26a", "Shape__Length": 585.9423825468064}}, {"type": "Feature", "id": 5684, "geometry": {"type": "LineString", "coordinates": [[-69.5711203958803, 44.0859750035391], [-69.5710697184952, 44.0860877628514], [-69.5708631352796, 44.0863440315241], [-69.5708037740803, 44.0864293288378], [-69.5707490013461, 44.0865436660415], [-69.5707080662134, 44.0866993405434], [-69.57070975716, 44.0868752037135], [-69.5707014193011, 44.0871122857941], [-69.5706472266233, 44.0873597977145], [-69.5704916241791, 44.0877275966998], [-69.5702942740237, 44.0882228212852], [-69.5702212225133, 44.0885268511282], [-69.5701131069893, 44.0887762974773], [-69.5698671864508, 44.0892432589769], [-69.5697654857105, 44.0893999924335], [-69.5696315576992, 44.089550395064], [-69.5694966679211, 44.0896956704159], [-69.5693710338684, 44.0898461574371], [-69.569278260036, 44.0899648788106], [-69.5691836103183, 44.0900860223512], [-69.5691105993125, 44.0902101191627], [-69.5690439743325, 44.0903410446732], [-69.5689947334971, 44.0904715324331], [-69.5689739141275, 44.090611422183], [-69.5689617441162, 44.0907492340937], [-69.5689464329229, 44.0908851529321], [-69.5689672031009, 44.0910228638155]]}, "properties": {"OBJECTID": 5684, "SOURCE_OF_DATA": "ngesi.maine.gov", "DATEUPDATE": 1733848788000, "EFFECTIVE": 1369612800000, "EXPIRE": null, "RCL_UID": "urn:emergency:uid:gis:RCL:62079:ngesi.maine.gov", "L_ADD_PRE": "", "L_ADD_FROM": 2, "L_ADD_TO": 40, "R_ADD_PRE": "", "R_ADD_FROM": 1, "R_ADD_TO": 29, "LPARITY": "E", "RPARITY": "O", "ST_PREMOD": "", "ST_PREDIR": "", "ST_PRETYP": "", "ST_PRESEP": "", "ST_NAME": "Holstein", "ST_POSTTYP": "Lane", "ST_POSTDIR": "", "ST_POSTMOD": "", "ST_FULLNAME": "Holstein Lane", "DIRTRAVEL": null, "PREDIR": "", "STREETNAME": "Holstein", "SUFFIX": "Ln", "POSTDIR": "", "RDNAME": "Holstein Ln", "LESN": "142", "RESN": "142", "LMSAGCOMM": "Newcastle", "RMSAGCOMM": "Newcastle", "LMSAG_CODE": "2315", "RMSAG_CODE": "2315", "LCOUNTRY": "US", "RCOUNTRY": "US", "LSTATE": "ME", "RSTATE": "ME", "LCOUNTY": "Lincoln County", "RCOUNTY": "Lincoln County", "LCITY": "Newcastle", "RCITY": "Newcastle", "L_A4": null, "R_A4": null, "L_A5": null, "R_A5": null, "LPOSTCOMM": "Newcastle", "RPOSTCOMM": "Newcastle", "LZIPCODE": "04553", "RZIPCODE": "04553", "RDCLASS": "Private", "MDOTJURIS": "Private", "ONEWAY": "B", "SPEED": 25, "LVALID": "N", "RVALID": "N", "TOWN": "Newcastle", "ROUTE_NUM": "", "MAP_LABEL": "Holstein Ln", "SOURCE": "14", "FEET": 1954, "MINUTES": 0.88834649, "PSAP": "Lincoln RCC", "GEONAMEID": 26849, "SEGMENTID": 62079, "MCODE": 440, "LGEOCODE": "15110", "RGEOCODE": "15110", "GC_EXCEPTION": null, "AMUPDDAT": 1733848788000, "AMUPDORG": "es.ngesi.maine.gov", "FMUPDDAT": 1733848788000, "FMUPDORG": "es.ngesi.maine.gov", "CREATDAT": 1267176851000, "CREATORG": "jt.ngesi.maine.gov", "GlobalID": "29baf978-86ae-4f9f-a9fa-e611141d0052", "Shape__Length": 595.6908143219347}}, {"type": "Feature", "id": 5685, "geometry": {"type": "LineString", "coordinates": [[-69.5449605494013, 44.0311185648608], [-69.544406515007, 44.0314334006315], [-69.544231986892, 44.0315325857541], [-69.5440817070959, 44.0316169074945], [-69.5437050207829, 44.0318059723482], [-69.5433033781922, 44.0320160966454], [-69.5428133973997, 44.0322831178613], [-69.5424024242786, 44.0324752494022], [-69.5419737695559, 44.0326692730269], [-69.541487328351, 44.0328410873169], [-69.5412308233021, 44.0329209657829], [-69.5409660171801, 44.0330034399543], [-69.5407320550283, 44.0330647444964], [-69.5404320000754, 44.0331398483614], [-69.539992550934, 44.0332609606803], [-69.5397217637004, 44.0333118041208], [-69.5396301941296, 44.0333621247308]]}, "properties": {"OBJECTID": 5685, "SOURCE_OF_DATA": "ngesi.maine.gov", "DATEUPDATE": 1747321734000, "EFFECTIVE": 1369612800000, "EXPIRE": null, "RCL_UID": "urn:emergency:uid:gis:RCL:93069:ngesi.maine.gov", "L_ADD_PRE": "", "L_ADD_FROM": 0, "L_ADD_TO": 0, "R_ADD_PRE": "", "R_ADD_FROM": 0, "R_ADD_TO": 0, "LPARITY": "Z", "RPARITY": "Z", "ST_PREMOD": "", "ST_PREDIR": "", "ST_PRETYP": "", "ST_PRESEP": "", "ST_NAME": "Main", "ST_POSTTYP": "Street", "ST_POSTDIR": "", "ST_POSTMOD": "", "ST_FULLNAME": "Main Street", "DIRTRAVEL": null, "PREDIR": "", "STREETNAME": "Main", "SUFFIX": "St", "POSTDIR": "", "RDNAME": "Main St", "LESN": "142", "RESN": "142", "LMSAGCOMM": "Newcastle", "RMSAGCOMM": "Newcastle", "LMSAG_CODE": "2315", "RMSAG_CODE": "2315", "LCOUNTRY": "US", "RCOUNTRY": "US", "LSTATE": "ME", "RSTATE": "ME", "LCOUNTY": "Lincoln County", "RCOUNTY": "Lincoln County", "LCITY": "Newcastle", "RCITY": "Newcastle", "L_A4": null, "R_A4": null, "L_A5": null, "R_A5": null, "LPOSTCOMM": "Newcastle", "RPOSTCOMM": "Newcastle", "LZIPCODE": "04553", "RZIPCODE": "04553", "RDCLASS": "Local", "MDOTJURIS": "State Highway", "ONEWAY": "FT", "SPEED": 35, "LVALID": "N", "RVALID": "N", "TOWN": "Newcastle", "ROUTE_NUM": "", "MAP_LABEL": "Main St", "SOURCE": "43", "FEET": 1636, "MINUTES": 0.53125561, "PSAP": "Lincoln RCC", "GEONAMEID": 34897, "SEGMENTID": 93069, "MCODE": 440, "LGEOCODE": "15110", "RGEOCODE": "15110", "GC_EXCEPTION": null, "AMUPDDAT": 1747321734000, "AMUPDORG": "jr.ngesi.maine.gov", "FMUPDDAT": 1267198283000, "FMUPDORG": "jt.ngesi.maine.gov", "CREATDAT": 1267198283000, "CREATORG": "jt.ngesi.maine.gov", "GlobalID": "f74f45dd-5897-40ab-bf76-c8ab0afc3ff6", "Shape__Length": 498.7352657079106}}, {"type": "Feature", "id": 5691, "geometry": {"type": "LineString", "coordinates": [[-69.530836929578, 44.04590681978], [-69.5309718060619, 44.0459323569991], [-69.5310849010173, 44.0459397633722], [-69.5312474226762, 44.0459606970567], [-69.5314300213775, 44.0459877855038], [-69.5315655747353, 44.0460135889758], [-69.5316899498354, 44.0460372654777], [-69.5318423585267, 44.0460662764319], [-69.5320430878304, 44.0461274384941], [-69.5322233206285, 44.0461871380905], [-69.5323850064437, 44.0462442408061], [-69.5325194974969, 44.0462934750056], [-69.5326658445435, 44.0463577345085], [-69.532819366397, 44.0464369780755], [-69.5330069201586, 44.0464721169628], [-69.5331952714948, 44.0464082861801], [-69.5333673084544, 44.0463181061968]]}, "properties": {"OBJECTID": 5691, "SOURCE_OF_DATA": "ngesi.maine.gov", "DATEUPDATE": 1703181771000, "EFFECTIVE": 1369612800000, "EXPIRE": null, "RCL_UID": "urn:emergency:uid:gis:RCL:60987:ngesi.maine.gov", "L_ADD_PRE": "", "L_ADD_FROM": 2, "L_ADD_TO": 30, "R_ADD_PRE": "", "R_ADD_FROM": 1, "R_ADD_TO": 29, "LPARITY": "E", "RPARITY": "O", "ST_PREMOD": "", "ST_PREDIR": "East", "ST_PRETYP": "", "ST_PRESEP": "", "ST_NAME": "View", "ST_POSTTYP": "Road", "ST_POSTDIR": "", "ST_POSTMOD": "", "ST_FULLNAME": "East View Road", "DIRTRAVEL": null, "PREDIR": "E", "STREETNAME": "View", "SUFFIX": "Rd", "POSTDIR": "", "RDNAME": "E View Rd", "LESN": "142", "RESN": "142", "LMSAGCOMM": "Newcastle", "RMSAGCOMM": "Newcastle", "LMSAG_CODE": "2315", "RMSAG_CODE": "2315", "LCOUNTRY": "US", "RCOUNTRY": "US", "LSTATE": "ME", "RSTATE": "ME", "LCOUNTY": "Lincoln County", "RCOUNTY": "Lincoln County", "LCITY": "Newcastle", "RCITY": "Newcastle", "L_A4": null, "R_A4": null, "L_A5": null, "R_A5": null, "LPOSTCOMM": "Newcastle", "RPOSTCOMM": "Newcastle", "LZIPCODE": "04553", "RZIPCODE": "04553", "RDCLASS": "Private", "MDOTJURIS": "Private", "ONEWAY": "B", "SPEED": 25, "LVALID": "N", "RVALID": "N", "TOWN": "Newcastle", "ROUTE_NUM": "", "MAP_LABEL": "E View Rd", "SOURCE": "2", "FEET": 724, "MINUTES": 0.3288754, "PSAP": "Lincoln RCC", "GEONAMEID": 64854, "SEGMENTID": 60987, "MCODE": 440, "LGEOCODE": "15110", "RGEOCODE": "15110", "GC_EXCEPTION": null, "AMUPDDAT": 1703181771000, "AMUPDORG": "es.ngesi.maine.gov", "FMUPDDAT": 1267183877000, "FMUPDORG": "jt.ngesi.maine.gov", "CREATDAT": 1267183877000, "CREATORG": "jt.ngesi.maine.gov", "GlobalID": "dca742cc-bbb5-45c3-a0db-12fb0eb8a0f9", "Shape__Length": 220.5311285940137}}, {"type": "Feature", "id": 5694, "geometry": {"type": "LineString", "coordinates": [[-69.5535915906115, 44.0132440236879], [-69.5533906111387, 44.0131986924115], [-69.5530495697136, 44.0131226166931], [-69.552737795258, 44.0130772622896], [-69.5524498304574, 44.0130311886812], [-69.5521048807296, 44.0129814011794], [-69.5517695021418, 44.0129802482088], [-69.5514643324034, 44.0131681654988], [-69.5513080457112, 44.0132901785202]]}, "properties": {"OBJECTID": 5694, "SOURCE_OF_DATA": "ngesi.maine.gov", "DATEUPDATE": 1703181771000, "EFFECTIVE": 1369612800000, "EXPIRE": null, "RCL_UID": "urn:emergency:uid:gis:RCL:60653:ngesi.maine.gov", "L_ADD_PRE": "", "L_ADD_FROM": 2, "L_ADD_TO": 50, "R_ADD_PRE": "", "R_ADD_FROM": 1, "R_ADD_TO": 49, "LPARITY": "E", "RPARITY": "O", "ST_PREMOD": "", "ST_PREDIR": "", "ST_PRETYP": "", "ST_PRESEP": "", "ST_NAME": "Oyster", "ST_POSTTYP": "Lane", "ST_POSTDIR": "", "ST_POSTMOD": "", "ST_FULLNAME": "Oyster Lane", "DIRTRAVEL": null, "PREDIR": "", "STREETNAME": "Oyster", "SUFFIX": "Ln", "POSTDIR": "", "RDNAME": "Oyster Ln", "LESN": "142", "RESN": "142", "LMSAGCOMM": "Newcastle", "RMSAGCOMM": "Newcastle", "LMSAG_CODE": "2315", "RMSAG_CODE": "2315", "LCOUNTRY": "US", "RCOUNTRY": "US", "LSTATE": "ME", "RSTATE": "ME", "LCOUNTY": "Lincoln County", "RCOUNTY": "Lincoln County", "LCITY": "Newcastle", "RCITY": "Newcastle", "L_A4": null, "R_A4": null, "L_A5": null, "R_A5": null, "LPOSTCOMM": "Newcastle", "RPOSTCOMM": "Newcastle", "LZIPCODE": "04553", "RZIPCODE": "04553", "RDCLASS": "Private", "MDOTJURIS": "Private", "ONEWAY": "B", "SPEED": 25, "LVALID": "N", "RVALID": "N", "TOWN": "Newcastle", "ROUTE_NUM": "", "MAP_LABEL": "Oyster Ln", "SOURCE": "2", "FEET": 657, "MINUTES": 0.29873927, "PSAP": "Lincoln RCC", "GEONAMEID": 42667, "SEGMENTID": 60653, "MCODE": 440, "LGEOCODE": "15110", "RGEOCODE": "15110", "GC_EXCEPTION": null, "AMUPDDAT": 1703181771000, "AMUPDORG": "es.ngesi.maine.gov", "FMUPDDAT": 1271077912000, "FMUPDORG": "jt.ngesi.maine.gov", "CREATDAT": 1271077912000, "CREATORG": "jt.ngesi.maine.gov", "GlobalID": "4724933a-bb8d-4085-8267-4b1bc5d9ca48", "Shape__Length": 200.32300279331983}}, {"type": "Feature", "id": 5711, "geometry": {"type": "LineString", "coordinates": [[-69.6131467126315, 44.0141240040615], [-69.6129798269523, 44.0141909039599], [-69.6127713959355, 44.0143159097449], [-69.612366020051, 44.0145330409588], [-69.6120256892762, 44.0147269895257], [-69.6117542091948, 44.0148952687022], [-69.6116278921972, 44.0149840709207], [-69.6115615200037, 44.0150836084164], [-69.6115229555488, 44.0152777315414], [-69.6114683146993, 44.0154250416173], [-69.6113769985191, 44.0156225891933], [-69.6112773550454, 44.0157321993526], [-69.6111440475297, 44.0158463741824], [-69.6108100406168, 44.0160522238605], [-69.610637415424, 44.0161745673433], [-69.6103908922656, 44.0163965956086], [-69.6102142651865, 44.01662768569], [-69.6101033674164, 44.0168410298301], [-69.6100841657112, 44.0170113248845], [-69.6101725154163, 44.0172927876269], [-69.6101640270805, 44.0174626923388], [-69.610087554211, 44.0176593762466], [-69.6099218300741, 44.0179504247043], [-69.6098087733792, 44.0181214547496], [-69.6097406303061, 44.018309360585], [-69.6097091670333, 44.0184934872645], [-69.6097444862757, 44.0186162230734], [-69.6097979823161, 44.018802066171], [-69.6097965198207, 44.0189503159986], [-69.6097238975936, 44.0192198891034], [-69.609662628838, 44.0194322475897], [-69.609663554896, 44.0196784693319], [-69.60967254675, 44.0198266183336], [-69.6096579317768, 44.0200258708962], [-69.6095014168402, 44.0202119071387], [-69.609394960896, 44.0203384334038], [-69.6093625785786, 44.0204939428241], [-69.6093688598925, 44.0206114044848], [-69.60948072127, 44.0207700970512], [-69.6097378824492, 44.0209642891261], [-69.6097639889841, 44.0210766930508], [-69.6096815672972, 44.0211902163473], [-69.6095671313126, 44.021347847269], [-69.6094520283171, 44.0214952356935], [-69.6093023416701, 44.0216868893666], [-69.6091243312775, 44.0218103936051], [-69.6088315441506, 44.0220135235831], [-69.6086957275547, 44.0221538008309], [-69.608734079178, 44.0222436310868], [-69.6087852070984, 44.0224199524968], [-69.6088481052261, 44.0226368527642], [-69.6089022214273, 44.0228234581403]]}, "properties": {"OBJECTID": 5711, "SOURCE_OF_DATA": "ngesi.maine.gov", "DATEUPDATE": 1710791737000, "EFFECTIVE": 1369612800000, "EXPIRE": null, "RCL_UID": "urn:emergency:uid:gis:RCL:74224:ngesi.maine.gov", "L_ADD_PRE": "", "L_ADD_FROM": 2, "L_ADD_TO": 238, "R_ADD_PRE": "", "R_ADD_FROM": 1, "R_ADD_TO": 237, "LPARITY": "E", "RPARITY": "O", "ST_PREMOD": "", "ST_PREDIR": "", "ST_PRETYP": "", "ST_PRESEP": "", "ST_NAME": "Island", "ST_POSTTYP": "Road", "ST_POSTDIR": "", "ST_POSTMOD": "", "ST_FULLNAME": "Island Road", "DIRTRAVEL": null, "PREDIR": "", "STREETNAME": "Island", "SUFFIX": "Rd", "POSTDIR": "", "RDNAME": "Island Rd", "LESN": "142", "RESN": "142", "LMSAGCOMM": "Newcastle", "RMSAGCOMM": "Newcastle", "LMSAG_CODE": "2315", "RMSAG_CODE": "2315", "LCOUNTRY": "US", "RCOUNTRY": "US", "LSTATE": "ME", "RSTATE": "ME", "LCOUNTY": "Lincoln County", "RCOUNTY": "Lincoln County", "LCITY": "Newcastle", "RCITY": "Newcastle", "L_A4": null, "R_A4": null, "L_A5": null, "R_A5": null, "LPOSTCOMM": "Newcastle", "RPOSTCOMM": "Newcastle", "LZIPCODE": "04553", "RZIPCODE": "04553", "RDCLASS": "Local", "MDOTJURIS": "Townway", "ONEWAY": "B", "SPEED": 35, "LVALID": "N", "RVALID": "N", "TOWN": "Newcastle", "ROUTE_NUM": "", "MAP_LABEL": "Island Rd", "SOURCE": "43", "FEET": 3682, "MINUTES": 1.19538481, "PSAP": "Lincoln RCC", "GEONAMEID": 28371, "SEGMENTID": 74224, "MCODE": 440, "LGEOCODE": "15110", "RGEOCODE": "15110", "GC_EXCEPTION": null, "AMUPDDAT": 1710791737000, "AMUPDORG": "es.ngesi.maine.gov", "FMUPDDAT": 1295348763000, "FMUPDORG": "jt.ngesi.maine.gov", "CREATDAT": 1295348763000, "CREATORG": "jt.ngesi.maine.gov", "GlobalID": "91d426bc-c8ca-4d96-8934-0f342aba390a", "Shape__Length": 1122.2103809695434}}, {"type": "Feature", "id": 5714, "geometry": {"type": "LineString", "coordinates": [[-69.5831875775718, 44.0389118739955], [-69.5835520880746, 44.0390431646079], [-69.5838716967738, 44.0391582792701], [-69.5844345874761, 44.0393546292947], [-69.5846945847423, 44.0394222743461], [-69.5851089210534, 44.0395060999859], [-69.5855837713902, 44.0395814928887], [-69.5861096689389, 44.0396465651266], [-69.5865842579444, 44.0396939635388], [-69.5875007113451, 44.039783583689], [-69.5879043610886, 44.0398172600019], [-69.5881928915282, 44.0398516176314], [-69.5886197262928, 44.0399262997293], [-69.5891061980804, 44.0400640298961], [-69.58945144946, 44.0400975606673], [-69.5901211955771, 44.0401342946919], [-69.5909757832866, 44.0401778928266], [-69.5918615697986, 44.0402259417145], [-69.5921626024667, 44.0402105976381], [-69.5924245049323, 44.0401825987732], [-69.5927592440726, 44.0401204315696], [-69.5932657903223, 44.0400198540999], [-69.5937028087761, 44.039924947721], [-69.5941136775294, 44.0398237742104], [-69.5943678618633, 44.039755610702]]}, "properties": {"OBJECTID": 5714, "SOURCE_OF_DATA": "ngesi.maine.gov", "DATEUPDATE": 1724354643000, "EFFECTIVE": 1369612800000, "EXPIRE": null, "RCL_UID": "urn:emergency:uid:gis:RCL:63120:ngesi.maine.gov", "L_ADD_PRE": "", "L_ADD_FROM": 270, "L_ADD_TO": 388, "R_ADD_PRE": "", "R_ADD_FROM": 269, "R_ADD_TO": 387, "LPARITY": "E", "RPARITY": "O", "ST_PREMOD": "", "ST_PREDIR": "", "ST_PRETYP": "", "ST_PRESEP": "", "ST_NAME": "Sheepscot", "ST_POSTTYP": "Road", "ST_POSTDIR": "", "ST_POSTMOD": "", "ST_FULLNAME": "Sheepscot Road", "DIRTRAVEL": null, "PREDIR": "", "STREETNAME": "Sheepscot", "SUFFIX": "Rd", "POSTDIR": "", "RDNAME": "Sheepscot Rd", "LESN": "142", "RESN": "142", "LMSAGCOMM": "Newcastle", "RMSAGCOMM": "Newcastle", "LMSAG_CODE": "2315", "RMSAG_CODE": "2315", "LCOUNTRY": "US", "RCOUNTRY": "US", "LSTATE": "ME", "RSTATE": "ME", "LCOUNTY": "Lincoln County", "RCOUNTY": "Lincoln County", "LCITY": "Newcastle", "RCITY": "Newcastle", "L_A4": null, "R_A4": null, "L_A5": null, "R_A5": null, "LPOSTCOMM": "Newcastle", "RPOSTCOMM": "Newcastle", "LZIPCODE": "04553", "RZIPCODE": "04553", "RDCLASS": "Local", "MDOTJURIS": "State Aid", "ONEWAY": "B", "SPEED": 35, "LVALID": "N", "RVALID": "N", "TOWN": "Newcastle", "ROUTE_NUM": "", "MAP_LABEL": "Sheepscot Rd", "SOURCE": "43", "FEET": 3035, "MINUTES": 0.98535873, "PSAP": "Lincoln RCC", "GEONAMEID": 52286, "SEGMENTID": 63120, "MCODE": 440, "LGEOCODE": "15110", "RGEOCODE": "15110", "GC_EXCEPTION": null, "AMUPDDAT": 1724354643000, "AMUPDORG": "es.ngesi.maine.gov", "FMUPDDAT": 1267192023000, "FMUPDORG": "jt.ngesi.maine.gov", "CREATDAT": 1267192023000, "CREATORG": "jt.ngesi.maine.gov", "GlobalID": "5ad19862-b73b-4577-9b78-40bc3cc5135a", "Shape__Length": 925.0408623843446}}, {"type": "Feature", "id": 5760, "geometry": {"type": "LineString", "coordinates": [[-69.5965239113091, 44.0569618892968], [-69.5959233028559, 44.0574794330804], [-69.595206924166, 44.0581391643551], [-69.5946555540191, 44.0586537348281], [-69.5942934442147, 44.0589916619308], [-69.5939029675818, 44.0595260634839], [-69.59339030413, 44.0602969873964], [-69.5928589998898, 44.0611593451143], [-69.5925284285219, 44.0616211876478], [-69.5923188373851, 44.0618824005899]]}, "properties": {"OBJECTID": 5760, "SOURCE_OF_DATA": "ngesi.maine.gov", "DATEUPDATE": 1724354643000, "EFFECTIVE": 1369612800000, "EXPIRE": null, "RCL_UID": "urn:emergency:uid:gis:RCL:74219:ngesi.maine.gov", "L_ADD_PRE": "", "L_ADD_FROM": 160, "L_ADD_TO": 240, "R_ADD_PRE": "", "R_ADD_FROM": 159, "R_ADD_TO": 239, "LPARITY": "E", "RPARITY": "O", "ST_PREMOD": "", "ST_PREDIR": "North", "ST_PRETYP": "", "ST_PRESEP": "", "ST_NAME": "Newcastle", "ST_POSTTYP": "Road", "ST_POSTDIR": "", "ST_POSTMOD": "", "ST_FULLNAME": "North Newcastle Road", "DIRTRAVEL": null, "PREDIR": "N", "STREETNAME": "Newcastle", "SUFFIX": "Rd", "POSTDIR": "", "RDNAME": "N Newcastle Rd", "LESN": "142", "RESN": "142", "LMSAGCOMM": "Newcastle", "RMSAGCOMM": "Newcastle", "LMSAG_CODE": "2315", "RMSAG_CODE": "2315", "LCOUNTRY": "US", "RCOUNTRY": "US", "LSTATE": "ME", "RSTATE": "ME", "LCOUNTY": "Lincoln County", "RCOUNTY": "Lincoln County", "LCITY": "Newcastle", "RCITY": "Newcastle", "L_A4": null, "R_A4": null, "L_A5": null, "R_A5": null, "LPOSTCOMM": "Newcastle", "RPOSTCOMM": "Newcastle", "LZIPCODE": "04553", "RZIPCODE": "04553", "RDCLASS": "Local", "MDOTJURIS": "Townway", "ONEWAY": "B", "SPEED": 35, "LVALID": "N", "RVALID": "N", "TOWN": "Newcastle", "ROUTE_NUM": "", "MAP_LABEL": "N Newcastle Rd", "SOURCE": "43", "FEET": 2119, "MINUTES": 0.68792036, "PSAP": "Lincoln RCC", "GEONAMEID": 65069, "SEGMENTID": 74219, "MCODE": 440, "LGEOCODE": "15110", "RGEOCODE": "15110", "GC_EXCEPTION": null, "AMUPDDAT": 1724354643000, "AMUPDORG": "es.ngesi.maine.gov", "FMUPDDAT": 1295347202000, "FMUPDORG": "jt.ngesi.maine.gov", "CREATDAT": 1295347202000, "CREATORG": "jt.ngesi.maine.gov", "GlobalID": "86f55c2b-2339-4f0a-8531-55a931ae9b5c", "Shape__Length": 645.8099171803932}}, {"type": "Feature", "id": 5832, "geometry": {"type": "LineString", "coordinates": [[-69.55734077633, 44.0996715534603], [-69.5572393482113, 44.0997363410694], [-69.5569938355177, 44.0998883352269], [-69.5566990998454, 44.1000673896634], [-69.556465710561, 44.1002094829534], [-69.5562009880613, 44.1003971681608], [-69.5559757057651, 44.1005886853145], [-69.5557393298179, 44.100843153301], [-69.5555689578983, 44.1010682550697], [-69.5554017786124, 44.1013075483213], [-69.5552638046724, 44.1015850535925], [-69.555159037333, 44.10181830799], [-69.5550292727851, 44.1021882733345], [-69.5549641284305, 44.1025035714925]]}, "properties": {"OBJECTID": 5832, "SOURCE_OF_DATA": "ngesi.maine.gov", "DATEUPDATE": 1724354643000, "EFFECTIVE": 1369612800000, "EXPIRE": null, "RCL_UID": "urn:emergency:uid:gis:RCL:64659:ngesi.maine.gov", "L_ADD_PRE": "", "L_ADD_FROM": 228, "L_ADD_TO": 276, "R_ADD_PRE": "", "R_ADD_FROM": 227, "R_ADD_TO": 275, "LPARITY": "E", "RPARITY": "O", "ST_PREMOD": "", "ST_PREDIR": "", "ST_PRETYP": "", "ST_PRESEP": "", "ST_NAME": "Ridge", "ST_POSTTYP": "Road", "ST_POSTDIR": "", "ST_POSTMOD": "", "ST_FULLNAME": "Ridge Road", "DIRTRAVEL": null, "PREDIR": "", "STREETNAME": "Ridge", "SUFFIX": "Rd", "POSTDIR": "", "RDNAME": "Ridge Rd", "LESN": "142", "RESN": "142", "LMSAGCOMM": "Newcastle", "RMSAGCOMM": "Newcastle", "LMSAG_CODE": "2315", "RMSAG_CODE": "2315", "LCOUNTRY": "US", "RCOUNTRY": "US", "LSTATE": "ME", "RSTATE": "ME", "LCOUNTY": "Lincoln County", "RCOUNTY": "Lincoln County", "LCITY": "Newcastle", "RCITY": "Newcastle", "L_A4": null, "R_A4": null, "L_A5": null, "R_A5": null, "LPOSTCOMM": "Newcastle", "RPOSTCOMM": "Newcastle", "LZIPCODE": "04553", "RZIPCODE": "04553", "RDCLASS": "Secondary", "MDOTJURIS": "State Aid", "ONEWAY": "B", "SPEED": 45, "LVALID": "N", "RVALID": "N", "TOWN": "Newcastle", "ROUTE_NUM": "215", "MAP_LABEL": "Ridge Rd - Route 215", "SOURCE": "43", "FEET": 1246, "MINUTES": 0.31457214, "PSAP": "Lincoln RCC", "GEONAMEID": 48188, "SEGMENTID": 64659, "MCODE": 440, "LGEOCODE": "15110", "RGEOCODE": "15110", "GC_EXCEPTION": null, "AMUPDDAT": 1724354643000, "AMUPDORG": "es.ngesi.maine.gov", "FMUPDDAT": 1271063131000, "FMUPDORG": "jt.ngesi.maine.gov", "CREATDAT": 1271063131000, "CREATORG": "jt.ngesi.maine.gov", "GlobalID": "fc7f1c8b-eec5-4dd5-8ea1-54a167baed26", "Shape__Length": 379.6918453329156}}, {"type": "Feature", "id": 5867, "geometry": {"type": "LineString", "coordinates": [[-69.5318867506977, 44.0370475749959], [-69.5317635196001, 44.0371957689913], [-69.5315585382556, 44.0374136246756], [-69.53140038134, 44.0375195655563], [-69.5310633097779, 44.0377076300096], [-69.5306939587344, 44.0378954652565], [-69.5305657397839, 44.0379439860417], [-69.5304350463458, 44.0380271363887]]}, "properties": {"OBJECTID": 5867, "SOURCE_OF_DATA": "ngesi.maine.gov", "DATEUPDATE": 1712778145000, "EFFECTIVE": 1369612800000, "EXPIRE": null, "RCL_UID": "urn:emergency:uid:gis:RCL:93059:ngesi.maine.gov", "L_ADD_PRE": "", "L_ADD_FROM": 56, "L_ADD_TO": 74, "R_ADD_PRE": "", "R_ADD_FROM": 55, "R_ADD_TO": 75, "LPARITY": "E", "RPARITY": "O", "ST_PREMOD": "", "ST_PREDIR": "", "ST_PRETYP": "", "ST_PRESEP": "", "ST_NAME": "Glidden", "ST_POSTTYP": "Street", "ST_POSTDIR": "", "ST_POSTMOD": "", "ST_FULLNAME": "Glidden Street", "DIRTRAVEL": null, "PREDIR": "", "STREETNAME": "Glidden", "SUFFIX": "St", "POSTDIR": "", "RDNAME": "Glidden St", "LESN": "142", "RESN": "142", "LMSAGCOMM": "Newcastle", "RMSAGCOMM": "Newcastle", "LMSAG_CODE": "2315", "RMSAG_CODE": "2315", "LCOUNTRY": "US", "RCOUNTRY": "US", "LSTATE": "ME", "RSTATE": "ME", "LCOUNTY": "Lincoln County", "RCOUNTY": "Lincoln County", "LCITY": "Newcastle", "RCITY": "Newcastle", "L_A4": null, "R_A4": null, "L_A5": null, "R_A5": null, "LPOSTCOMM": "Newcastle", "RPOSTCOMM": "Newcastle", "LZIPCODE": "04553", "RZIPCODE": "04553", "RDCLASS": "Local", "MDOTJURIS": "Townway", "ONEWAY": "B", "SPEED": 35, "LVALID": "N", "RVALID": "N", "TOWN": "Newcastle", "ROUTE_NUM": "", "MAP_LABEL": "Glidden St", "SOURCE": "43", "FEET": 530, "MINUTES": 0.17218901, "PSAP": "Lincoln RCC", "GEONAMEID": 21955, "SEGMENTID": 93059, "MCODE": 440, "LGEOCODE": "15110", "RGEOCODE": "15110", "GC_EXCEPTION": null, "AMUPDDAT": 1712778145000, "AMUPDORG": "es.ngesi.maine.gov", "FMUPDDAT": 1267200405000, "FMUPDORG": "jt.ngesi.maine.gov", "CREATDAT": 1267200405000, "CREATORG": "jt.ngesi.maine.gov", "GlobalID": "e1a0d753-ecc9-4289-b31f-9e9c1d29feff", "Shape__Length": 161.6486099324624}}, {"type": "Feature", "id": 5882, "geometry": {"type": "LineString", "coordinates": [[-69.6060716176613, 44.0494724918834], [-69.6060168721621, 44.0494510300262], [-69.6059562887344, 44.0494287527843], [-69.6058688198389, 44.0494043492239], [-69.6057916185951, 44.0493915955958], [-69.6056677850861, 44.0493805476833], [-69.6055379197775, 44.0493753838256], [-69.6051851679938, 44.0493862382814], [-69.604710647729, 44.0493914698292], [-69.6035937543761, 44.0493696273112], [-69.6029384181753, 44.0493542434247], [-69.6012533998031, 44.0492813812735]]}, "properties": {"OBJECTID": 5882, "SOURCE_OF_DATA": "ngesi.maine.gov", "DATEUPDATE": 1743428221000, "EFFECTIVE": 1369612800000, "EXPIRE": null, "RCL_UID": "urn:emergency:uid:gis:RCL:63114:ngesi.maine.gov", "L_ADD_PRE": "", "L_ADD_FROM": 2, "L_ADD_TO": 48, "R_ADD_PRE": "", "R_ADD_FROM": 1, "R_ADD_TO": 47, "LPARITY": "E", "RPARITY": "O", "ST_PREMOD": "", "ST_PREDIR": "West", "ST_PRETYP": "", "ST_PRESEP": "", "ST_NAME": "Old County", "ST_POSTTYP": "Road", "ST_POSTDIR": "", "ST_POSTMOD": "", "ST_FULLNAME": "West Old County Road", "DIRTRAVEL": null, "PREDIR": "W", "STREETNAME": "Old County", "SUFFIX": "Rd", "POSTDIR": "", "RDNAME": "W Old County Rd", "LESN": "142", "RESN": "142", "LMSAGCOMM": "Newcastle", "RMSAGCOMM": "Newcastle", "LMSAG_CODE": "2315", "RMSAG_CODE": "2315", "LCOUNTRY": "US", "RCOUNTRY": "US", "LSTATE": "ME", "RSTATE": "ME", "LCOUNTY": "Lincoln County", "RCOUNTY": "Lincoln County", "LCITY": "Newcastle", "RCITY": "Newcastle", "L_A4": null, "R_A4": null, "L_A5": null, "R_A5": null, "LPOSTCOMM": "Newcastle", "RPOSTCOMM": "Newcastle", "LZIPCODE": "04553", "RZIPCODE": "04553", "RDCLASS": "Local", "MDOTJURIS": "Townway", "ONEWAY": "B", "SPEED": 35, "LVALID": "N", "RVALID": "N", "TOWN": "Newcastle", "ROUTE_NUM": "", "MAP_LABEL": "W Old County Rd", "SOURCE": "43", "FEET": 1274, "MINUTES": 0.41359601, "PSAP": "Lincoln RCC", "GEONAMEID": 65719, "SEGMENTID": 63114, "MCODE": 440, "LGEOCODE": "15110", "RGEOCODE": "15110", "GC_EXCEPTION": null, "AMUPDDAT": 1743428221000, "AMUPDORG": "es.ngesi.maine.gov", "FMUPDDAT": 1743428221000, "FMUPDORG": "es.ngesi.maine.gov", "CREATDAT": 1267191389000, "CREATORG": "jt.ngesi.maine.gov", "GlobalID": "9d24ddc9-a7bf-4bb6-8635-ec6c03b7ed9c", "Shape__Length": 388.27809110911016}}, {"type": "Feature", "id": 5883, "geometry": {"type": "LineString", "coordinates": [[-69.5483678770263, 44.0266007526905], [-69.5482711113725, 44.0265904039263], [-69.5482453085495, 44.0265879707608], [-69.5482260813511, 44.0265800679515], [-69.5482002660564, 44.0265776348357], [-69.5481810513452, 44.0265697319589], [-69.5479967222637, 44.0264886757524], [-69.5478304379814, 44.0263724552672], [-69.5476372040331, 44.0262904327871], [-69.5474535114933, 44.0261888807844], [-69.5473393944406, 44.0260150035747]]}, "properties": {"OBJECTID": 5883, "SOURCE_OF_DATA": "ngesi.maine.gov", "DATEUPDATE": 1702054301000, "EFFECTIVE": 1369612800000, "EXPIRE": null, "RCL_UID": "urn:emergency:uid:gis:RCL:62259:ngesi.maine.gov", "L_ADD_PRE": "", "L_ADD_FROM": 2, "L_ADD_TO": 10, "R_ADD_PRE": "", "R_ADD_FROM": 1, "R_ADD_TO": 9, "LPARITY": "E", "RPARITY": "O", "ST_PREMOD": "", "ST_PREDIR": "", "ST_PRETYP": "", "ST_PRESEP": "", "ST_NAME": "Swallow Hill", "ST_POSTTYP": "Road", "ST_POSTDIR": "", "ST_POSTMOD": "", "ST_FULLNAME": "Swallow Hill Road", "DIRTRAVEL": null, "PREDIR": "", "STREETNAME": "Swallow Hill", "SUFFIX": "Rd", "POSTDIR": "", "RDNAME": "Swallow Hill Rd", "LESN": "142", "RESN": "142", "LMSAGCOMM": "Newcastle", "RMSAGCOMM": "Newcastle", "LMSAG_CODE": "2315", "RMSAG_CODE": "2315", "LCOUNTRY": "US", "RCOUNTRY": "US", "LSTATE": "ME", "RSTATE": "ME", "LCOUNTY": "Lincoln County", "RCOUNTY": "Lincoln County", "LCITY": "Newcastle", "RCITY": "Newcastle", "L_A4": null, "R_A4": null, "L_A5": null, "R_A5": null, "LPOSTCOMM": "Newcastle", "RPOSTCOMM": "Newcastle", "LZIPCODE": "04553", "RZIPCODE": "04553", "RDCLASS": "Private", "MDOTJURIS": "Private", "ONEWAY": "B", "SPEED": 25, "LVALID": "N", "RVALID": "N", "TOWN": "Newcastle", "ROUTE_NUM": "", "MAP_LABEL": "Swallow Hill Rd", "SOURCE": "14", "FEET": 359, "MINUTES": 0.16298444, "PSAP": "Lincoln RCC", "GEONAMEID": 56626, "SEGMENTID": 62259, "MCODE": 440, "LGEOCODE": "15110", "RGEOCODE": "15110", "GC_EXCEPTION": null, "AMUPDDAT": 1702054301000, "AMUPDORG": "es.ngesi.maine.gov", "FMUPDDAT": 1267195486000, "FMUPDORG": "jt.ngesi.maine.gov", "CREATDAT": 1267195486000, "CREATORG": "jt.ngesi.maine.gov", "GlobalID": "3b82516a-59e9-4c6f-ae73-268d76ce40b8", "Shape__Length": 109.29106155268846}}, {"type": "Feature", "id": 5924, "geometry": {"type": "LineString", "coordinates": [[-69.5721792169338, 44.0303414184066], [-69.5721910058109, 44.0303448977231], [-69.5724478532538, 44.0304603498332], [-69.5729266606789, 44.0306590328586], [-69.5735669807559, 44.0308657175518], [-69.5742591887145, 44.031065349265], [-69.5748511408388, 44.0311925713334], [-69.5753424398282, 44.03127497388], [-69.5759425591201, 44.031389436295], [-69.576443499044, 44.0314902425668], [-69.5767924964072, 44.0315967746926], [-69.5769840233498, 44.031664143793]]}, "properties": {"OBJECTID": 5924, "SOURCE_OF_DATA": "ngesi.maine.gov", "DATEUPDATE": 1713900742000, "EFFECTIVE": 1369612800000, "EXPIRE": null, "RCL_UID": "urn:emergency:uid:gis:RCL:63124:ngesi.maine.gov", "L_ADD_PRE": "", "L_ADD_FROM": 90, "L_ADD_TO": 142, "R_ADD_PRE": "", "R_ADD_FROM": 89, "R_ADD_TO": 141, "LPARITY": "E", "RPARITY": "O", "ST_PREMOD": "", "ST_PREDIR": "", "ST_PRETYP": "", "ST_PRESEP": "", "ST_NAME": "Sheepscot", "ST_POSTTYP": "Road", "ST_POSTDIR": "", "ST_POSTMOD": "", "ST_FULLNAME": "Sheepscot Road", "DIRTRAVEL": null, "PREDIR": "", "STREETNAME": "Sheepscot", "SUFFIX": "Rd", "POSTDIR": "", "RDNAME": "Sheepscot Rd", "LESN": "142", "RESN": "142", "LMSAGCOMM": "Newcastle", "RMSAGCOMM": "Newcastle", "LMSAG_CODE": "2315", "RMSAG_CODE": "2315", "LCOUNTRY": "US", "RCOUNTRY": "US", "LSTATE": "ME", "RSTATE": "ME", "LCOUNTY": "Lincoln County", "RCOUNTY": "Lincoln County", "LCITY": "Newcastle", "RCITY": "Newcastle", "L_A4": null, "R_A4": null, "L_A5": null, "R_A5": null, "LPOSTCOMM": "Newcastle", "RPOSTCOMM": "Newcastle", "LZIPCODE": "04553", "RZIPCODE": "04553", "RDCLASS": "Local", "MDOTJURIS": "State Aid", "ONEWAY": "B", "SPEED": 35, "LVALID": "N", "RVALID": "N", "TOWN": "Newcastle", "ROUTE_NUM": "", "MAP_LABEL": "Sheepscot Rd", "SOURCE": "43", "FEET": 1359, "MINUTES": 0.44126955, "PSAP": "Lincoln RCC", "GEONAMEID": 52286, "SEGMENTID": 63124, "MCODE": 440, "LGEOCODE": "15110", "RGEOCODE": "15110", "GC_EXCEPTION": null, "AMUPDDAT": 1713900742000, "AMUPDORG": "es.ngesi.maine.gov", "FMUPDDAT": 1267192615000, "FMUPDORG": "jt.ngesi.maine.gov", "CREATDAT": 1267192615000, "CREATORG": "jt.ngesi.maine.gov", "GlobalID": "cfaa007a-9f50-4363-b60f-10e1750d048c", "Shape__Length": 414.25762588397106}}, {"type": "Feature", "id": 5952, "geometry": {"type": "LineString", "coordinates": [[-69.5334907391987, 44.0351105423555], [-69.5333447117085, 44.035270927164], [-69.5331318854574, 44.0355046864239], [-69.5329409076038, 44.0357144392323], [-69.5325358419977, 44.0361752333232], [-69.5322237469414, 44.0365534185073], [-69.5318867506977, 44.0370475749959]]}, "properties": {"OBJECTID": 5952, "SOURCE_OF_DATA": "ngesi.maine.gov", "DATEUPDATE": 1712318448000, "EFFECTIVE": 1369612800000, "EXPIRE": null, "RCL_UID": "urn:emergency:uid:gis:RCL:93058:ngesi.maine.gov", "L_ADD_PRE": "", "L_ADD_FROM": 24, "L_ADD_TO": 54, "R_ADD_PRE": "", "R_ADD_FROM": 23, "R_ADD_TO": 53, "LPARITY": "E", "RPARITY": "O", "ST_PREMOD": "", "ST_PREDIR": "", "ST_PRETYP": "", "ST_PRESEP": "", "ST_NAME": "Glidden", "ST_POSTTYP": "Street", "ST_POSTDIR": "", "ST_POSTMOD": "", "ST_FULLNAME": "Glidden Street", "DIRTRAVEL": null, "PREDIR": "", "STREETNAME": "Glidden", "SUFFIX": "St", "POSTDIR": "", "RDNAME": "Glidden St", "LESN": "142", "RESN": "142", "LMSAGCOMM": "Newcastle", "RMSAGCOMM": "Newcastle", "LMSAG_CODE": "2315", "RMSAG_CODE": "2315", "LCOUNTRY": "US", "RCOUNTRY": "US", "LSTATE": "ME", "RSTATE": "ME", "LCOUNTY": "Lincoln County", "RCOUNTY": "Lincoln County", "LCITY": "Newcastle", "RCITY": "Newcastle", "L_A4": null, "R_A4": null, "L_A5": null, "R_A5": null, "LPOSTCOMM": "Newcastle", "RPOSTCOMM": "Newcastle", "LZIPCODE": "04553", "RZIPCODE": "04553", "RDCLASS": "Local", "MDOTJURIS": "Townway", "ONEWAY": "B", "SPEED": 35, "LVALID": "N", "RVALID": "N", "TOWN": "Newcastle", "ROUTE_NUM": "", "MAP_LABEL": "Glidden St", "SOURCE": "43", "FEET": 823, "MINUTES": 0.26727055, "PSAP": "Lincoln RCC", "GEONAMEID": 21955, "SEGMENTID": 93058, "MCODE": 440, "LGEOCODE": "15110", "RGEOCODE": "15110", "GC_EXCEPTION": null, "AMUPDDAT": 1712318448000, "AMUPDORG": "es.ngesi.maine.gov", "FMUPDDAT": 1267199672000, "FMUPDORG": "jt.ngesi.maine.gov", "CREATDAT": 1267199672000, "CREATORG": "jt.ngesi.maine.gov", "GlobalID": "784cbc70-85f8-4c2b-89f6-714833b00f15", "Shape__Length": 250.90981730707242}}, {"type": "Feature", "id": 5959, "geometry": {"type": "LineString", "coordinates": [[-69.538518156588, 44.0763011986896], [-69.5385649180371, 44.0765535229942], [-69.5386224937255, 44.076724441776], [-69.5386860549905, 44.0768571489828], [-69.5387600660074, 44.0769632829283], [-69.538862692266, 44.0770903497621], [-69.5389387112784, 44.0771809793068]]}, "properties": {"OBJECTID": 5959, "SOURCE_OF_DATA": "ngesi.maine.gov", "DATEUPDATE": 1724354643000, "EFFECTIVE": 1369612800000, "EXPIRE": null, "RCL_UID": "urn:emergency:uid:gis:RCL:63085:ngesi.maine.gov", "L_ADD_PRE": "", "L_ADD_FROM": 364, "L_ADD_TO": 376, "R_ADD_PRE": "", "R_ADD_FROM": 363, "R_ADD_TO": 375, "LPARITY": "E", "RPARITY": "O", "ST_PREMOD": "", "ST_PREDIR": "", "ST_PRETYP": "", "ST_PRESEP": "", "ST_NAME": "Pond", "ST_POSTTYP": "Road", "ST_POSTDIR": "", "ST_POSTMOD": "", "ST_FULLNAME": "Pond Road", "DIRTRAVEL": null, "PREDIR": "", "STREETNAME": "Pond", "SUFFIX": "Rd", "POSTDIR": "", "RDNAME": "Pond Rd", "LESN": "142", "RESN": "142", "LMSAGCOMM": "Newcastle", "RMSAGCOMM": "Newcastle", "LMSAG_CODE": "2315", "RMSAG_CODE": "2315", "LCOUNTRY": "US", "RCOUNTRY": "US", "LSTATE": "ME", "RSTATE": "ME", "LCOUNTY": "Lincoln County", "RCOUNTY": "Lincoln County", "LCITY": "Newcastle", "RCITY": "Newcastle", "L_A4": null, "R_A4": null, "L_A5": null, "R_A5": null, "LPOSTCOMM": "Newcastle", "RPOSTCOMM": "Newcastle", "LZIPCODE": "04553", "RZIPCODE": "04553", "RDCLASS": "Secondary", "MDOTJURIS": "State Aid", "ONEWAY": "B", "SPEED": 45, "LVALID": "N", "RVALID": "N", "TOWN": "Newcastle", "ROUTE_NUM": "215", "MAP_LABEL": "Pond Rd - Route 215", "SOURCE": "43", "FEET": 343, "MINUTES": 0.08673877, "PSAP": "Lincoln RCC", "GEONAMEID": 45744, "SEGMENTID": 63085, "MCODE": 440, "LGEOCODE": "15110", "RGEOCODE": "15110", "GC_EXCEPTION": null, "AMUPDDAT": 1724354643000, "AMUPDORG": "es.ngesi.maine.gov", "FMUPDDAT": 1267181526000, "FMUPDORG": "jt.ngesi.maine.gov", "CREATDAT": 1267181526000, "CREATORG": "jt.ngesi.maine.gov", "GlobalID": "33b09dde-b6bf-4851-a636-781ebe285aa5", "Shape__Length": 104.69459968847234}}, {"type": "Feature", "id": 5990, "geometry": {"type": "LineString", "coordinates": [[-69.5380174858049, 44.0641398379344], [-69.5376210541667, 44.0639972715891], [-69.5373103597768, 44.0639090773493], [-69.5370179684299, 44.0637915802111], [-69.5369807360205, 44.063768265347], [-69.5369512992054, 44.0637412674579], [-69.5369211825758, 44.0637136515214], [-69.5368959029646, 44.0636838070143], [-69.5368747365693, 44.0636531598776], [-69.5368636471272, 44.063618431864], [-69.5368586730631, 44.0635833870047], [-69.5368697344065, 44.0635390203063], [-69.5368799287457, 44.0634981960158], [-69.5369026488004, 44.0634589874944], [-69.5369389844341, 44.0634259363284], [-69.5369777348642, 44.0633906769722], [-69.5370550786148, 44.0633359419143], [-69.5371482161859, 44.0632949077491], [-69.5372397744136, 44.0632614978087], [-69.5374400836418, 44.0631725655188], [-69.5376077334391, 44.0630662209303], [-69.5377810436748, 44.0629562751014], [-69.5379539064811, 44.0628466282265], [-69.538122286839, 44.0627398112609]]}, "properties": {"OBJECTID": 5990, "SOURCE_OF_DATA": "ngesi.maine.gov", "DATEUPDATE": 1605571200000, "EFFECTIVE": 1369612800000, "EXPIRE": null, "RCL_UID": "urn:emergency:uid:gis:RCL:61097:ngesi.maine.gov", "L_ADD_PRE": "", "L_ADD_FROM": 2, "L_ADD_TO": 24, "R_ADD_PRE": "", "R_ADD_FROM": 1, "R_ADD_TO": 23, "LPARITY": "E", "RPARITY": "O", "ST_PREMOD": "", "ST_PREDIR": "", "ST_PRETYP": "", "ST_PRESEP": "", "ST_NAME": "Cottage", "ST_POSTTYP": "Road", "ST_POSTDIR": "", "ST_POSTMOD": "", "ST_FULLNAME": "Cottage Road", "DIRTRAVEL": null, "PREDIR": "", "STREETNAME": "Cottage", "SUFFIX": "Rd", "POSTDIR": "", "RDNAME": "Cottage Rd", "LESN": "142", "RESN": "142", "LMSAGCOMM": "Newcastle", "RMSAGCOMM": "Newcastle", "LMSAG_CODE": "2315", "RMSAG_CODE": "2315", "LCOUNTRY": "US", "RCOUNTRY": "US", "LSTATE": "ME", "RSTATE": "ME", "LCOUNTY": "Lincoln County", "RCOUNTY": "Lincoln County", "LCITY": "Newcastle", "RCITY": "Newcastle", "L_A4": null, "R_A4": null, "L_A5": null, "R_A5": null, "LPOSTCOMM": "Newcastle", "RPOSTCOMM": "Newcastle", "LZIPCODE": "04553", "RZIPCODE": "04553", "RDCLASS": "Private", "MDOTJURIS": "Private", "ONEWAY": "B", "SPEED": 25, "LVALID": "N", "RVALID": "N", "TOWN": "Newcastle", "ROUTE_NUM": "", "MAP_LABEL": "Cottage Rd", "SOURCE": "14", "FEET": 845, "MINUTES": 0.38403999, "PSAP": "Lincoln RCC", "GEONAMEID": 12892, "SEGMENTID": 61097, "MCODE": 440, "LGEOCODE": "15110", "RGEOCODE": "15110", "GC_EXCEPTION": null, "AMUPDDAT": 1661442014000, "AMUPDORG": "es.ngesi.maine.gov", "FMUPDDAT": 1661439711000, "FMUPDORG": "es.ngesi.maine.gov", "CREATDAT": 1158624000000, "CREATORG": "bw.ngesi.maine.gov", "GlobalID": "72125848-e951-41f6-96ce-89514d9b70ad", "Shape__Length": 257.5218552362806}}, {"type": "Feature", "id": 6002, "geometry": {"type": "LineString", "coordinates": [[-69.5450340594787, 44.0301143567181], [-69.5449887766774, 44.0300194692871], [-69.5449450596553, 44.0299837720494], [-69.5447744810098, 44.0299522721246], [-69.5444932581636, 44.029897098011], [-69.5436478954732, 44.0297684216908]]}, "properties": {"OBJECTID": 6002, "SOURCE_OF_DATA": "ngesi.maine.gov", "DATEUPDATE": 1711979903000, "EFFECTIVE": 1369612800000, "EXPIRE": null, "RCL_UID": "urn:emergency:uid:gis:RCL:93064:ngesi.maine.gov", "L_ADD_PRE": "", "L_ADD_FROM": 18, "L_ADD_TO": 42, "R_ADD_PRE": "", "R_ADD_FROM": 19, "R_ADD_TO": 41, "LPARITY": "E", "RPARITY": "O", "ST_PREMOD": "", "ST_PREDIR": "", "ST_PRETYP": "", "ST_PRESEP": "", "ST_NAME": "Liberty", "ST_POSTTYP": "Street", "ST_POSTDIR": "", "ST_POSTMOD": "", "ST_FULLNAME": "Liberty Street", "DIRTRAVEL": null, "PREDIR": "", "STREETNAME": "Liberty", "SUFFIX": "St", "POSTDIR": "", "RDNAME": "Liberty St", "LESN": "142", "RESN": "142", "LMSAGCOMM": "Newcastle", "RMSAGCOMM": "Newcastle", "LMSAG_CODE": "2315", "RMSAG_CODE": "2315", "LCOUNTRY": "US", "RCOUNTRY": "US", "LSTATE": "ME", "RSTATE": "ME", "LCOUNTY": "Lincoln County", "RCOUNTY": "Lincoln County", "LCITY": "Newcastle", "RCITY": "Newcastle", "L_A4": null, "R_A4": null, "L_A5": null, "R_A5": null, "LPOSTCOMM": "Newcastle", "RPOSTCOMM": "Newcastle", "LZIPCODE": "04553", "RZIPCODE": "04553", "RDCLASS": "Local", "MDOTJURIS": "Townway", "ONEWAY": "B", "SPEED": 35, "LVALID": "N", "RVALID": "N", "TOWN": "Newcastle", "ROUTE_NUM": "", "MAP_LABEL": "Liberty St", "SOURCE": "43", "FEET": 404, "MINUTES": 0.13116604, "PSAP": "Lincoln RCC", "GEONAMEID": 32564, "SEGMENTID": 93064, "MCODE": 440, "LGEOCODE": "15110", "RGEOCODE": "15110", "GC_EXCEPTION": null, "AMUPDDAT": 1711979903000, "AMUPDORG": "es.ngesi.maine.gov", "FMUPDDAT": 1711979902000, "FMUPDORG": "es.ngesi.maine.gov", "CREATDAT": 1516963618000, "CREATORG": "es.ngesi.maine.gov", "GlobalID": "fffbb373-4c70-4177-ba78-fc9db0aeb860", "Shape__Length": 123.13682165605613}}, {"type": "Feature", "id": 6078, "geometry": {"type": "LineString", "coordinates": [[-69.5338625572125, 44.0502042268179], [-69.5341977993342, 44.0502613081259], [-69.5347649807278, 44.0503333381707], [-69.5351306348372, 44.0504029872171], [-69.5355418727744, 44.050521787174], [-69.536316192855, 44.0508147816388], [-69.5368485586065, 44.0510035049841], [-69.5372192525976, 44.051089996057], [-69.5375425895171, 44.0511065991378], [-69.5381068354686, 44.0510778241344], [-69.5383773748423, 44.0510649622307], [-69.5386165455467, 44.0511088610554], [-69.5392642647533, 44.0513548221959], [-69.5396166965976, 44.0514807095954], [-69.5399917938572, 44.0515468141425], [-69.5401443094613, 44.0515375129509], [-69.5403956045645, 44.0514948729159], [-69.5406949179726, 44.0514145418792], [-69.5407564746979, 44.0513816131648], [-69.5407952451412, 44.051345542041]]}, "properties": {"OBJECTID": 6078, "SOURCE_OF_DATA": "ngesi.maine.gov", "DATEUPDATE": 1729859194000, "EFFECTIVE": 1369612800000, "EXPIRE": null, "RCL_UID": "urn:emergency:uid:gis:RCL:63102:ngesi.maine.gov", "L_ADD_PRE": "", "L_ADD_FROM": 2, "L_ADD_TO": 76, "R_ADD_PRE": "", "R_ADD_FROM": 1, "R_ADD_TO": 75, "LPARITY": "E", "RPARITY": "O", "ST_PREMOD": "", "ST_PREDIR": "", "ST_PRETYP": "", "ST_PRESEP": "", "ST_NAME": "Stonebridge", "ST_POSTTYP": "Circle", "ST_POSTDIR": "", "ST_POSTMOD": "", "ST_FULLNAME": "Stonebridge Circle", "DIRTRAVEL": null, "PREDIR": "", "STREETNAME": "Stonebridge", "SUFFIX": "Cir", "POSTDIR": "", "RDNAME": "Stonebridge Cir", "LESN": "142", "RESN": "142", "LMSAGCOMM": "Newcastle", "RMSAGCOMM": "Newcastle", "LMSAG_CODE": "2315", "RMSAG_CODE": "2315", "LCOUNTRY": "US", "RCOUNTRY": "US", "LSTATE": "ME", "RSTATE": "ME", "LCOUNTY": "Lincoln County", "RCOUNTY": "Lincoln County", "LCITY": "Newcastle", "RCITY": "Newcastle", "L_A4": null, "R_A4": null, "L_A5": null, "R_A5": null, "LPOSTCOMM": "Newcastle", "RPOSTCOMM": "Newcastle", "LZIPCODE": "04553", "RZIPCODE": "04553", "RDCLASS": "Local", "MDOTJURIS": "Townway", "ONEWAY": "B", "SPEED": 35, "LVALID": "N", "RVALID": "N", "TOWN": "Newcastle", "ROUTE_NUM": "", "MAP_LABEL": "Stonebridge Cir", "SOURCE": "43", "FEET": 1942, "MINUTES": 0.63046205, "PSAP": "Lincoln RCC", "GEONAMEID": 55520, "SEGMENTID": 63102, "MCODE": 440, "LGEOCODE": "15110", "RGEOCODE": "15110", "GC_EXCEPTION": null, "AMUPDDAT": 1729859194000, "AMUPDORG": "es.ngesi.maine.gov", "FMUPDDAT": 1662021217000, "FMUPDORG": "es.ngesi.maine.gov", "CREATDAT": 1267184051000, "CREATORG": "jt.ngesi.maine.gov", "GlobalID": "92d5bdb3-5443-4e87-b988-1dd45ae6b92c", "Shape__Length": 591.8688683683787}}, {"type": "Feature", "id": 6100, "geometry": {"type": "LineString", "coordinates": [[-69.538518156588, 44.0763011986896], [-69.5384096051928, 44.0763771405911], [-69.538149945969, 44.0764649854489], [-69.5378858413241, 44.0765102466652], [-69.5376297147534, 44.0764890878302], [-69.5373623768372, 44.0764627952077], [-69.5370703014784, 44.0764271466964], [-69.5367741263537, 44.0763952260913], [-69.5364349662995, 44.0763883468704], [-69.5361292372183, 44.0763895658658], [-69.5358545816125, 44.0763895308908], [-69.5354728117377, 44.0763801116276], [-69.5350537757701, 44.0763014585833], [-69.5346585405805, 44.07629170351], [-69.5343211530599, 44.0762804700903], [-69.5340344620147, 44.0761474981358], [-69.5333141320118, 44.075692843035], [-69.5325627711697, 44.0751092285483], [-69.5324495845502, 44.0750212168652], [-69.5321916222018, 44.074911344086], [-69.5320276852893, 44.0748863039226], [-69.5317664258616, 44.0748808577299], [-69.5315013855502, 44.074902267604], [-69.5311956560684, 44.0749542524579], [-69.5308814460455, 44.0750201771181], [-69.5305883114213, 44.0750674110604], [-69.5304741347436, 44.0750863171492], [-69.5299786874648, 44.0751815133573], [-69.5295395147686, 44.0750739155811]]}, "properties": {"OBJECTID": 6100, "SOURCE_OF_DATA": "ngesi.maine.gov", "DATEUPDATE": 1703181771000, "EFFECTIVE": 1369612800000, "EXPIRE": null, "RCL_UID": "urn:emergency:uid:gis:RCL:60823:ngesi.maine.gov", "L_ADD_PRE": "", "L_ADD_FROM": 2, "L_ADD_TO": 104, "R_ADD_PRE": "", "R_ADD_FROM": 1, "R_ADD_TO": 103, "LPARITY": "E", "RPARITY": "O", "ST_PREMOD": "", "ST_PREDIR": "", "ST_PRETYP": "", "ST_PRESEP": "", "ST_NAME": "Waltz", "ST_POSTTYP": "Lane", "ST_POSTDIR": "", "ST_POSTMOD": "", "ST_FULLNAME": "Waltz Lane", "DIRTRAVEL": null, "PREDIR": "", "STREETNAME": "Waltz", "SUFFIX": "Ln", "POSTDIR": "", "RDNAME": "Waltz Ln", "LESN": "142", "RESN": "142", "LMSAGCOMM": "Newcastle", "RMSAGCOMM": "Newcastle", "LMSAG_CODE": "2315", "RMSAG_CODE": "2315", "LCOUNTRY": "US", "RCOUNTRY": "US", "LSTATE": "ME", "RSTATE": "ME", "LCOUNTY": "Lincoln County", "RCOUNTY": "Lincoln County", "LCITY": "Newcastle", "RCITY": "Newcastle", "L_A4": null, "R_A4": null, "L_A5": null, "R_A5": null, "LPOSTCOMM": "Newcastle", "RPOSTCOMM": "Newcastle", "LZIPCODE": "04553", "RZIPCODE": "04553", "RDCLASS": "Private", "MDOTJURIS": "Private", "ONEWAY": "B", "SPEED": 25, "LVALID": "N", "RVALID": "N", "TOWN": "Newcastle", "ROUTE_NUM": "", "MAP_LABEL": "Waltz Ln", "SOURCE": "2", "FEET": 2601, "MINUTES": 1.18227971, "PSAP": "Lincoln RCC", "GEONAMEID": 60924, "SEGMENTID": 60823, "MCODE": 440, "LGEOCODE": "15110", "RGEOCODE": "15110", "GC_EXCEPTION": null, "AMUPDDAT": 1703181771000, "AMUPDORG": "es.ngesi.maine.gov", "FMUPDDAT": 1267181536000, "FMUPDORG": "jt.ngesi.maine.gov", "CREATDAT": 1267181536000, "CREATORG": "jt.ngesi.maine.gov", "GlobalID": "fc5b645a-6c59-4687-9ba5-cd924c90ab52", "Shape__Length": 792.7910696264231}}, {"type": "Feature", "id": 6102, "geometry": {"type": "LineString", "coordinates": [[-69.6106915310893, 44.0461766884277], [-69.6108611310785, 44.0457272853665], [-69.6110593334777, 44.0451329450192], [-69.6112661228587, 44.0445194890772], [-69.6114601411222, 44.044022740403], [-69.6115997780972, 44.0436490891861], [-69.6117092270284, 44.0433562160723]]}, "properties": {"OBJECTID": 6102, "SOURCE_OF_DATA": "ngesi.maine.gov", "DATEUPDATE": 1712841440000, "EFFECTIVE": 1369612800000, "EXPIRE": null, "RCL_UID": "urn:emergency:uid:gis:RCL:63113:ngesi.maine.gov", "L_ADD_PRE": "", "L_ADD_FROM": 62, "L_ADD_TO": 104, "R_ADD_PRE": "", "R_ADD_FROM": 61, "R_ADD_TO": 103, "LPARITY": "E", "RPARITY": "O", "ST_PREMOD": "", "ST_PREDIR": "", "ST_PRETYP": "", "ST_PRESEP": "", "ST_NAME": "The Kings", "ST_POSTTYP": "Highway", "ST_POSTDIR": "", "ST_POSTMOD": "", "ST_FULLNAME": "The Kings Highway", "DIRTRAVEL": null, "PREDIR": "", "STREETNAME": "The Kings", "SUFFIX": "Hwy", "POSTDIR": "", "RDNAME": "The Kings Hwy", "LESN": "142", "RESN": "142", "LMSAGCOMM": "Newcastle", "RMSAGCOMM": "Newcastle", "LMSAG_CODE": "2315", "RMSAG_CODE": "2315", "LCOUNTRY": "US", "RCOUNTRY": "US", "LSTATE": "ME", "RSTATE": "ME", "LCOUNTY": "Lincoln County", "RCOUNTY": "Lincoln County", "LCITY": "Newcastle", "RCITY": "Newcastle", "L_A4": null, "R_A4": null, "L_A5": null, "R_A5": null, "LPOSTCOMM": "Newcastle", "RPOSTCOMM": "Newcastle", "LZIPCODE": "04553", "RZIPCODE": "04553", "RDCLASS": "Local", "MDOTJURIS": "Townway", "ONEWAY": "B", "SPEED": 35, "LVALID": "N", "RVALID": "N", "TOWN": "Newcastle", "ROUTE_NUM": "", "MAP_LABEL": "The Kings Hwy", "SOURCE": "43", "FEET": 1062, "MINUTES": 0.34486025, "PSAP": "Lincoln RCC", "GEONAMEID": 57514, "SEGMENTID": 63113, "MCODE": 440, "LGEOCODE": "15110", "RGEOCODE": "15110", "GC_EXCEPTION": null, "AMUPDDAT": 1712841440000, "AMUPDORG": "es.ngesi.maine.gov", "FMUPDDAT": 1267190849000, "FMUPDORG": "jt.ngesi.maine.gov", "CREATDAT": 1267190849000, "CREATORG": "jt.ngesi.maine.gov", "GlobalID": "35b9f33a-2a92-49a0-acc8-62c2814a215d", "Shape__Length": 323.74993688028684}}, {"type": "Feature", "id": 6160, "geometry": {"type": "LineString", "coordinates": [[-69.5389434545817, 44.0719189315286], [-69.538842468721, 44.0718849699125], [-69.5387222896299, 44.0717836183454], [-69.5386594151657, 44.071635160882], [-69.5385500600842, 44.0714893263925], [-69.5383581761345, 44.0713740780615], [-69.5381664774648, 44.0712350956096], [-69.5380420167231, 44.0711088421121], [-69.53785079599, 44.0710031513926], [-69.5376526158605, 44.0709024899806], [-69.5374213732366, 44.0708326582856], [-69.5372263106893, 44.0707796904081], [-69.5369585028989, 44.0707413794949], [-69.5366998651489, 44.0707587558366], [-69.5365154838046, 44.0707738922004], [-69.5362906549834, 44.0707724628327], [-69.5360284844596, 44.0707761780939], [-69.5358535423194, 44.0707634936572], [-69.5356502261183, 44.0707962650301], [-69.5354469260502, 44.0708613221073], [-69.535206035411, 44.0709691049226], [-69.5350249500126, 44.071041097828], [-69.5348397930079, 44.0711158465352], [-69.534658965344, 44.0711971471529], [-69.5341928788185, 44.0714200993645], [-69.5340503372879, 44.0714805932417], [-69.5338792424267, 44.0715334954664], [-69.533687432647, 44.0715491841733], [-69.5333070316036, 44.0715677067704], [-69.5331065207703, 44.0715489791631], [-69.5329731795602, 44.0715299558866], [-69.5328643801028, 44.0714695194668], [-69.5327333375927, 44.0713907117148], [-69.5325994785662, 44.0713459227273], [-69.5325121482613, 44.071355333186], [-69.5323564202711, 44.07139657415], [-69.5322060885495, 44.0714589117059], [-69.5318956201737, 44.0715569818508], [-69.5317862961239, 44.0716107727919], [-69.5316851544338, 44.0716356066781], [-69.5316176114738, 44.071637442554], [-69.5315540563743, 44.0716244042513], [-69.5315054273038, 44.0716075150549], [-69.5314127516988, 44.0715639015956]]}, "properties": {"OBJECTID": 6160, "SOURCE_OF_DATA": "ngesi.maine.gov", "DATEUPDATE": 1740150359000, "EFFECTIVE": 1369612800000, "EXPIRE": null, "RCL_UID": "urn:emergency:uid:gis:RCL:60893:ngesi.maine.gov", "L_ADD_PRE": "", "L_ADD_FROM": 2, "L_ADD_TO": 92, "R_ADD_PRE": "", "R_ADD_FROM": 1, "R_ADD_TO": 91, "LPARITY": "E", "RPARITY": "O", "ST_PREMOD": "", "ST_PREDIR": "", "ST_PRETYP": "", "ST_PRESEP": "", "ST_NAME": "Libby", "ST_POSTTYP": "Road", "ST_POSTDIR": "", "ST_POSTMOD": "", "ST_FULLNAME": "Libby Road", "DIRTRAVEL": null, "PREDIR": "", "STREETNAME": "Libby", "SUFFIX": "Rd", "POSTDIR": "", "RDNAME": "Libby Rd", "LESN": "142", "RESN": "142", "LMSAGCOMM": "Newcastle", "RMSAGCOMM": "Newcastle", "LMSAG_CODE": "2315", "RMSAG_CODE": "2315", "LCOUNTRY": "US", "RCOUNTRY": "US", "LSTATE": "ME", "RSTATE": "ME", "LCOUNTY": "Lincoln County", "RCOUNTY": "Lincoln County", "LCITY": "Newcastle", "RCITY": "Newcastle", "L_A4": null, "R_A4": null, "L_A5": null, "R_A5": null, "LPOSTCOMM": "Newcastle", "RPOSTCOMM": "Newcastle", "LZIPCODE": "04553", "RZIPCODE": "04553", "RDCLASS": "Private", "MDOTJURIS": "Private", "ONEWAY": "B", "SPEED": 25, "LVALID": "N", "RVALID": "N", "TOWN": "Newcastle", "ROUTE_NUM": "", "MAP_LABEL": "Libby Rd", "SOURCE": "2", "FEET": 2294, "MINUTES": 1.04269912, "PSAP": "Lincoln RCC", "GEONAMEID": 32486, "SEGMENTID": 60893, "MCODE": 440, "LGEOCODE": "15110", "RGEOCODE": "15110", "GC_EXCEPTION": null, "AMUPDDAT": 1740150359000, "AMUPDORG": "es.ngesi.maine.gov", "FMUPDDAT": 1740150359000, "FMUPDORG": "es.ngesi.maine.gov", "CREATDAT": 1267181733000, "CREATORG": "jt.ngesi.maine.gov", "GlobalID": "6462aad5-a60c-4fde-8969-0c3210725191", "Shape__Length": 699.1937194719743}}, {"type": "Feature", "id": 6168, "geometry": {"type": "LineString", "coordinates": [[-69.5334942861192, 44.0530648197614], [-69.5334698184648, 44.0532053782607], [-69.5334701781388, 44.0532690847363]]}, "properties": {"OBJECTID": 6168, "SOURCE_OF_DATA": "ngesi.maine.gov", "DATEUPDATE": 1605571200000, "EFFECTIVE": 1369612800000, "EXPIRE": null, "RCL_UID": "urn:emergency:uid:gis:RCL:127283:ngesi.maine.gov", "L_ADD_PRE": "", "L_ADD_FROM": 298, "L_ADD_TO": 300, "R_ADD_PRE": "", "R_ADD_FROM": 297, "R_ADD_TO": 299, "LPARITY": "E", "RPARITY": "O", "ST_PREMOD": "", "ST_PREDIR": "", "ST_PRETYP": "", "ST_PRESEP": "", "ST_NAME": "Academy", "ST_POSTTYP": "Hill", "ST_POSTDIR": "", "ST_POSTMOD": "", "ST_FULLNAME": "Academy Hill", "DIRTRAVEL": null, "PREDIR": "", "STREETNAME": "Academy", "SUFFIX": "Hl", "POSTDIR": "", "RDNAME": "Academy Hl", "LESN": "142", "RESN": "142", "LMSAGCOMM": "Newcastle", "RMSAGCOMM": "Newcastle", "LMSAG_CODE": "2315", "RMSAG_CODE": "2315", "LCOUNTRY": "US", "RCOUNTRY": "US", "LSTATE": "ME", "RSTATE": "ME", "LCOUNTY": "Lincoln County", "RCOUNTY": "Lincoln County", "LCITY": "Newcastle", "RCITY": "Newcastle", "L_A4": null, "R_A4": null, "L_A5": null, "R_A5": null, "LPOSTCOMM": "Newcastle", "RPOSTCOMM": "Newcastle", "LZIPCODE": "04553", "RZIPCODE": "04553", "RDCLASS": "Local", "MDOTJURIS": "Townway", "ONEWAY": "B", "SPEED": 35, "LVALID": "N", "RVALID": "N", "TOWN": "Newcastle", "ROUTE_NUM": "", "MAP_LABEL": "Academy Hl", "SOURCE": "43", "FEET": 75, "MINUTES": 0.02429801, "PSAP": "Lincoln RCC", "GEONAMEID": 324, "SEGMENTID": 127283, "MCODE": 440, "LGEOCODE": "15110", "RGEOCODE": "15110", "GC_EXCEPTION": null, "AMUPDDAT": 1590710400000, "AMUPDORG": "jr.ngesi.maine.gov", "FMUPDDAT": 1314888107000, "FMUPDORG": "es.ngesi.maine.gov", "CREATDAT": 1314888107000, "CREATORG": "es.ngesi.maine.gov", "GlobalID": "3f592aeb-6a2a-4aa2-90b8-61ed01a87bae", "Shape__Length": 22.810584985342082}}, {"type": "Feature", "id": 6190, "geometry": {"type": "LineString", "coordinates": [[-69.5309156598436, 44.0938547782424], [-69.5307703517515, 44.0938232394182], [-69.530562780455, 44.093777665244], [-69.530341143407, 44.093764297947], [-69.5301375700261, 44.0937438688051]]}, "properties": {"OBJECTID": 6190, "SOURCE_OF_DATA": "ngesi.maine.gov", "DATEUPDATE": 1703181771000, "EFFECTIVE": 1369612800000, "EXPIRE": null, "RCL_UID": "urn:emergency:uid:gis:RCL:61615:ngesi.maine.gov", "L_ADD_PRE": "", "L_ADD_FROM": 2, "L_ADD_TO": 8, "R_ADD_PRE": "", "R_ADD_FROM": 1, "R_ADD_TO": 7, "LPARITY": "E", "RPARITY": "O", "ST_PREMOD": "", "ST_PREDIR": "", "ST_PRETYP": "", "ST_PRESEP": "", "ST_NAME": "Stafford", "ST_POSTTYP": "Circle", "ST_POSTDIR": "", "ST_POSTMOD": "", "ST_FULLNAME": "Stafford Circle", "DIRTRAVEL": null, "PREDIR": "", "STREETNAME": "Stafford", "SUFFIX": "Cir", "POSTDIR": "", "RDNAME": "Stafford Cir", "LESN": "142", "RESN": "142", "LMSAGCOMM": "Newcastle", "RMSAGCOMM": "Newcastle", "LMSAG_CODE": "2315", "RMSAG_CODE": "2315", "LCOUNTRY": "US", "RCOUNTRY": "US", "LSTATE": "ME", "RSTATE": "ME", "LCOUNTY": "Lincoln County", "RCOUNTY": "Lincoln County", "LCITY": "Newcastle", "RCITY": "Newcastle", "L_A4": null, "R_A4": null, "L_A5": null, "R_A5": null, "LPOSTCOMM": "Newcastle", "RPOSTCOMM": "Newcastle", "LZIPCODE": "04553", "RZIPCODE": "04553", "RDCLASS": "Private", "MDOTJURIS": "Private", "ONEWAY": "B", "SPEED": 25, "LVALID": "N", "RVALID": "N", "TOWN": "Newcastle", "ROUTE_NUM": "", "MAP_LABEL": "Stafford Cir", "SOURCE": "2", "FEET": 209, "MINUTES": 0.09510678, "PSAP": "Lincoln RCC", "GEONAMEID": 54713, "SEGMENTID": 61615, "MCODE": 440, "LGEOCODE": "15110", "RGEOCODE": "15110", "GC_EXCEPTION": null, "AMUPDDAT": 1703181771000, "AMUPDORG": "es.ngesi.maine.gov", "FMUPDDAT": 1271068075000, "FMUPDORG": "jt.ngesi.maine.gov", "CREATDAT": 1271068075000, "CREATORG": "jt.ngesi.maine.gov", "GlobalID": "c2adb7a8-2458-45b5-a42e-43c9334d45a4", "Shape__Length": 63.77492924280331}}, {"type": "Feature", "id": 6222, "geometry": {"type": "LineString", "coordinates": [[-69.5959806316556, 44.0491454965754], [-69.595934049725, 44.0491410307672], [-69.594995768273, 44.049083806375], [-69.5928374212813, 44.0488521319119], [-69.5923348544036, 44.0487771741085], [-69.5920041659796, 44.0487032773664], [-69.591741237544, 44.0486483140606], [-69.5915389461126, 44.0486103047736], [-69.5912049185525, 44.0486008514615], [-69.590745826489, 44.0485665642194], [-69.5902143922874, 44.0485331710645], [-69.5863947380922, 44.048123051925]]}, "properties": {"OBJECTID": 6222, "SOURCE_OF_DATA": "ngesi.maine.gov", "DATEUPDATE": 1605571200000, "EFFECTIVE": 1369612800000, "EXPIRE": null, "RCL_UID": "urn:emergency:uid:gis:RCL:127289:ngesi.maine.gov", "L_ADD_PRE": "", "L_ADD_FROM": 102, "L_ADD_TO": 196, "R_ADD_PRE": "", "R_ADD_FROM": 101, "R_ADD_TO": 195, "LPARITY": "E", "RPARITY": "O", "ST_PREMOD": "", "ST_PREDIR": "West", "ST_PRETYP": "", "ST_PRESEP": "", "ST_NAME": "Old County", "ST_POSTTYP": "Road", "ST_POSTDIR": "", "ST_POSTMOD": "", "ST_FULLNAME": "West Old County Road", "DIRTRAVEL": null, "PREDIR": "W", "STREETNAME": "Old County", "SUFFIX": "Rd", "POSTDIR": "", "RDNAME": "W Old County Rd", "LESN": "142", "RESN": "142", "LMSAGCOMM": "Newcastle", "RMSAGCOMM": "Newcastle", "LMSAG_CODE": "2315", "RMSAG_CODE": "2315", "LCOUNTRY": "US", "RCOUNTRY": "US", "LSTATE": "ME", "RSTATE": "ME", "LCOUNTY": "Lincoln County", "RCOUNTY": "Lincoln County", "LCITY": "Newcastle", "RCITY": "Newcastle", "L_A4": null, "R_A4": null, "L_A5": null, "R_A5": null, "LPOSTCOMM": "Newcastle", "RPOSTCOMM": "Newcastle", "LZIPCODE": "04553", "RZIPCODE": "04553", "RDCLASS": "Local", "MDOTJURIS": "Townway", "ONEWAY": "B", "SPEED": 35, "LVALID": "N", "RVALID": "N", "TOWN": "Newcastle", "ROUTE_NUM": "", "MAP_LABEL": "W Old County Rd", "SOURCE": "43", "FEET": 2550, "MINUTES": 0.82808321, "PSAP": "Lincoln RCC", "GEONAMEID": 65719, "SEGMENTID": 127289, "MCODE": 440, "LGEOCODE": "15110", "RGEOCODE": "15110", "GC_EXCEPTION": null, "AMUPDDAT": 1590710400000, "AMUPDORG": "jr.ngesi.maine.gov", "FMUPDDAT": 1314888496000, "FMUPDORG": "es.ngesi.maine.gov", "CREATDAT": 1314888496000, "CREATORG": "es.ngesi.maine.gov", "GlobalID": "51da9b33-4f1a-4225-9fde-ea3c5b1efa15", "Shape__Length": 777.3912662221146}}, {"type": "Feature", "id": 6239, "geometry": {"type": "LineString", "coordinates": [[-69.5731230547265, 44.0945752959433], [-69.5734998559985, 44.0944017292726], [-69.5737933051757, 44.0941920804412]]}, "properties": {"OBJECTID": 6239, "SOURCE_OF_DATA": "ngesi.maine.gov", "DATEUPDATE": 1724868686000, "EFFECTIVE": 1369612800000, "EXPIRE": null, "RCL_UID": "urn:emergency:uid:gis:RCL:63073:ngesi.maine.gov", "L_ADD_PRE": "", "L_ADD_FROM": 138, "L_ADD_TO": 146, "R_ADD_PRE": "", "R_ADD_FROM": 137, "R_ADD_TO": 145, "LPARITY": "E", "RPARITY": "O", "ST_PREMOD": "", "ST_PREDIR": "", "ST_PRETYP": "", "ST_PRESEP": "", "ST_NAME": "Hassan", "ST_POSTTYP": "Avenue", "ST_POSTDIR": "", "ST_POSTMOD": "", "ST_FULLNAME": "Hassan Avenue", "DIRTRAVEL": null, "PREDIR": "", "STREETNAME": "Hassan", "SUFFIX": "Ave", "POSTDIR": "", "RDNAME": "Hassan Ave", "LESN": "142", "RESN": "142", "LMSAGCOMM": "Newcastle", "RMSAGCOMM": "Newcastle", "LMSAG_CODE": "2315", "RMSAG_CODE": "2315", "LCOUNTRY": "US", "RCOUNTRY": "US", "LSTATE": "ME", "RSTATE": "ME", "LCOUNTY": "Lincoln County", "RCOUNTY": "Lincoln County", "LCITY": "Newcastle", "RCITY": "Newcastle", "L_A4": null, "R_A4": null, "L_A5": null, "R_A5": null, "LPOSTCOMM": "Newcastle", "RPOSTCOMM": "Newcastle", "LZIPCODE": "04553", "RZIPCODE": "04553", "RDCLASS": "Local", "MDOTJURIS": "Townway", "ONEWAY": "B", "SPEED": 35, "LVALID": "N", "RVALID": "N", "TOWN": "Newcastle", "ROUTE_NUM": "", "MAP_LABEL": "Hassan Ave", "SOURCE": "43", "FEET": 226, "MINUTES": 0.07336443, "PSAP": "Lincoln RCC", "GEONAMEID": 24705, "SEGMENTID": 63073, "MCODE": 440, "LGEOCODE": "15110", "RGEOCODE": "15110", "GC_EXCEPTION": null, "AMUPDDAT": 1724868686000, "AMUPDORG": "es.ngesi.maine.gov", "FMUPDDAT": 1267177166000, "FMUPDORG": "jt.ngesi.maine.gov", "CREATDAT": 1267177166000, "CREATORG": "jt.ngesi.maine.gov", "GlobalID": "2914d599-ab96-46ba-a36e-c41866d3b7fe", "Shape__Length": 68.87348984813548}}, {"type": "Feature", "id": 6317, "geometry": {"type": "LineString", "coordinates": [[-69.5501907272915, 44.0249377754526], [-69.5502699204657, 44.0248495473435], [-69.5502711915408, 44.0247414547163], [-69.5502734108222, 44.0245524164358], [-69.5502294494402, 44.0243701460679], [-69.550161226463, 44.0241347370474], [-69.550093231937, 44.0239590558216]]}, "properties": {"OBJECTID": 6317, "SOURCE_OF_DATA": "ngesi.maine.gov", "DATEUPDATE": 1703181771000, "EFFECTIVE": 1369612800000, "EXPIRE": null, "RCL_UID": "urn:emergency:uid:gis:RCL:74104:ngesi.maine.gov", "L_ADD_PRE": "", "L_ADD_FROM": 24, "L_ADD_TO": 34, "R_ADD_PRE": "", "R_ADD_FROM": 23, "R_ADD_TO": 33, "LPARITY": "E", "RPARITY": "O", "ST_PREMOD": "", "ST_PREDIR": "", "ST_PRETYP": "", "ST_PRESEP": "", "ST_NAME": "Robinson", "ST_POSTTYP": "Road", "ST_POSTDIR": "", "ST_POSTMOD": "", "ST_FULLNAME": "Robinson Road", "DIRTRAVEL": null, "PREDIR": "", "STREETNAME": "Robinson", "SUFFIX": "Rd", "POSTDIR": "", "RDNAME": "Robinson Rd", "LESN": "142", "RESN": "142", "LMSAGCOMM": "Newcastle", "RMSAGCOMM": "Newcastle", "LMSAG_CODE": "2315", "RMSAG_CODE": "2315", "LCOUNTRY": "US", "RCOUNTRY": "US", "LSTATE": "ME", "RSTATE": "ME", "LCOUNTY": "Lincoln County", "RCOUNTY": "Lincoln County", "LCITY": "Newcastle", "RCITY": "Newcastle", "L_A4": null, "R_A4": null, "L_A5": null, "R_A5": null, "LPOSTCOMM": "Newcastle", "RPOSTCOMM": "Newcastle", "LZIPCODE": "04553", "RZIPCODE": "04553", "RDCLASS": "Private", "MDOTJURIS": "Private", "ONEWAY": "B", "SPEED": 25, "LVALID": "N", "RVALID": "N", "TOWN": "Newcastle", "ROUTE_NUM": "", "MAP_LABEL": "Robinson Rd", "SOURCE": "2", "FEET": 368, "MINUTES": 0.16732347, "PSAP": "Lincoln RCC", "GEONAMEID": 48964, "SEGMENTID": 74104, "MCODE": 440, "LGEOCODE": "15110", "RGEOCODE": "15110", "GC_EXCEPTION": null, "AMUPDDAT": 1703181771000, "AMUPDORG": "es.ngesi.maine.gov", "FMUPDDAT": 1295348986000, "FMUPDORG": "jt.ngesi.maine.gov", "CREATDAT": 1295348986000, "CREATORG": "jt.ngesi.maine.gov", "GlobalID": "7dde80f6-b34c-4744-acfc-dcd153130a78", "Shape__Length": 112.2006496460695}}, {"type": "Feature", "id": 6318, "geometry": {"type": "LineString", "coordinates": [[-69.6079671835875, 44.0451026682207], [-69.6080250234096, 44.0451243287757], [-69.6080808399481, 44.0451531938041], [-69.6081581300859, 44.0452092878977], [-69.6082574364713, 44.0452638962103], [-69.6085381034431, 44.0455749914511], [-69.6087662150648, 44.0457001302579], [-69.6089672493879, 44.0457785951418], [-69.6091470730619, 44.0458287039417], [-69.6093446794053, 44.0458734416139], [-69.6096497974778, 44.0459425177784], [-69.6099283912799, 44.0460055403745], [-69.6101113937985, 44.046046582246], [-69.6103543257119, 44.046101060914], [-69.6105676128988, 44.0461580473836], [-69.6106915310893, 44.0461766884277]]}, "properties": {"OBJECTID": 6318, "SOURCE_OF_DATA": "ngesi.maine.gov", "DATEUPDATE": 1703181771000, "EFFECTIVE": 1369612800000, "EXPIRE": null, "RCL_UID": "urn:emergency:uid:gis:RCL:61364:ngesi.maine.gov", "L_ADD_PRE": "", "L_ADD_FROM": 2, "L_ADD_TO": 38, "R_ADD_PRE": "", "R_ADD_FROM": 1, "R_ADD_TO": 37, "LPARITY": "E", "RPARITY": "O", "ST_PREMOD": "", "ST_PREDIR": "", "ST_PRETYP": "", "ST_PRESEP": "", "ST_NAME": "Carney", "ST_POSTTYP": "Road", "ST_POSTDIR": "", "ST_POSTMOD": "", "ST_FULLNAME": "Carney Road", "DIRTRAVEL": null, "PREDIR": "", "STREETNAME": "Carney", "SUFFIX": "Rd", "POSTDIR": "", "RDNAME": "Carney Rd", "LESN": "142", "RESN": "142", "LMSAGCOMM": "Newcastle", "RMSAGCOMM": "Newcastle", "LMSAG_CODE": "2315", "RMSAG_CODE": "2315", "LCOUNTRY": "US", "RCOUNTRY": "US", "LSTATE": "ME", "RSTATE": "ME", "LCOUNTY": "Lincoln County", "RCOUNTY": "Lincoln County", "LCITY": "Newcastle", "RCITY": "Newcastle", "L_A4": null, "R_A4": null, "L_A5": null, "R_A5": null, "LPOSTCOMM": "Newcastle", "RPOSTCOMM": "Newcastle", "LZIPCODE": "04553", "RZIPCODE": "04553", "RDCLASS": "Private", "MDOTJURIS": "Private", "ONEWAY": "B", "SPEED": 25, "LVALID": "N", "RVALID": "N", "TOWN": "Newcastle", "ROUTE_NUM": "", "MAP_LABEL": "Carney Rd", "SOURCE": "2", "FEET": 844, "MINUTES": 0.38349601, "PSAP": "Lincoln RCC", "GEONAMEID": 9315, "SEGMENTID": 61364, "MCODE": 440, "LGEOCODE": "15110", "RGEOCODE": "15110", "GC_EXCEPTION": null, "AMUPDDAT": 1703181771000, "AMUPDORG": "es.ngesi.maine.gov", "FMUPDDAT": 1267190673000, "FMUPDORG": "jt.ngesi.maine.gov", "CREATDAT": 1267190673000, "CREATORG": "jt.ngesi.maine.gov", "GlobalID": "adf4bd0c-cf7a-48a6-acca-80abe2134818", "Shape__Length": 257.15760055588544}}, {"type": "Feature", "id": 6358, "geometry": {"type": "LineString", "coordinates": [[-69.5959806316556, 44.0491454965754], [-69.5959667887035, 44.0495140696138], [-69.5959583877236, 44.0496908684972], [-69.5959526133542, 44.0497959774822], [-69.5959466084918, 44.0498781019475], [-69.5959266347877, 44.0499291024378], [-69.5958704012782, 44.0499967142689], [-69.5957419934734, 44.0501320209667], [-69.5956091235696, 44.0502755528897], [-69.5954787059328, 44.050437141727], [-69.5953506416199, 44.0506069202589], [-69.5952946534603, 44.0506991548588]]}, "properties": {"OBJECTID": 6358, "SOURCE_OF_DATA": "ngesi.maine.gov", "DATEUPDATE": 1740152240000, "EFFECTIVE": 1369612800000, "EXPIRE": null, "RCL_UID": "urn:emergency:uid:gis:RCL:127291:ngesi.maine.gov", "L_ADD_PRE": "", "L_ADD_FROM": 2, "L_ADD_TO": 24, "R_ADD_PRE": "", "R_ADD_FROM": 1, "R_ADD_TO": 23, "LPARITY": "E", "RPARITY": "O", "ST_PREMOD": "", "ST_PREDIR": "", "ST_PRETYP": "", "ST_PRESEP": "", "ST_NAME": "Pine Ledge", "ST_POSTTYP": "Drive", "ST_POSTDIR": "", "ST_POSTMOD": "", "ST_FULLNAME": "Pine Ledge Drive", "DIRTRAVEL": null, "PREDIR": "", "STREETNAME": "Pine Ledge", "SUFFIX": "Dr", "POSTDIR": "", "RDNAME": "Pine Ledge Dr", "LESN": "142", "RESN": "142", "LMSAGCOMM": "Newcastle", "RMSAGCOMM": "Newcastle", "LMSAG_CODE": "2315", "RMSAG_CODE": "2315", "LCOUNTRY": "US", "RCOUNTRY": "US", "LSTATE": "ME", "RSTATE": "ME", "LCOUNTY": "Lincoln County", "RCOUNTY": "Lincoln County", "LCITY": "Newcastle", "RCITY": "Newcastle", "L_A4": null, "R_A4": null, "L_A5": null, "R_A5": null, "LPOSTCOMM": "Newcastle", "RPOSTCOMM": "Newcastle", "LZIPCODE": "04553", "RZIPCODE": "04553", "RDCLASS": "Private", "MDOTJURIS": "Private", "ONEWAY": "B", "SPEED": 25, "LVALID": "N", "RVALID": "N", "TOWN": "Newcastle", "ROUTE_NUM": "", "MAP_LABEL": "Pine Ledge Dr", "SOURCE": "14", "FEET": 613, "MINUTES": 0.27866704, "PSAP": "Lincoln RCC", "GEONAMEID": 44836, "SEGMENTID": 127291, "MCODE": 440, "LGEOCODE": "15110", "RGEOCODE": "15110", "GC_EXCEPTION": null, "AMUPDDAT": 1740152240000, "AMUPDORG": "es.ngesi.maine.gov", "FMUPDDAT": 1740152239000, "FMUPDORG": "es.ngesi.maine.gov", "CREATDAT": 1314888540000, "CREATORG": "es.ngesi.maine.gov", "GlobalID": "a17bb5b2-10d4-4cba-a294-fdb7ba7a5c5e", "Shape__Length": 186.86334129081578}}, {"type": "Feature", "id": 6380, "geometry": {"type": "LineString", "coordinates": [[-69.5965239113091, 44.0569618892968], [-69.5964284174518, 44.0569310199845], [-69.5962906525248, 44.0568891799859], [-69.5961145580297, 44.0568434522689], [-69.5959165586084, 44.0568331318811], [-69.5957818503791, 44.0568358511812], [-69.5955570365707, 44.0568893330693], [-69.5953579425325, 44.0569815932071], [-69.5951480880675, 44.0570541195668], [-69.5949009437525, 44.0569897628817], [-69.594718148402, 44.0568095930518], [-69.5945392232781, 44.0566517672418], [-69.5942846104351, 44.0565282416899]]}, "properties": {"OBJECTID": 6380, "SOURCE_OF_DATA": "ngesi.maine.gov", "DATEUPDATE": 1703181771000, "EFFECTIVE": 1369612800000, "EXPIRE": null, "RCL_UID": "urn:emergency:uid:gis:RCL:74100:ngesi.maine.gov", "L_ADD_PRE": "", "L_ADD_FROM": 2, "L_ADD_TO": 30, "R_ADD_PRE": "", "R_ADD_FROM": 1, "R_ADD_TO": 29, "LPARITY": "E", "RPARITY": "O", "ST_PREMOD": "", "ST_PREDIR": "", "ST_PRETYP": "", "ST_PRESEP": "", "ST_NAME": "Paradise", "ST_POSTTYP": "Road", "ST_POSTDIR": "", "ST_POSTMOD": "", "ST_FULLNAME": "Paradise Road", "DIRTRAVEL": null, "PREDIR": "", "STREETNAME": "Paradise", "SUFFIX": "Rd", "POSTDIR": "", "RDNAME": "Paradise Rd", "LESN": "142", "RESN": "142", "LMSAGCOMM": "Newcastle", "RMSAGCOMM": "Newcastle", "LMSAG_CODE": "2315", "RMSAG_CODE": "2315", "LCOUNTRY": "US", "RCOUNTRY": "US", "LSTATE": "ME", "RSTATE": "ME", "LCOUNTY": "Lincoln County", "RCOUNTY": "Lincoln County", "LCITY": "Newcastle", "RCITY": "Newcastle", "L_A4": null, "R_A4": null, "L_A5": null, "R_A5": null, "LPOSTCOMM": "Newcastle", "RPOSTCOMM": "Newcastle", "LZIPCODE": "04553", "RZIPCODE": "04553", "RDCLASS": "Private", "MDOTJURIS": "Private", "ONEWAY": "B", "SPEED": 25, "LVALID": "N", "RVALID": "N", "TOWN": "Newcastle", "ROUTE_NUM": "", "MAP_LABEL": "Paradise Rd", "SOURCE": "2", "FEET": 694, "MINUTES": 0.31565714, "PSAP": "Lincoln RCC", "GEONAMEID": 42896, "SEGMENTID": 74100, "MCODE": 440, "LGEOCODE": "15110", "RGEOCODE": "15110", "GC_EXCEPTION": null, "AMUPDDAT": 1703181771000, "AMUPDORG": "es.ngesi.maine.gov", "FMUPDDAT": 1295347205000, "FMUPDORG": "jt.ngesi.maine.gov", "CREATDAT": 1295347205000, "CREATORG": "jt.ngesi.maine.gov", "GlobalID": "db82d23d-0b08-4964-b731-781e593ae674", "Shape__Length": 211.66747654220168}}, {"type": "Feature", "id": 6404, "geometry": {"type": "LineString", "coordinates": [[-69.5517057359493, 44.0277115381578], [-69.5519168037802, 44.0276662488002], [-69.5522372428019, 44.0276151904646], [-69.552949162144, 44.0275374777996], [-69.5542125153913, 44.0274136185443], [-69.5549421485233, 44.0273438476183], [-69.5554858118971, 44.0272900931284], [-69.5567273508032, 44.0271791600452], [-69.5576423920519, 44.0270982763831], [-69.5583096899381, 44.0270381067448], [-69.5591767956195, 44.0269597318977], [-69.5614067359043, 44.0267412939913], [-69.5624142263704, 44.0266350412688], [-69.5629200231791, 44.0265740279474], [-69.5637712162813, 44.0264559193668], [-69.5642365489828, 44.0263758234761], [-69.564735579826, 44.0262755264473], [-69.5652635319908, 44.0261645411116], [-69.5661145672257, 44.025941795706], [-69.5667186162136, 44.0257755415095]]}, "properties": {"OBJECTID": 6404, "SOURCE_OF_DATA": "ngesi.maine.gov", "DATEUPDATE": 1747321734000, "EFFECTIVE": 1369612800000, "EXPIRE": null, "RCL_UID": "urn:emergency:uid:gis:RCL:63133:ngesi.maine.gov", "L_ADD_PRE": "", "L_ADD_FROM": 482, "L_ADD_TO": 636, "R_ADD_PRE": "", "R_ADD_FROM": 481, "R_ADD_TO": 635, "LPARITY": "E", "RPARITY": "O", "ST_PREMOD": "", "ST_PREDIR": "", "ST_PRETYP": "", "ST_PRESEP": "", "ST_NAME": "Route 1", "ST_POSTTYP": "", "ST_POSTDIR": "", "ST_POSTMOD": "", "ST_FULLNAME": "Route 1", "DIRTRAVEL": null, "PREDIR": "", "STREETNAME": "Route 1", "SUFFIX": "", "POSTDIR": "", "RDNAME": "Route 1", "LESN": "142", "RESN": "142", "LMSAGCOMM": "Newcastle", "RMSAGCOMM": "Newcastle", "LMSAG_CODE": "2315", "RMSAG_CODE": "2315", "LCOUNTRY": "US", "RCOUNTRY": "US", "LSTATE": "ME", "RSTATE": "ME", "LCOUNTY": "Lincoln County", "RCOUNTY": "Lincoln County", "LCITY": "Newcastle", "RCITY": "Newcastle", "L_A4": null, "R_A4": null, "L_A5": null, "R_A5": null, "LPOSTCOMM": "Newcastle", "RPOSTCOMM": "Newcastle", "LZIPCODE": "04553", "RZIPCODE": "04553", "RDCLASS": "Secondary", "MDOTJURIS": "State Highway", "ONEWAY": "B", "SPEED": 45, "LVALID": "N", "RVALID": "N", "TOWN": "Newcastle", "ROUTE_NUM": "1", "MAP_LABEL": "Route 1 - Route 1", "SOURCE": "43", "FEET": 4021, "MINUTES": 1.01543088, "PSAP": "Lincoln RCC", "GEONAMEID": 49703, "SEGMENTID": 63133, "MCODE": 440, "LGEOCODE": "15110", "RGEOCODE": "15110", "GC_EXCEPTION": null, "AMUPDDAT": 1747321734000, "AMUPDORG": "jr.ngesi.maine.gov", "FMUPDDAT": 1267195421000, "FMUPDORG": "jt.ngesi.maine.gov", "CREATDAT": 1267195421000, "CREATORG": "jt.ngesi.maine.gov", "GlobalID": "7a183e66-1093-4fc6-b004-ce6823450802", "Shape__Length": 1225.6356487668866}}, {"type": "Feature", "id": 6420, "geometry": {"type": "LineString", "coordinates": [[-69.5301375700261, 44.0937438688051], [-69.5299559128375, 44.0938637899038], [-69.5297228612929, 44.0939712092787], [-69.5294777755469, 44.0940516919065], [-69.5292090394083, 44.0941376405545], [-69.5289329351095, 44.0942491831914], [-69.5286585258133, 44.0943716113685], [-69.5283820256214, 44.094440334573], [-69.5280924674393, 44.0945621201833], [-69.5280229879947, 44.0947760727832], [-69.5280379123201, 44.0949636876108], [-69.5281185687124, 44.0951815919745], [-69.5282078771853, 44.0953595174207], [-69.5282954639947, 44.0955544850861], [-69.5282724587595, 44.0957404655693], [-69.5281307034301, 44.0959596681941], [-69.5279260225518, 44.0961525205223], [-69.527765110828, 44.0963560193272], [-69.5278033537447, 44.0965415906922], [-69.528158272139, 44.0965670235414], [-69.5285556000346, 44.0966536078903], [-69.5289090203905, 44.0966972771119]]}, "properties": {"OBJECTID": 6420, "SOURCE_OF_DATA": "ngesi.maine.gov", "DATEUPDATE": 1703181771000, "EFFECTIVE": 1369612800000, "EXPIRE": null, "RCL_UID": "urn:emergency:uid:gis:RCL:62059:ngesi.maine.gov", "L_ADD_PRE": "", "L_ADD_FROM": 10, "L_ADD_TO": 76, "R_ADD_PRE": "", "R_ADD_FROM": 9, "R_ADD_TO": 75, "LPARITY": "E", "RPARITY": "O", "ST_PREMOD": "", "ST_PREDIR": "", "ST_PRETYP": "", "ST_PRESEP": "", "ST_NAME": "Stafford", "ST_POSTTYP": "Circle", "ST_POSTDIR": "", "ST_POSTMOD": "", "ST_FULLNAME": "Stafford Circle", "DIRTRAVEL": null, "PREDIR": "", "STREETNAME": "Stafford", "SUFFIX": "Cir", "POSTDIR": "", "RDNAME": "Stafford Cir", "LESN": "142", "RESN": "142", "LMSAGCOMM": "Newcastle", "RMSAGCOMM": "Newcastle", "LMSAG_CODE": "2315", "RMSAG_CODE": "2315", "LCOUNTRY": "US", "RCOUNTRY": "US", "LSTATE": "ME", "RSTATE": "ME", "LCOUNTY": "Lincoln County", "RCOUNTY": "Lincoln County", "LCITY": "Newcastle", "RCITY": "Newcastle", "L_A4": null, "R_A4": null, "L_A5": null, "R_A5": null, "LPOSTCOMM": "Newcastle", "RPOSTCOMM": "Newcastle", "LZIPCODE": "04553", "RZIPCODE": "04553", "RDCLASS": "Private", "MDOTJURIS": "Private", "ONEWAY": "B", "SPEED": 25, "LVALID": "N", "RVALID": "N", "TOWN": "Newcastle", "ROUTE_NUM": "", "MAP_LABEL": "Stafford Cir", "SOURCE": "2", "FEET": 1688, "MINUTES": 0.76710193, "PSAP": "Lincoln RCC", "GEONAMEID": 54713, "SEGMENTID": 62059, "MCODE": 440, "LGEOCODE": "15110", "RGEOCODE": "15110", "GC_EXCEPTION": null, "AMUPDDAT": 1703181771000, "AMUPDORG": "es.ngesi.maine.gov", "FMUPDDAT": 1271068103000, "FMUPDORG": "jt.ngesi.maine.gov", "CREATDAT": 1271068103000, "CREATORG": "jt.ngesi.maine.gov", "GlobalID": "9cd1d87a-235a-42b5-b965-20bc2faac897", "Shape__Length": 514.3888990137011}}, {"type": "Feature", "id": 6425, "geometry": {"type": "LineString", "coordinates": [[-69.5326593290831, 44.0892629106495], [-69.5326655797707, 44.0895682663704], [-69.5326711034885, 44.0897564287752]]}, "properties": {"OBJECTID": 6425, "SOURCE_OF_DATA": "ngesi.maine.gov", "DATEUPDATE": 1605571200000, "EFFECTIVE": 1369612800000, "EXPIRE": null, "RCL_UID": "urn:emergency:uid:gis:RCL:64668:ngesi.maine.gov", "L_ADD_PRE": "", "L_ADD_FROM": 194, "L_ADD_TO": 200, "R_ADD_PRE": "", "R_ADD_FROM": 193, "R_ADD_TO": 199, "LPARITY": "E", "RPARITY": "O", "ST_PREMOD": "", "ST_PREDIR": "", "ST_PRETYP": "", "ST_PRESEP": "", "ST_NAME": "Bunker Hill", "ST_POSTTYP": "Road", "ST_POSTDIR": "", "ST_POSTMOD": "", "ST_FULLNAME": "Bunker Hill Road", "DIRTRAVEL": null, "PREDIR": "", "STREETNAME": "Bunker Hill", "SUFFIX": "Rd", "POSTDIR": "", "RDNAME": "Bunker Hill Rd", "LESN": "142", "RESN": "142", "LMSAGCOMM": "Newcastle", "RMSAGCOMM": "Newcastle", "LMSAG_CODE": "2315", "RMSAG_CODE": "2315", "LCOUNTRY": "US", "RCOUNTRY": "US", "LSTATE": "ME", "RSTATE": "ME", "LCOUNTY": "Lincoln County", "RCOUNTY": "Lincoln County", "LCITY": "Newcastle", "RCITY": "Newcastle", "L_A4": null, "R_A4": null, "L_A5": null, "R_A5": null, "LPOSTCOMM": "Newcastle", "RPOSTCOMM": "Newcastle", "LZIPCODE": "04553", "RZIPCODE": "04553", "RDCLASS": "Secondary", "MDOTJURIS": "State Aid", "ONEWAY": "B", "SPEED": 45, "LVALID": "N", "RVALID": "N", "TOWN": "Newcastle", "ROUTE_NUM": "213", "MAP_LABEL": "Bunker Hill Rd - Route 213", "SOURCE": "43", "FEET": 180, "MINUTES": 0.04542175, "PSAP": "Lincoln RCC", "GEONAMEID": 8165, "SEGMENTID": 64668, "MCODE": 440, "LGEOCODE": "15110", "RGEOCODE": "15110", "GC_EXCEPTION": null, "AMUPDDAT": 1590710400000, "AMUPDORG": "jr.ngesi.maine.gov", "FMUPDDAT": 1271067876000, "FMUPDORG": "jt.ngesi.maine.gov", "CREATDAT": 1271067876000, "CREATORG": "jt.ngesi.maine.gov", "GlobalID": "40ec4db0-bc41-42b6-9c1b-3bfd4916893f", "Shape__Length": 54.824418366217074}}, {"type": "Feature", "id": 6445, "geometry": {"type": "LineString", "coordinates": [[-69.5373721392279, 44.0783404572803], [-69.5373176039619, 44.0784086802443], [-69.5369122202643, 44.0789245346307], [-69.5364200583881, 44.079566842218], [-69.536122258882, 44.0799431674659], [-69.5357770320139, 44.0804108104442], [-69.5354066926498, 44.0809211019512], [-69.5350341982557, 44.0814244156919], [-69.5347437449898, 44.0817835604133], [-69.5342743006828, 44.0823572995141], [-69.534102324068, 44.0826071817848], [-69.5339826440907, 44.0828002962321], [-69.5339583062269, 44.0828647930599]]}, "properties": {"OBJECTID": 6445, "SOURCE_OF_DATA": "ngesi.maine.gov", "DATEUPDATE": 1712318448000, "EFFECTIVE": 1369612800000, "EXPIRE": null, "RCL_UID": "urn:emergency:uid:gis:RCL:64665:ngesi.maine.gov", "L_ADD_PRE": "", "L_ADD_FROM": 26, "L_ADD_TO": 96, "R_ADD_PRE": "", "R_ADD_FROM": 25, "R_ADD_TO": 95, "LPARITY": "E", "RPARITY": "O", "ST_PREMOD": "", "ST_PREDIR": "", "ST_PRETYP": "", "ST_PRESEP": "", "ST_NAME": "Bunker Hill", "ST_POSTTYP": "Road", "ST_POSTDIR": "", "ST_POSTMOD": "", "ST_FULLNAME": "Bunker Hill Road", "DIRTRAVEL": null, "PREDIR": "", "STREETNAME": "Bunker Hill", "SUFFIX": "Rd", "POSTDIR": "", "RDNAME": "Bunker Hill Rd", "LESN": "142", "RESN": "142", "LMSAGCOMM": "Newcastle", "RMSAGCOMM": "Newcastle", "LMSAG_CODE": "2315", "RMSAG_CODE": "2315", "LCOUNTRY": "US", "RCOUNTRY": "US", "LSTATE": "ME", "RSTATE": "ME", "LCOUNTY": "Lincoln County", "RCOUNTY": "Lincoln County", "LCITY": "Newcastle", "RCITY": "Newcastle", "L_A4": null, "R_A4": null, "L_A5": null, "R_A5": null, "LPOSTCOMM": "Newcastle", "RPOSTCOMM": "Newcastle", "LZIPCODE": "04553", "RZIPCODE": "04553", "RDCLASS": "Secondary", "MDOTJURIS": "State Aid", "ONEWAY": "B", "SPEED": 45, "LVALID": "N", "RVALID": "N", "TOWN": "Newcastle", "ROUTE_NUM": "213", "MAP_LABEL": "Bunker Hill Rd - Route 213", "SOURCE": "43", "FEET": 1878, "MINUTES": 0.47427016, "PSAP": "Lincoln RCC", "GEONAMEID": 8165, "SEGMENTID": 64665, "MCODE": 440, "LGEOCODE": "15110", "RGEOCODE": "15110", "GC_EXCEPTION": null, "AMUPDDAT": 1712318448000, "AMUPDORG": "es.ngesi.maine.gov", "FMUPDDAT": 1271067628000, "FMUPDORG": "jt.ngesi.maine.gov", "CREATDAT": 1271067628000, "CREATORG": "jt.ngesi.maine.gov", "GlobalID": "ce43242b-ff26-4c76-9368-c040328e2c45", "Shape__Length": 572.4490237239402}}, {"type": "Feature", "id": 6452, "geometry": {"type": "LineString", "coordinates": [[-69.5409971289276, 44.0377057360129], [-69.5409790135388, 44.0378079747906], [-69.5408614382667, 44.0379581865695], [-69.5405402725592, 44.0383332590653], [-69.54021900917, 44.0386829143969], [-69.540082392682, 44.0388642772357], [-69.539943840625, 44.0390524916639], [-69.539754670479, 44.0395575688569], [-69.5395852212572, 44.0400424298843], [-69.5393385930252, 44.0407263247273], [-69.5391995745035, 44.0410537514704], [-69.5390319218333, 44.041361901722], [-69.5388071212983, 44.0416983669177], [-69.5386295367012, 44.0419825242221], [-69.538420717087, 44.0422414207553], [-69.5380681643796, 44.042577108884], [-69.5380453251239, 44.0425994369068]]}, "properties": {"OBJECTID": 6452, "SOURCE_OF_DATA": "ngesi.maine.gov", "DATEUPDATE": 1702499355000, "EFFECTIVE": 1369612800000, "EXPIRE": null, "RCL_UID": "urn:emergency:uid:gis:RCL:63156:ngesi.maine.gov", "L_ADD_PRE": "", "L_ADD_FROM": 60, "L_ADD_TO": 136, "R_ADD_PRE": "", "R_ADD_FROM": 59, "R_ADD_TO": 135, "LPARITY": "E", "RPARITY": "O", "ST_PREMOD": "", "ST_PREDIR": "", "ST_PRETYP": "", "ST_PRESEP": "", "ST_NAME": "Academy", "ST_POSTTYP": "Hill", "ST_POSTDIR": "", "ST_POSTMOD": "", "ST_FULLNAME": "Academy Hill", "DIRTRAVEL": null, "PREDIR": "", "STREETNAME": "Academy", "SUFFIX": "Hl", "POSTDIR": "", "RDNAME": "Academy Hl", "LESN": "142", "RESN": "142", "LMSAGCOMM": "Newcastle", "RMSAGCOMM": "Newcastle", "LMSAG_CODE": "2315", "RMSAG_CODE": "2315", "LCOUNTRY": "US", "RCOUNTRY": "US", "LSTATE": "ME", "RSTATE": "ME", "LCOUNTY": "Lincoln County", "RCOUNTY": "Lincoln County", "LCITY": "Newcastle", "RCITY": "Newcastle", "L_A4": null, "R_A4": null, "L_A5": null, "R_A5": null, "LPOSTCOMM": "Newcastle", "RPOSTCOMM": "Newcastle", "LZIPCODE": "04553", "RZIPCODE": "04553", "RDCLASS": "Local", "MDOTJURIS": "Townway", "ONEWAY": "B", "SPEED": 35, "LVALID": "N", "RVALID": "N", "TOWN": "Newcastle", "ROUTE_NUM": "", "MAP_LABEL": "Academy Hl", "SOURCE": "43", "FEET": 1965, "MINUTES": 0.63799302, "PSAP": "Lincoln RCC", "GEONAMEID": 324, "SEGMENTID": 63156, "MCODE": 440, "LGEOCODE": "15110", "RGEOCODE": "15110", "GC_EXCEPTION": null, "AMUPDDAT": 1702499355000, "AMUPDORG": "es.ngesi.maine.gov", "FMUPDDAT": 1268055160000, "FMUPDORG": "jt.ngesi.maine.gov", "CREATDAT": 1268055160000, "CREATORG": "jt.ngesi.maine.gov", "GlobalID": "ae001ae9-1b55-4388-9ae9-2355e029d622", "Shape__Length": 598.93883784402}}, {"type": "Feature", "id": 6483, "geometry": {"type": "LineString", "coordinates": [[-69.6012533998031, 44.0492813812735], [-69.6011788704277, 44.049155023367], [-69.6011600035095, 44.0490015063486], [-69.6011780643081, 44.0486952231167], [-69.6012730541033, 44.0484120429619], [-69.6018017854547, 44.0471349963703], [-69.6020738140605, 44.0465476926471], [-69.6022143005609, 44.0462453376507]]}, "properties": {"OBJECTID": 6483, "SOURCE_OF_DATA": "ngesi.maine.gov", "DATEUPDATE": 1711392884000, "EFFECTIVE": 1369612800000, "EXPIRE": null, "RCL_UID": "urn:emergency:uid:gis:RCL:63115:ngesi.maine.gov", "L_ADD_PRE": "", "L_ADD_FROM": 2, "L_ADD_TO": 48, "R_ADD_PRE": "", "R_ADD_FROM": 1, "R_ADD_TO": 47, "LPARITY": "E", "RPARITY": "O", "ST_PREMOD": "", "ST_PREDIR": "", "ST_PRETYP": "", "ST_PRESEP": "", "ST_NAME": "Chase Farm", "ST_POSTTYP": "Road", "ST_POSTDIR": "", "ST_POSTMOD": "", "ST_FULLNAME": "Chase Farm Road", "DIRTRAVEL": null, "PREDIR": "", "STREETNAME": "Chase Farm", "SUFFIX": "Rd", "POSTDIR": "", "RDNAME": "Chase Farm Rd", "LESN": "142", "RESN": "142", "LMSAGCOMM": "Newcastle", "RMSAGCOMM": "Newcastle", "LMSAG_CODE": "2315", "RMSAG_CODE": "2315", "LCOUNTRY": "US", "RCOUNTRY": "US", "LSTATE": "ME", "RSTATE": "ME", "LCOUNTY": "Lincoln County", "RCOUNTY": "Lincoln County", "LCITY": "Newcastle", "RCITY": "Newcastle", "L_A4": null, "R_A4": null, "L_A5": null, "R_A5": null, "LPOSTCOMM": "Newcastle", "RPOSTCOMM": "Newcastle", "LZIPCODE": "04553", "RZIPCODE": "04553", "RDCLASS": "Local", "MDOTJURIS": "Townway", "ONEWAY": "B", "SPEED": 35, "LVALID": "N", "RVALID": "N", "TOWN": "Newcastle", "ROUTE_NUM": "", "MAP_LABEL": "Chase Farm Rd", "SOURCE": "43", "FEET": 1152, "MINUTES": 0.37389848, "PSAP": "Lincoln RCC", "GEONAMEID": 10553, "SEGMENTID": 63115, "MCODE": 440, "LGEOCODE": "15110", "RGEOCODE": "15110", "GC_EXCEPTION": null, "AMUPDDAT": 1711392884000, "AMUPDORG": "es.ngesi.maine.gov", "FMUPDDAT": 1267191406000, "FMUPDORG": "jt.ngesi.maine.gov", "CREATDAT": 1267191406000, "CREATORG": "jt.ngesi.maine.gov", "GlobalID": "ec61cc75-2874-444d-8ad3-b53f04fb7af3", "Shape__Length": 351.0106124772631}}, {"type": "Feature", "id": 6511, "geometry": {"type": "LineString", "coordinates": [[-69.5786876519096, 44.0920516613673], [-69.5788029390696, 44.0922818962456], [-69.5789211300115, 44.0925190128496], [-69.5790973577738, 44.0928543498063], [-69.5792796992234, 44.0931592691703], [-69.5794627074392, 44.0934376069607], [-69.5796089182569, 44.0936549443817], [-69.5798151622022, 44.0939316421328], [-69.5800096649005, 44.0941789311512], [-69.5802039293197, 44.0943965730168], [-69.5803445970963, 44.0945435134328], [-69.5805698924715, 44.0947365439402], [-69.5808299956977, 44.0949450448541], [-69.5811231212101, 44.0951562942868]]}, "properties": {"OBJECTID": 6511, "SOURCE_OF_DATA": "ngesi.maine.gov", "DATEUPDATE": 1605571200000, "EFFECTIVE": 1369612800000, "EXPIRE": null, "RCL_UID": "urn:emergency:uid:gis:RCL:63071:ngesi.maine.gov", "L_ADD_PRE": "", "L_ADD_FROM": 512, "L_ADD_TO": 564, "R_ADD_PRE": "", "R_ADD_FROM": 511, "R_ADD_TO": 563, "LPARITY": "E", "RPARITY": "O", "ST_PREMOD": "", "ST_PREDIR": "", "ST_PRETYP": "", "ST_PRESEP": "", "ST_NAME": "Jones Woods", "ST_POSTTYP": "Road", "ST_POSTDIR": "", "ST_POSTMOD": "", "ST_FULLNAME": "Jones Woods Road", "DIRTRAVEL": null, "PREDIR": "", "STREETNAME": "Jones Woods", "SUFFIX": "Rd", "POSTDIR": "", "RDNAME": "Jones Woods Rd", "LESN": "142", "RESN": "142", "LMSAGCOMM": "Newcastle", "RMSAGCOMM": "Newcastle", "LMSAG_CODE": "2315", "RMSAG_CODE": "2315", "LCOUNTRY": "US", "RCOUNTRY": "US", "LSTATE": "ME", "RSTATE": "ME", "LCOUNTY": "Lincoln County", "RCOUNTY": "Lincoln County", "LCITY": "Newcastle", "RCITY": "Newcastle", "L_A4": null, "R_A4": null, "L_A5": null, "R_A5": null, "LPOSTCOMM": "Newcastle", "RPOSTCOMM": "Newcastle", "LZIPCODE": "04553", "RZIPCODE": "04553", "RDCLASS": "Secondary", "MDOTJURIS": "State Aid", "ONEWAY": "B", "SPEED": 45, "LVALID": "N", "RVALID": "N", "TOWN": "Newcastle", "ROUTE_NUM": "194", "MAP_LABEL": "Jones Woods Rd - Route 194", "SOURCE": "43", "FEET": 1313, "MINUTES": 0.33164201, "PSAP": "Lincoln RCC", "GEONAMEID": 29371, "SEGMENTID": 63071, "MCODE": 440, "LGEOCODE": "15110", "RGEOCODE": "15110", "GC_EXCEPTION": null, "AMUPDDAT": 1590710400000, "AMUPDORG": "jr.ngesi.maine.gov", "FMUPDDAT": 1267176783000, "FMUPDORG": "jt.ngesi.maine.gov", "CREATDAT": 1267176783000, "CREATORG": "jt.ngesi.maine.gov", "GlobalID": "87a247e7-40c0-4448-84ea-4840f0682d75", "Shape__Length": 400.2945547708192}}, {"type": "Feature", "id": 6533, "geometry": {"type": "LineString", "coordinates": [[-69.5776511730722, 44.0823301737322], [-69.5774837235683, 44.0822126169857], [-69.577399818219, 44.0821551494219], [-69.5773195638669, 44.0821006344576], [-69.5772116553905, 44.082061402817], [-69.5771764656241, 44.0820493000074], [-69.577141263295, 44.0820371882471], [-69.5771095846371, 44.0820367900628], [-69.5770718349718, 44.0820363054909], [-69.5770340728176, 44.0820358209696], [-69.5769964606248, 44.0820353446818], [-69.5769588608343, 44.0820348593157], [-69.5769213985157, 44.0820343822463], [-69.5768404154496, 44.0820333506195], [-69.5767673770718, 44.0820324228819], [-69.5766966368025, 44.0820417743449], [-69.5766208444925, 44.0820517905012], [-69.5765439918646, 44.0820619470085], [-69.5764671392098, 44.0820721034643], [-69.576414851911, 44.0820948576885], [-69.5763598409171, 44.0821188140736], [-69.5763066829436, 44.0821419507819], [-69.5762516717747, 44.0821658981122], [-69.5761984852674, 44.0821938247047], [-69.5761506175706, 44.0822215533859], [-69.5761194426554, 44.0822396092869], [-69.5760951112524, 44.0822536962005], [-69.5760631539205, 44.0822722152031], [-69.5760308040361, 44.0822760246761], [-69.5759923659111, 44.0822805490902], [-69.5759548760213, 44.082284969674], [-69.5759173986152, 44.0822893901826], [-69.575863540304, 44.0822957299338], [-69.5758085774228, 44.0822899206826], [-69.5757517390315, 44.0822839047758], [-69.575701002162, 44.082278542351], [-69.5756501450134, 44.0822581989087], [-69.5756013693603, 44.0822386912732], [-69.5755525936518, 44.0822191746138], [-69.5755058869439, 44.0822004938277], [-69.5754564969572, 44.0821807371305], [-69.5754214404772, 44.0821488527137], [-69.5753911598636, 44.082121310866], [-69.575360879278, 44.08209376901], [-69.5753299309337, 44.0820656272829], [-69.5752989825316, 44.0820374765442], [-69.575278350273, 44.0820002344725], [-69.5752607182396, 44.0819684153236], [-69.5752417767837, 44.081934225876], [-69.5752370054473, 44.0818981193897], [-69.575232234117, 44.0818620129031], [-69.5752268699906, 44.0818214437308], [-69.5752215596677, 44.0817812704352], [-69.5752359709512, 44.0817423753585], [-69.5752503696394, 44.0817034713399], [-69.5752652068469, 44.0816634216836], [-69.575278924501, 44.0816264208004], [-69.5752926295617, 44.0815894109754], [-69.5753067606524, 44.0815512555756], [-69.5753385197154, 44.0815187375449], [-69.5753694376711, 44.0814870700577], [-69.5754003555939, 44.081455402562], [-69.575430432413, 44.0814245856108], [-69.5754727463037, 44.0814024762934], [-69.5755191859289, 44.0813782123793], [-69.575562680302, 44.0813554848529], [-69.5756545718414, 44.0813261931018], [-69.5757430798074, 44.0813034727792], [-69.5758430678045, 44.0812822341021], [-69.5759504247657, 44.0812790189444]]}, "properties": {"OBJECTID": 6533, "SOURCE_OF_DATA": "ngesi.maine.gov", "DATEUPDATE": 1702054301000, "EFFECTIVE": 1369612800000, "EXPIRE": null, "RCL_UID": "urn:emergency:uid:gis:RCL:74095:ngesi.maine.gov", "L_ADD_PRE": "", "L_ADD_FROM": 2, "L_ADD_TO": 40, "R_ADD_PRE": "", "R_ADD_FROM": 1, "R_ADD_TO": 39, "LPARITY": "E", "RPARITY": "O", "ST_PREMOD": "", "ST_PREDIR": "", "ST_PRETYP": "", "ST_PRESEP": "", "ST_NAME": "Wilderness", "ST_POSTTYP": "Road", "ST_POSTDIR": "", "ST_POSTMOD": "", "ST_FULLNAME": "Wilderness Road", "DIRTRAVEL": null, "PREDIR": "", "STREETNAME": "Wilderness", "SUFFIX": "Rd", "POSTDIR": "", "RDNAME": "Wilderness Rd", "LESN": "142", "RESN": "142", "LMSAGCOMM": "Newcastle", "RMSAGCOMM": "Newcastle", "LMSAG_CODE": "2315", "RMSAG_CODE": "2315", "LCOUNTRY": "US", "RCOUNTRY": "US", "LSTATE": "ME", "RSTATE": "ME", "LCOUNTY": "Lincoln County", "RCOUNTY": "Lincoln County", "LCITY": "Newcastle", "RCITY": "Newcastle", "L_A4": null, "R_A4": null, "L_A5": null, "R_A5": null, "LPOSTCOMM": "Newcastle", "RPOSTCOMM": "Newcastle", "LZIPCODE": "04553", "RZIPCODE": "04553", "RDCLASS": "Private", "MDOTJURIS": "Private", "ONEWAY": "B", "SPEED": 25, "LVALID": "N", "RVALID": "N", "TOWN": "Newcastle", "ROUTE_NUM": "", "MAP_LABEL": "Wilderness Rd", "SOURCE": "14", "FEET": 1106, "MINUTES": 0.50275784, "PSAP": "Lincoln RCC", "GEONAMEID": 62783, "SEGMENTID": 74095, "MCODE": 440, "LGEOCODE": "15110", "RGEOCODE": "15110", "GC_EXCEPTION": null, "AMUPDDAT": 1702054301000, "AMUPDORG": "es.ngesi.maine.gov", "FMUPDDAT": 1295346778000, "FMUPDORG": "jt.ngesi.maine.gov", "CREATDAT": 1295346778000, "CREATORG": "jt.ngesi.maine.gov", "GlobalID": "a3de6ee8-ac1e-4457-9c65-eb8259af1a57", "Shape__Length": 337.12997391588016}}, {"type": "Feature", "id": 6573, "geometry": {"type": "LineString", "coordinates": [[-69.598295266181, 44.0791463270196], [-69.5982468415322, 44.079027033856], [-69.5981671159086, 44.0788306106232], [-69.5980811126151, 44.0786122609706], [-69.5980155386659, 44.0784394153888], [-69.5979902768971, 44.0783728596472], [-69.5979684147054, 44.0783152264535], [-69.5978967088461, 44.0781845126516], [-69.5978157412149, 44.0780369209268], [-69.5977118486812, 44.0778898092134], [-69.597621893369, 44.0777624319164], [-69.5975243366382, 44.0776242902551], [-69.5973497333821, 44.0774772869006], [-69.5971842502922, 44.0773379604974], [-69.5970314331431, 44.0772111813883], [-69.5968258129725, 44.077057055574], [-69.5966180199438, 44.0769177602842], [-69.5964472630364, 44.076788949269], [-69.5962458388941, 44.0766369883124], [-69.5961083562152, 44.0765332755967]]}, "properties": {"OBJECTID": 6573, "SOURCE_OF_DATA": "ngesi.maine.gov", "DATEUPDATE": 1703181771000, "EFFECTIVE": 1369612800000, "EXPIRE": null, "RCL_UID": "urn:emergency:uid:gis:RCL:74094:ngesi.maine.gov", "L_ADD_PRE": "", "L_ADD_FROM": 314, "L_ADD_TO": 360, "R_ADD_PRE": "", "R_ADD_FROM": 313, "R_ADD_TO": 359, "LPARITY": "E", "RPARITY": "O", "ST_PREMOD": "", "ST_PREDIR": "North", "ST_PRETYP": "", "ST_PRESEP": "", "ST_NAME": "Dyer Neck", "ST_POSTTYP": "Road", "ST_POSTDIR": "", "ST_POSTMOD": "", "ST_FULLNAME": "North Dyer Neck Road", "DIRTRAVEL": null, "PREDIR": "N", "STREETNAME": "Dyer Neck", "SUFFIX": "Rd", "POSTDIR": "", "RDNAME": "N Dyer Neck Rd", "LESN": "142", "RESN": "142", "LMSAGCOMM": "Newcastle", "RMSAGCOMM": "Newcastle", "LMSAG_CODE": "2315", "RMSAG_CODE": "2315", "LCOUNTRY": "US", "RCOUNTRY": "US", "LSTATE": "ME", "RSTATE": "ME", "LCOUNTY": "Lincoln County", "RCOUNTY": "Lincoln County", "LCITY": "Newcastle", "RCITY": "Newcastle", "L_A4": null, "R_A4": null, "L_A5": null, "R_A5": null, "LPOSTCOMM": "Newcastle", "RPOSTCOMM": "Newcastle", "LZIPCODE": "04553", "RZIPCODE": "04553", "RDCLASS": "Private", "MDOTJURIS": "Private", "ONEWAY": "B", "SPEED": 25, "LVALID": "N", "RVALID": "N", "TOWN": "Newcastle", "ROUTE_NUM": "", "MAP_LABEL": "N Dyer Neck Rd", "SOURCE": "2", "FEET": 1137, "MINUTES": 0.51701555, "PSAP": "Lincoln RCC", "GEONAMEID": 64957, "SEGMENTID": 74094, "MCODE": 440, "LGEOCODE": "15110", "RGEOCODE": "15110", "GC_EXCEPTION": null, "AMUPDDAT": 1703181771000, "AMUPDORG": "es.ngesi.maine.gov", "FMUPDDAT": 1295345511000, "FMUPDORG": "jt.ngesi.maine.gov", "CREATDAT": 1295345511000, "CREATORG": "jt.ngesi.maine.gov", "GlobalID": "02ebf53d-4ddb-4e93-827a-2ee6809724ee", "Shape__Length": 346.690639303248}}, {"type": "Feature", "id": 6590, "geometry": {"type": "LineString", "coordinates": [[-69.5860777798284, 44.0978927602142], [-69.5862806014511, 44.0979816539442], [-69.5869404299831, 44.0983025753173], [-69.58717552377, 44.0984229033723], [-69.5873612269132, 44.0985541178213], [-69.5875229094595, 44.0986781357807], [-69.5877294517417, 44.0988634065453], [-69.5878553324979, 44.099016761012], [-69.5879753509424, 44.0992189345993], [-69.5881133592065, 44.0994625028304], [-69.588255567492, 44.0997137291055], [-69.5883968024334, 44.099933457527], [-69.5885082684883, 44.1001068818947], [-69.5886357920983, 44.1002830504633], [-69.5887968914015, 44.100452041252], [-69.5889826096346, 44.1005976132597], [-69.5891964129952, 44.1007593091515], [-69.5893482000743, 44.1008609301926]]}, "properties": {"OBJECTID": 6590, "SOURCE_OF_DATA": "ngesi.maine.gov", "DATEUPDATE": 1605571200000, "EFFECTIVE": 1369612800000, "EXPIRE": null, "RCL_UID": "urn:emergency:uid:gis:RCL:64657:ngesi.maine.gov", "L_ADD_PRE": "", "L_ADD_FROM": 632, "L_ADD_TO": 684, "R_ADD_PRE": "", "R_ADD_FROM": 631, "R_ADD_TO": 683, "LPARITY": "E", "RPARITY": "O", "ST_PREMOD": "", "ST_PREDIR": "", "ST_PRETYP": "", "ST_PRESEP": "", "ST_NAME": "Jones Woods", "ST_POSTTYP": "Road", "ST_POSTDIR": "", "ST_POSTMOD": "", "ST_FULLNAME": "Jones Woods Road", "DIRTRAVEL": null, "PREDIR": "", "STREETNAME": "Jones Woods", "SUFFIX": "Rd", "POSTDIR": "", "RDNAME": "Jones Woods Rd", "LESN": "142", "RESN": "142", "LMSAGCOMM": "Newcastle", "RMSAGCOMM": "Newcastle", "LMSAG_CODE": "2315", "RMSAG_CODE": "2315", "LCOUNTRY": "US", "RCOUNTRY": "US", "LSTATE": "ME", "RSTATE": "ME", "LCOUNTY": "Lincoln County", "RCOUNTY": "Lincoln County", "LCITY": "Newcastle", "RCITY": "Newcastle", "L_A4": null, "R_A4": null, "L_A5": null, "R_A5": null, "LPOSTCOMM": "Newcastle", "RPOSTCOMM": "Newcastle", "LZIPCODE": "04553", "RZIPCODE": "04553", "RDCLASS": "Secondary", "MDOTJURIS": "State Aid", "ONEWAY": "B", "SPEED": 45, "LVALID": "N", "RVALID": "N", "TOWN": "Newcastle", "ROUTE_NUM": "194", "MAP_LABEL": "Jones Woods Rd - Route 194", "SOURCE": "43", "FEET": 1417, "MINUTES": 0.35775428, "PSAP": "Lincoln RCC", "GEONAMEID": 29371, "SEGMENTID": 64657, "MCODE": 440, "LGEOCODE": "15110", "RGEOCODE": "15110", "GC_EXCEPTION": null, "AMUPDDAT": 1590710400000, "AMUPDORG": "jr.ngesi.maine.gov", "FMUPDDAT": 1271062944000, "FMUPDORG": "jt.ngesi.maine.gov", "CREATDAT": 1271062944000, "CREATORG": "jt.ngesi.maine.gov", "GlobalID": "7935e8fe-9e9e-4569-9dcc-4db2cc3317e9", "Shape__Length": 431.812280781982}}, {"type": "Feature", "id": 6600, "geometry": {"type": "LineString", "coordinates": [[-69.5450500447059, 44.0278470674259], [-69.5450153805778, 44.0278077526434], [-69.5449682550844, 44.027773044032], [-69.5448902787448, 44.0276997946967], [-69.5448365378454, 44.0276621554432], [-69.5447707894459, 44.027629624354], [-69.5447336970222, 44.0276112630948], [-69.5446923802169, 44.0275908151546], [-69.5446225226868, 44.0275823968101], [-69.5445487174894, 44.0275734930444], [-69.5444805612659, 44.0275805254338], [-69.5444115822971, 44.0275876517374], [-69.5443438924834, 44.0276115632978], [-69.5442770411014, 44.0276630123874], [-69.544163065016, 44.0277507177068], [-69.5440154953352, 44.0279406730205]]}, "properties": {"OBJECTID": 6600, "SOURCE_OF_DATA": "ngesi.maine.gov", "DATEUPDATE": 1750063088000, "EFFECTIVE": 1369612800000, "EXPIRE": null, "RCL_UID": "urn:emergency:uid:gis:RCL:93074:ngesi.maine.gov", "L_ADD_PRE": "", "L_ADD_FROM": 32, "L_ADD_TO": 50, "R_ADD_PRE": "", "R_ADD_FROM": 31, "R_ADD_TO": 53, "LPARITY": "E", "RPARITY": "O", "ST_PREMOD": "", "ST_PREDIR": "", "ST_PRETYP": "", "ST_PRESEP": "", "ST_NAME": "Pleasant", "ST_POSTTYP": "Street", "ST_POSTDIR": "", "ST_POSTMOD": "", "ST_FULLNAME": "Pleasant Street", "DIRTRAVEL": null, "PREDIR": "", "STREETNAME": "Pleasant", "SUFFIX": "St", "POSTDIR": "", "RDNAME": "Pleasant St", "LESN": "142", "RESN": "142", "LMSAGCOMM": "Newcastle", "RMSAGCOMM": "Newcastle", "LMSAG_CODE": "2315", "RMSAG_CODE": "2315", "LCOUNTRY": "US", "RCOUNTRY": "US", "LSTATE": "ME", "RSTATE": "ME", "LCOUNTY": "Lincoln County", "RCOUNTY": "Lincoln County", "LCITY": "Newcastle", "RCITY": "Newcastle", "L_A4": null, "R_A4": null, "L_A5": null, "R_A5": null, "LPOSTCOMM": "Newcastle", "RPOSTCOMM": "Newcastle", "LZIPCODE": "04553", "RZIPCODE": "04553", "RDCLASS": "Private", "MDOTJURIS": "Private", "ONEWAY": "B", "SPEED": 25, "LVALID": "N", "RVALID": "N", "TOWN": "Newcastle", "ROUTE_NUM": "", "MAP_LABEL": "Pleasant St", "SOURCE": "14", "FEET": 377, "MINUTES": 0.17154271, "PSAP": "Lincoln RCC", "GEONAMEID": 45355, "SEGMENTID": 93074, "MCODE": 440, "LGEOCODE": "15110", "RGEOCODE": "15110", "GC_EXCEPTION": null, "AMUPDDAT": 1750063088000, "AMUPDORG": "es.ngesi.maine.gov", "FMUPDDAT": 1733775567000, "FMUPDORG": "es.ngesi.maine.gov", "CREATDAT": 1271952027000, "CREATORG": "jt.ngesi.maine.gov", "GlobalID": "e4c94d8e-026d-47b3-b02d-8ec4a96faa50", "Shape__Length": 115.02990677058219}}, {"type": "Feature", "id": 6643, "geometry": {"type": "LineString", "coordinates": [[-69.6129345522437, 44.016826417004], [-69.6129953784092, 44.0169139915214], [-69.6130700879058, 44.0169564651775], [-69.6131842974587, 44.0169880126793], [-69.6134514452671, 44.017021007901], [-69.6136773598115, 44.0170649831141], [-69.6139299966362, 44.0171341050317], [-69.6141658660616, 44.0171996341041], [-69.6145065048919, 44.0172160345582], [-69.6147765398629, 44.0172070910159], [-69.6151117110659, 44.0171942218081], [-69.6152858379458, 44.0171875400285], [-69.6154688938279, 44.0171985557159], [-69.6157763424798, 44.0172170579081], [-69.6158408913372, 44.0172287026227], [-69.6159301274448, 44.0172448149902], [-69.6160098663166, 44.0172944083596], [-69.6160957916562, 44.0174233338596], [-69.6160737769491, 44.0175408217364], [-69.6160258280698, 44.0176744215838], [-69.6158852827355, 44.0178193337396], [-69.6156954102998, 44.018025113859], [-69.6155152784054, 44.0182282481849], [-69.615348417037, 44.0184189850078], [-69.6151781389545, 44.0186136294738], [-69.6149942027668, 44.0188027290361], [-69.6146816731544, 44.0191095742046], [-69.6146576008869, 44.0193229056978], [-69.6147205524077, 44.0195456458011], [-69.6147472212078, 44.0196270916848], [-69.6148264017722, 44.0198047541001], [-69.614899809338, 44.0199694645331]]}, "properties": {"OBJECTID": 6643, "SOURCE_OF_DATA": "ngesi.maine.gov", "DATEUPDATE": 1703181771000, "EFFECTIVE": 1369612800000, "EXPIRE": null, "RCL_UID": "urn:emergency:uid:gis:RCL:61088:ngesi.maine.gov", "L_ADD_PRE": "", "L_ADD_FROM": 204, "L_ADD_TO": 286, "R_ADD_PRE": "", "R_ADD_FROM": 203, "R_ADD_TO": 285, "LPARITY": "E", "RPARITY": "O", "ST_PREMOD": "", "ST_PREDIR": "", "ST_PRETYP": "", "ST_PRESEP": "", "ST_NAME": "Station", "ST_POSTTYP": "Road", "ST_POSTDIR": "", "ST_POSTMOD": "", "ST_FULLNAME": "Station Road", "DIRTRAVEL": null, "PREDIR": "", "STREETNAME": "Station", "SUFFIX": "Rd", "POSTDIR": "", "RDNAME": "Station Rd", "LESN": "142", "RESN": "142", "LMSAGCOMM": "Newcastle", "RMSAGCOMM": "Newcastle", "LMSAG_CODE": "2315", "RMSAG_CODE": "2315", "LCOUNTRY": "US", "RCOUNTRY": "US", "LSTATE": "ME", "RSTATE": "ME", "LCOUNTY": "Lincoln County", "RCOUNTY": "Lincoln County", "LCITY": "Newcastle", "RCITY": "Newcastle", "L_A4": null, "R_A4": null, "L_A5": null, "R_A5": null, "LPOSTCOMM": "Newcastle", "RPOSTCOMM": "Newcastle", "LZIPCODE": "04553", "RZIPCODE": "04553", "RDCLASS": "Private", "MDOTJURIS": "Private", "ONEWAY": "B", "SPEED": 25, "LVALID": "N", "RVALID": "N", "TOWN": "Newcastle", "ROUTE_NUM": "", "MAP_LABEL": "Station Rd", "SOURCE": "2", "FEET": 1956, "MINUTES": 0.88929753, "PSAP": "Lincoln RCC", "GEONAMEID": 55068, "SEGMENTID": 61088, "MCODE": 440, "LGEOCODE": "15110", "RGEOCODE": "15110", "GC_EXCEPTION": null, "AMUPDDAT": 1703181771000, "AMUPDORG": "es.ngesi.maine.gov", "FMUPDDAT": 1267194948000, "FMUPDORG": "jt.ngesi.maine.gov", "CREATDAT": 1267194948000, "CREATORG": "jt.ngesi.maine.gov", "GlobalID": "a5a9f8fa-41d7-42d7-9152-646c87e3d5d3", "Shape__Length": 596.3285411123154}}, {"type": "Feature", "id": 6679, "geometry": {"type": "LineString", "coordinates": [[-69.5836937780794, 44.0986166611675], [-69.5839728823859, 44.0987700923074], [-69.5845240259265, 44.0990150186915], [-69.5846496899857, 44.0990191384489]]}, "properties": {"OBJECTID": 6679, "SOURCE_OF_DATA": "ngesi.maine.gov", "DATEUPDATE": 1628784958000, "EFFECTIVE": 1369612800000, "EXPIRE": null, "RCL_UID": "urn:emergency:uid:gis:RCL:61454:ngesi.maine.gov", "L_ADD_PRE": "", "L_ADD_FROM": 1, "L_ADD_TO": 7, "R_ADD_PRE": "", "R_ADD_FROM": 2, "R_ADD_TO": 8, "LPARITY": "O", "RPARITY": "E", "ST_PREMOD": "", "ST_PREDIR": "", "ST_PRETYP": "", "ST_PRESEP": "", "ST_NAME": "Bluff", "ST_POSTTYP": "Drive", "ST_POSTDIR": "", "ST_POSTMOD": "", "ST_FULLNAME": "Bluff Drive", "DIRTRAVEL": null, "PREDIR": "", "STREETNAME": "Bluff", "SUFFIX": "Dr", "POSTDIR": "", "RDNAME": "Bluff Dr", "LESN": "142", "RESN": "142", "LMSAGCOMM": "Newcastle", "RMSAGCOMM": "Newcastle", "LMSAG_CODE": "2315", "RMSAG_CODE": "2315", "LCOUNTRY": "US", "RCOUNTRY": "US", "LSTATE": "ME", "RSTATE": "ME", "LCOUNTY": "Lincoln County", "RCOUNTY": "Lincoln County", "LCITY": "Newcastle", "RCITY": "Newcastle", "L_A4": null, "R_A4": null, "L_A5": null, "R_A5": null, "LPOSTCOMM": "Newcastle", "RPOSTCOMM": "Newcastle", "LZIPCODE": "04553", "RZIPCODE": "04553", "RDCLASS": "Private", "MDOTJURIS": "Private", "ONEWAY": "B", "SPEED": 25, "LVALID": "N", "RVALID": "N", "TOWN": "Newcastle", "ROUTE_NUM": "", "MAP_LABEL": "Bluff Dr", "SOURCE": "14", "FEET": 295, "MINUTES": 0.13421069, "PSAP": "Lincoln RCC", "GEONAMEID": 6024, "SEGMENTID": 61454, "MCODE": 440, "LGEOCODE": "15110", "RGEOCODE": "15110", "GC_EXCEPTION": null, "AMUPDDAT": 1628784958000, "AMUPDORG": "jr.ngesi.maine.gov", "FMUPDDAT": 1516970048000, "FMUPDORG": "es.ngesi.maine.gov", "CREATDAT": 1516970048000, "CREATORG": "es.ngesi.maine.gov", "GlobalID": "def1324f-cb9b-4a35-9efc-fe5e2cb76c24", "Shape__Length": 89.9963198188535}}, {"type": "Feature", "id": 6706, "geometry": {"type": "LineString", "coordinates": [[-69.5468597281805, 44.0296278380314], [-69.5470113763351, 44.0298479397094], [-69.5470279868824, 44.029951147756], [-69.5470110633274, 44.0300242107417], [-69.5469814400483, 44.0301234985465], [-69.5469234201425, 44.0302777262702], [-69.5468545061128, 44.030414368347], [-69.54676607297, 44.0305413710614], [-69.5467036556252, 44.0306150928643], [-69.5457104159043, 44.0312675311823], [-69.5456493736819, 44.0313090945221], [-69.5455407054623, 44.0314127479284], [-69.5454545211744, 44.0315078396563], [-69.5453397542279, 44.0316432771405], [-69.5453095618711, 44.0316822531113], [-69.5452098823112, 44.0318109198876], [-69.5451294549904, 44.031914726239], [-69.5450901600587, 44.0319654410565], [-69.5450129751351, 44.0320744898668], [-69.5449525612022, 44.0321820360884], [-69.5449229802326, 44.0322346762685], [-69.5448855039429, 44.0323014084728], [-69.5448528653049, 44.0323594922935], [-69.5448245613647, 44.0324098754953], [-69.5447910262327, 44.0324695571821], [-69.5447593644625, 44.0325253134276], [-69.5447284237275, 44.0325794095922], [-69.544700590432, 44.032628061856], [-69.5446377999133, 44.0327378610892], [-69.5445652931281, 44.0328646330731], [-69.5444565478534, 44.0331416741274], [-69.5444042030214, 44.0332897601118], [-69.5443428929967, 44.0334891723991], [-69.544267708668, 44.0338198939377], [-69.544225029584, 44.0340437787841], [-69.544191496269, 44.0342197397362], [-69.5441110131461, 44.0343561830745], [-69.5440317341995, 44.0344906038481], [-69.5437890514439, 44.0347340327719], [-69.5436974841529, 44.0348117630956], [-69.5435044627058, 44.0349560972806], [-69.543299322166, 44.0351004437478], [-69.5429908804073, 44.0352692389834], [-69.5429456321797, 44.0352848318931], [-69.54273647004, 44.0353170045727], [-69.5425439474246, 44.035285281465], [-69.5423234511825, 44.0352173619303]]}, "properties": {"OBJECTID": 6706, "SOURCE_OF_DATA": "ngesi.maine.gov", "DATEUPDATE": 1711480023000, "EFFECTIVE": 1369612800000, "EXPIRE": null, "RCL_UID": "urn:emergency:uid:gis:RCL:64852:ngesi.maine.gov", "L_ADD_PRE": "", "L_ADD_FROM": 2, "L_ADD_TO": 104, "R_ADD_PRE": "", "R_ADD_FROM": 1, "R_ADD_TO": 103, "LPARITY": "E", "RPARITY": "O", "ST_PREMOD": "", "ST_PREDIR": "", "ST_PRETYP": "", "ST_PRESEP": "", "ST_NAME": "Hopkins Hill", "ST_POSTTYP": "Road", "ST_POSTDIR": "", "ST_POSTMOD": "", "ST_FULLNAME": "Hopkins Hill Road", "DIRTRAVEL": null, "PREDIR": "", "STREETNAME": "Hopkins Hill", "SUFFIX": "Rd", "POSTDIR": "", "RDNAME": "Hopkins Hill Rd", "LESN": "142", "RESN": "142", "LMSAGCOMM": "Newcastle", "RMSAGCOMM": "Newcastle", "LMSAG_CODE": "2315", "RMSAG_CODE": "2315", "LCOUNTRY": "US", "RCOUNTRY": "US", "LSTATE": "ME", "RSTATE": "ME", "LCOUNTY": "Lincoln County", "RCOUNTY": "Lincoln County", "LCITY": "Newcastle", "RCITY": "Newcastle", "L_A4": null, "R_A4": null, "L_A5": null, "R_A5": null, "LPOSTCOMM": "Newcastle", "RPOSTCOMM": "Newcastle", "LZIPCODE": "04553", "RZIPCODE": "04553", "RDCLASS": "Local", "MDOTJURIS": "", "ONEWAY": "B", "SPEED": 35, "LVALID": "N", "RVALID": "N", "TOWN": "Newcastle", "ROUTE_NUM": "", "MAP_LABEL": "Hopkins Hill Rd", "SOURCE": "43", "FEET": 2590, "MINUTES": 0.84104862, "PSAP": "Lincoln RCC", "GEONAMEID": 27051, "SEGMENTID": 64852, "MCODE": 440, "LGEOCODE": "15110", "RGEOCODE": "15110", "GC_EXCEPTION": null, "AMUPDDAT": 1711480023000, "AMUPDORG": "es.ngesi.maine.gov", "FMUPDDAT": 1271951880000, "FMUPDORG": "jt.ngesi.maine.gov", "CREATDAT": 1271951880000, "CREATORG": "jt.ngesi.maine.gov", "GlobalID": "b8c4ad9b-769b-4abb-b40c-86419351488d", "Shape__Length": 789.5645706833806}}, {"type": "Feature", "id": 6710, "geometry": {"type": "LineString", "coordinates": [[-69.5326711034885, 44.0897564287752], [-69.5326759349758, 44.0898062218195], [-69.5327132813285, 44.0900938759789], [-69.5327639280331, 44.0903866720293], [-69.5328897378341, 44.0910939290391], [-69.5328898202103, 44.0911031030729]]}, "properties": {"OBJECTID": 6710, "SOURCE_OF_DATA": "ngesi.maine.gov", "DATEUPDATE": 1605571200000, "EFFECTIVE": 1369612800000, "EXPIRE": null, "RCL_UID": "urn:emergency:uid:gis:RCL:64669:ngesi.maine.gov", "L_ADD_PRE": "", "L_ADD_FROM": 202, "L_ADD_TO": 218, "R_ADD_PRE": "", "R_ADD_FROM": 201, "R_ADD_TO": 217, "LPARITY": "E", "RPARITY": "O", "ST_PREMOD": "", "ST_PREDIR": "", "ST_PRETYP": "", "ST_PRESEP": "", "ST_NAME": "Bunker Hill", "ST_POSTTYP": "Road", "ST_POSTDIR": "", "ST_POSTMOD": "", "ST_FULLNAME": "Bunker Hill Road", "DIRTRAVEL": null, "PREDIR": "", "STREETNAME": "Bunker Hill", "SUFFIX": "Rd", "POSTDIR": "", "RDNAME": "Bunker Hill Rd", "LESN": "142", "RESN": "142", "LMSAGCOMM": "Newcastle", "RMSAGCOMM": "Newcastle", "LMSAG_CODE": "2315", "RMSAG_CODE": "2315", "LCOUNTRY": "US", "RCOUNTRY": "US", "LSTATE": "ME", "RSTATE": "ME", "LCOUNTY": "Lincoln County", "RCOUNTY": "Lincoln County", "LCITY": "Newcastle", "RCITY": "Newcastle", "L_A4": null, "R_A4": null, "L_A5": null, "R_A5": null, "LPOSTCOMM": "Newcastle", "RPOSTCOMM": "Newcastle", "LZIPCODE": "04553", "RZIPCODE": "04553", "RDCLASS": "Secondary", "MDOTJURIS": "State Aid", "ONEWAY": "B", "SPEED": 45, "LVALID": "N", "RVALID": "N", "TOWN": "Newcastle", "ROUTE_NUM": "213", "MAP_LABEL": "Bunker Hill Rd - Route 213", "SOURCE": "43", "FEET": 494, "MINUTES": 0.12479263, "PSAP": "Lincoln RCC", "GEONAMEID": 8165, "SEGMENTID": 64669, "MCODE": 440, "LGEOCODE": "15110", "RGEOCODE": "15110", "GC_EXCEPTION": null, "AMUPDDAT": 1590710400000, "AMUPDORG": "jr.ngesi.maine.gov", "FMUPDDAT": 1271067966000, "FMUPDORG": "jt.ngesi.maine.gov", "CREATDAT": 1271067966000, "CREATORG": "jt.ngesi.maine.gov", "GlobalID": "d5207d98-b95c-4cd2-a2d9-fec37cb065a5", "Shape__Length": 150.62570739285843}}, {"type": "Feature", "id": 6714, "geometry": {"type": "LineString", "coordinates": [[-69.5772967183633, 44.0293356053927], [-69.5774792676259, 44.0293966986323], [-69.5775667293521, 44.0294400223036], [-69.5776857625407, 44.0294755783689], [-69.5777888068941, 44.0294940906079], [-69.5779049115165, 44.0294992115917], [-69.5780629037223, 44.0294717711477], [-69.5781918279385, 44.0294387603992], [-69.5782681169601, 44.0294174412915], [-69.5783418160141, 44.0294018434293], [-69.5784024919994, 44.0294034450108], [-69.5784632174185, 44.0294088457651], [-69.5785874368545, 44.0294348579882], [-69.5788546464379, 44.0295191363213], [-69.5789472210171, 44.0295453084721]]}, "properties": {"OBJECTID": 6714, "SOURCE_OF_DATA": "ngesi.maine.gov", "DATEUPDATE": 1740150577000, "EFFECTIVE": 1369612800000, "EXPIRE": null, "RCL_UID": "urn:emergency:uid:gis:RCL:61532:ngesi.maine.gov", "L_ADD_PRE": "", "L_ADD_FROM": 2, "L_ADD_TO": 20, "R_ADD_PRE": "", "R_ADD_FROM": 1, "R_ADD_TO": 19, "LPARITY": "E", "RPARITY": "O", "ST_PREMOD": "", "ST_PREDIR": "", "ST_PRETYP": "", "ST_PRESEP": "", "ST_NAME": "Doe", "ST_POSTTYP": "Run", "ST_POSTDIR": "", "ST_POSTMOD": "", "ST_FULLNAME": "Doe Run", "DIRTRAVEL": null, "PREDIR": "", "STREETNAME": "Doe", "SUFFIX": "Run", "POSTDIR": "", "RDNAME": "Doe Run", "LESN": "142", "RESN": "142", "LMSAGCOMM": "Newcastle", "RMSAGCOMM": "Newcastle", "LMSAG_CODE": "2315", "RMSAG_CODE": "2315", "LCOUNTRY": "US", "RCOUNTRY": "US", "LSTATE": "ME", "RSTATE": "ME", "LCOUNTY": "Lincoln County", "RCOUNTY": "Lincoln County", "LCITY": "Newcastle", "RCITY": "Newcastle", "L_A4": null, "R_A4": null, "L_A5": null, "R_A5": null, "LPOSTCOMM": "Newcastle", "RPOSTCOMM": "Newcastle", "LZIPCODE": "04553", "RZIPCODE": "04553", "RDCLASS": "Private", "MDOTJURIS": "Private", "ONEWAY": "B", "SPEED": 25, "LVALID": "N", "RVALID": "N", "TOWN": "Newcastle", "ROUTE_NUM": "", "MAP_LABEL": "Doe Run", "SOURCE": "2", "FEET": 462, "MINUTES": 0.2101994, "PSAP": "Lincoln RCC", "GEONAMEID": 15915, "SEGMENTID": 61532, "MCODE": 440, "LGEOCODE": "15110", "RGEOCODE": "15110", "GC_EXCEPTION": null, "AMUPDDAT": 1740150577000, "AMUPDORG": "es.ngesi.maine.gov", "FMUPDDAT": 1740150577000, "FMUPDORG": "es.ngesi.maine.gov", "CREATDAT": 1267193545000, "CREATORG": "jt.ngesi.maine.gov", "GlobalID": "64bfea9e-39c1-4810-b5dd-af80872a157a", "Shape__Length": 140.95159309619478}}, {"type": "Feature", "id": 6726, "geometry": {"type": "LineString", "coordinates": [[-69.5811231212101, 44.0951562942868], [-69.5812800695052, 44.0952647964665], [-69.5814625564147, 44.0953901397572], [-69.5816908189952, 44.0955448887061]]}, "properties": {"OBJECTID": 6726, "SOURCE_OF_DATA": "ngesi.maine.gov", "DATEUPDATE": 1605571200000, "EFFECTIVE": 1369612800000, "EXPIRE": null, "RCL_UID": "urn:emergency:uid:gis:RCL:63141:ngesi.maine.gov", "L_ADD_PRE": "", "L_ADD_FROM": 566, "L_ADD_TO": 570, "R_ADD_PRE": "", "R_ADD_FROM": 565, "R_ADD_TO": 569, "LPARITY": "E", "RPARITY": "O", "ST_PREMOD": "", "ST_PREDIR": "", "ST_PRETYP": "", "ST_PRESEP": "", "ST_NAME": "Jones Woods", "ST_POSTTYP": "Road", "ST_POSTDIR": "", "ST_POSTMOD": "", "ST_FULLNAME": "Jones Woods Road", "DIRTRAVEL": null, "PREDIR": "", "STREETNAME": "Jones Woods", "SUFFIX": "Rd", "POSTDIR": "", "RDNAME": "Jones Woods Rd", "LESN": "142", "RESN": "142", "LMSAGCOMM": "Newcastle", "RMSAGCOMM": "Newcastle", "LMSAG_CODE": "2315", "RMSAG_CODE": "2315", "LCOUNTRY": "US", "RCOUNTRY": "US", "LSTATE": "ME", "RSTATE": "ME", "LCOUNTY": "Lincoln County", "RCOUNTY": "Lincoln County", "LCITY": "Newcastle", "RCITY": "Newcastle", "L_A4": null, "R_A4": null, "L_A5": null, "R_A5": null, "LPOSTCOMM": "Newcastle", "RPOSTCOMM": "Newcastle", "LZIPCODE": "04553", "RZIPCODE": "04553", "RDCLASS": "Secondary", "MDOTJURIS": "State Aid", "ONEWAY": "B", "SPEED": 45, "LVALID": "N", "RVALID": "N", "TOWN": "Newcastle", "ROUTE_NUM": "194", "MAP_LABEL": "Jones Woods Rd - Route 194", "SOURCE": "43", "FEET": 206, "MINUTES": 0.05192555, "PSAP": "Lincoln RCC", "GEONAMEID": 29371, "SEGMENTID": 63141, "MCODE": 440, "LGEOCODE": "15110", "RGEOCODE": "15110", "GC_EXCEPTION": null, "AMUPDDAT": 1590710400000, "AMUPDORG": "jr.ngesi.maine.gov", "FMUPDDAT": 1267173603000, "FMUPDORG": "jt.ngesi.maine.gov", "CREATDAT": 1267173603000, "CREATORG": "jt.ngesi.maine.gov", "GlobalID": "82fcff6a-52fc-47ad-8670-57211ca7c48e", "Shape__Length": 62.67455494273938}}, {"type": "Feature", "id": 6738, "geometry": {"type": "LineString", "coordinates": [[-69.5711203958803, 44.0859750035391], [-69.5719271380912, 44.0859678256578], [-69.5727704162571, 44.0859529141005], [-69.5735560177282, 44.0859464429298], [-69.5737687759258, 44.0859504255143], [-69.5739752472859, 44.0859837092114], [-69.5741717514798, 44.0860312319227], [-69.5743366917417, 44.0860800744082], [-69.5744879768556, 44.0861182983315], [-69.5746656008709, 44.086219260035]]}, "properties": {"OBJECTID": 6738, "SOURCE_OF_DATA": "ngesi.maine.gov", "DATEUPDATE": 1605571200000, "EFFECTIVE": 1369612800000, "EXPIRE": null, "RCL_UID": "urn:emergency:uid:gis:RCL:74211:ngesi.maine.gov", "L_ADD_PRE": "", "L_ADD_FROM": 388, "L_ADD_TO": 416, "R_ADD_PRE": "", "R_ADD_FROM": 387, "R_ADD_TO": 415, "LPARITY": "E", "RPARITY": "O", "ST_PREMOD": "", "ST_PREDIR": "", "ST_PRETYP": "", "ST_PRESEP": "", "ST_NAME": "Jones Woods", "ST_POSTTYP": "Road", "ST_POSTDIR": "", "ST_POSTMOD": "", "ST_FULLNAME": "Jones Woods Road", "DIRTRAVEL": null, "PREDIR": "", "STREETNAME": "Jones Woods", "SUFFIX": "Rd", "POSTDIR": "", "RDNAME": "Jones Woods Rd", "LESN": "142", "RESN": "142", "LMSAGCOMM": "Newcastle", "RMSAGCOMM": "Newcastle", "LMSAG_CODE": "2315", "RMSAG_CODE": "2315", "LCOUNTRY": "US", "RCOUNTRY": "US", "LSTATE": "ME", "RSTATE": "ME", "LCOUNTY": "Lincoln County", "RCOUNTY": "Lincoln County", "LCITY": "Newcastle", "RCITY": "Newcastle", "L_A4": null, "R_A4": null, "L_A5": null, "R_A5": null, "LPOSTCOMM": "Newcastle", "RPOSTCOMM": "Newcastle", "LZIPCODE": "04553", "RZIPCODE": "04553", "RDCLASS": "Secondary", "MDOTJURIS": "State Aid", "ONEWAY": "B", "SPEED": 45, "LVALID": "N", "RVALID": "N", "TOWN": "Newcastle", "ROUTE_NUM": "194", "MAP_LABEL": "Jones Woods Rd - Route 194", "SOURCE": "43", "FEET": 954, "MINUTES": 0.24094176, "PSAP": "Lincoln RCC", "GEONAMEID": 29371, "SEGMENTID": 74211, "MCODE": 440, "LGEOCODE": "15110", "RGEOCODE": "15110", "GC_EXCEPTION": null, "AMUPDDAT": 1590710400000, "AMUPDORG": "jr.ngesi.maine.gov", "FMUPDDAT": 1295346071000, "FMUPDORG": "jt.ngesi.maine.gov", "CREATDAT": 1295346071000, "CREATORG": "jt.ngesi.maine.gov", "GlobalID": "69b73a99-00e0-44dd-b36a-fbb4d84897e2", "Shape__Length": 290.8186371305846}}, {"type": "Feature", "id": 6770, "geometry": {"type": "LineString", "coordinates": [[-69.6131467126315, 44.0141240040615], [-69.6132786915735, 44.014131029712], [-69.6134097915447, 44.014185913374], [-69.6136498345344, 44.0142423906629], [-69.6140961802997, 44.0143474219519], [-69.6144919022676, 44.0144405330722], [-69.6148847067418, 44.0145324970733], [-69.6151430426547, 44.0145504009472], [-69.6155210584415, 44.0145766090083], [-69.6160443356558, 44.0146128728696], [-69.6166562547429, 44.0146575603866], [-69.6174511292201, 44.0147282394601], [-69.6184309573974, 44.0148153517765], [-69.6190225419205, 44.0148717781642], [-69.6198472372494, 44.0149601958958], [-69.6207980460496, 44.0150621299904], [-69.6217635212364, 44.0151656239922], [-69.6220061791878, 44.0151882614558], [-69.6222029733392, 44.0151772861294], [-69.6223950585768, 44.0151657959071]]}, "properties": {"OBJECTID": 6770, "SOURCE_OF_DATA": "ngesi.maine.gov", "DATEUPDATE": 1711480023000, "EFFECTIVE": 1369612800000, "EXPIRE": null, "RCL_UID": "urn:emergency:uid:gis:RCL:64703:ngesi.maine.gov", "L_ADD_PRE": "", "L_ADD_FROM": 2, "L_ADD_TO": 100, "R_ADD_PRE": "", "R_ADD_FROM": 1, "R_ADD_TO": 99, "LPARITY": "E", "RPARITY": "O", "ST_PREMOD": "", "ST_PREDIR": "", "ST_PRETYP": "", "ST_PRESEP": "", "ST_NAME": "Cochran", "ST_POSTTYP": "Road", "ST_POSTDIR": "", "ST_POSTMOD": "", "ST_FULLNAME": "Cochran Road", "DIRTRAVEL": null, "PREDIR": "", "STREETNAME": "Cochran", "SUFFIX": "Rd", "POSTDIR": "", "RDNAME": "Cochran Rd", "LESN": "142", "RESN": "142", "LMSAGCOMM": "Newcastle", "RMSAGCOMM": "Newcastle", "LMSAG_CODE": "2315", "RMSAG_CODE": "2315", "LCOUNTRY": "US", "RCOUNTRY": "US", "LSTATE": "ME", "RSTATE": "ME", "LCOUNTY": "Lincoln County", "RCOUNTY": "Lincoln County", "LCITY": "Newcastle", "RCITY": "Newcastle", "L_A4": null, "R_A4": null, "L_A5": null, "R_A5": null, "LPOSTCOMM": "Newcastle", "RPOSTCOMM": "Newcastle", "LZIPCODE": "04553", "RZIPCODE": "04553", "RDCLASS": "Local", "MDOTJURIS": "Townway", "ONEWAY": "B", "SPEED": 35, "LVALID": "N", "RVALID": "N", "TOWN": "Newcastle", "ROUTE_NUM": "", "MAP_LABEL": "Cochran Rd", "SOURCE": "43", "FEET": 2474, "MINUTES": 0.80309429, "PSAP": "Lincoln RCC", "GEONAMEID": 11870, "SEGMENTID": 64703, "MCODE": 440, "LGEOCODE": "15110", "RGEOCODE": "15110", "GC_EXCEPTION": null, "AMUPDDAT": 1711480023000, "AMUPDORG": "es.ngesi.maine.gov", "FMUPDDAT": 1271079963000, "FMUPDORG": "jt.ngesi.maine.gov", "CREATDAT": 1271079963000, "CREATORG": "jt.ngesi.maine.gov", "GlobalID": "4664ee5e-1da1-45b0-9b02-b0a44da6b6e0", "Shape__Length": 753.9335813790814}}, {"type": "Feature", "id": 6893, "geometry": {"type": "LineString", "coordinates": [[-69.5392593168397, 44.0330068802094], [-69.5392040603198, 44.0329770244717], [-69.5391692388699, 44.032961558819], [-69.5390867275738, 44.03291252825], [-69.5388195419315, 44.0327726505864], [-69.5385323173486, 44.0326302557487], [-69.5383166115785, 44.032505404087], [-69.5381617929899, 44.0323596653565], [-69.5380338050313, 44.0321958561995], [-69.5379363811904, 44.0320376742053], [-69.5378551091269, 44.0318728975946], [-69.5377918836386, 44.0317578880651], [-69.5377275884068, 44.0316887831071], [-69.5376623821893, 44.0316334666767], [-69.5374461239564, 44.0315614931947]]}, "properties": {"OBJECTID": 6893, "SOURCE_OF_DATA": "ngesi.maine.gov", "DATEUPDATE": 1701968722000, "EFFECTIVE": 1369612800000, "EXPIRE": null, "RCL_UID": "urn:emergency:uid:gis:RCL:61756:ngesi.maine.gov", "L_ADD_PRE": "", "L_ADD_FROM": 2, "L_ADD_TO": 24, "R_ADD_PRE": "", "R_ADD_FROM": 1, "R_ADD_TO": 23, "LPARITY": "E", "RPARITY": "O", "ST_PREMOD": "", "ST_PREDIR": "", "ST_PRETYP": "", "ST_PRESEP": "", "ST_NAME": "Barrol Point", "ST_POSTTYP": "Road", "ST_POSTDIR": "", "ST_POSTMOD": "", "ST_FULLNAME": "Barrol Point Road", "DIRTRAVEL": null, "PREDIR": "", "STREETNAME": "Barrol Point", "SUFFIX": "Rd", "POSTDIR": "", "RDNAME": "Barrol Point Rd", "LESN": "142", "RESN": "142", "LMSAGCOMM": "Newcastle", "RMSAGCOMM": "Newcastle", "LMSAG_CODE": "2315", "RMSAG_CODE": "2315", "LCOUNTRY": "US", "RCOUNTRY": "US", "LSTATE": "ME", "RSTATE": "ME", "LCOUNTY": "Lincoln County", "RCOUNTY": "Lincoln County", "LCITY": "Newcastle", "RCITY": "Newcastle", "L_A4": null, "R_A4": null, "L_A5": null, "R_A5": null, "LPOSTCOMM": "Newcastle", "RPOSTCOMM": "Newcastle", "LZIPCODE": "04553", "RZIPCODE": "04553", "RDCLASS": "Private", "MDOTJURIS": "Private", "ONEWAY": "B", "SPEED": 25, "LVALID": "N", "RVALID": "N", "TOWN": "Newcastle", "ROUTE_NUM": "", "MAP_LABEL": "Barrol Point Rd", "SOURCE": "10", "FEET": 735, "MINUTES": 0.33402299, "PSAP": "Lincoln RCC", "GEONAMEID": 3301, "SEGMENTID": 61756, "MCODE": 440, "LGEOCODE": "15110", "RGEOCODE": "15110", "GC_EXCEPTION": null, "AMUPDDAT": 1701968722000, "AMUPDORG": "es.ngesi.maine.gov", "FMUPDDAT": 1267198816000, "FMUPDORG": "jt.ngesi.maine.gov", "CREATDAT": 1267198816000, "CREATORG": "jt.ngesi.maine.gov", "GlobalID": "48623995-1e46-468c-9c32-4a212725ca4d", "Shape__Length": 223.98290350751648}}, {"type": "Feature", "id": 6898, "geometry": {"type": "LineString", "coordinates": [[-69.5818798759419, 44.0748227625651], [-69.5819744024824, 44.074875085903], [-69.5820924575236, 44.0749197534619], [-69.5822271863674, 44.0749123414255], [-69.5823720173113, 44.0748895359818], [-69.5825673229189, 44.0748497807296], [-69.5828815373852, 44.0747546330007], [-69.5829277444976, 44.0747533168449]]}, "properties": {"OBJECTID": 6898, "SOURCE_OF_DATA": "ngesi.maine.gov", "DATEUPDATE": 1703181772000, "EFFECTIVE": 1369612800000, "EXPIRE": null, "RCL_UID": "urn:emergency:uid:gis:RCL:74097:ngesi.maine.gov", "L_ADD_PRE": "", "L_ADD_FROM": 2, "L_ADD_TO": 12, "R_ADD_PRE": "", "R_ADD_FROM": 1, "R_ADD_TO": 11, "LPARITY": "E", "RPARITY": "O", "ST_PREMOD": "", "ST_PREDIR": "", "ST_PRETYP": "", "ST_PRESEP": "", "ST_NAME": "Dickenson", "ST_POSTTYP": "Road", "ST_POSTDIR": "", "ST_POSTMOD": "", "ST_FULLNAME": "Dickenson Road", "DIRTRAVEL": null, "PREDIR": "", "STREETNAME": "Dickenson", "SUFFIX": "Rd", "POSTDIR": "", "RDNAME": "Dickenson Rd", "LESN": "142", "RESN": "142", "LMSAGCOMM": "Newcastle", "RMSAGCOMM": "Newcastle", "LMSAG_CODE": "2315", "RMSAG_CODE": "2315", "LCOUNTRY": "US", "RCOUNTRY": "US", "LSTATE": "ME", "RSTATE": "ME", "LCOUNTY": "Lincoln County", "RCOUNTY": "Lincoln County", "LCITY": "Newcastle", "RCITY": "Newcastle", "L_A4": null, "R_A4": null, "L_A5": null, "R_A5": null, "LPOSTCOMM": "Newcastle", "RPOSTCOMM": "Newcastle", "LZIPCODE": "04553", "RZIPCODE": "04553", "RDCLASS": "Private", "MDOTJURIS": "Private", "ONEWAY": "B", "SPEED": 25, "LVALID": "N", "RVALID": "N", "TOWN": "Newcastle", "ROUTE_NUM": "", "MAP_LABEL": "Dickenson Rd", "SOURCE": "2", "FEET": 296, "MINUTES": 0.13444485, "PSAP": "Lincoln RCC", "GEONAMEID": 15650, "SEGMENTID": 74097, "MCODE": 440, "LGEOCODE": "15110", "RGEOCODE": "15110", "GC_EXCEPTION": null, "AMUPDDAT": 1703181772000, "AMUPDORG": "es.ngesi.maine.gov", "FMUPDDAT": 1295346984000, "FMUPDORG": "jt.ngesi.maine.gov", "CREATDAT": 1295346984000, "CREATORG": "jt.ngesi.maine.gov", "GlobalID": "02f9624c-fb31-416e-b7ac-177e0973f5f1", "Shape__Length": 90.15351786421091}}, {"type": "Feature", "id": 6935, "geometry": {"type": "LineString", "coordinates": [[-69.5321009820205, 44.058009282492], [-69.5321256209488, 44.0582302103613], [-69.5321569910962, 44.0586394941187], [-69.5321485973961, 44.0589819957288], [-69.5320773253257, 44.0593758124549], [-69.5320231672293, 44.0595420784251], [-69.531906645848, 44.0597126862503], [-69.5317020837325, 44.0599789417072]]}, "properties": {"OBJECTID": 6935, "SOURCE_OF_DATA": "ngesi.maine.gov", "DATEUPDATE": 1702499356000, "EFFECTIVE": 1369612800000, "EXPIRE": null, "RCL_UID": "urn:emergency:uid:gis:RCL:63094:ngesi.maine.gov", "L_ADD_PRE": "", "L_ADD_FROM": 376, "L_ADD_TO": 406, "R_ADD_PRE": "", "R_ADD_FROM": 375, "R_ADD_TO": 405, "LPARITY": "E", "RPARITY": "O", "ST_PREMOD": "", "ST_PREDIR": "", "ST_PRETYP": "", "ST_PRESEP": "", "ST_NAME": "Academy", "ST_POSTTYP": "Hill", "ST_POSTDIR": "", "ST_POSTMOD": "", "ST_FULLNAME": "Academy Hill", "DIRTRAVEL": null, "PREDIR": "", "STREETNAME": "Academy", "SUFFIX": "Hl", "POSTDIR": "", "RDNAME": "Academy Hl", "LESN": "142", "RESN": "142", "LMSAGCOMM": "Newcastle", "RMSAGCOMM": "Newcastle", "LMSAG_CODE": "2315", "RMSAG_CODE": "2315", "LCOUNTRY": "US", "RCOUNTRY": "US", "LSTATE": "ME", "RSTATE": "ME", "LCOUNTY": "Lincoln County", "RCOUNTY": "Lincoln County", "LCITY": "Newcastle", "RCITY": "Newcastle", "L_A4": null, "R_A4": null, "L_A5": null, "R_A5": null, "LPOSTCOMM": "Newcastle", "RPOSTCOMM": "Newcastle", "LZIPCODE": "04553", "RZIPCODE": "04553", "RDCLASS": "Local", "MDOTJURIS": "Townway", "ONEWAY": "B", "SPEED": 35, "LVALID": "N", "RVALID": "N", "TOWN": "Newcastle", "ROUTE_NUM": "", "MAP_LABEL": "Academy Hl", "SOURCE": "43", "FEET": 742, "MINUTES": 0.24096011, "PSAP": "Lincoln RCC", "GEONAMEID": 324, "SEGMENTID": 63094, "MCODE": 440, "LGEOCODE": "15110", "RGEOCODE": "15110", "GC_EXCEPTION": null, "AMUPDDAT": 1702499356000, "AMUPDORG": "es.ngesi.maine.gov", "FMUPDDAT": 1267183367000, "FMUPDORG": "jt.ngesi.maine.gov", "CREATDAT": 1267183367000, "CREATORG": "jt.ngesi.maine.gov", "GlobalID": "dedde44f-fa9e-4599-8799-f97c327773a6", "Shape__Length": 226.20995282801002}}, {"type": "Feature", "id": 6947, "geometry": {"type": "LineString", "coordinates": [[-69.5992209226573, 44.0097454796964], [-69.5992240818344, 44.0097371079002], [-69.5992796952092, 44.0095897173926], [-69.5992907189135, 44.0094456039165], [-69.5992719057846, 44.0093191226847], [-69.599250577009, 44.0091757100934], [-69.5992348317714, 44.0090491227243], [-69.5992169555066, 44.0089053948981], [-69.5991973553691, 44.0087577055713], [-69.5991783148669, 44.0086271829387], [-69.5991763047362, 44.0086133821419]]}, "properties": {"OBJECTID": 6947, "SOURCE_OF_DATA": "ngesi.maine.gov", "DATEUPDATE": 1703181772000, "EFFECTIVE": 1369612800000, "EXPIRE": null, "RCL_UID": "urn:emergency:uid:gis:RCL:74102:ngesi.maine.gov", "L_ADD_PRE": "", "L_ADD_FROM": 24, "L_ADD_TO": 38, "R_ADD_PRE": "", "R_ADD_FROM": 23, "R_ADD_TO": 37, "LPARITY": "E", "RPARITY": "O", "ST_PREMOD": "", "ST_PREDIR": "", "ST_PRETYP": "", "ST_PRESEP": "", "ST_NAME": "Woods Island", "ST_POSTTYP": "Road", "ST_POSTDIR": "", "ST_POSTMOD": "", "ST_FULLNAME": "Woods Island Road", "DIRTRAVEL": null, "PREDIR": "", "STREETNAME": "Woods Island", "SUFFIX": "Rd", "POSTDIR": "", "RDNAME": "Woods Island Rd", "LESN": "142", "RESN": "142", "LMSAGCOMM": "Newcastle", "RMSAGCOMM": "Newcastle", "LMSAG_CODE": "2315", "RMSAG_CODE": "2315", "LCOUNTRY": "US", "RCOUNTRY": "US", "LSTATE": "ME", "RSTATE": "ME", "LCOUNTY": "Lincoln County", "RCOUNTY": "Lincoln County", "LCITY": "Newcastle", "RCITY": "Newcastle", "L_A4": null, "R_A4": null, "L_A5": null, "R_A5": null, "LPOSTCOMM": "Newcastle", "RPOSTCOMM": "Newcastle", "LZIPCODE": "04553", "RZIPCODE": "04553", "RDCLASS": "Private", "MDOTJURIS": "Private", "ONEWAY": "B", "SPEED": 25, "LVALID": "N", "RVALID": "N", "TOWN": "Newcastle", "ROUTE_NUM": "", "MAP_LABEL": "Woods Island Rd", "SOURCE": "2", "FEET": 416, "MINUTES": 0.18917637, "PSAP": "Lincoln RCC", "GEONAMEID": 64136, "SEGMENTID": 74102, "MCODE": 440, "LGEOCODE": "15110", "RGEOCODE": "15110", "GC_EXCEPTION": null, "AMUPDDAT": 1703181772000, "AMUPDORG": "es.ngesi.maine.gov", "FMUPDDAT": 1295348608000, "FMUPDORG": "jt.ngesi.maine.gov", "CREATDAT": 1295348608000, "CREATORG": "jt.ngesi.maine.gov", "GlobalID": "dbca5338-6aab-44e5-81db-870c16d461ea", "Shape__Length": 126.8543573078719}}, {"type": "Feature", "id": 7021, "geometry": {"type": "LineString", "coordinates": [[-69.5737933051757, 44.0941920804412], [-69.5737939872384, 44.094221274871], [-69.5737818284247, 44.0943526947724], [-69.5737111044582, 44.0944118147926], [-69.5735413804671, 44.0948992258227], [-69.5734492825721, 44.09515634652], [-69.5733068728933, 44.0955063370281], [-69.5731303491273, 44.0959228981467], [-69.573048857633, 44.0961363620716], [-69.5730035498886, 44.0962493742142], [-69.572952127253, 44.0963708621399], [-69.5728709007945, 44.0965627345743], [-69.5727866797732, 44.0967899960944], [-69.5727628712547, 44.096900361396], [-69.5727110917057, 44.0971402989682], [-69.5727327605656, 44.097263833247], [-69.5728293710281, 44.0974670044927], [-69.5729575053627, 44.0976070391815], [-69.5731644181378, 44.097687031387], [-69.5733596037616, 44.098005274476], [-69.5733292772917, 44.0981650829195], [-69.5731507382607, 44.098311733838], [-69.573021548012, 44.0984170187113], [-69.5728791189425, 44.0985706727446], [-69.5728252625209, 44.0986473541403], [-69.5727418135286, 44.0988332503306], [-69.5727177295566, 44.0989591747363], [-69.5727150480603, 44.0990217793975], [-69.5726550224195, 44.0991104480683], [-69.5725486188636, 44.0992054624068], [-69.5724053288417, 44.09929868973], [-69.57228288267, 44.0993807563627], [-69.5721299336141, 44.0995179770198], [-69.5719854052741, 44.0996928432868], [-69.5719648278738, 44.0997757680208], [-69.572053350636, 44.099825446392], [-69.572330844371, 44.0998325827555], [-69.5726350891956, 44.0998541427627], [-69.5728168953085, 44.0999132746206], [-69.5730046948534, 44.1000392619287], [-69.5731156881272, 44.1001502745533], [-69.5731749205857, 44.1002342306364], [-69.5732377959741, 44.1003525341491], [-69.573245299104, 44.1004618510406], [-69.5732490712432, 44.1006983677929], [-69.5732046329365, 44.1008215043183], [-69.5731535835527, 44.1008746460364], [-69.5728711159117, 44.1009946907416], [-69.5726683544552, 44.1011543550723], [-69.5725192895645, 44.1013280472617], [-69.5724234678214, 44.1014700328439], [-69.5723986037232, 44.1015644853717], [-69.5723278500448, 44.1018378299815], [-69.5722087780421, 44.1020371030218], [-69.5718252064361, 44.1023691848105], [-69.5716472961627, 44.1024557058629], [-69.571341518688, 44.1026045750215], [-69.5709761018726, 44.1027636270981], [-69.5705190955402, 44.102885969653], [-69.5703310939046, 44.1031370299484], [-69.5701047295912, 44.1033903971488], [-69.5698096227728, 44.103817258861], [-69.5696906124244, 44.1040567647961], [-69.5695882287528, 44.1043428159594], [-69.5695099399305, 44.1046112534356], [-69.5694143516814, 44.1047632379537], [-69.5692058318566, 44.1049449198788], [-69.5691684195281, 44.1052597726724], [-69.5689929719101, 44.1055170524464], [-69.5689307908582, 44.1057795840935], [-69.5688190872535, 44.1059374734891], [-69.5684890411849, 44.1060964494544], [-69.5681507852775, 44.1062438149832], [-69.5680468837229, 44.1063725300406], [-69.5680237353, 44.1064891932227], [-69.568040752835, 44.1065765129226], [-69.5680902740242, 44.1066811554612], [-69.5680514597003, 44.1068503409255], [-69.5679641714302, 44.1070255925192], [-69.5679410350112, 44.1071422466084], [-69.5678889437873, 44.1073107957461], [-69.567832695945, 44.1073819405143], [-69.5677553030856, 44.1074084257965], [-69.5675433179478, 44.1074318613507], [-69.5674036472855, 44.1074400098673], [-69.5672642619313, 44.1074779938219], [-69.5671920897713, 44.1075081891804], [-69.5670066456815, 44.1076023481496], [-69.5668788297956, 44.1077670770638], [-69.5668175730235, 44.1078568830663]]}, "properties": {"OBJECTID": 7021, "SOURCE_OF_DATA": "ngesi.maine.gov", "DATEUPDATE": 1733151501000, "EFFECTIVE": 1369612800000, "EXPIRE": null, "RCL_UID": "urn:emergency:uid:gis:RCL:61918:ngesi.maine.gov", "L_ADD_PRE": "", "L_ADD_FROM": 2, "L_ADD_TO": 250, "R_ADD_PRE": "", "R_ADD_FROM": 1, "R_ADD_TO": 249, "LPARITY": "E", "RPARITY": "O", "ST_PREMOD": "", "ST_PREDIR": "", "ST_PRETYP": "", "ST_PRESEP": "", "ST_NAME": "Estey", "ST_POSTTYP": "Road", "ST_POSTDIR": "", "ST_POSTMOD": "", "ST_FULLNAME": "Estey Road", "DIRTRAVEL": null, "PREDIR": "", "STREETNAME": "Estey", "SUFFIX": "Rd", "POSTDIR": "", "RDNAME": "Estey Rd", "LESN": "142", "RESN": "142", "LMSAGCOMM": "Newcastle", "RMSAGCOMM": "Newcastle", "LMSAG_CODE": "2315", "RMSAG_CODE": "2315", "LCOUNTRY": "US", "RCOUNTRY": "US", "LSTATE": "ME", "RSTATE": "ME", "LCOUNTY": "Lincoln County", "RCOUNTY": "Lincoln County", "LCITY": "Newcastle", "RCITY": "Newcastle", "L_A4": null, "R_A4": null, "L_A5": null, "R_A5": null, "LPOSTCOMM": "Newcastle", "RPOSTCOMM": "Newcastle", "LZIPCODE": "04553", "RZIPCODE": "04553", "RDCLASS": "Private", "MDOTJURIS": "Private", "ONEWAY": "B", "SPEED": 25, "LVALID": "N", "RVALID": "N", "TOWN": "Newcastle", "ROUTE_NUM": "", "MAP_LABEL": "Estey Rd", "SOURCE": "2", "FEET": 6147, "MINUTES": 2.79399046, "PSAP": "Lincoln RCC", "GEONAMEID": 18314, "SEGMENTID": 61918, "MCODE": 440, "LGEOCODE": "15110", "RGEOCODE": "15110", "GC_EXCEPTION": null, "AMUPDDAT": 1733151501000, "AMUPDORG": "es.ngesi.maine.gov", "FMUPDDAT": 1733151501000, "FMUPDORG": "es.ngesi.maine.gov", "CREATDAT": 1267177204000, "CREATORG": "jt.ngesi.maine.gov", "GlobalID": "e995452e-c83a-4a81-85e0-230870edbe17", "Shape__Length": 1873.5419913940123}}, {"type": "Feature", "id": 7046, "geometry": {"type": "LineString", "coordinates": [[-69.5362119299136, 44.0345204671102], [-69.5360692622188, 44.0345984941598], [-69.5357707649971, 44.0347995186129], [-69.5354642216893, 44.0349900819753], [-69.5352678828711, 44.0351092351671]]}, "properties": {"OBJECTID": 7046, "SOURCE_OF_DATA": "ngesi.maine.gov", "DATEUPDATE": 1711480024000, "EFFECTIVE": 1369612800000, "EXPIRE": null, "RCL_UID": "urn:emergency:uid:gis:RCL:93076:ngesi.maine.gov", "L_ADD_PRE": "", "L_ADD_FROM": 2, "L_ADD_TO": 14, "R_ADD_PRE": "", "R_ADD_FROM": 1, "R_ADD_TO": 13, "LPARITY": "E", "RPARITY": "O", "ST_PREMOD": "", "ST_PREDIR": "", "ST_PRETYP": "", "ST_PRESEP": "", "ST_NAME": "Pump", "ST_POSTTYP": "Street", "ST_POSTDIR": "", "ST_POSTMOD": "", "ST_FULLNAME": "Pump Street", "DIRTRAVEL": null, "PREDIR": "", "STREETNAME": "Pump", "SUFFIX": "St", "POSTDIR": "", "RDNAME": "Pump St", "LESN": "142", "RESN": "142", "LMSAGCOMM": "Newcastle", "RMSAGCOMM": "Newcastle", "LMSAG_CODE": "2315", "RMSAG_CODE": "2315", "LCOUNTRY": "US", "RCOUNTRY": "US", "LSTATE": "ME", "RSTATE": "ME", "LCOUNTY": "Lincoln County", "RCOUNTY": "Lincoln County", "LCITY": "Newcastle", "RCITY": "Newcastle", "L_A4": null, "R_A4": null, "L_A5": null, "R_A5": null, "LPOSTCOMM": "Newcastle", "RPOSTCOMM": "Newcastle", "LZIPCODE": "04553", "RZIPCODE": "04553", "RDCLASS": "Local", "MDOTJURIS": "Townway", "ONEWAY": "B", "SPEED": 35, "LVALID": "N", "RVALID": "N", "TOWN": "Newcastle", "ROUTE_NUM": "", "MAP_LABEL": "Pump St", "SOURCE": "43", "FEET": 328, "MINUTES": 0.10657286, "PSAP": "Lincoln RCC", "GEONAMEID": 46663, "SEGMENTID": 93076, "MCODE": 440, "LGEOCODE": "15110", "RGEOCODE": "15110", "GC_EXCEPTION": null, "AMUPDDAT": 1711480024000, "AMUPDORG": "es.ngesi.maine.gov", "FMUPDDAT": 1267199013000, "FMUPDORG": "jt.ngesi.maine.gov", "CREATDAT": 1267199013000, "CREATORG": "jt.ngesi.maine.gov", "GlobalID": "914b58ac-aa31-487f-a54e-c087bfdf99b7", "Shape__Length": 100.04909386305594}}, {"type": "Feature", "id": 7096, "geometry": {"type": "LineString", "coordinates": [[-69.5427923621455, 44.0312144816436], [-69.5431096841683, 44.0310596629884], [-69.5434634899032, 44.0308866360095], [-69.5441033129196, 44.0305752227388], [-69.544621072448, 44.030325359134], [-69.5448492116277, 44.0302103417875], [-69.5450340594787, 44.0301143567181]]}, "properties": {"OBJECTID": 7096, "SOURCE_OF_DATA": "ngesi.maine.gov", "DATEUPDATE": 1712841440000, "EFFECTIVE": 1369612800000, "EXPIRE": null, "RCL_UID": "urn:emergency:uid:gis:RCL:74226:ngesi.maine.gov", "L_ADD_PRE": "", "L_ADD_FROM": 62, "L_ADD_TO": 92, "R_ADD_PRE": "", "R_ADD_FROM": 61, "R_ADD_TO": 91, "LPARITY": "E", "RPARITY": "O", "ST_PREMOD": "", "ST_PREDIR": "", "ST_PRETYP": "", "ST_PRESEP": "", "ST_NAME": "River", "ST_POSTTYP": "Road", "ST_POSTDIR": "", "ST_POSTMOD": "", "ST_FULLNAME": "River Road", "DIRTRAVEL": null, "PREDIR": "", "STREETNAME": "River", "SUFFIX": "Rd", "POSTDIR": "", "RDNAME": "River Rd", "LESN": "142", "RESN": "142", "LMSAGCOMM": "Newcastle", "RMSAGCOMM": "Newcastle", "LMSAG_CODE": "2315", "RMSAG_CODE": "2315", "LCOUNTRY": "US", "RCOUNTRY": "US", "LSTATE": "ME", "RSTATE": "ME", "LCOUNTY": "Lincoln County", "RCOUNTY": "Lincoln County", "LCITY": "Newcastle", "RCITY": "Newcastle", "L_A4": null, "R_A4": null, "L_A5": null, "R_A5": null, "LPOSTCOMM": "Newcastle", "RPOSTCOMM": "Newcastle", "LZIPCODE": "04553", "RZIPCODE": "04553", "RDCLASS": "Local", "MDOTJURIS": "State Aid", "ONEWAY": "B", "SPEED": 35, "LVALID": "N", "RVALID": "N", "TOWN": "Newcastle", "ROUTE_NUM": "", "MAP_LABEL": "River Rd", "SOURCE": "43", "FEET": 713, "MINUTES": 0.23143425, "PSAP": "Lincoln RCC", "GEONAMEID": 48507, "SEGMENTID": 74226, "MCODE": 440, "LGEOCODE": "15110", "RGEOCODE": "15110", "GC_EXCEPTION": null, "AMUPDDAT": 1712841440000, "AMUPDORG": "es.ngesi.maine.gov", "FMUPDDAT": 1295349277000, "FMUPDORG": "jt.ngesi.maine.gov", "CREATDAT": 1295349277000, "CREATORG": "jt.ngesi.maine.gov", "GlobalID": "a9a28795-11d8-49d3-a439-0493ba137127", "Shape__Length": 217.26720175035067}}, {"type": "Feature", "id": 7107, "geometry": {"type": "LineString", "coordinates": [[-69.5658607356731, 44.095784281542], [-69.5659884982823, 44.0957852962805], [-69.5665621975508, 44.0958033944737], [-69.5669606287464, 44.0958549968282], [-69.5674479840748, 44.0958267466509], [-69.5680671502852, 44.095731754518], [-69.5689174501926, 44.0955538038871], [-69.5693451104404, 44.0954642959946], [-69.5696511820564, 44.0953923011051], [-69.5711311222389, 44.095044180718], [-69.5724191287592, 44.0947410653393], [-69.5730967658273, 44.0945839089716], [-69.5731230547265, 44.0945752959433]]}, "properties": {"OBJECTID": 7107, "SOURCE_OF_DATA": "ngesi.maine.gov", "DATEUPDATE": 1702054301000, "EFFECTIVE": 1369612800000, "EXPIRE": null, "RCL_UID": "urn:emergency:uid:gis:RCL:61168:ngesi.maine.gov", "L_ADD_PRE": "", "L_ADD_FROM": 60, "L_ADD_TO": 136, "R_ADD_PRE": "", "R_ADD_FROM": 59, "R_ADD_TO": 135, "LPARITY": "E", "RPARITY": "O", "ST_PREMOD": "", "ST_PREDIR": "", "ST_PRETYP": "", "ST_PRESEP": "", "ST_NAME": "Hassan", "ST_POSTTYP": "Avenue", "ST_POSTDIR": "", "ST_POSTMOD": "", "ST_FULLNAME": "Hassan Avenue", "DIRTRAVEL": null, "PREDIR": "", "STREETNAME": "Hassan", "SUFFIX": "Ave", "POSTDIR": "", "RDNAME": "Hassan Ave", "LESN": "142", "RESN": "142", "LMSAGCOMM": "Newcastle", "RMSAGCOMM": "Newcastle", "LMSAG_CODE": "2315", "RMSAG_CODE": "2315", "LCOUNTRY": "US", "RCOUNTRY": "US", "LSTATE": "ME", "RSTATE": "ME", "LCOUNTY": "Lincoln County", "RCOUNTY": "Lincoln County", "LCITY": "Newcastle", "RCITY": "Newcastle", "L_A4": null, "R_A4": null, "L_A5": null, "R_A5": null, "LPOSTCOMM": "Newcastle", "RPOSTCOMM": "Newcastle", "LZIPCODE": "04553", "RZIPCODE": "04553", "RDCLASS": "Private", "MDOTJURIS": "Private", "ONEWAY": "B", "SPEED": 25, "LVALID": "N", "RVALID": "N", "TOWN": "Newcastle", "ROUTE_NUM": "", "MAP_LABEL": "Hassan Ave", "SOURCE": "2", "FEET": 1979, "MINUTES": 0.8993612, "PSAP": "Lincoln RCC", "GEONAMEID": 24705, "SEGMENTID": 61168, "MCODE": 440, "LGEOCODE": "15110", "RGEOCODE": "15110", "GC_EXCEPTION": null, "AMUPDDAT": 1702054301000, "AMUPDORG": "es.ngesi.maine.gov", "FMUPDDAT": 1267177650000, "FMUPDORG": "jt.ngesi.maine.gov", "CREATDAT": 1267177650000, "CREATORG": "jt.ngesi.maine.gov", "GlobalID": "5b7537d8-542d-4d10-bdc1-fd064b76ea09", "Shape__Length": 603.0768508854974}}, {"type": "Feature", "id": 7110, "geometry": {"type": "LineString", "coordinates": [[-69.5407952451412, 44.051345542041], [-69.5409444886587, 44.0511592390995], [-69.5411236139698, 44.0509479450045], [-69.5413110395967, 44.0508380798065], [-69.5416032781102, 44.0508216141289], [-69.5418490847006, 44.0508798351807], [-69.5419871543461, 44.05097861403], [-69.5420934155085, 44.0511101450079], [-69.5421623759282, 44.051259436565], [-69.5421534642944, 44.0514251957309], [-69.542081165165, 44.051546292598], [-69.5420108984845, 44.0515918771307], [-69.5418815239563, 44.051626775814], [-69.5416297726767, 44.0516713570132], [-69.5414290941115, 44.0516846788744], [-69.5413764485619, 44.0516748805314], [-69.5411843592855, 44.0515895648569], [-69.5409333968743, 44.0514383254924], [-69.5408377684864, 44.0513830380596], [-69.5407952451412, 44.051345542041]]}, "properties": {"OBJECTID": 7110, "SOURCE_OF_DATA": "ngesi.maine.gov", "DATEUPDATE": 1730479511000, "EFFECTIVE": 1369612800000, "EXPIRE": null, "RCL_UID": "urn:emergency:uid:gis:RCL:63103:ngesi.maine.gov", "L_ADD_PRE": "", "L_ADD_FROM": 78, "L_ADD_TO": 120, "R_ADD_PRE": "", "R_ADD_FROM": 77, "R_ADD_TO": 119, "LPARITY": "E", "RPARITY": "O", "ST_PREMOD": "", "ST_PREDIR": "", "ST_PRETYP": "", "ST_PRESEP": "", "ST_NAME": "Stonebridge", "ST_POSTTYP": "Circle", "ST_POSTDIR": "", "ST_POSTMOD": "", "ST_FULLNAME": "Stonebridge Circle", "DIRTRAVEL": null, "PREDIR": "", "STREETNAME": "Stonebridge", "SUFFIX": "Cir", "POSTDIR": "", "RDNAME": "Stonebridge Cir", "LESN": "142", "RESN": "142", "LMSAGCOMM": "Newcastle", "RMSAGCOMM": "Newcastle", "LMSAG_CODE": "2315", "RMSAG_CODE": "2315", "LCOUNTRY": "US", "RCOUNTRY": "US", "LSTATE": "ME", "RSTATE": "ME", "LCOUNTY": "Lincoln County", "RCOUNTY": "Lincoln County", "LCITY": "Newcastle", "RCITY": "Newcastle", "L_A4": null, "R_A4": null, "L_A5": null, "R_A5": null, "LPOSTCOMM": "Newcastle", "RPOSTCOMM": "Newcastle", "LZIPCODE": "04553", "RZIPCODE": "04553", "RDCLASS": "Local", "MDOTJURIS": "Townway", "ONEWAY": "B", "SPEED": 35, "LVALID": "N", "RVALID": "N", "TOWN": "Newcastle", "ROUTE_NUM": "", "MAP_LABEL": "Stonebridge Cir", "SOURCE": "43", "FEET": 1041, "MINUTES": 0.33805853, "PSAP": "Lincoln RCC", "GEONAMEID": 55520, "SEGMENTID": 63103, "MCODE": 440, "LGEOCODE": "15110", "RGEOCODE": "15110", "GC_EXCEPTION": null, "AMUPDDAT": 1730479511000, "AMUPDORG": "es.ngesi.maine.gov", "FMUPDDAT": 1662021170000, "FMUPDORG": "es.ngesi.maine.gov", "CREATDAT": 1267184123000, "CREATORG": "jt.ngesi.maine.gov", "GlobalID": "3dc6b1e2-8435-4706-9489-4ca31afbc180", "Shape__Length": 317.36457036455977}}, {"type": "Feature", "id": 7142, "geometry": {"type": "LineString", "coordinates": [[-69.538431476111, 44.0338095070201], [-69.5385241807793, 44.0337010557898], [-69.5386779986485, 44.0335443370134], [-69.5387754555323, 44.0334480898465]]}, "properties": {"OBJECTID": 7142, "SOURCE_OF_DATA": "ngesi.maine.gov", "DATEUPDATE": 1729859195000, "EFFECTIVE": 1369612800000, "EXPIRE": null, "RCL_UID": "urn:emergency:uid:gis:RCL:63139:ngesi.maine.gov", "L_ADD_PRE": "", "L_ADD_FROM": 2, "L_ADD_TO": 10, "R_ADD_PRE": "", "R_ADD_FROM": 1, "R_ADD_TO": 9, "LPARITY": "E", "RPARITY": "O", "ST_PREMOD": "", "ST_PREDIR": "", "ST_PRETYP": "", "ST_PRESEP": "", "ST_NAME": "River", "ST_POSTTYP": "Road", "ST_POSTDIR": "", "ST_POSTMOD": "", "ST_FULLNAME": "River Road", "DIRTRAVEL": null, "PREDIR": "", "STREETNAME": "River", "SUFFIX": "Rd", "POSTDIR": "", "RDNAME": "River Rd", "LESN": "142", "RESN": "142", "LMSAGCOMM": "Newcastle", "RMSAGCOMM": "Newcastle", "LMSAG_CODE": "2315", "RMSAG_CODE": "2315", "LCOUNTRY": "US", "RCOUNTRY": "US", "LSTATE": "ME", "RSTATE": "ME", "LCOUNTY": "Lincoln County", "RCOUNTY": "Lincoln County", "LCITY": "Newcastle", "RCITY": "Newcastle", "L_A4": null, "R_A4": null, "L_A5": null, "R_A5": null, "LPOSTCOMM": "Newcastle", "RPOSTCOMM": "Newcastle", "LZIPCODE": "04553", "RZIPCODE": "04553", "RDCLASS": "Local", "MDOTJURIS": "State Aid", "ONEWAY": "TF", "SPEED": 35, "LVALID": "N", "RVALID": "N", "TOWN": "Newcastle", "ROUTE_NUM": "", "MAP_LABEL": "River Rd", "SOURCE": "43", "FEET": 160, "MINUTES": 0.05189662, "PSAP": "Lincoln RCC", "GEONAMEID": 48507, "SEGMENTID": 63139, "MCODE": 440, "LGEOCODE": "15110", "RGEOCODE": "15110", "GC_EXCEPTION": null, "AMUPDDAT": 1729859195000, "AMUPDORG": "es.ngesi.maine.gov", "FMUPDDAT": 1697635145000, "FMUPDORG": "es.ngesi.maine.gov", "CREATDAT": 1267199013000, "CREATORG": "jt.ngesi.maine.gov", "GlobalID": "b784dbd5-7500-4447-9103-8c496774ec09", "Shape__Length": 48.71981280478926}}, {"type": "Feature", "id": 7143, "geometry": {"type": "LineString", "coordinates": [[-69.6136906432332, 44.0062057313556], [-69.6136911680072, 44.0062167037825], [-69.6136457904332, 44.0063235037207], [-69.6135849948557, 44.0064291169469], [-69.6134141875132, 44.0065612058255], [-69.613112258249, 44.0067352430825], [-69.6128931147833, 44.0068785837922], [-69.6126764026897, 44.0070304013239], [-69.6125503134837, 44.0071650491822], [-69.6124056821351, 44.0073259153827], [-69.6122932848384, 44.0075014283905], [-69.6122067694474, 44.0076682673068], [-69.6121694393203, 44.0078240834782], [-69.6121810005295, 44.0078674903377], [-69.6122032532965, 44.0079522199045], [-69.6122831070054, 44.0081393975235]]}, "properties": {"OBJECTID": 7143, "SOURCE_OF_DATA": "ngesi.maine.gov", "DATEUPDATE": 1712685346000, "EFFECTIVE": 1369612800000, "EXPIRE": null, "RCL_UID": "urn:emergency:uid:gis:RCL:64701:ngesi.maine.gov", "L_ADD_PRE": "", "L_ADD_FROM": 44, "L_ADD_TO": 68, "R_ADD_PRE": "", "R_ADD_FROM": 43, "R_ADD_TO": 67, "LPARITY": "E", "RPARITY": "O", "ST_PREMOD": "", "ST_PREDIR": "", "ST_PRETYP": "", "ST_PRESEP": "", "ST_NAME": "Station", "ST_POSTTYP": "Road", "ST_POSTDIR": "", "ST_POSTMOD": "", "ST_FULLNAME": "Station Road", "DIRTRAVEL": null, "PREDIR": "", "STREETNAME": "Station", "SUFFIX": "Rd", "POSTDIR": "", "RDNAME": "Station Rd", "LESN": "142", "RESN": "142", "LMSAGCOMM": "Newcastle", "RMSAGCOMM": "Newcastle", "LMSAG_CODE": "2315", "RMSAG_CODE": "2315", "LCOUNTRY": "US", "RCOUNTRY": "US", "LSTATE": "ME", "RSTATE": "ME", "LCOUNTY": "Lincoln County", "RCOUNTY": "Lincoln County", "LCITY": "Newcastle", "RCITY": "Newcastle", "L_A4": null, "R_A4": null, "L_A5": null, "R_A5": null, "LPOSTCOMM": "Newcastle", "RPOSTCOMM": "Newcastle", "LZIPCODE": "04553", "RZIPCODE": "04553", "RDCLASS": "Local", "MDOTJURIS": "Townway", "ONEWAY": "B", "SPEED": 35, "LVALID": "N", "RVALID": "N", "TOWN": "Newcastle", "ROUTE_NUM": "", "MAP_LABEL": "Station Rd", "SOURCE": "43", "FEET": 852, "MINUTES": 0.27664842, "PSAP": "Lincoln RCC", "GEONAMEID": 55068, "SEGMENTID": 64701, "MCODE": 440, "LGEOCODE": "15110", "RGEOCODE": "15110", "GC_EXCEPTION": null, "AMUPDDAT": 1712685346000, "AMUPDORG": "es.ngesi.maine.gov", "FMUPDDAT": 1271079847000, "FMUPDORG": "jt.ngesi.maine.gov", "CREATDAT": 1271079847000, "CREATORG": "jt.ngesi.maine.gov", "GlobalID": "820de6a0-2b3d-40f4-acf7-6bb14d37ab0b", "Shape__Length": 259.7136253710555}}, {"type": "Feature", "id": 7145, "geometry": {"type": "LineString", "coordinates": [[-69.6106418414293, 44.0040365243157], [-69.6107392553981, 44.0041101563648], [-69.6107697013901, 44.0041853077803], [-69.6107331322062, 44.0043011710425], [-69.6106859873082, 44.0044111665229], [-69.6106390956301, 44.0045093840693], [-69.6105780142311, 44.0046373349051], [-69.6105504042392, 44.0046951767808], [-69.6104917542498, 44.0048534743258], [-69.6104350947156, 44.0050064131322], [-69.6102524080886, 44.0052892611083], [-69.6101454538036, 44.0055287307566], [-69.6101151701504, 44.0055460801214]]}, "properties": {"OBJECTID": 7145, "SOURCE_OF_DATA": "ngesi.maine.gov", "DATEUPDATE": 1702054301000, "EFFECTIVE": 1369612800000, "EXPIRE": null, "RCL_UID": "urn:emergency:uid:gis:RCL:62276:ngesi.maine.gov", "L_ADD_PRE": "", "L_ADD_FROM": 2, "L_ADD_TO": 20, "R_ADD_PRE": "", "R_ADD_FROM": 1, "R_ADD_TO": 19, "LPARITY": "E", "RPARITY": "O", "ST_PREMOD": "", "ST_PREDIR": "", "ST_PRETYP": "", "ST_PRESEP": "", "ST_NAME": "Hawthorn", "ST_POSTTYP": "Road", "ST_POSTDIR": "", "ST_POSTMOD": "", "ST_FULLNAME": "Hawthorn Road", "DIRTRAVEL": null, "PREDIR": "", "STREETNAME": "Hawthorn", "SUFFIX": "Rd", "POSTDIR": "", "RDNAME": "Hawthorn Rd", "LESN": "142", "RESN": "142", "LMSAGCOMM": "Newcastle", "RMSAGCOMM": "Newcastle", "LMSAG_CODE": "2315", "RMSAG_CODE": "2315", "LCOUNTRY": "US", "RCOUNTRY": "US", "LSTATE": "ME", "RSTATE": "ME", "LCOUNTY": "Lincoln County", "RCOUNTY": "Lincoln County", "LCITY": "Newcastle", "RCITY": "Newcastle", "L_A4": null, "R_A4": null, "L_A5": null, "R_A5": null, "LPOSTCOMM": "Newcastle", "RPOSTCOMM": "Newcastle", "LZIPCODE": "04553", "RZIPCODE": "04553", "RDCLASS": "Private", "MDOTJURIS": "Private", "ONEWAY": "B", "SPEED": 25, "LVALID": "N", "RVALID": "N", "TOWN": "Newcastle", "ROUTE_NUM": "", "MAP_LABEL": "Hawthorn Rd", "SOURCE": "2", "FEET": 593, "MINUTES": 0.26969973, "PSAP": "Lincoln RCC", "GEONAMEID": 24874, "SEGMENTID": 62276, "MCODE": 440, "LGEOCODE": "15110", "RGEOCODE": "15110", "GC_EXCEPTION": null, "AMUPDDAT": 1702054301000, "AMUPDORG": "es.ngesi.maine.gov", "FMUPDDAT": 1271079541000, "FMUPDORG": "jt.ngesi.maine.gov", "CREATDAT": 1271079541000, "CREATORG": "jt.ngesi.maine.gov", "GlobalID": "9c438b87-5b59-43ca-9fb7-a2e878d655c2", "Shape__Length": 180.85021311719706}}, {"type": "Feature", "id": 7197, "geometry": {"type": "LineString", "coordinates": [[-69.5576393175739, 44.005038653896], [-69.5577351254732, 44.0049277224685], [-69.5580324011722, 44.0045722898225], [-69.5584026405216, 44.0041193521686], [-69.558612824364, 44.0038351109975], [-69.5588657164825, 44.0034672432002], [-69.5590867628048, 44.0031261629786], [-69.5592628872122, 44.0028312740259], [-69.5594071313474, 44.0025686023111], [-69.5597237235524, 44.0020597590838], [-69.5599591263124, 44.0016719866781], [-69.5603767510051, 44.0008925505615]]}, "properties": {"OBJECTID": 7197, "SOURCE_OF_DATA": "ngesi.maine.gov", "DATEUPDATE": 1721227576000, "EFFECTIVE": 1369612800000, "EXPIRE": null, "RCL_UID": "urn:emergency:uid:gis:RCL:64684:ngesi.maine.gov", "L_ADD_PRE": "", "L_ADD_FROM": 486, "L_ADD_TO": 548, "R_ADD_PRE": "", "R_ADD_FROM": 485, "R_ADD_TO": 547, "LPARITY": "E", "RPARITY": "O", "ST_PREMOD": "", "ST_PREDIR": "", "ST_PRETYP": "", "ST_PRESEP": "", "ST_NAME": "River", "ST_POSTTYP": "Road", "ST_POSTDIR": "", "ST_POSTMOD": "", "ST_FULLNAME": "River Road", "DIRTRAVEL": null, "PREDIR": "", "STREETNAME": "River", "SUFFIX": "Rd", "POSTDIR": "", "RDNAME": "River Rd", "LESN": "142", "RESN": "142", "LMSAGCOMM": "Newcastle", "RMSAGCOMM": "Newcastle", "LMSAG_CODE": "2315", "RMSAG_CODE": "2315", "LCOUNTRY": "US", "RCOUNTRY": "US", "LSTATE": "ME", "RSTATE": "ME", "LCOUNTY": "Lincoln County", "RCOUNTY": "Lincoln County", "LCITY": "Newcastle", "RCITY": "Newcastle", "L_A4": null, "R_A4": null, "L_A5": null, "R_A5": null, "LPOSTCOMM": "Newcastle", "RPOSTCOMM": "Newcastle", "LZIPCODE": "04553", "RZIPCODE": "04553", "RDCLASS": "Local", "MDOTJURIS": "State Aid", "ONEWAY": "B", "SPEED": 35, "LVALID": "N", "RVALID": "N", "TOWN": "Newcastle", "ROUTE_NUM": "", "MAP_LABEL": "River Rd", "SOURCE": "43", "FEET": 1677, "MINUTES": 0.54444826, "PSAP": "Lincoln RCC", "GEONAMEID": 48507, "SEGMENTID": 64684, "MCODE": 440, "LGEOCODE": "15110", "RGEOCODE": "15110", "GC_EXCEPTION": null, "AMUPDDAT": 1721227576000, "AMUPDORG": "es.ngesi.maine.gov", "FMUPDDAT": 1271077770000, "FMUPDORG": "jt.ngesi.maine.gov", "CREATDAT": 1271077770000, "CREATORG": "jt.ngesi.maine.gov", "GlobalID": "2c216317-a4e4-4d79-87ae-46a3674be0a5", "Shape__Length": 511.12033386800124}}, {"type": "Feature", "id": 7216, "geometry": {"type": "LineString", "coordinates": [[-69.534370366124, 44.0393291525148], [-69.5340960960285, 44.0398989838684], [-69.5339039501735, 44.0403120231237], [-69.5336059340419, 44.0409558373353]]}, "properties": {"OBJECTID": 7216, "SOURCE_OF_DATA": "ngesi.maine.gov", "DATEUPDATE": 1712841440000, "EFFECTIVE": 1369612800000, "EXPIRE": null, "RCL_UID": "urn:emergency:uid:gis:RCL:63153:ngesi.maine.gov", "L_ADD_PRE": "", "L_ADD_FROM": 70, "L_ADD_TO": 94, "R_ADD_PRE": "", "R_ADD_FROM": 69, "R_ADD_TO": 93, "LPARITY": "E", "RPARITY": "O", "ST_PREMOD": "", "ST_PREDIR": "", "ST_PRETYP": "", "ST_PRESEP": "", "ST_NAME": "Mills", "ST_POSTTYP": "Road", "ST_POSTDIR": "", "ST_POSTMOD": "", "ST_FULLNAME": "Mills Road", "DIRTRAVEL": null, "PREDIR": "", "STREETNAME": "Mills", "SUFFIX": "Rd", "POSTDIR": "", "RDNAME": "Mills Rd", "LESN": "142", "RESN": "142", "LMSAGCOMM": "Newcastle", "RMSAGCOMM": "Newcastle", "LMSAG_CODE": "2315", "RMSAG_CODE": "2315", "LCOUNTRY": "US", "RCOUNTRY": "US", "LSTATE": "ME", "RSTATE": "ME", "LCOUNTY": "Lincoln County", "RCOUNTY": "Lincoln County", "LCITY": "Newcastle", "RCITY": "Newcastle", "L_A4": null, "R_A4": null, "L_A5": null, "R_A5": null, "LPOSTCOMM": "Newcastle", "RPOSTCOMM": "Newcastle", "LZIPCODE": "04553", "RZIPCODE": "04553", "RDCLASS": "Secondary", "MDOTJURIS": "State Aid", "ONEWAY": "B", "SPEED": 45, "LVALID": "N", "RVALID": "N", "TOWN": "Newcastle", "ROUTE_NUM": "215", "MAP_LABEL": "Mills Rd - Route 215", "SOURCE": "43", "FEET": 626, "MINUTES": 0.1580594, "PSAP": "Lincoln RCC", "GEONAMEID": 37899, "SEGMENTID": 63153, "MCODE": 440, "LGEOCODE": "15110", "RGEOCODE": "15110", "GC_EXCEPTION": "200", "AMUPDDAT": 1712841440000, "AMUPDORG": "es.ngesi.maine.gov", "FMUPDDAT": 1268047581000, "FMUPDORG": "jt.ngesi.maine.gov", "CREATDAT": 1268047581000, "CREATORG": "jt.ngesi.maine.gov", "GlobalID": "c25fb885-9acb-4e7c-83e8-f567c47963b1", "Shape__Length": 190.77934016847723}}, {"type": "Feature", "id": 7217, "geometry": {"type": "LineString", "coordinates": [[-69.5389157036166, 44.0366441634789], [-69.539090930114, 44.0365106351405], [-69.5391720090315, 44.0364107825525], [-69.5392897551717, 44.0362462471918], [-69.5394005865983, 44.0361408789454], [-69.5396153958604, 44.0359947021513], [-69.5397637594754, 44.0359187325824]]}, "properties": {"OBJECTID": 7217, "SOURCE_OF_DATA": "ngesi.maine.gov", "DATEUPDATE": 1733836672000, "EFFECTIVE": 1369612800000, "EXPIRE": null, "RCL_UID": "urn:emergency:uid:gis:RCL:93061:ngesi.maine.gov", "L_ADD_PRE": "", "L_ADD_FROM": 2, "L_ADD_TO": 14, "R_ADD_PRE": "", "R_ADD_FROM": 1, "R_ADD_TO": 15, "LPARITY": "E", "RPARITY": "O", "ST_PREMOD": "", "ST_PREDIR": "", "ST_PRETYP": "", "ST_PRESEP": "", "ST_NAME": "Hall", "ST_POSTTYP": "Street", "ST_POSTDIR": "", "ST_POSTMOD": "", "ST_FULLNAME": "Hall Street", "DIRTRAVEL": null, "PREDIR": "", "STREETNAME": "Hall", "SUFFIX": "St", "POSTDIR": "", "RDNAME": "Hall St", "LESN": "142", "RESN": "142", "LMSAGCOMM": "Newcastle", "RMSAGCOMM": "Newcastle", "LMSAG_CODE": "2315", "RMSAG_CODE": "2315", "LCOUNTRY": "US", "RCOUNTRY": "US", "LSTATE": "ME", "RSTATE": "ME", "LCOUNTY": "Lincoln County", "RCOUNTY": "Lincoln County", "LCITY": "Newcastle", "RCITY": "Newcastle", "L_A4": null, "R_A4": null, "L_A5": null, "R_A5": null, "LPOSTCOMM": "Newcastle", "RPOSTCOMM": "Newcastle", "LZIPCODE": "04553", "RZIPCODE": "04553", "RDCLASS": "Private", "MDOTJURIS": "Private", "ONEWAY": "B", "SPEED": 25, "LVALID": "N", "RVALID": "N", "TOWN": "Newcastle", "ROUTE_NUM": "", "MAP_LABEL": "Hall St", "SOURCE": "2", "FEET": 350, "MINUTES": 0.15923078, "PSAP": "Lincoln RCC", "GEONAMEID": 23769, "SEGMENTID": 93061, "MCODE": 440, "LGEOCODE": "15110", "RGEOCODE": "15110", "GC_EXCEPTION": null, "AMUPDDAT": 1733836672000, "AMUPDORG": "es.ngesi.maine.gov", "FMUPDDAT": 1733836672000, "FMUPDORG": "es.ngesi.maine.gov", "CREATDAT": 1268045641000, "CREATORG": "jt.ngesi.maine.gov", "GlobalID": "1527fd07-28c9-46d2-9031-031923881285", "Shape__Length": 106.77400359469931}}, {"type": "Feature", "id": 7270, "geometry": {"type": "LineString", "coordinates": [[-69.5769840233498, 44.031664143793], [-69.5771321081463, 44.0317287878919], [-69.5772992990414, 44.031834535025], [-69.5774584753487, 44.0319373692885], [-69.5776083173585, 44.0320671708167], [-69.5777232865486, 44.0321938352162], [-69.5778214054031, 44.0323432733948], [-69.5779321707795, 44.0325945845055], [-69.5780600732456, 44.0328986860167], [-69.5782166173224, 44.03326174102], [-69.5783495314534, 44.0335611530248], [-69.5784876819552, 44.0338226878778], [-69.5785889274327, 44.0340043958633], [-69.5786880541803, 44.0341145191205]]}, "properties": {"OBJECTID": 7270, "SOURCE_OF_DATA": "ngesi.maine.gov", "DATEUPDATE": 1731703169000, "EFFECTIVE": 1369612800000, "EXPIRE": null, "RCL_UID": "urn:emergency:uid:gis:RCL:63122:ngesi.maine.gov", "L_ADD_PRE": "", "L_ADD_FROM": 144, "L_ADD_TO": 182, "R_ADD_PRE": "", "R_ADD_FROM": 143, "R_ADD_TO": 181, "LPARITY": "E", "RPARITY": "O", "ST_PREMOD": "", "ST_PREDIR": "", "ST_PRETYP": "", "ST_PRESEP": "", "ST_NAME": "Sheepscot", "ST_POSTTYP": "Road", "ST_POSTDIR": "", "ST_POSTMOD": "", "ST_FULLNAME": "Sheepscot Road", "DIRTRAVEL": null, "PREDIR": "", "STREETNAME": "Sheepscot", "SUFFIX": "Rd", "POSTDIR": "", "RDNAME": "Sheepscot Rd", "LESN": "142", "RESN": "142", "LMSAGCOMM": "Newcastle", "RMSAGCOMM": "Newcastle", "LMSAG_CODE": "2315", "RMSAG_CODE": "2315", "LCOUNTRY": "US", "RCOUNTRY": "US", "LSTATE": "ME", "RSTATE": "ME", "LCOUNTY": "Lincoln County", "RCOUNTY": "Lincoln County", "LCITY": "Newcastle", "RCITY": "Newcastle", "L_A4": null, "R_A4": null, "L_A5": null, "R_A5": null, "LPOSTCOMM": "Newcastle", "RPOSTCOMM": "Newcastle", "LZIPCODE": "04553", "RZIPCODE": "04553", "RDCLASS": "Local", "MDOTJURIS": "State Aid", "ONEWAY": "B", "SPEED": 35, "LVALID": "N", "RVALID": "N", "TOWN": "Newcastle", "ROUTE_NUM": "", "MAP_LABEL": "Sheepscot Rd", "SOURCE": "43", "FEET": 1023, "MINUTES": 0.3322559, "PSAP": "Lincoln RCC", "GEONAMEID": 52286, "SEGMENTID": 63122, "MCODE": 440, "LGEOCODE": "15110", "RGEOCODE": "15110", "GC_EXCEPTION": null, "AMUPDDAT": 1731703169000, "AMUPDORG": "es.ngesi.maine.gov", "FMUPDDAT": 1267192514000, "FMUPDORG": "jt.ngesi.maine.gov", "CREATDAT": 1267192514000, "CREATORG": "jt.ngesi.maine.gov", "GlobalID": "450bc5dd-f5a5-4468-83db-ec7bcec53caa", "Shape__Length": 311.91714919424163}}, {"type": "Feature", "id": 7290, "geometry": {"type": "LineString", "coordinates": [[-69.56222789911, 44.0929456709147], [-69.562148184892, 44.0929719928194], [-69.5619634955378, 44.0930601348797], [-69.5617897091027, 44.0931203126439], [-69.5616273663128, 44.0931317527768], [-69.5612615014384, 44.0930907938325], [-69.5608769463384, 44.0930958695676], [-69.5604313792567, 44.0931936356882], [-69.5599548984513, 44.0932947387753], [-69.5595489347137, 44.0933731932285], [-69.5592224706396, 44.0934448827569], [-69.5589967942419, 44.0936053374595], [-69.5587161559119, 44.0937386093009], [-69.5586580624441, 44.0937581695565], [-69.5582180024316, 44.0939031046637], [-69.5577350277454, 44.0937834861098], [-69.5575244533663, 44.0936850629089], [-69.5574837628364, 44.0936555504186], [-69.5570233093726, 44.0933516104235]]}, "properties": {"OBJECTID": 7290, "SOURCE_OF_DATA": "ngesi.maine.gov", "DATEUPDATE": 1733846655000, "EFFECTIVE": 1369612800000, "EXPIRE": null, "RCL_UID": "urn:emergency:uid:gis:RCL:61928:ngesi.maine.gov", "L_ADD_PRE": "", "L_ADD_FROM": 2, "L_ADD_TO": 60, "R_ADD_PRE": "", "R_ADD_FROM": 1, "R_ADD_TO": 59, "LPARITY": "E", "RPARITY": "O", "ST_PREMOD": "", "ST_PREDIR": "", "ST_PRETYP": "", "ST_PRESEP": "", "ST_NAME": "Spruce", "ST_POSTTYP": "Road", "ST_POSTDIR": "", "ST_POSTMOD": "", "ST_FULLNAME": "Spruce Road", "DIRTRAVEL": null, "PREDIR": "", "STREETNAME": "Spruce", "SUFFIX": "Rd", "POSTDIR": "", "RDNAME": "Spruce Rd", "LESN": "142", "RESN": "142", "LMSAGCOMM": "Newcastle", "RMSAGCOMM": "Newcastle", "LMSAG_CODE": "2315", "RMSAG_CODE": "2315", "LCOUNTRY": "US", "RCOUNTRY": "US", "LSTATE": "ME", "RSTATE": "ME", "LCOUNTY": "Lincoln County", "RCOUNTY": "Lincoln County", "LCITY": "Newcastle", "RCITY": "Newcastle", "L_A4": null, "R_A4": null, "L_A5": null, "R_A5": null, "LPOSTCOMM": "Newcastle", "RPOSTCOMM": "Newcastle", "LZIPCODE": "04553", "RZIPCODE": "04553", "RDCLASS": "Private", "MDOTJURIS": "Private", "ONEWAY": "B", "SPEED": 25, "LVALID": "N", "RVALID": "N", "TOWN": "Newcastle", "ROUTE_NUM": "", "MAP_LABEL": "Spruce Rd", "SOURCE": "2", "FEET": 1520, "MINUTES": 0.69106595, "PSAP": "Lincoln RCC", "GEONAMEID": 54411, "SEGMENTID": 61928, "MCODE": 440, "LGEOCODE": "15110", "RGEOCODE": "15110", "GC_EXCEPTION": null, "AMUPDDAT": 1733846655000, "AMUPDORG": "es.ngesi.maine.gov", "FMUPDDAT": 1733846655000, "FMUPDORG": "es.ngesi.maine.gov", "CREATDAT": 1267178738000, "CREATORG": "jt.ngesi.maine.gov", "GlobalID": "f65464c2-516e-47ea-a8a5-542a33be8d83", "Shape__Length": 463.4021113682217}}, {"type": "Feature", "id": 7305, "geometry": {"type": "LineString", "coordinates": [[-69.5620226637326, 44.0934958670344], [-69.5623012264173, 44.0934305365566], [-69.5623953850893, 44.0934084470445], [-69.5624919345614, 44.0933947728186], [-69.5625981696902, 44.093393385404], [-69.562698084356, 44.0933920740374], [-69.5627979991018, 44.0933907715864], [-69.5628978388058, 44.0933894604145], [-69.5629966854757, 44.0933993542151], [-69.5630973077316, 44.0934094192458], [-69.5631979425981, 44.093419493129], [-69.5632908125361, 44.0934353943619], [-69.5633825557455, 44.0934628793822], [-69.563560615804, 44.0935304896606], [-69.5635959189893, 44.0935606838071], [-69.5636268483263, 44.0935920339425], [-69.5636577652895, 44.0936233931337]]}, "properties": {"OBJECTID": 7305, "SOURCE_OF_DATA": "ngesi.maine.gov", "DATEUPDATE": 1733846584000, "EFFECTIVE": 1369612800000, "EXPIRE": null, "RCL_UID": "urn:emergency:uid:gis:RCL:61792:ngesi.maine.gov", "L_ADD_PRE": "", "L_ADD_FROM": 2, "L_ADD_TO": 14, "R_ADD_PRE": "", "R_ADD_FROM": 1, "R_ADD_TO": 15, "LPARITY": "E", "RPARITY": "O", "ST_PREMOD": "", "ST_PREDIR": "", "ST_PRETYP": "", "ST_PRESEP": "", "ST_NAME": "Granite Point", "ST_POSTTYP": "Road", "ST_POSTDIR": "", "ST_POSTMOD": "", "ST_FULLNAME": "Granite Point Road", "DIRTRAVEL": null, "PREDIR": "", "STREETNAME": "Granite Point", "SUFFIX": "Rd", "POSTDIR": "", "RDNAME": "Granite Point Rd", "LESN": "142", "RESN": "142", "LMSAGCOMM": "Newcastle", "RMSAGCOMM": "Newcastle", "LMSAG_CODE": "2315", "RMSAG_CODE": "2315", "LCOUNTRY": "US", "RCOUNTRY": "US", "LSTATE": "ME", "RSTATE": "ME", "LCOUNTY": "Lincoln County", "RCOUNTY": "Lincoln County", "LCITY": "Newcastle", "RCITY": "Newcastle", "L_A4": null, "R_A4": null, "L_A5": null, "R_A5": null, "LPOSTCOMM": "Newcastle", "RPOSTCOMM": "Newcastle", "LZIPCODE": "04553", "RZIPCODE": "04553", "RDCLASS": "Private", "MDOTJURIS": "Private", "ONEWAY": "B", "SPEED": 25, "LVALID": "N", "RVALID": "N", "TOWN": "Newcastle", "ROUTE_NUM": "", "MAP_LABEL": "Granite Point Rd", "SOURCE": "10", "FEET": 461, "MINUTES": 0.20973741, "PSAP": "Lincoln RCC", "GEONAMEID": 22668, "SEGMENTID": 61792, "MCODE": 440, "LGEOCODE": "15110", "RGEOCODE": "15110", "GC_EXCEPTION": null, "AMUPDDAT": 1733846584000, "AMUPDORG": "es.ngesi.maine.gov", "FMUPDDAT": 1733846584000, "FMUPDORG": "es.ngesi.maine.gov", "CREATDAT": 1267178750000, "CREATORG": "jt.ngesi.maine.gov", "GlobalID": "10e7a15a-a100-4110-a35e-673b760d3703", "Shape__Length": 140.64180199329692}}, {"type": "Feature", "id": 7310, "geometry": {"type": "LineString", "coordinates": [[-69.6032733560344, 44.0525764086482], [-69.6028692578332, 44.0526125295351], [-69.6025253599316, 44.0526699307145], [-69.6019316673077, 44.0528045999405], [-69.6012042950798, 44.0530232871531], [-69.600717404268, 44.0531859018102], [-69.60048516804, 44.053264074782], [-69.6003037233705, 44.0534121620013], [-69.6000105655211, 44.053685884017], [-69.5993203694623, 44.0543295139278], [-69.5989248031355, 44.0546982790403], [-69.5984049077035, 44.0551905455077], [-69.59805598289, 44.0555219332125], [-69.5969589578106, 44.0565718673913], [-69.5965239113091, 44.0569618892968]]}, "properties": {"OBJECTID": 7310, "SOURCE_OF_DATA": "ngesi.maine.gov", "DATEUPDATE": 1712841440000, "EFFECTIVE": 1369612800000, "EXPIRE": null, "RCL_UID": "urn:emergency:uid:gis:RCL:74212:ngesi.maine.gov", "L_ADD_PRE": "", "L_ADD_FROM": 62, "L_ADD_TO": 158, "R_ADD_PRE": "", "R_ADD_FROM": 61, "R_ADD_TO": 157, "LPARITY": "E", "RPARITY": "O", "ST_PREMOD": "", "ST_PREDIR": "North", "ST_PRETYP": "", "ST_PRESEP": "", "ST_NAME": "Newcastle", "ST_POSTTYP": "Road", "ST_POSTDIR": "", "ST_POSTMOD": "", "ST_FULLNAME": "North Newcastle Road", "DIRTRAVEL": null, "PREDIR": "N", "STREETNAME": "Newcastle", "SUFFIX": "Rd", "POSTDIR": "", "RDNAME": "N Newcastle Rd", "LESN": "142", "RESN": "142", "LMSAGCOMM": "Newcastle", "RMSAGCOMM": "Newcastle", "LMSAG_CODE": "2315", "RMSAG_CODE": "2315", "LCOUNTRY": "US", "RCOUNTRY": "US", "LSTATE": "ME", "RSTATE": "ME", "LCOUNTY": "Lincoln County", "RCOUNTY": "Lincoln County", "LCITY": "Newcastle", "RCITY": "Newcastle", "L_A4": null, "R_A4": null, "L_A5": null, "R_A5": null, "LPOSTCOMM": "Newcastle", "RPOSTCOMM": "Newcastle", "LZIPCODE": "04553", "RZIPCODE": "04553", "RDCLASS": "Local", "MDOTJURIS": "Townway", "ONEWAY": "B", "SPEED": 35, "LVALID": "N", "RVALID": "N", "TOWN": "Newcastle", "ROUTE_NUM": "", "MAP_LABEL": "N Newcastle Rd", "SOURCE": "43", "FEET": 2482, "MINUTES": 0.8058005, "PSAP": "Lincoln RCC", "GEONAMEID": 65069, "SEGMENTID": 74212, "MCODE": 440, "LGEOCODE": "15110", "RGEOCODE": "15110", "GC_EXCEPTION": null, "AMUPDDAT": 1712841440000, "AMUPDORG": "es.ngesi.maine.gov", "FMUPDDAT": 1295347251000, "FMUPDORG": "jt.ngesi.maine.gov", "CREATDAT": 1295347251000, "CREATORG": "jt.ngesi.maine.gov", "GlobalID": "7c978513-e237-4ad5-8d4b-e0c29af6f668", "Shape__Length": 756.4741301076126}}, {"type": "Feature", "id": 7317, "geometry": {"type": "LineString", "coordinates": [[-69.612776932065, 44.0394148081641], [-69.6127970675313, 44.0393509648813], [-69.6128276511263, 44.0391843454068], [-69.6128490881602, 44.0390675819646], [-69.6128797899645, 44.0389003496007], [-69.6129722908999, 44.0387772896501], [-69.6130589680401, 44.0386619948197], [-69.6131560483022, 44.0385328418303], [-69.6131759938413, 44.0385063187176], [-69.6133594787287, 44.0382622321596], [-69.6137379429576, 44.0377587445694], [-69.6140404391697, 44.0373563403905], [-69.6142270563154, 44.0371080669691], [-69.6142618360689, 44.0370618004099], [-69.6144381252233, 44.0369157261256], [-69.6145497927671, 44.0368521014957], [-69.6146181528382, 44.0368247234734], [-69.6146368726268, 44.0368246227701], [-69.6148114975579, 44.0368146797905], [-69.6150739470587, 44.0368492809555]]}, "properties": {"OBJECTID": 7317, "SOURCE_OF_DATA": "ngesi.maine.gov", "DATEUPDATE": 1702054301000, "EFFECTIVE": 1369612800000, "EXPIRE": null, "RCL_UID": "urn:emergency:uid:gis:RCL:60671:ngesi.maine.gov", "L_ADD_PRE": "", "L_ADD_FROM": 190, "L_ADD_TO": 260, "R_ADD_PRE": "", "R_ADD_FROM": 189, "R_ADD_TO": 259, "LPARITY": "E", "RPARITY": "O", "ST_PREMOD": "", "ST_PREDIR": "", "ST_PRETYP": "", "ST_PRESEP": "", "ST_NAME": "The Kings", "ST_POSTTYP": "Highway", "ST_POSTDIR": "", "ST_POSTMOD": "", "ST_FULLNAME": "The Kings Highway", "DIRTRAVEL": null, "PREDIR": "", "STREETNAME": "The Kings", "SUFFIX": "Hwy", "POSTDIR": "", "RDNAME": "The Kings Hwy", "LESN": "142", "RESN": "142", "LMSAGCOMM": "Newcastle", "RMSAGCOMM": "Newcastle", "LMSAG_CODE": "2315", "RMSAG_CODE": "2315", "LCOUNTRY": "US", "RCOUNTRY": "US", "LSTATE": "ME", "RSTATE": "ME", "LCOUNTY": "Lincoln County", "RCOUNTY": "Lincoln County", "LCITY": "Newcastle", "RCITY": "Newcastle", "L_A4": null, "R_A4": null, "L_A5": null, "R_A5": null, "LPOSTCOMM": "Newcastle", "RPOSTCOMM": "Newcastle", "LZIPCODE": "04553", "RZIPCODE": "04553", "RDCLASS": "Private", "MDOTJURIS": "Private", "ONEWAY": "B", "SPEED": 25, "LVALID": "N", "RVALID": "N", "TOWN": "Newcastle", "ROUTE_NUM": "", "MAP_LABEL": "The Kings Hwy", "SOURCE": "2", "FEET": 1201, "MINUTES": 0.54604299, "PSAP": "Lincoln RCC", "GEONAMEID": 57514, "SEGMENTID": 60671, "MCODE": 440, "LGEOCODE": "15110", "RGEOCODE": "15110", "GC_EXCEPTION": null, "AMUPDDAT": 1702054301000, "AMUPDORG": "es.ngesi.maine.gov", "FMUPDDAT": 1267190937000, "FMUPDORG": "jt.ngesi.maine.gov", "CREATDAT": 1267190937000, "CREATORG": "jt.ngesi.maine.gov", "GlobalID": "021f5d31-a741-44b0-b1ec-ff4af68802ff", "Shape__Length": 366.15532300238914}}, {"type": "Feature", "id": 7393, "geometry": {"type": "LineString", "coordinates": [[-69.5816928803498, 44.0750912771532], [-69.5819021081529, 44.0751543697549], [-69.5819949385359, 44.0751610005715], [-69.5820885164089, 44.0751661689572], [-69.5821681370045, 44.0751705710738], [-69.5822973892181, 44.0751777093079], [-69.5824340665484, 44.0752046439821], [-69.5825965654547, 44.0752387035439], [-69.5827534716543, 44.0752742409448], [-69.5829259696085, 44.0753154517358], [-69.5831130684899, 44.0753733430292], [-69.5832459562285, 44.0754568462784], [-69.5833494287905, 44.0755703817727], [-69.5834798375111, 44.0757306962002], [-69.5835219687448, 44.0759245487858], [-69.5834833678806, 44.0760531070536], [-69.5834777573787, 44.0760642368686]]}, "properties": {"OBJECTID": 7393, "SOURCE_OF_DATA": "ngesi.maine.gov", "DATEUPDATE": 1702054301000, "EFFECTIVE": 1369612800000, "EXPIRE": null, "RCL_UID": "urn:emergency:uid:gis:RCL:74096:ngesi.maine.gov", "L_ADD_PRE": "", "L_ADD_FROM": 2, "L_ADD_TO": 50, "R_ADD_PRE": "", "R_ADD_FROM": 1, "R_ADD_TO": 49, "LPARITY": "E", "RPARITY": "O", "ST_PREMOD": "", "ST_PREDIR": "", "ST_PRETYP": "", "ST_PRESEP": "", "ST_NAME": "Curlewis", "ST_POSTTYP": "Lane", "ST_POSTDIR": "", "ST_POSTMOD": "", "ST_FULLNAME": "Curlewis Lane", "DIRTRAVEL": null, "PREDIR": "", "STREETNAME": "Curlewis", "SUFFIX": "Ln", "POSTDIR": "", "RDNAME": "Curlewis Ln", "LESN": "142", "RESN": "142", "LMSAGCOMM": "Newcastle", "RMSAGCOMM": "Newcastle", "LMSAG_CODE": "2315", "RMSAG_CODE": "2315", "LCOUNTRY": "US", "RCOUNTRY": "US", "LSTATE": "ME", "RSTATE": "ME", "LCOUNTY": "Lincoln County", "RCOUNTY": "Lincoln County", "LCITY": "Newcastle", "RCITY": "Newcastle", "L_A4": null, "R_A4": null, "L_A5": null, "R_A5": null, "LPOSTCOMM": "Newcastle", "RPOSTCOMM": "Newcastle", "LZIPCODE": "04553", "RZIPCODE": "04553", "RDCLASS": "Private", "MDOTJURIS": "Private", "ONEWAY": "B", "SPEED": 25, "LVALID": "N", "RVALID": "N", "TOWN": "Newcastle", "ROUTE_NUM": "", "MAP_LABEL": "Curlewis Ln", "SOURCE": "2", "FEET": 677, "MINUTES": 0.30781413, "PSAP": "Lincoln RCC", "GEONAMEID": 14085, "SEGMENTID": 74096, "MCODE": 440, "LGEOCODE": "15110", "RGEOCODE": "15110", "GC_EXCEPTION": null, "AMUPDDAT": 1702054301000, "AMUPDORG": "es.ngesi.maine.gov", "FMUPDDAT": 1295346973000, "FMUPDORG": "jt.ngesi.maine.gov", "CREATDAT": 1295346973000, "CREATORG": "jt.ngesi.maine.gov", "GlobalID": "7860231a-63a0-463c-b1db-ccfc1a69d09a", "Shape__Length": 206.40825692739034}}, {"type": "Feature", "id": 7415, "geometry": {"type": "LineString", "coordinates": [[-69.5893482000743, 44.1008609301926], [-69.5896220280299, 44.1010328045087], [-69.5900687589896, 44.1013009672719], [-69.5904543538276, 44.1015484214711], [-69.5910035408151, 44.1019052020039], [-69.5914469109305, 44.1021407576396], [-69.5917199054305, 44.102272962511]]}, "properties": {"OBJECTID": 7415, "SOURCE_OF_DATA": "ngesi.maine.gov", "DATEUPDATE": 1720028073000, "EFFECTIVE": 1369612800000, "EXPIRE": null, "RCL_UID": "urn:emergency:uid:gis:RCL:64658:ngesi.maine.gov", "L_ADD_PRE": "", "L_ADD_FROM": 686, "L_ADD_TO": 718, "R_ADD_PRE": "", "R_ADD_FROM": 685, "R_ADD_TO": 717, "LPARITY": "E", "RPARITY": "O", "ST_PREMOD": "", "ST_PREDIR": "", "ST_PRETYP": "", "ST_PRESEP": "", "ST_NAME": "Jones Woods", "ST_POSTTYP": "Road", "ST_POSTDIR": "", "ST_POSTMOD": "", "ST_FULLNAME": "Jones Woods Road", "DIRTRAVEL": null, "PREDIR": "", "STREETNAME": "Jones Woods", "SUFFIX": "Rd", "POSTDIR": "", "RDNAME": "Jones Woods Rd", "LESN": "142", "RESN": "142", "LMSAGCOMM": "Newcastle", "RMSAGCOMM": "Newcastle", "LMSAG_CODE": "2315", "RMSAG_CODE": "2315", "LCOUNTRY": "US", "RCOUNTRY": "US", "LSTATE": "ME", "RSTATE": "ME", "LCOUNTY": "Lincoln County", "RCOUNTY": "Lincoln County", "LCITY": "Newcastle", "RCITY": "Newcastle", "L_A4": null, "R_A4": null, "L_A5": null, "R_A5": null, "LPOSTCOMM": "Newcastle", "RPOSTCOMM": "Newcastle", "LZIPCODE": "04553", "RZIPCODE": "04553", "RDCLASS": "Secondary", "MDOTJURIS": "State Aid", "ONEWAY": "B", "SPEED": 45, "LVALID": "N", "RVALID": "N", "TOWN": "Newcastle", "ROUTE_NUM": "194", "MAP_LABEL": "Jones Woods Rd - Route 194", "SOURCE": "43", "FEET": 809, "MINUTES": 0.20424698, "PSAP": "Lincoln RCC", "GEONAMEID": 29371, "SEGMENTID": 64658, "MCODE": 440, "LGEOCODE": "15110", "RGEOCODE": "15110", "GC_EXCEPTION": "201", "AMUPDDAT": 1720028073000, "AMUPDORG": "es.ngesi.maine.gov", "FMUPDDAT": 1271062944000, "FMUPDORG": "jt.ngesi.maine.gov", "CREATDAT": 1271062944000, "CREATORG": "jt.ngesi.maine.gov", "GlobalID": "3bc808f2-dc9c-44be-a5f4-fc4d99bc2417", "Shape__Length": 246.52822871540027}}, {"type": "Feature", "id": 7421, "geometry": {"type": "LineString", "coordinates": [[-69.5846496899857, 44.0990191384489], [-69.5845815313066, 44.0990692576855], [-69.5845567327062, 44.0991201093859], [-69.584570374157, 44.0993507231358], [-69.5845905322332, 44.0995110684871], [-69.5846142840116, 44.0996417834615], [-69.5846625452344, 44.0997632706274]]}, "properties": {"OBJECTID": 7421, "SOURCE_OF_DATA": "ngesi.maine.gov", "DATEUPDATE": 1730126780000, "EFFECTIVE": 1369612800000, "EXPIRE": null, "RCL_UID": "urn:emergency:uid:gis:RCL:63143:ngesi.maine.gov", "L_ADD_PRE": "", "L_ADD_FROM": 6, "L_ADD_TO": 10, "R_ADD_PRE": "", "R_ADD_FROM": 5, "R_ADD_TO": 7, "LPARITY": "E", "RPARITY": "O", "ST_PREMOD": "", "ST_PREDIR": "", "ST_PRETYP": "", "ST_PRESEP": "", "ST_NAME": "High Ground", "ST_POSTTYP": "Road", "ST_POSTDIR": "", "ST_POSTMOD": "", "ST_FULLNAME": "High Ground Road", "DIRTRAVEL": null, "PREDIR": "", "STREETNAME": "High Ground", "SUFFIX": "Rd", "POSTDIR": "", "RDNAME": "High Ground Rd", "LESN": "142", "RESN": "142", "LMSAGCOMM": "Newcastle", "RMSAGCOMM": "Newcastle", "LMSAG_CODE": "2315", "RMSAG_CODE": "2315", "LCOUNTRY": "US", "RCOUNTRY": "US", "LSTATE": "ME", "RSTATE": "ME", "LCOUNTY": "Lincoln County", "RCOUNTY": "Lincoln County", "LCITY": "Newcastle", "RCITY": "Newcastle", "L_A4": null, "R_A4": null, "L_A5": null, "R_A5": null, "LPOSTCOMM": "Newcastle", "RPOSTCOMM": "Newcastle", "LZIPCODE": "04553", "RZIPCODE": "04553", "RDCLASS": "Local", "MDOTJURIS": "Townway", "ONEWAY": "B", "SPEED": 35, "LVALID": "N", "RVALID": "N", "TOWN": "Newcastle", "ROUTE_NUM": "", "MAP_LABEL": "High Ground Rd", "SOURCE": "43", "FEET": 282, "MINUTES": 0.09158763, "PSAP": "Lincoln RCC", "GEONAMEID": 26016, "SEGMENTID": 63143, "MCODE": 440, "LGEOCODE": "15110", "RGEOCODE": "15110", "GC_EXCEPTION": null, "AMUPDDAT": 1730126780000, "AMUPDORG": "es.ngesi.maine.gov", "FMUPDDAT": 1669888608000, "FMUPDORG": "es.ngesi.maine.gov", "CREATDAT": 1267173638000, "CREATORG": "jt.ngesi.maine.gov", "GlobalID": "8c838c49-3e96-4e92-9a2e-94d5a66c4918", "Shape__Length": 85.98117817021854}}, {"type": "Feature", "id": 7426, "geometry": {"type": "LineString", "coordinates": [[-69.5811231212101, 44.0951562942868], [-69.5814294848732, 44.0949142831903], [-69.5815310603222, 44.0948298190073], [-69.5818838393848, 44.0943695363687], [-69.5823042224429, 44.093612598884], [-69.5824756634173, 44.0932645378327], [-69.5830122482388, 44.0924861353389], [-69.5831812545423, 44.0922025135601], [-69.5833282600754, 44.0918641914548], [-69.5834977401455, 44.0912593632025], [-69.5835731827309, 44.0908341367088], [-69.5837003385911, 44.0904099964413], [-69.5838123632228, 44.0901202633555], [-69.5839537884208, 44.0898682299728], [-69.5842902620615, 44.0893603951192], [-69.5844081459463, 44.0891333848149], [-69.5844440388918, 44.0890336511131], [-69.5844501501879, 44.0889109041219], [-69.5844930160119, 44.088767063306], [-69.5845224563587, 44.0885981627944], [-69.5845977535582, 44.0885029271771], [-69.5847582250781, 44.0883730248309], [-69.5849311257045, 44.0882330739001], [-69.5851983024272, 44.0880226657581], [-69.5854597040466, 44.0877626420696], [-69.5855223449623, 44.0876382727994], [-69.5856630531474, 44.0874237668648], [-69.5858651607714, 44.087137783369], [-69.5859965511763, 44.0870096129704], [-69.5861435297909, 44.0868662548096], [-69.5868671963417, 44.0864173867262], [-69.587412177004, 44.0861459437509], [-69.5878268788168, 44.0859255423445], [-69.5882183186654, 44.0857138664065], [-69.5887207723121, 44.08530935036], [-69.5893785465633, 44.0848828009959], [-69.5894652082205, 44.0848288649277], [-69.5895452139698, 44.0846983895514], [-69.5897198361777, 44.084404527946], [-69.5899009010224, 44.0842765017349], [-69.5899828016273, 44.08422625422], [-69.5901809623821, 44.0841721018968], [-69.590505034359, 44.0840835359033], [-69.5907511573958, 44.0839904562364], [-69.5909371359615, 44.0839109581015], [-69.5911285368939, 44.0838291537565], [-69.5914297356984, 44.0836127206777], [-69.5917968672361, 44.0834261965907], [-69.5924142895728, 44.0831608007729], [-69.5928470714207, 44.0829124849023], [-69.5934740536958, 44.0824849191476], [-69.5938965036649, 44.0822809765108], [-69.5948761654151, 44.0818945962273], [-69.5957842081322, 44.0815379410004], [-69.5967859733851, 44.0811536438588], [-69.5973925555962, 44.0809214550781], [-69.5979361525671, 44.0806922847357], [-69.5982323019253, 44.0806183473378]]}, "properties": {"OBJECTID": 7426, "SOURCE_OF_DATA": "ngesi.maine.gov", "DATEUPDATE": 1711560520000, "EFFECTIVE": 1369612800000, "EXPIRE": null, "RCL_UID": "urn:emergency:uid:gis:RCL:74208:ngesi.maine.gov", "L_ADD_PRE": "", "L_ADD_FROM": 2, "L_ADD_TO": 290, "R_ADD_PRE": "", "R_ADD_FROM": 1, "R_ADD_TO": 289, "LPARITY": "E", "RPARITY": "O", "ST_PREMOD": "", "ST_PREDIR": "North", "ST_PRETYP": "", "ST_PRESEP": "", "ST_NAME": "Dyer Neck", "ST_POSTTYP": "Road", "ST_POSTDIR": "", "ST_POSTMOD": "", "ST_FULLNAME": "North Dyer Neck Road", "DIRTRAVEL": null, "PREDIR": "N", "STREETNAME": "Dyer Neck", "SUFFIX": "Rd", "POSTDIR": "", "RDNAME": "N Dyer Neck Rd", "LESN": "142", "RESN": "142", "LMSAGCOMM": "Newcastle", "RMSAGCOMM": "Newcastle", "LMSAG_CODE": "2315", "RMSAG_CODE": "2315", "LCOUNTRY": "US", "RCOUNTRY": "US", "LSTATE": "ME", "RSTATE": "ME", "LCOUNTY": "Lincoln County", "RCOUNTY": "Lincoln County", "LCITY": "Newcastle", "RCITY": "Newcastle", "L_A4": null, "R_A4": null, "L_A5": null, "R_A5": null, "LPOSTCOMM": "Newcastle", "RPOSTCOMM": "Newcastle", "LZIPCODE": "04553", "RZIPCODE": "04553", "RDCLASS": "Local", "MDOTJURIS": "Townway", "ONEWAY": "B", "SPEED": 35, "LVALID": "N", "RVALID": "N", "TOWN": "Newcastle", "ROUTE_NUM": "", "MAP_LABEL": "N Dyer Neck Rd", "SOURCE": "43", "FEET": 7311, "MINUTES": 2.37368597, "PSAP": "Lincoln RCC", "GEONAMEID": 64957, "SEGMENTID": 74208, "MCODE": 440, "LGEOCODE": "15110", "RGEOCODE": "15110", "GC_EXCEPTION": null, "AMUPDDAT": 1711560520000, "AMUPDORG": "es.ngesi.maine.gov", "FMUPDDAT": 1295345342000, "FMUPDORG": "jt.ngesi.maine.gov", "CREATDAT": 1295345342000, "CREATORG": "jt.ngesi.maine.gov", "GlobalID": "838207dd-3205-488c-a1bc-1a37601c93fe", "Shape__Length": 2228.3828689695692}}, {"type": "Feature", "id": 7476, "geometry": {"type": "LineString", "coordinates": [[-69.5483678770263, 44.0266007526905], [-69.5484151026719, 44.026514930178], [-69.5485781887683, 44.0261448525487], [-69.5486971764158, 44.0258939941279]]}, "properties": {"OBJECTID": 7476, "SOURCE_OF_DATA": "ngesi.maine.gov", "DATEUPDATE": 1731703169000, "EFFECTIVE": 1369612800000, "EXPIRE": null, "RCL_UID": "urn:emergency:uid:gis:RCL:63134:ngesi.maine.gov", "L_ADD_PRE": "", "L_ADD_FROM": 152, "L_ADD_TO": 160, "R_ADD_PRE": "", "R_ADD_FROM": 151, "R_ADD_TO": 159, "LPARITY": "E", "RPARITY": "O", "ST_PREMOD": "", "ST_PREDIR": "", "ST_PRETYP": "", "ST_PRESEP": "", "ST_NAME": "River", "ST_POSTTYP": "Road", "ST_POSTDIR": "", "ST_POSTMOD": "", "ST_FULLNAME": "River Road", "DIRTRAVEL": null, "PREDIR": "", "STREETNAME": "River", "SUFFIX": "Rd", "POSTDIR": "", "RDNAME": "River Rd", "LESN": "142", "RESN": "142", "LMSAGCOMM": "Newcastle", "RMSAGCOMM": "Newcastle", "LMSAG_CODE": "2315", "RMSAG_CODE": "2315", "LCOUNTRY": "US", "RCOUNTRY": "US", "LSTATE": "ME", "RSTATE": "ME", "LCOUNTY": "Lincoln County", "RCOUNTY": "Lincoln County", "LCITY": "Newcastle", "RCITY": "Newcastle", "L_A4": null, "R_A4": null, "L_A5": null, "R_A5": null, "LPOSTCOMM": "Newcastle", "RPOSTCOMM": "Newcastle", "LZIPCODE": "04553", "RZIPCODE": "04553", "RDCLASS": "Local", "MDOTJURIS": "State Aid", "ONEWAY": "B", "SPEED": 35, "LVALID": "N", "RVALID": "N", "TOWN": "Newcastle", "ROUTE_NUM": "", "MAP_LABEL": "River Rd", "SOURCE": "43", "FEET": 272, "MINUTES": 0.08824012, "PSAP": "Lincoln RCC", "GEONAMEID": 48507, "SEGMENTID": 63134, "MCODE": 440, "LGEOCODE": "15110", "RGEOCODE": "15110", "GC_EXCEPTION": null, "AMUPDDAT": 1731703169000, "AMUPDORG": "es.ngesi.maine.gov", "FMUPDDAT": 1267195477000, "FMUPDORG": "jt.ngesi.maine.gov", "CREATDAT": 1267195477000, "CREATORG": "jt.ngesi.maine.gov", "GlobalID": "7365f2d8-7b79-4486-95da-1efafe89d47e", "Shape__Length": 82.83858263699454}}, {"type": "Feature", "id": 7482, "geometry": {"type": "LineString", "coordinates": [[-69.6032467372758, 44.0099459159696], [-69.6032649955329, 44.0100524927708], [-69.6032526427885, 44.0101765448777], [-69.60324981403, 44.0102531523933], [-69.6032368318344, 44.0103028030838], [-69.6032450209142, 44.0103476511843], [-69.6032535048177, 44.0104117381573], [-69.6032428605119, 44.010442199098]]}, "properties": {"OBJECTID": 7482, "SOURCE_OF_DATA": "ngesi.maine.gov", "DATEUPDATE": 1703181772000, "EFFECTIVE": 1369612800000, "EXPIRE": null, "RCL_UID": "urn:emergency:uid:gis:RCL:60785:ngesi.maine.gov", "L_ADD_PRE": "", "L_ADD_FROM": 2, "L_ADD_TO": 10, "R_ADD_PRE": "", "R_ADD_FROM": 1, "R_ADD_TO": 9, "LPARITY": "E", "RPARITY": "O", "ST_PREMOD": "", "ST_PREDIR": "", "ST_PRETYP": "", "ST_PRESEP": "", "ST_NAME": "Osprey Point", "ST_POSTTYP": "Road", "ST_POSTDIR": "", "ST_POSTMOD": "", "ST_FULLNAME": "Osprey Point Road", "DIRTRAVEL": null, "PREDIR": "", "STREETNAME": "Osprey Point", "SUFFIX": "Rd", "POSTDIR": "", "RDNAME": "Osprey Point Rd", "LESN": "142", "RESN": "142", "LMSAGCOMM": "Newcastle", "RMSAGCOMM": "Newcastle", "LMSAG_CODE": "2315", "RMSAG_CODE": "2315", "LCOUNTRY": "US", "RCOUNTRY": "US", "LSTATE": "ME", "RSTATE": "ME", "LCOUNTY": "Lincoln County", "RCOUNTY": "Lincoln County", "LCITY": "Newcastle", "RCITY": "Newcastle", "L_A4": null, "R_A4": null, "L_A5": null, "R_A5": null, "LPOSTCOMM": "Newcastle", "RPOSTCOMM": "Newcastle", "LZIPCODE": "04553", "RZIPCODE": "04553", "RDCLASS": "Private", "MDOTJURIS": "Private", "ONEWAY": "B", "SPEED": 25, "LVALID": "N", "RVALID": "N", "TOWN": "Newcastle", "ROUTE_NUM": "", "MAP_LABEL": "Osprey Point Rd", "SOURCE": "2", "FEET": 182, "MINUTES": 0.08281152, "PSAP": "Lincoln RCC", "GEONAMEID": 42342, "SEGMENTID": 60785, "MCODE": 440, "LGEOCODE": "15110", "RGEOCODE": "15110", "GC_EXCEPTION": null, "AMUPDDAT": 1703181772000, "AMUPDORG": "es.ngesi.maine.gov", "FMUPDDAT": 1271079440000, "FMUPDORG": "jt.ngesi.maine.gov", "CREATDAT": 1271079440000, "CREATORG": "jt.ngesi.maine.gov", "GlobalID": "960d014a-54d8-4fca-9396-fc5a3cd86113", "Shape__Length": 55.5302038425592}}, {"type": "Feature", "id": 7516, "geometry": {"type": "LineString", "coordinates": [[-69.5417189636593, 44.0649999713965], [-69.5417178968178, 44.065119856655], [-69.5416950621483, 44.0652886165076], [-69.5416538510606, 44.0654372688603], [-69.5416033429916, 44.065546836517], [-69.5415200616877, 44.0656965975828], [-69.5413729206348, 44.0658625161745], [-69.541198526302, 44.0660373149706], [-69.5409928028226, 44.0662382816529], [-69.5408393275145, 44.0664054990144], [-69.5407239970083, 44.0665437427917], [-69.5405388715016, 44.0668515174292], [-69.5404186309495, 44.0670829602182], [-69.5402580786731, 44.0673895917495], [-69.5400986659542, 44.067683027685], [-69.5399583902686, 44.0679183190816], [-69.5398480022532, 44.0680898151107], [-69.5397889682761, 44.0681783182563]]}, "properties": {"OBJECTID": 7516, "SOURCE_OF_DATA": "ngesi.maine.gov", "DATEUPDATE": 1605571200000, "EFFECTIVE": 1369612800000, "EXPIRE": null, "RCL_UID": "urn:emergency:uid:gis:RCL:63084:ngesi.maine.gov", "L_ADD_PRE": "", "L_ADD_FROM": 190, "L_ADD_TO": 238, "R_ADD_PRE": "", "R_ADD_FROM": 189, "R_ADD_TO": 237, "LPARITY": "E", "RPARITY": "O", "ST_PREMOD": "", "ST_PREDIR": "", "ST_PRETYP": "", "ST_PRESEP": "", "ST_NAME": "Pond", "ST_POSTTYP": "Road", "ST_POSTDIR": "", "ST_POSTMOD": "", "ST_FULLNAME": "Pond Road", "DIRTRAVEL": null, "PREDIR": "", "STREETNAME": "Pond", "SUFFIX": "Rd", "POSTDIR": "", "RDNAME": "Pond Rd", "LESN": "142", "RESN": "142", "LMSAGCOMM": "Newcastle", "RMSAGCOMM": "Newcastle", "LMSAG_CODE": "2315", "RMSAG_CODE": "2315", "LCOUNTRY": "US", "RCOUNTRY": "US", "LSTATE": "ME", "RSTATE": "ME", "LCOUNTY": "Lincoln County", "RCOUNTY": "Lincoln County", "LCITY": "Newcastle", "RCITY": "Newcastle", "L_A4": null, "R_A4": null, "L_A5": null, "R_A5": null, "LPOSTCOMM": "Newcastle", "RPOSTCOMM": "Newcastle", "LZIPCODE": "04553", "RZIPCODE": "04553", "RDCLASS": "Secondary", "MDOTJURIS": "State Aid", "ONEWAY": "B", "SPEED": 45, "LVALID": "N", "RVALID": "N", "TOWN": "Newcastle", "ROUTE_NUM": "215", "MAP_LABEL": "Pond Rd - Route 215", "SOURCE": "43", "FEET": 1279, "MINUTES": 0.32305819, "PSAP": "Lincoln RCC", "GEONAMEID": 45744, "SEGMENTID": 63084, "MCODE": 440, "LGEOCODE": "15110", "RGEOCODE": "15110", "GC_EXCEPTION": null, "AMUPDDAT": 1590710400000, "AMUPDORG": "jr.ngesi.maine.gov", "FMUPDDAT": 1267182087000, "FMUPDORG": "jt.ngesi.maine.gov", "CREATDAT": 1267182087000, "CREATORG": "jt.ngesi.maine.gov", "GlobalID": "919d87b4-2fab-4b59-9fad-74e7e229e72d", "Shape__Length": 389.93382246580853}}, {"type": "Feature", "id": 7540, "geometry": {"type": "LineString", "coordinates": [[-69.5559752846397, 44.007008145651], [-69.5560826452743, 44.0068726789531], [-69.5564451290392, 44.0064383507464], [-69.5569277441998, 44.0058785575067], [-69.5573573534119, 44.0053765710473], [-69.5576393175739, 44.005038653896]]}, "properties": {"OBJECTID": 7540, "SOURCE_OF_DATA": "ngesi.maine.gov", "DATEUPDATE": 1605571200000, "EFFECTIVE": 1369612800000, "EXPIRE": null, "RCL_UID": "urn:emergency:uid:gis:RCL:64685:ngesi.maine.gov", "L_ADD_PRE": "", "L_ADD_FROM": 454, "L_ADD_TO": 484, "R_ADD_PRE": "", "R_ADD_FROM": 453, "R_ADD_TO": 483, "LPARITY": "E", "RPARITY": "O", "ST_PREMOD": "", "ST_PREDIR": "", "ST_PRETYP": "", "ST_PRESEP": "", "ST_NAME": "River", "ST_POSTTYP": "Road", "ST_POSTDIR": "", "ST_POSTMOD": "", "ST_FULLNAME": "River Road", "DIRTRAVEL": null, "PREDIR": "", "STREETNAME": "River", "SUFFIX": "Rd", "POSTDIR": "", "RDNAME": "River Rd", "LESN": "142", "RESN": "142", "LMSAGCOMM": "Newcastle", "RMSAGCOMM": "Newcastle", "LMSAG_CODE": "2315", "RMSAG_CODE": "2315", "LCOUNTRY": "US", "RCOUNTRY": "US", "LSTATE": "ME", "RSTATE": "ME", "LCOUNTY": "Lincoln County", "RCOUNTY": "Lincoln County", "LCITY": "Newcastle", "RCITY": "Newcastle", "L_A4": null, "R_A4": null, "L_A5": null, "R_A5": null, "LPOSTCOMM": "Newcastle", "RPOSTCOMM": "Newcastle", "LZIPCODE": "04553", "RZIPCODE": "04553", "RDCLASS": "Local", "MDOTJURIS": "State Aid", "ONEWAY": "B", "SPEED": 35, "LVALID": "N", "RVALID": "N", "TOWN": "Newcastle", "ROUTE_NUM": "", "MAP_LABEL": "River Rd", "SOURCE": "43", "FEET": 841, "MINUTES": 0.27294104, "PSAP": "Lincoln RCC", "GEONAMEID": 48507, "SEGMENTID": 64685, "MCODE": 440, "LGEOCODE": "15110", "RGEOCODE": "15110", "GC_EXCEPTION": null, "AMUPDDAT": 1590710400000, "AMUPDORG": "jr.ngesi.maine.gov", "FMUPDDAT": 1271077813000, "FMUPDORG": "jt.ngesi.maine.gov", "CREATDAT": 1271077813000, "CREATORG": "jt.ngesi.maine.gov", "GlobalID": "da7f121c-458a-4b9e-93ee-b47708f5dd13", "Shape__Length": 256.23268490562026}}, {"type": "Feature", "id": 7556, "geometry": {"type": "LineString", "coordinates": [[-69.5450340594787, 44.0301143567181], [-69.5453643181354, 44.0299331349725], [-69.5455344617902, 44.0298314750738], [-69.5457716639855, 44.0296791293171], [-69.5460217706896, 44.0294808308091], [-69.5462478597677, 44.0292927034311], [-69.5464665575659, 44.029059503663], [-69.5466477038073, 44.0288411407555], [-69.5469049456591, 44.0284790333642], [-69.5471483904017, 44.0281258778522], [-69.5472659039716, 44.0279592103461], [-69.5473128941206, 44.0279058198731]]}, "properties": {"OBJECTID": 7556, "SOURCE_OF_DATA": "ngesi.maine.gov", "DATEUPDATE": 1713900742000, "EFFECTIVE": 1369612800000, "EXPIRE": null, "RCL_UID": "urn:emergency:uid:gis:RCL:63135:ngesi.maine.gov", "L_ADD_PRE": "", "L_ADD_FROM": 94, "L_ADD_TO": 130, "R_ADD_PRE": "", "R_ADD_FROM": 93, "R_ADD_TO": 129, "LPARITY": "E", "RPARITY": "O", "ST_PREMOD": "", "ST_PREDIR": "", "ST_PRETYP": "", "ST_PRESEP": "", "ST_NAME": "River", "ST_POSTTYP": "Road", "ST_POSTDIR": "", "ST_POSTMOD": "", "ST_FULLNAME": "River Road", "DIRTRAVEL": null, "PREDIR": "", "STREETNAME": "River", "SUFFIX": "Rd", "POSTDIR": "", "RDNAME": "River Rd", "LESN": "142", "RESN": "142", "LMSAGCOMM": "Newcastle", "RMSAGCOMM": "Newcastle", "LMSAG_CODE": "2315", "RMSAG_CODE": "2315", "LCOUNTRY": "US", "RCOUNTRY": "US", "LSTATE": "ME", "RSTATE": "ME", "LCOUNTY": "Lincoln County", "RCOUNTY": "Lincoln County", "LCITY": "Newcastle", "RCITY": "Newcastle", "L_A4": null, "R_A4": null, "L_A5": null, "R_A5": null, "LPOSTCOMM": "Newcastle", "RPOSTCOMM": "Newcastle", "LZIPCODE": "04553", "RZIPCODE": "04553", "RDCLASS": "Local", "MDOTJURIS": "State Aid", "ONEWAY": "B", "SPEED": 35, "LVALID": "N", "RVALID": "N", "TOWN": "Newcastle", "ROUTE_NUM": "", "MAP_LABEL": "River Rd", "SOURCE": "43", "FEET": 1018, "MINUTES": 0.33040166, "PSAP": "Lincoln RCC", "GEONAMEID": 48507, "SEGMENTID": 63135, "MCODE": 440, "LGEOCODE": "15110", "RGEOCODE": "15110", "GC_EXCEPTION": null, "AMUPDDAT": 1713900742000, "AMUPDORG": "es.ngesi.maine.gov", "FMUPDDAT": 1267196122000, "FMUPDORG": "jt.ngesi.maine.gov", "CREATDAT": 1267196122000, "CREATORG": "jt.ngesi.maine.gov", "GlobalID": "2e510008-a846-41ec-bfea-c2611d86fad3", "Shape__Length": 310.176414295094}}, {"type": "Feature", "id": 7567, "geometry": {"type": "LineString", "coordinates": [[-69.5259987191367, 44.0595574582301], [-69.5259776820379, 44.0596393329989], [-69.525928713482, 44.0597506424208], [-69.525894688594, 44.0598279672141], [-69.5258590484444, 44.0599047772333], [-69.5258066017908, 44.0600153283135], [-69.5257490328268, 44.0601001351988], [-69.5256687299335, 44.0602105983124], [-69.5256078673977, 44.0602943308657], [-69.5255652413505, 44.0603464855945]]}, "properties": {"OBJECTID": 7567, "SOURCE_OF_DATA": "ngesi.maine.gov", "DATEUPDATE": 1605571200000, "EFFECTIVE": 1369612800000, "EXPIRE": null, "RCL_UID": "urn:emergency:uid:gis:RCL:64677:ngesi.maine.gov", "L_ADD_PRE": "", "L_ADD_FROM": 376, "L_ADD_TO": 392, "R_ADD_PRE": "", "R_ADD_FROM": 375, "R_ADD_TO": 391, "LPARITY": "E", "RPARITY": "O", "ST_PREMOD": "", "ST_PREDIR": "", "ST_PRETYP": "", "ST_PRESEP": "", "ST_NAME": "Mills", "ST_POSTTYP": "Road", "ST_POSTDIR": "", "ST_POSTMOD": "", "ST_FULLNAME": "Mills Road", "DIRTRAVEL": null, "PREDIR": "", "STREETNAME": "Mills", "SUFFIX": "Rd", "POSTDIR": "", "RDNAME": "Mills Rd", "LESN": "142", "RESN": "142", "LMSAGCOMM": "Newcastle", "RMSAGCOMM": "Newcastle", "LMSAG_CODE": "2315", "RMSAG_CODE": "2315", "LCOUNTRY": "US", "RCOUNTRY": "US", "LSTATE": "ME", "RSTATE": "ME", "LCOUNTY": "Lincoln County", "RCOUNTY": "Lincoln County", "LCITY": "Newcastle", "RCITY": "Newcastle", "L_A4": null, "R_A4": null, "L_A5": null, "R_A5": null, "LPOSTCOMM": "Newcastle", "RPOSTCOMM": "Newcastle", "LZIPCODE": "04553", "RZIPCODE": "04553", "RDCLASS": "Secondary", "MDOTJURIS": "State Aid", "ONEWAY": "B", "SPEED": 45, "LVALID": "N", "RVALID": "N", "TOWN": "Newcastle", "ROUTE_NUM": "215", "MAP_LABEL": "Mills Rd - Route 215", "SOURCE": "43", "FEET": 311, "MINUTES": 0.0785156, "PSAP": "Lincoln RCC", "GEONAMEID": 37899, "SEGMENTID": 64677, "MCODE": 440, "LGEOCODE": "15110", "RGEOCODE": "15110", "GC_EXCEPTION": null, "AMUPDDAT": 1590710400000, "AMUPDORG": "jr.ngesi.maine.gov", "FMUPDDAT": 1271076723000, "FMUPDORG": "jt.ngesi.maine.gov", "CREATDAT": 1271076723000, "CREATORG": "jt.ngesi.maine.gov", "GlobalID": "972a8cd9-cea4-4868-9b17-c58ad6227cf1", "Shape__Length": 94.76895347966085}}, {"type": "Feature", "id": 7584, "geometry": {"type": "LineString", "coordinates": [[-69.6117092270284, 44.0433562160723], [-69.6117242671733, 44.043302790254], [-69.6118658683916, 44.0428765481445], [-69.6120337786741, 44.0422635598834], [-69.6120786818905, 44.0420738692316]]}, "properties": {"OBJECTID": 7584, "SOURCE_OF_DATA": "ngesi.maine.gov", "DATEUPDATE": 1714677139000, "EFFECTIVE": 1369612800000, "EXPIRE": null, "RCL_UID": "urn:emergency:uid:gis:RCL:74223:ngesi.maine.gov", "L_ADD_PRE": "", "L_ADD_FROM": 106, "L_ADD_TO": 122, "R_ADD_PRE": "", "R_ADD_FROM": 105, "R_ADD_TO": 121, "LPARITY": "E", "RPARITY": "O", "ST_PREMOD": "", "ST_PREDIR": "", "ST_PRETYP": "", "ST_PRESEP": "", "ST_NAME": "The Kings", "ST_POSTTYP": "Highway", "ST_POSTDIR": "", "ST_POSTMOD": "", "ST_FULLNAME": "The Kings Highway", "DIRTRAVEL": null, "PREDIR": "", "STREETNAME": "The Kings", "SUFFIX": "Hwy", "POSTDIR": "", "RDNAME": "The Kings Hwy", "LESN": "142", "RESN": "142", "LMSAGCOMM": "Newcastle", "RMSAGCOMM": "Newcastle", "LMSAG_CODE": "2315", "RMSAG_CODE": "2315", "LCOUNTRY": "US", "RCOUNTRY": "US", "LSTATE": "ME", "RSTATE": "ME", "LCOUNTY": "Lincoln County", "RCOUNTY": "Lincoln County", "LCITY": "Newcastle", "RCITY": "Newcastle", "L_A4": null, "R_A4": null, "L_A5": null, "R_A5": null, "LPOSTCOMM": "Newcastle", "RPOSTCOMM": "Newcastle", "LZIPCODE": "04553", "RZIPCODE": "04553", "RDCLASS": "Local", "MDOTJURIS": "Townway", "ONEWAY": "B", "SPEED": 35, "LVALID": "N", "RVALID": "N", "TOWN": "Newcastle", "ROUTE_NUM": "", "MAP_LABEL": "The Kings Hwy", "SOURCE": "43", "FEET": 477, "MINUTES": 0.1550038, "PSAP": "Lincoln RCC", "GEONAMEID": 57514, "SEGMENTID": 74223, "MCODE": 440, "LGEOCODE": "15110", "RGEOCODE": "15110", "GC_EXCEPTION": null, "AMUPDDAT": 1714677139000, "AMUPDORG": "es.ngesi.maine.gov", "FMUPDDAT": 1295347438000, "FMUPDORG": "jt.ngesi.maine.gov", "CREATDAT": 1295347438000, "CREATORG": "jt.ngesi.maine.gov", "GlobalID": "97d3b1df-802b-40c1-b2e7-babd5e0bb22a", "Shape__Length": 145.51537428247286}}, {"type": "Feature", "id": 7612, "geometry": {"type": "LineString", "coordinates": [[-69.5604619912154, 44.0007454385383], [-69.5606920954175, 44.0003735456826], [-69.5609728229489, 43.9999909507491], [-69.5612449675117, 43.9996800020671], [-69.5616347441122, 43.9992598203676], [-69.5620391765984, 43.9988217833108]]}, "properties": {"OBJECTID": 7612, "SOURCE_OF_DATA": "ngesi.maine.gov", "DATEUPDATE": 1605571200000, "EFFECTIVE": 1369612800000, "EXPIRE": null, "RCL_UID": "urn:emergency:uid:gis:RCL:64682:ngesi.maine.gov", "L_ADD_PRE": "", "L_ADD_FROM": 554, "L_ADD_TO": 584, "R_ADD_PRE": "", "R_ADD_FROM": 553, "R_ADD_TO": 583, "LPARITY": "E", "RPARITY": "O", "ST_PREMOD": "", "ST_PREDIR": "", "ST_PRETYP": "", "ST_PRESEP": "", "ST_NAME": "River", "ST_POSTTYP": "Road", "ST_POSTDIR": "", "ST_POSTMOD": "", "ST_FULLNAME": "River Road", "DIRTRAVEL": null, "PREDIR": "", "STREETNAME": "River", "SUFFIX": "Rd", "POSTDIR": "", "RDNAME": "River Rd", "LESN": "142", "RESN": "142", "LMSAGCOMM": "Newcastle", "RMSAGCOMM": "Newcastle", "LMSAG_CODE": "2315", "RMSAG_CODE": "2315", "LCOUNTRY": "US", "RCOUNTRY": "US", "LSTATE": "ME", "RSTATE": "ME", "LCOUNTY": "Lincoln County", "RCOUNTY": "Lincoln County", "LCITY": "Newcastle", "RCITY": "Newcastle", "L_A4": null, "R_A4": null, "L_A5": null, "R_A5": null, "LPOSTCOMM": "Newcastle", "RPOSTCOMM": "Newcastle", "LZIPCODE": "04553", "RZIPCODE": "04553", "RDCLASS": "Local", "MDOTJURIS": "State Aid", "ONEWAY": "B", "SPEED": 35, "LVALID": "N", "RVALID": "N", "TOWN": "Newcastle", "ROUTE_NUM": "", "MAP_LABEL": "River Rd", "SOURCE": "43", "FEET": 816, "MINUTES": 0.26503893, "PSAP": "Lincoln RCC", "GEONAMEID": 48507, "SEGMENTID": 64682, "MCODE": 440, "LGEOCODE": "15110", "RGEOCODE": "15110", "GC_EXCEPTION": null, "AMUPDDAT": 1590710400000, "AMUPDORG": "jr.ngesi.maine.gov", "FMUPDDAT": 1271077699000, "FMUPDORG": "jt.ngesi.maine.gov", "CREATDAT": 1271077699000, "CREATORG": "jt.ngesi.maine.gov", "GlobalID": "c1cae1ec-c18b-4e14-abae-6de1493c15e5", "Shape__Length": 248.81430310065517}}, {"type": "Feature", "id": 7626, "geometry": {"type": "LineString", "coordinates": [[-69.6035899321239, 44.0426773955797], [-69.6036417746577, 44.0427160615062], [-69.6042055913335, 44.0432283293093], [-69.604598363687, 44.0435760796117], [-69.6046842714279, 44.0436577362104]]}, "properties": {"OBJECTID": 7626, "SOURCE_OF_DATA": "ngesi.maine.gov", "DATEUPDATE": 1605571200000, "EFFECTIVE": 1369612800000, "EXPIRE": null, "RCL_UID": "urn:emergency:uid:gis:RCL:63119:ngesi.maine.gov", "L_ADD_PRE": "", "L_ADD_FROM": 502, "L_ADD_TO": 524, "R_ADD_PRE": "", "R_ADD_FROM": 501, "R_ADD_TO": 523, "LPARITY": "E", "RPARITY": "O", "ST_PREMOD": "", "ST_PREDIR": "", "ST_PRETYP": "", "ST_PRESEP": "", "ST_NAME": "Sheepscot", "ST_POSTTYP": "Road", "ST_POSTDIR": "", "ST_POSTMOD": "", "ST_FULLNAME": "Sheepscot Road", "DIRTRAVEL": null, "PREDIR": "", "STREETNAME": "Sheepscot", "SUFFIX": "Rd", "POSTDIR": "", "RDNAME": "Sheepscot Rd", "LESN": "142", "RESN": "142", "LMSAGCOMM": "Newcastle", "RMSAGCOMM": "Newcastle", "LMSAG_CODE": "2315", "RMSAG_CODE": "2315", "LCOUNTRY": "US", "RCOUNTRY": "US", "LSTATE": "ME", "RSTATE": "ME", "LCOUNTY": "Lincoln County", "RCOUNTY": "Lincoln County", "LCITY": "Newcastle", "RCITY": "Newcastle", "L_A4": null, "R_A4": null, "L_A5": null, "R_A5": null, "LPOSTCOMM": "Newcastle", "RPOSTCOMM": "Newcastle", "LZIPCODE": "04553", "RZIPCODE": "04553", "RDCLASS": "Local", "MDOTJURIS": "State Aid", "ONEWAY": "B", "SPEED": 35, "LVALID": "N", "RVALID": "N", "TOWN": "Newcastle", "ROUTE_NUM": "", "MAP_LABEL": "Sheepscot Rd", "SOURCE": "43", "FEET": 459, "MINUTES": 0.14894915, "PSAP": "Lincoln RCC", "GEONAMEID": 52286, "SEGMENTID": 63119, "MCODE": 440, "LGEOCODE": "15110", "RGEOCODE": "15110", "GC_EXCEPTION": null, "AMUPDDAT": 1590710400000, "AMUPDORG": "jr.ngesi.maine.gov", "FMUPDDAT": 1517485995000, "FMUPDORG": "es.ngesi.maine.gov", "CREATDAT": 1517485995000, "CREATORG": "es.ngesi.maine.gov", "GlobalID": "5c955a57-77c5-4793-99e8-1906602eea32", "Shape__Length": 139.83108171765596}}, {"type": "Feature", "id": 7652, "geometry": {"type": "LineString", "coordinates": [[-69.5872722540977, 44.0669984398381], [-69.5871420296857, 44.0669632126345], [-69.586997302851, 44.0669084954289], [-69.5868776168707, 44.066826423163], [-69.5867733004119, 44.0667213852193], [-69.586663488665, 44.0665845934298], [-69.5865653275064, 44.06646296645], [-69.586450660456, 44.0663224899799], [-69.5863271048313, 44.066166978328], [-69.5861270893708, 44.0661502049197], [-69.5858943538494, 44.0662709096689], [-69.5858523061366, 44.0664679123902], [-69.5857697145271, 44.0666245086765], [-69.5855314455046, 44.0666895550823], [-69.5852956475566, 44.066741848535], [-69.5850679056576, 44.0667829810602], [-69.5847946674163, 44.0668323410253], [-69.5845244576437, 44.0668811536424], [-69.5842676547366, 44.0669372168149], [-69.5840212796725, 44.0669934601935], [-69.5837538984595, 44.0670545101412], [-69.5835014174841, 44.0671121431073], [-69.583291007923, 44.0671713974234], [-69.5830621468239, 44.0672425669681], [-69.5828054798565, 44.067329327714], [-69.5825588846805, 44.0674334580841], [-69.5823115886534, 44.0675031265207], [-69.5820545876096, 44.0675445552174], [-69.5817595235753, 44.0675589869246], [-69.5815154661459, 44.0674953419769], [-69.5813261471972, 44.0673852576256], [-69.5812527963077, 44.0672484821996], [-69.5812398650842, 44.0671571455795], [-69.5812064643932, 44.0669212556293], [-69.581274724383, 44.0667254447681], [-69.5813332794822, 44.0665574767066], [-69.581347660856, 44.0662968634173], [-69.5814152748855, 44.0661129942346], [-69.5814609101697, 44.0659888933357], [-69.5815411646472, 44.0655784794212], [-69.5816474428121, 44.065405541462], [-69.5817850756018, 44.0652824845935], [-69.5818149353886, 44.0651822328225], [-69.5818525081385, 44.0650561200319], [-69.5818199827264, 44.0649097104394], [-69.5817995273998, 44.0648176648803], [-69.581722669268, 44.0644717137103], [-69.5816377503077, 44.0644156857748], [-69.5815063779934, 44.0643885520227], [-69.5813801104564, 44.0643624635471]]}, "properties": {"OBJECTID": 7652, "SOURCE_OF_DATA": "ngesi.maine.gov", "DATEUPDATE": 1729859195000, "EFFECTIVE": 1369612800000, "EXPIRE": null, "RCL_UID": "urn:emergency:uid:gis:RCL:74099:ngesi.maine.gov", "L_ADD_PRE": "", "L_ADD_FROM": 2, "L_ADD_TO": 96, "R_ADD_PRE": "", "R_ADD_FROM": 1, "R_ADD_TO": 95, "LPARITY": "E", "RPARITY": "O", "ST_PREMOD": "", "ST_PREDIR": "", "ST_PRETYP": "", "ST_PRESEP": "", "ST_NAME": "Highland", "ST_POSTTYP": "Road", "ST_POSTDIR": "", "ST_POSTMOD": "", "ST_FULLNAME": "Highland Road", "DIRTRAVEL": null, "PREDIR": "", "STREETNAME": "Highland", "SUFFIX": "Rd", "POSTDIR": "", "RDNAME": "Highland Rd", "LESN": "142", "RESN": "142", "LMSAGCOMM": "Newcastle", "RMSAGCOMM": "Newcastle", "LMSAG_CODE": "2315", "RMSAG_CODE": "2315", "LCOUNTRY": "US", "RCOUNTRY": "US", "LSTATE": "ME", "RSTATE": "ME", "LCOUNTY": "Lincoln County", "RCOUNTY": "Lincoln County", "LCITY": "Newcastle", "RCITY": "Newcastle", "L_A4": null, "R_A4": null, "L_A5": null, "R_A5": null, "LPOSTCOMM": "Newcastle", "RPOSTCOMM": "Newcastle", "LZIPCODE": "04553", "RZIPCODE": "04553", "RDCLASS": "Private", "MDOTJURIS": "Private", "ONEWAY": "B", "SPEED": 25, "LVALID": "N", "RVALID": "N", "TOWN": "Newcastle", "ROUTE_NUM": "", "MAP_LABEL": "Highland Rd", "SOURCE": "2", "FEET": 3110, "MINUTES": 1.41381422, "PSAP": "Lincoln RCC", "GEONAMEID": 26146, "SEGMENTID": 74099, "MCODE": 440, "LGEOCODE": "15110", "RGEOCODE": "15110", "GC_EXCEPTION": null, "AMUPDDAT": 1729859195000, "AMUPDORG": "es.ngesi.maine.gov", "FMUPDDAT": 1631535382000, "FMUPDORG": "es.ngesi.maine.gov", "CREATDAT": 1295347066000, "CREATORG": "jt.ngesi.maine.gov", "GlobalID": "85370e53-90c6-41b9-9c54-a01fb9ffab44", "Shape__Length": 948.049162772659}}, {"type": "Feature", "id": 7655, "geometry": {"type": "LineString", "coordinates": [[-69.5620226637326, 44.0934958670344], [-69.5619070200861, 44.093755678294], [-69.5618429926775, 44.0939202682816]]}, "properties": {"OBJECTID": 7655, "SOURCE_OF_DATA": "ngesi.maine.gov", "DATEUPDATE": 1714677139000, "EFFECTIVE": 1369612800000, "EXPIRE": null, "RCL_UID": "urn:emergency:uid:gis:RCL:63079:ngesi.maine.gov", "L_ADD_PRE": "", "L_ADD_FROM": 126, "L_ADD_TO": 132, "R_ADD_PRE": "", "R_ADD_FROM": 125, "R_ADD_TO": 131, "LPARITY": "E", "RPARITY": "O", "ST_PREMOD": "", "ST_PREDIR": "", "ST_PRETYP": "", "ST_PRESEP": "", "ST_NAME": "Ridge", "ST_POSTTYP": "Road", "ST_POSTDIR": "", "ST_POSTMOD": "", "ST_FULLNAME": "Ridge Road", "DIRTRAVEL": null, "PREDIR": "", "STREETNAME": "Ridge", "SUFFIX": "Rd", "POSTDIR": "", "RDNAME": "Ridge Rd", "LESN": "142", "RESN": "142", "LMSAGCOMM": "Newcastle", "RMSAGCOMM": "Newcastle", "LMSAG_CODE": "2315", "RMSAG_CODE": "2315", "LCOUNTRY": "US", "RCOUNTRY": "US", "LSTATE": "ME", "RSTATE": "ME", "LCOUNTY": "Lincoln County", "RCOUNTY": "Lincoln County", "LCITY": "Newcastle", "RCITY": "Newcastle", "L_A4": null, "R_A4": null, "L_A5": null, "R_A5": null, "LPOSTCOMM": "Newcastle", "RPOSTCOMM": "Newcastle", "LZIPCODE": "04553", "RZIPCODE": "04553", "RDCLASS": "Secondary", "MDOTJURIS": "State Aid", "ONEWAY": "B", "SPEED": 45, "LVALID": "N", "RVALID": "N", "TOWN": "Newcastle", "ROUTE_NUM": "215", "MAP_LABEL": "Ridge Rd - Route 215", "SOURCE": "43", "FEET": 162, "MINUTES": 0.04083858, "PSAP": "Lincoln RCC", "GEONAMEID": 48188, "SEGMENTID": 63079, "MCODE": 440, "LGEOCODE": "15110", "RGEOCODE": "15110", "GC_EXCEPTION": null, "AMUPDDAT": 1714677139000, "AMUPDORG": "es.ngesi.maine.gov", "FMUPDDAT": 1267178664000, "FMUPDORG": "jt.ngesi.maine.gov", "CREATDAT": 1267178664000, "CREATORG": "jt.ngesi.maine.gov", "GlobalID": "1d1b8497-cf52-47d8-9d96-4b45ed66af23", "Shape__Length": 49.292597027379145}}, {"type": "Feature", "id": 7671, "geometry": {"type": "LineString", "coordinates": [[-69.5486971764158, 44.0258939941279], [-69.5489261574736, 44.0257890573914], [-69.5493483239438, 44.0255218135616], [-69.5496445210685, 44.0253424717406], [-69.549947087545, 44.0251517721406], [-69.5501907272915, 44.0249377754526]]}, "properties": {"OBJECTID": 7671, "SOURCE_OF_DATA": "ngesi.maine.gov", "DATEUPDATE": 1711999082000, "EFFECTIVE": 1369612800000, "EXPIRE": null, "RCL_UID": "urn:emergency:uid:gis:RCL:74225:ngesi.maine.gov", "L_ADD_PRE": "", "L_ADD_FROM": 2, "L_ADD_TO": 22, "R_ADD_PRE": "", "R_ADD_FROM": 1, "R_ADD_TO": 21, "LPARITY": "E", "RPARITY": "O", "ST_PREMOD": "", "ST_PREDIR": "", "ST_PRETYP": "", "ST_PRESEP": "", "ST_NAME": "Robinson", "ST_POSTTYP": "Road", "ST_POSTDIR": "", "ST_POSTMOD": "", "ST_FULLNAME": "Robinson Road", "DIRTRAVEL": null, "PREDIR": "", "STREETNAME": "Robinson", "SUFFIX": "Rd", "POSTDIR": "", "RDNAME": "Robinson Rd", "LESN": "142", "RESN": "142", "LMSAGCOMM": "Newcastle", "RMSAGCOMM": "Newcastle", "LMSAG_CODE": "2315", "RMSAG_CODE": "2315", "LCOUNTRY": "US", "RCOUNTRY": "US", "LSTATE": "ME", "RSTATE": "ME", "LCOUNTY": "Lincoln County", "RCOUNTY": "Lincoln County", "LCITY": "Newcastle", "RCITY": "Newcastle", "L_A4": null, "R_A4": null, "L_A5": null, "R_A5": null, "LPOSTCOMM": "Newcastle", "RPOSTCOMM": "Newcastle", "LZIPCODE": "04553", "RZIPCODE": "04553", "RDCLASS": "Local", "MDOTJURIS": "Townway", "ONEWAY": "B", "SPEED": 35, "LVALID": "N", "RVALID": "N", "TOWN": "Newcastle", "ROUTE_NUM": "", "MAP_LABEL": "Robinson Rd", "SOURCE": "43", "FEET": 527, "MINUTES": 0.1711714, "PSAP": "Lincoln RCC", "GEONAMEID": 48964, "SEGMENTID": 74225, "MCODE": 440, "LGEOCODE": "15110", "RGEOCODE": "15110", "GC_EXCEPTION": null, "AMUPDDAT": 1711999082000, "AMUPDORG": "es.ngesi.maine.gov", "FMUPDDAT": 1295349000000, "FMUPDORG": "jt.ngesi.maine.gov", "CREATDAT": 1295349000000, "CREATORG": "jt.ngesi.maine.gov", "GlobalID": "fad54faf-ac3a-4812-a150-97631304e668", "Shape__Length": 160.69329546330965}}, {"type": "Feature", "id": 7692, "geometry": {"type": "LineString", "coordinates": [[-69.5140015120855, 44.0437412522881], [-69.5140824217179, 44.0437312906097], [-69.5142806745162, 44.0437068814454], [-69.514587093146, 44.04366914593], [-69.514898371679, 44.0436305233617], [-69.5152103682613, 44.0435898259185], [-69.5155223644869, 44.0435491366281], [-69.5158403945928, 44.0435076449486], [-69.5161523899402, 44.0434669539413], [-69.5164704317106, 44.0434254694584], [-69.5167885619645, 44.0433841637584], [-69.5171067842289, 44.0433434419789], [-69.5174239838259, 44.0433028679991], [-69.5180675205279, 44.0432205235256], [-69.5187037926583, 44.0431383704693], [-69.5190277608017, 44.0430955734736], [-69.5193456692089, 44.0430535683956], [-69.5196696239302, 44.0430107696404], [-69.5199935781766, 44.0429679699687], [-69.5203175318695, 44.0429251603773], [-69.520641333419, 44.0428821344781], [-69.5209644226133, 44.0428362118046], [-69.5212875113792, 44.0427902972225], [-69.5216105870774, 44.0427443727827], [-69.5219348216846, 44.0426982890768], [-69.5222579089265, 44.0426523717568], [-69.5225837287014, 44.0426134997145], [-69.5229157746088, 44.0425744181787], [-69.5232407751346, 44.0425361602452], [-69.5235657753128, 44.0424979103921], [-69.5238907874662, 44.042459650556], [-69.5242157867909, 44.0424213988574], [-69.5245443043552, 44.0423716957244], [-69.5248741696485, 44.0423234350075], [-69.5252028625968, 44.0422753407888], [-69.5255315550842, 44.0422272546297], [-69.5258572853811, 44.0421872392295], [-69.5261897878136, 44.0421508921223], [-69.5264716507171, 44.0421200714187], [-69.5265214393573, 44.0421143498929], [-69.5268507611602, 44.0420642582759], [-69.5271728652409, 44.0420152614175], [-69.5275015184187, 44.0419659002872], [-69.5278248546919, 44.0419208484076], [-69.5281516958804, 44.0418826040122], [-69.5284753822746, 44.0418419423474], [-69.5287987080944, 44.0417902612337], [-69.5291171336333, 44.0417321914549], [-69.5294347222042, 44.0416727111277], [-69.5297465449882, 44.0416091780962], [-69.5300579860825, 44.0415421076351], [-69.5303603338077, 44.041458962392], [-69.530621014749, 44.0413811148117], [-69.5308251100904, 44.0413361129693]]}, "properties": {"OBJECTID": 7692, "SOURCE_OF_DATA": "ngesi.maine.gov", "DATEUPDATE": 1747321734000, "EFFECTIVE": 1369612800000, "EXPIRE": null, "RCL_UID": "urn:emergency:uid:gis:RCL:64678:ngesi.maine.gov", "L_ADD_PRE": "", "L_ADD_FROM": 2, "L_ADD_TO": 170, "R_ADD_PRE": "", "R_ADD_FROM": 1, "R_ADD_TO": 169, "LPARITY": "E", "RPARITY": "O", "ST_PREMOD": "", "ST_PREDIR": "", "ST_PRETYP": "", "ST_PRESEP": "", "ST_NAME": "Route 1", "ST_POSTTYP": "", "ST_POSTDIR": "", "ST_POSTMOD": "", "ST_FULLNAME": "Route 1", "DIRTRAVEL": null, "PREDIR": "", "STREETNAME": "Route 1", "SUFFIX": "", "POSTDIR": "", "RDNAME": "Route 1", "LESN": "142", "RESN": "142", "LMSAGCOMM": "Newcastle", "RMSAGCOMM": "Newcastle", "LMSAG_CODE": "2315", "RMSAG_CODE": "2315", "LCOUNTRY": "US", "RCOUNTRY": "US", "LSTATE": "ME", "RSTATE": "ME", "LCOUNTY": "Lincoln County", "RCOUNTY": "Lincoln County", "LCITY": "Newcastle", "RCITY": "Newcastle", "L_A4": null, "R_A4": null, "L_A5": null, "R_A5": null, "LPOSTCOMM": "Newcastle", "RPOSTCOMM": "Newcastle", "LZIPCODE": "04553", "RZIPCODE": "04553", "RDCLASS": "Secondary", "MDOTJURIS": "State Highway", "ONEWAY": "B", "SPEED": 45, "LVALID": "N", "RVALID": "N", "TOWN": "Newcastle", "ROUTE_NUM": "1", "MAP_LABEL": "Route 1 - Route 1", "SOURCE": "43", "FEET": 4513, "MINUTES": 1.13963485, "PSAP": "Lincoln RCC", "GEONAMEID": 49703, "SEGMENTID": 64678, "MCODE": 440, "LGEOCODE": "15110", "RGEOCODE": "15110", "GC_EXCEPTION": "201", "AMUPDDAT": 1747321734000, "AMUPDORG": "jr.ngesi.maine.gov", "FMUPDDAT": 1271076844000, "FMUPDORG": "jt.ngesi.maine.gov", "CREATDAT": 1271076844000, "CREATORG": "jt.ngesi.maine.gov", "GlobalID": "37fe8895-72e2-4a52-af9e-9d9c35f456bf", "Shape__Length": 1375.551126679108}}, {"type": "Feature", "id": 7730, "geometry": {"type": "LineString", "coordinates": [[-69.538431476111, 44.0338095070201], [-69.5381539216706, 44.0340755609342], [-69.5379520021456, 44.034266664545], [-69.5377502350396, 44.0344402643826], [-69.5373755700811, 44.0347066743595], [-69.5370741894912, 44.0349486724328], [-69.5369045567998, 44.0350645246819]]}, "properties": {"OBJECTID": 7730, "SOURCE_OF_DATA": "ngesi.maine.gov", "DATEUPDATE": 1747321734000, "EFFECTIVE": 1369612800000, "EXPIRE": null, "RCL_UID": "urn:emergency:uid:gis:RCL:93072:ngesi.maine.gov", "L_ADD_PRE": "", "L_ADD_FROM": 30, "L_ADD_TO": 52, "R_ADD_PRE": "", "R_ADD_FROM": 29, "R_ADD_TO": 51, "LPARITY": "E", "RPARITY": "O", "ST_PREMOD": "", "ST_PREDIR": "", "ST_PRETYP": "", "ST_PRESEP": "", "ST_NAME": "Main", "ST_POSTTYP": "Street", "ST_POSTDIR": "", "ST_POSTMOD": "", "ST_FULLNAME": "Main Street", "DIRTRAVEL": null, "PREDIR": "", "STREETNAME": "Main", "SUFFIX": "St", "POSTDIR": "", "RDNAME": "Main St", "LESN": "142", "RESN": "142", "LMSAGCOMM": "Newcastle", "RMSAGCOMM": "Newcastle", "LMSAG_CODE": "2315", "RMSAG_CODE": "2315", "LCOUNTRY": "US", "RCOUNTRY": "US", "LSTATE": "ME", "RSTATE": "ME", "LCOUNTY": "Lincoln County", "RCOUNTY": "Lincoln County", "LCITY": "Newcastle", "RCITY": "Newcastle", "L_A4": null, "R_A4": null, "L_A5": null, "R_A5": null, "LPOSTCOMM": "Newcastle", "RPOSTCOMM": "Newcastle", "LZIPCODE": "04553", "RZIPCODE": "04553", "RDCLASS": "Local", "MDOTJURIS": "State Highway", "ONEWAY": "B", "SPEED": 35, "LVALID": "N", "RVALID": "N", "TOWN": "Newcastle", "ROUTE_NUM": "", "MAP_LABEL": "Main St", "SOURCE": "43", "FEET": 610, "MINUTES": 0.19796013, "PSAP": "Lincoln RCC", "GEONAMEID": 34897, "SEGMENTID": 93072, "MCODE": 440, "LGEOCODE": "15110", "RGEOCODE": "15110", "GC_EXCEPTION": null, "AMUPDDAT": 1747321734000, "AMUPDORG": "jr.ngesi.maine.gov", "FMUPDDAT": 1697635156000, "FMUPDORG": "es.ngesi.maine.gov", "CREATDAT": 1267199013000, "CREATORG": "jt.ngesi.maine.gov", "GlobalID": "4657c043-5ef3-4b52-91ae-2ba1e2a41eb3", "Shape__Length": 185.84217712536676}}, {"type": "Feature", "id": 7756, "geometry": {"type": "LineString", "coordinates": [[-69.538882629874, 44.0335910272832], [-69.5386309197707, 44.033700876764], [-69.538431476111, 44.0338095070201]]}, "properties": {"OBJECTID": 7756, "SOURCE_OF_DATA": "ngesi.maine.gov", "DATEUPDATE": 1747321734000, "EFFECTIVE": 1369612800000, "EXPIRE": null, "RCL_UID": "urn:emergency:uid:gis:RCL:93068:ngesi.maine.gov", "L_ADD_PRE": "", "L_ADD_FROM": 0, "L_ADD_TO": 0, "R_ADD_PRE": "", "R_ADD_FROM": 0, "R_ADD_TO": 0, "LPARITY": "Z", "RPARITY": "Z", "ST_PREMOD": "", "ST_PREDIR": "", "ST_PRETYP": "", "ST_PRESEP": "", "ST_NAME": "Main", "ST_POSTTYP": "Street", "ST_POSTDIR": "", "ST_POSTMOD": "", "ST_FULLNAME": "Main Street", "DIRTRAVEL": null, "PREDIR": "", "STREETNAME": "Main", "SUFFIX": "St", "POSTDIR": "", "RDNAME": "Main St", "LESN": "142", "RESN": "142", "LMSAGCOMM": "Newcastle", "RMSAGCOMM": "Newcastle", "LMSAG_CODE": "2315", "RMSAG_CODE": "2315", "LCOUNTRY": "US", "RCOUNTRY": "US", "LSTATE": "ME", "RSTATE": "ME", "LCOUNTY": "Lincoln County", "RCOUNTY": "Lincoln County", "LCITY": "Newcastle", "RCITY": "Newcastle", "L_A4": null, "R_A4": null, "L_A5": null, "R_A5": null, "LPOSTCOMM": "Newcastle", "RPOSTCOMM": "Damariscotta", "LZIPCODE": "04553", "RZIPCODE": "04543", "RDCLASS": "Local", "MDOTJURIS": "State Highway", "ONEWAY": "B", "SPEED": 35, "LVALID": "N", "RVALID": "N", "TOWN": "Newcastle", "ROUTE_NUM": "", "MAP_LABEL": "Main St", "SOURCE": "43", "FEET": 143, "MINUTES": 0.04644045, "PSAP": "Lincoln RCC", "GEONAMEID": 34897, "SEGMENTID": 93068, "MCODE": 440, "LGEOCODE": "15110", "RGEOCODE": "15110", "GC_EXCEPTION": null, "AMUPDDAT": 1747321734000, "AMUPDORG": "jr.ngesi.maine.gov", "FMUPDDAT": 1697635152000, "FMUPDORG": "es.ngesi.maine.gov", "CREATDAT": 1267198365000, "CREATORG": "jt.ngesi.maine.gov", "GlobalID": "568eaf7f-e149-423f-99d9-f84eddfbc3e1", "Shape__Length": 43.597637097395754}}, {"type": "Feature", "id": 7762, "geometry": {"type": "LineString", "coordinates": [[-69.5389387112784, 44.0771809793068], [-69.5390454199665, 44.0772513954809], [-69.5392040000644, 44.0773483878133], [-69.5393372725446, 44.0774200558573], [-69.5397726270969, 44.0775942409221], [-69.5403453339883, 44.0778267739084], [-69.5408195898059, 44.0779986461818], [-69.5410665455644, 44.0780788584078], [-69.5413405822833, 44.0781471383623], [-69.5414776148561, 44.0781663774411], [-69.5420278101275, 44.0781944520009], [-69.5426207688891, 44.0782088337617], [-69.5430573995553, 44.0782300058875], [-69.5434260341785, 44.0782506534699], [-69.5441310253549, 44.0783293907739], [-69.5445361067079, 44.0783774925382], [-69.5449758827601, 44.0784295419169], [-69.5452809470291, 44.0784649641536], [-69.5456519152868, 44.0784973968368], [-69.5459215544155, 44.0785104150893]]}, "properties": {"OBJECTID": 7762, "SOURCE_OF_DATA": "ngesi.maine.gov", "DATEUPDATE": 1711999082000, "EFFECTIVE": 1369612800000, "EXPIRE": null, "RCL_UID": "urn:emergency:uid:gis:RCL:63082:ngesi.maine.gov", "L_ADD_PRE": "", "L_ADD_FROM": 2, "L_ADD_TO": 76, "R_ADD_PRE": "", "R_ADD_FROM": 1, "R_ADD_TO": 65, "LPARITY": "E", "RPARITY": "O", "ST_PREMOD": "", "ST_PREDIR": "", "ST_PRETYP": "", "ST_PRESEP": "", "ST_NAME": "Jones Woods", "ST_POSTTYP": "Road", "ST_POSTDIR": "", "ST_POSTMOD": "", "ST_FULLNAME": "Jones Woods Road", "DIRTRAVEL": null, "PREDIR": "", "STREETNAME": "Jones Woods", "SUFFIX": "Rd", "POSTDIR": "", "RDNAME": "Jones Woods Rd", "LESN": "142", "RESN": "142", "LMSAGCOMM": "Newcastle", "RMSAGCOMM": "Newcastle", "LMSAG_CODE": "2315", "RMSAG_CODE": "2315", "LCOUNTRY": "US", "RCOUNTRY": "US", "LSTATE": "ME", "RSTATE": "ME", "LCOUNTY": "Lincoln County", "RCOUNTY": "Lincoln County", "LCITY": "Newcastle", "RCITY": "Newcastle", "L_A4": null, "R_A4": null, "L_A5": null, "R_A5": null, "LPOSTCOMM": "Newcastle", "RPOSTCOMM": "Newcastle", "LZIPCODE": "04553", "RZIPCODE": "04553", "RDCLASS": "Secondary", "MDOTJURIS": "State Aid", "ONEWAY": "B", "SPEED": 45, "LVALID": "N", "RVALID": "N", "TOWN": "Newcastle", "ROUTE_NUM": "215", "MAP_LABEL": "Jones Woods Rd - Route 215", "SOURCE": "43", "FEET": 1939, "MINUTES": 0.48958096, "PSAP": "Lincoln RCC", "GEONAMEID": 29371, "SEGMENTID": 63082, "MCODE": 440, "LGEOCODE": "15110", "RGEOCODE": "15110", "GC_EXCEPTION": null, "AMUPDDAT": 1711999082000, "AMUPDORG": "es.ngesi.maine.gov", "FMUPDDAT": 1267181320000, "FMUPDORG": "jt.ngesi.maine.gov", "CREATDAT": 1267181320000, "CREATORG": "jt.ngesi.maine.gov", "GlobalID": "46e804db-289f-4ebf-843a-49dfb8ef30dd", "Shape__Length": 590.9293155372602}}, {"type": "Feature", "id": 7790, "geometry": {"type": "LineString", "coordinates": [[-69.5341132815279, 44.0497287098811], [-69.533726454419, 44.0496444088785], [-69.5335197602944, 44.0496058672489], [-69.5333510579922, 44.0495748458228], [-69.5331839063042, 44.0495441050206], [-69.5330060915724, 44.0495130805922], [-69.5328322576908, 44.0494888529103], [-69.5327197540531, 44.0494367795521], [-69.5327075573195, 44.0494311372557], [-69.5325832996908, 44.0493461840558], [-69.5325093301854, 44.0492172667371], [-69.5325001052722, 44.0492005633709], [-69.5323640947154, 44.0490897348552], [-69.5322590467589, 44.0489974710445], [-69.5322077473201, 44.0489382154147], [-69.5321924673852, 44.0489158410627], [-69.5321857424077, 44.0488618518644], [-69.5321978621998, 44.0488212800176], [-69.5322287461098, 44.0487851224715], [-69.5322581968453, 44.0487743252261], [-69.5322785150529, 44.0487668837788], [-69.5323124687229, 44.0487682471694], [-69.5324256415869, 44.04882135321], [-69.5324541982297, 44.048869604513], [-69.5324606411543, 44.0488920830381], [-69.5324610847651, 44.0489415997833], [-69.5324491264391, 44.0490001777454], [-69.5324541493455, 44.0490466840133], [-69.5324664940797, 44.0491106588069], [-69.5324707659302, 44.049126277839], [-69.5324847904582, 44.0491617759869], [-69.5325001052722, 44.0492005633709]]}, "properties": {"OBJECTID": 7790, "SOURCE_OF_DATA": "ngesi.maine.gov", "DATEUPDATE": 1605571200000, "EFFECTIVE": 1369612800000, "EXPIRE": null, "RCL_UID": "urn:emergency:uid:gis:RCL:60801:ngesi.maine.gov", "L_ADD_PRE": "", "L_ADD_FROM": 2, "L_ADD_TO": 32, "R_ADD_PRE": "", "R_ADD_FROM": 1, "R_ADD_TO": 31, "LPARITY": "E", "RPARITY": "O", "ST_PREMOD": "", "ST_PREDIR": "", "ST_PRETYP": "", "ST_PRESEP": "", "ST_NAME": "Bay View", "ST_POSTTYP": "Road", "ST_POSTDIR": "", "ST_POSTMOD": "", "ST_FULLNAME": "Bay View Road", "DIRTRAVEL": null, "PREDIR": "", "STREETNAME": "Bay View", "SUFFIX": "Rd", "POSTDIR": "", "RDNAME": "Bay View Rd", "LESN": "142", "RESN": "142", "LMSAGCOMM": "Newcastle", "RMSAGCOMM": "Newcastle", "LMSAG_CODE": "2315", "RMSAG_CODE": "2315", "LCOUNTRY": "US", "RCOUNTRY": "US", "LSTATE": "ME", "RSTATE": "ME", "LCOUNTY": "Lincoln County", "RCOUNTY": "Lincoln County", "LCITY": "Newcastle", "RCITY": "Newcastle", "L_A4": null, "R_A4": null, "L_A5": null, "R_A5": null, "LPOSTCOMM": "Newcastle", "RPOSTCOMM": "Newcastle", "LZIPCODE": "04553", "RZIPCODE": "04553", "RDCLASS": "Private", "MDOTJURIS": "Private", "ONEWAY": "B", "SPEED": 25, "LVALID": "N", "RVALID": "N", "TOWN": "Newcastle", "ROUTE_NUM": "", "MAP_LABEL": "Bay View Rd", "SOURCE": "14", "FEET": 872, "MINUTES": 0.39653949, "PSAP": "Lincoln RCC", "GEONAMEID": 3640, "SEGMENTID": 60801, "MCODE": 440, "LGEOCODE": "15110", "RGEOCODE": "15110", "GC_EXCEPTION": null, "AMUPDDAT": 1590710400000, "AMUPDORG": "jr.ngesi.maine.gov", "FMUPDDAT": 1523288759000, "FMUPDORG": "es.ngesi.maine.gov", "CREATDAT": 1523288759000, "CREATORG": "es.ngesi.maine.gov", "GlobalID": "0ceef446-c293-488a-bb47-bf8f6c3611ed", "Shape__Length": 265.90352187788636}}, {"type": "Feature", "id": 66297, "geometry": {"type": "LineString", "coordinates": [[-69.5396301941296, 44.0333621247308], [-69.5392142842547, 44.0334879757298]]}, "properties": {"OBJECTID": 66297, "SOURCE_OF_DATA": "ngesi.maine.gov", "DATEUPDATE": 1747321773000, "EFFECTIVE": 1630408892000, "EXPIRE": null, "RCL_UID": "urn:emergency:uid:gis:RCL:427127:ngesi.maine.gov", "L_ADD_PRE": "", "L_ADD_FROM": 0, "L_ADD_TO": 0, "R_ADD_PRE": "", "R_ADD_FROM": 0, "R_ADD_TO": 0, "LPARITY": "Z", "RPARITY": "Z", "ST_PREMOD": "", "ST_PREDIR": "", "ST_PRETYP": "", "ST_PRESEP": "", "ST_NAME": "Main", "ST_POSTTYP": "Street", "ST_POSTDIR": "", "ST_POSTMOD": "", "ST_FULLNAME": "Main Street", "DIRTRAVEL": null, "PREDIR": "", "STREETNAME": "Main", "SUFFIX": "St", "POSTDIR": "", "RDNAME": "Main St", "LESN": "142", "RESN": "142", "LMSAGCOMM": "Newcastle", "RMSAGCOMM": "Newcastle", "LMSAG_CODE": "2315", "RMSAG_CODE": "2315", "LCOUNTRY": "US", "RCOUNTRY": "US", "LSTATE": "ME", "RSTATE": "ME", "LCOUNTY": "Lincoln County", "RCOUNTY": "Lincoln County", "LCITY": "Newcastle", "RCITY": "Newcastle", "L_A4": null, "R_A4": null, "L_A5": null, "R_A5": null, "LPOSTCOMM": "Newcastle", "RPOSTCOMM": "Newcastle", "LZIPCODE": "04553", "RZIPCODE": "04553", "RDCLASS": "Local", "MDOTJURIS": "State Highway", "ONEWAY": "FT", "SPEED": 35, "LVALID": "Y", "RVALID": "Y", "TOWN": "Newcastle", "ROUTE_NUM": "", "MAP_LABEL": "Main St", "SOURCE": "43", "FEET": 119, "MINUTES": 0.03849654, "PSAP": "Lincoln RCC", "GEONAMEID": 34897, "SEGMENTID": 427127, "MCODE": 440, "LGEOCODE": "15110", "RGEOCODE": "15110", "GC_EXCEPTION": null, "AMUPDDAT": 1747321773000, "AMUPDORG": "jr.ngesi.maine.gov", "FMUPDDAT": 1630408892000, "FMUPDORG": "es.ngesi.maine.gov", "CREATDAT": 1630408905000, "CREATORG": "es.ngesi.maine.gov", "GlobalID": "4af18a42-2e8c-443d-8b23-839f99d31d6d", "Shape__Length": 36.140010016143584}}, {"type": "Feature", "id": 150409, "geometry": {"type": "LineString", "coordinates": [[-69.5800804671375, 44.0193165050461], [-69.5793648423057, 44.0188564486156], [-69.5791286710689, 44.018731021205], [-69.5788689803203, 44.0186336142045], [-69.5785080881665, 44.0185281387627]]}, "properties": {"OBJECTID": 150409, "SOURCE_OF_DATA": "ngesi.maine.gov", "DATEUPDATE": 1765206596000, "EFFECTIVE": 1669893397000, "EXPIRE": null, "RCL_UID": "urn:emergency:uid:gis:RCL:429590:ngesi.maine.gov", "L_ADD_PRE": "", "L_ADD_FROM": 1, "L_ADD_TO": 21, "R_ADD_PRE": "", "R_ADD_FROM": 2, "R_ADD_TO": 20, "LPARITY": "O", "RPARITY": "E", "ST_PREMOD": "", "ST_PREDIR": "", "ST_PRETYP": "", "ST_PRESEP": "", "ST_NAME": "Fern Birch", "ST_POSTTYP": "Lane", "ST_POSTDIR": "", "ST_POSTMOD": "", "ST_FULLNAME": "Fern Birch Lane", "DIRTRAVEL": null, "PREDIR": "", "STREETNAME": "Fern Birch", "SUFFIX": "Ln", "POSTDIR": "", "RDNAME": "Fern Birch Ln", "LESN": "142", "RESN": "142", "LMSAGCOMM": "Newcastle", "RMSAGCOMM": "Newcastle", "LMSAG_CODE": "2315", "RMSAG_CODE": "2315", "LCOUNTRY": "US", "RCOUNTRY": "US", "LSTATE": "ME", "RSTATE": "ME", "LCOUNTY": "Lincoln County", "RCOUNTY": "Lincoln County", "LCITY": "Newcastle", "RCITY": "Newcastle", "L_A4": null, "R_A4": null, "L_A5": null, "R_A5": null, "LPOSTCOMM": "Newcastle", "RPOSTCOMM": "Newcastle", "LZIPCODE": "04553", "RZIPCODE": "04553", "RDCLASS": "Private", "MDOTJURIS": "Private", "ONEWAY": "B", "SPEED": 25, "LVALID": "Y", "RVALID": "Y", "TOWN": "Newcastle", "ROUTE_NUM": "", "MAP_LABEL": "Fern Birch Ln", "SOURCE": "Maine Orthos 2018 30cm", "FEET": 508, "MINUTES": 0.23113167, "PSAP": "Lincoln RCC", "GEONAMEID": 73461, "SEGMENTID": 429590, "MCODE": 440, "LGEOCODE": "15110", "RGEOCODE": "15110", "GC_EXCEPTION": null, "AMUPDDAT": 1765206596000, "AMUPDORG": "es.ngesi.maine.gov", "FMUPDDAT": 1710961462000, "FMUPDORG": "es.ngesi.maine.gov", "CREATDAT": 1669893417000, "CREATORG": "es.ngesi.maine.gov", "GlobalID": "90d8de3f-e1e9-43b6-a486-eb8458676b37", "Shape__Length": 154.9879621403947}}, {"type": "Feature", "id": 150410, "geometry": {"type": "LineString", "coordinates": [[-69.5800804671375, 44.0193165050461], [-69.5816314720993, 44.0178032046003], [-69.583116946745, 44.0163559605176]]}, "properties": {"OBJECTID": 150410, "SOURCE_OF_DATA": "ngesi.maine.gov", "DATEUPDATE": 1747322431000, "EFFECTIVE": 1669893484000, "EXPIRE": null, "RCL_UID": "urn:emergency:uid:gis:RCL:429591:ngesi.maine.gov", "L_ADD_PRE": "", "L_ADD_FROM": 812, "L_ADD_TO": 860, "R_ADD_PRE": "", "R_ADD_FROM": 811, "R_ADD_TO": 853, "LPARITY": "E", "RPARITY": "O", "ST_PREMOD": "", "ST_PREDIR": "", "ST_PRETYP": "", "ST_PRESEP": "", "ST_NAME": "Route 1", "ST_POSTTYP": "", "ST_POSTDIR": "", "ST_POSTMOD": "", "ST_FULLNAME": "Route 1", "DIRTRAVEL": null, "PREDIR": "", "STREETNAME": "Route 1", "SUFFIX": "", "POSTDIR": "", "RDNAME": "Route 1", "LESN": "142", "RESN": "142", "LMSAGCOMM": "Newcastle", "RMSAGCOMM": "Newcastle", "LMSAG_CODE": "2315", "RMSAG_CODE": "2315", "LCOUNTRY": "US", "RCOUNTRY": "US", "LSTATE": "ME", "RSTATE": "ME", "LCOUNTY": "Lincoln County", "RCOUNTY": "Lincoln County", "LCITY": "Newcastle", "RCITY": "Newcastle", "L_A4": null, "R_A4": null, "L_A5": null, "R_A5": null, "LPOSTCOMM": "Newcastle", "RPOSTCOMM": "Newcastle", "LZIPCODE": "04553", "RZIPCODE": "04553", "RDCLASS": "Secondary", "MDOTJURIS": "State Highway", "ONEWAY": "B", "SPEED": 45, "LVALID": "Y", "RVALID": "Y", "TOWN": "Newcastle", "ROUTE_NUM": "1", "MAP_LABEL": "Route 1 - Route 1", "SOURCE": "43", "FEET": 1342, "MINUTES": 0.3389377, "PSAP": "Lincoln RCC", "GEONAMEID": 49703, "SEGMENTID": 429591, "MCODE": 440, "LGEOCODE": "15110", "RGEOCODE": "15110", "GC_EXCEPTION": null, "AMUPDDAT": 1747322431000, "AMUPDORG": "jr.ngesi.maine.gov", "FMUPDDAT": 1669893484000, "FMUPDORG": "es.ngesi.maine.gov", "CREATDAT": 1669893491000, "CREATORG": "es.ngesi.maine.gov", "GlobalID": "7c7efe01-74ff-441c-891d-0092fd4fd276", "Shape__Length": 409.10133115495137}}, {"type": "Feature", "id": 151214, "geometry": {"type": "LineString", "coordinates": [[-69.5545140209266, 44.0545152493762], [-69.5544525710397, 44.0543972607933], [-69.5543675436183, 44.0543119159025], [-69.5542856669978, 44.0542297338652], [-69.5541532644597, 44.0541807403248], [-69.5539397981999, 44.054135326896], [-69.5531713230216, 44.054081878525]]}, "properties": {"OBJECTID": 151214, "SOURCE_OF_DATA": "ngesi.maine.gov", "DATEUPDATE": 1699993456000, "EFFECTIVE": 1684844426000, "EXPIRE": null, "RCL_UID": "urn:emergency:uid:gis:RCL:430561:ngesi.maine.gov", "L_ADD_PRE": "", "L_ADD_FROM": 4, "L_ADD_TO": 40, "R_ADD_PRE": "", "R_ADD_FROM": 3, "R_ADD_TO": 39, "LPARITY": "E", "RPARITY": "O", "ST_PREMOD": "", "ST_PREDIR": "", "ST_PRETYP": "", "ST_PRESEP": "", "ST_NAME": "Jackies", "ST_POSTTYP": "Way", "ST_POSTDIR": "", "ST_POSTMOD": "", "ST_FULLNAME": "Jackies Way", "DIRTRAVEL": null, "PREDIR": "", "STREETNAME": "Jackies", "SUFFIX": "Way", "POSTDIR": "", "RDNAME": "Jackies Way", "LESN": "142", "RESN": "142", "LMSAGCOMM": "Newcastle", "RMSAGCOMM": "Newcastle", "LMSAG_CODE": "2315", "RMSAG_CODE": "2315", "LCOUNTRY": "US", "RCOUNTRY": "US", "LSTATE": "ME", "RSTATE": "ME", "LCOUNTY": "Lincoln County", "RCOUNTY": "Lincoln County", "LCITY": "Newcastle", "RCITY": "Newcastle", "L_A4": null, "R_A4": null, "L_A5": null, "R_A5": null, "LPOSTCOMM": "Newcastle", "RPOSTCOMM": "Newcastle", "LZIPCODE": "04553", "RZIPCODE": "04553", "RDCLASS": "Private", "MDOTJURIS": "Private", "ONEWAY": "B", "SPEED": 25, "LVALID": "Y", "RVALID": "Y", "TOWN": "Newcastle", "ROUTE_NUM": "", "MAP_LABEL": "Jackies Way", "SOURCE": "Maine Orthos 2018 30cm", "FEET": 422, "MINUTES": 0.19163445, "PSAP": "Lincoln RCC", "GEONAMEID": 73775, "SEGMENTID": 430561, "MCODE": 440, "LGEOCODE": "15110", "RGEOCODE": "15110", "GC_EXCEPTION": null, "AMUPDDAT": 1699993456000, "AMUPDORG": "es.ngesi.maine.gov", "FMUPDDAT": 1684844426000, "FMUPDORG": "es.ngesi.maine.gov", "CREATDAT": 1684844440000, "CREATORG": "es.ngesi.maine.gov", "GlobalID": "3a0bc22a-9b7a-4ac4-bd31-e2483d488af4", "Shape__Length": 128.5026508486417}}, {"type": "Feature", "id": 151215, "geometry": {"type": "LineString", "coordinates": [[-69.5545140209266, 44.0545152493762], [-69.5546188612249, 44.054383884923], [-69.5547999151179, 44.054111895171], [-69.5549023541272, 44.0539307442409], [-69.5551094016511, 44.0536792725518], [-69.5552419513191, 44.0535329442559], [-69.5553345679489, 44.0534244531751], [-69.5553781641189, 44.0531347905566], [-69.5553874620466, 44.0530730629786]]}, "properties": {"OBJECTID": 151215, "SOURCE_OF_DATA": "ngesi.maine.gov", "DATEUPDATE": 1684844812000, "EFFECTIVE": 1684844692000, "EXPIRE": null, "RCL_UID": "urn:emergency:uid:gis:RCL:430562:ngesi.maine.gov", "L_ADD_PRE": "", "L_ADD_FROM": 224, "L_ADD_TO": 248, "R_ADD_PRE": "", "R_ADD_FROM": 225, "R_ADD_TO": 249, "LPARITY": "E", "RPARITY": "O", "ST_PREMOD": "", "ST_PREDIR": "West", "ST_PRETYP": "", "ST_PRESEP": "", "ST_NAME": "Hamlet", "ST_POSTTYP": "Road", "ST_POSTDIR": "", "ST_POSTMOD": "", "ST_FULLNAME": "West Hamlet Road", "DIRTRAVEL": null, "PREDIR": "W", "STREETNAME": "Hamlet", "SUFFIX": "Rd", "POSTDIR": "", "RDNAME": "W Hamlet Rd", "LESN": "142", "RESN": "142", "LMSAGCOMM": "Newcastle", "RMSAGCOMM": "Newcastle", "LMSAG_CODE": "2315", "RMSAG_CODE": "2315", "LCOUNTRY": "US", "RCOUNTRY": "US", "LSTATE": "ME", "RSTATE": "ME", "LCOUNTY": "Lincoln County", "RCOUNTY": "Lincoln County", "LCITY": "Newcastle", "RCITY": "Newcastle", "L_A4": null, "R_A4": null, "L_A5": null, "R_A5": null, "LPOSTCOMM": "Newcastle", "RPOSTCOMM": "Newcastle", "LZIPCODE": "04553", "RZIPCODE": "04553", "RDCLASS": "Local", "MDOTJURIS": "Townway", "ONEWAY": "B", "SPEED": 35, "LVALID": "Y", "RVALID": "Y", "TOWN": "Newcastle", "ROUTE_NUM": "", "MAP_LABEL": "W Hamlet Rd", "SOURCE": "Maine Orthos 2018 30cm", "FEET": 582, "MINUTES": 0.18895042, "PSAP": "Lincoln RCC", "GEONAMEID": 65650, "SEGMENTID": 430562, "MCODE": 440, "LGEOCODE": "15110", "RGEOCODE": "15110", "GC_EXCEPTION": null, "AMUPDDAT": 1684854788000, "AMUPDORG": "es.ngesi.maine.gov", "FMUPDDAT": 1684844692000, "FMUPDORG": "es.ngesi.maine.gov", "CREATDAT": 1684844692000, "CREATORG": "es.ngesi.maine.gov", "GlobalID": "3a83a17a-a5fa-4fd8-88d4-3359fff67ff2", "Shape__Length": 177.38363433521894}}, {"type": "Feature", "id": 151216, "geometry": {"type": "LineString", "coordinates": [[-69.5417189636593, 44.0649999713965], [-69.5418922400883, 44.064970032699], [-69.5425651083455, 44.0649191573245], [-69.5429459179505, 44.0648533161226], [-69.5432468214216, 44.064763760536], [-69.5435057971769, 44.064648554871], [-69.5437082723396, 44.0644816499128], [-69.5440103713641, 44.0641330319131], [-69.5442648310054, 44.063796578551], [-69.5444363393168, 44.0635865044518], [-69.5448880606277, 44.0631750025336], [-69.5455262616084, 44.0626555311369], [-69.5461769182757, 44.0621394178798], [-69.5467690763013, 44.0616839126265], [-69.5473702503722, 44.0611401007413], [-69.5475952703461, 44.0609616554715], [-69.5478032216552, 44.0608387795547], [-69.548073586384, 44.0607333765854], [-69.5483719481015, 44.0606393719582], [-69.5487456292849, 44.0605461932674], [-69.5493167113877, 44.0604266568279], [-69.5496928129657, 44.0603443845255], [-69.5500377659622, 44.0602328468327], [-69.5504217540855, 44.0600870151593], [-69.5508455525129, 44.0598909493503], [-69.5511839372715, 44.0597031180138], [-69.5513858968179, 44.0595587733363], [-69.5515448872951, 44.0594164544256], [-69.5516451447495, 44.059265901669], [-69.5517488789146, 44.0589815864706], [-69.5518104322158, 44.0585918739685], [-69.5518454692408, 44.0581325581148], [-69.5519039315962, 44.0578121236337], [-69.5519920729365, 44.0574422880844], [-69.5520444261535, 44.0572761023582], [-69.5521092384206, 44.057135390058], [-69.5522043603885, 44.0570104672581], [-69.5524370432997, 44.0566885960384], [-69.5531289242582, 44.055767468125], [-69.5533730959518, 44.0554858565772], [-69.553576014104, 44.0552749770943], [-69.5538813052116, 44.0550241750652], [-69.5541241809545, 44.0548479530761], [-69.5544036394792, 44.0546535552379], [-69.5545140209266, 44.0545152493762]]}, "properties": {"OBJECTID": 151216, "SOURCE_OF_DATA": "ngesi.maine.gov", "DATEUPDATE": 1684844812000, "EFFECTIVE": 1684844701000, "EXPIRE": null, "RCL_UID": "urn:emergency:uid:gis:RCL:430563:ngesi.maine.gov", "L_ADD_PRE": "", "L_ADD_FROM": 2, "L_ADD_TO": 222, "R_ADD_PRE": "", "R_ADD_FROM": 1, "R_ADD_TO": 223, "LPARITY": "E", "RPARITY": "O", "ST_PREMOD": "", "ST_PREDIR": "West", "ST_PRETYP": "", "ST_PRESEP": "", "ST_NAME": "Hamlet", "ST_POSTTYP": "Road", "ST_POSTDIR": "", "ST_POSTMOD": "", "ST_FULLNAME": "West Hamlet Road", "DIRTRAVEL": null, "PREDIR": "W", "STREETNAME": "Hamlet", "SUFFIX": "Rd", "POSTDIR": "", "RDNAME": "W Hamlet Rd", "LESN": "142", "RESN": "142", "LMSAGCOMM": "Newcastle", "RMSAGCOMM": "Newcastle", "LMSAG_CODE": "2315", "RMSAG_CODE": "2315", "LCOUNTRY": "US", "RCOUNTRY": "US", "LSTATE": "ME", "RSTATE": "ME", "LCOUNTY": "Lincoln County", "RCOUNTY": "Lincoln County", "LCITY": "Newcastle", "RCITY": "Newcastle", "L_A4": null, "R_A4": null, "L_A5": null, "R_A5": null, "LPOSTCOMM": "Newcastle", "RPOSTCOMM": "Newcastle", "LZIPCODE": "04553", "RZIPCODE": "04553", "RDCLASS": "Local", "MDOTJURIS": "Townway", "ONEWAY": "B", "SPEED": 35, "LVALID": "Y", "RVALID": "Y", "TOWN": "Newcastle", "ROUTE_NUM": "", "MAP_LABEL": "W Hamlet Rd", "SOURCE": "Maine Orthos 2018 30cm", "FEET": 5421, "MINUTES": 1.76004974, "PSAP": "Lincoln RCC", "GEONAMEID": 65650, "SEGMENTID": 430563, "MCODE": 440, "LGEOCODE": "15110", "RGEOCODE": "15110", "GC_EXCEPTION": null, "AMUPDDAT": 1684854788000, "AMUPDORG": "es.ngesi.maine.gov", "FMUPDDAT": 1684844701000, "FMUPDORG": "es.ngesi.maine.gov", "CREATDAT": 1684844701000, "CREATORG": "es.ngesi.maine.gov", "GlobalID": "7260e454-bffe-4b90-9d1b-6d06facb1a43", "Shape__Length": 1652.3065375209078}}, {"type": "Feature", "id": 151467, "geometry": {"type": "LineString", "coordinates": [[-69.5494029352609, 44.0787556169559], [-69.5498138135275, 44.0788247220095], [-69.5502998525914, 44.0789341048084], [-69.5505400664933, 44.0789952688708], [-69.5506929674444, 44.0790577986722], [-69.5508339901971, 44.0791202144734], [-69.5509935939286, 44.0792347240344], [-69.5512211768822, 44.0794176551555], [-69.5515044732358, 44.0796821845456], [-69.5517915933162, 44.0799332077032], [-69.5518544245752, 44.0799784612846]]}, "properties": {"OBJECTID": 151467, "SOURCE_OF_DATA": "ngesi.maine.gov", "DATEUPDATE": 1687859061000, "EFFECTIVE": 1687858739000, "EXPIRE": null, "RCL_UID": "urn:emergency:uid:gis:RCL:430862:ngesi.maine.gov", "L_ADD_PRE": "", "L_ADD_FROM": 116, "L_ADD_TO": 148, "R_ADD_PRE": "", "R_ADD_FROM": 115, "R_ADD_TO": 147, "LPARITY": "E", "RPARITY": "O", "ST_PREMOD": "", "ST_PREDIR": "", "ST_PRETYP": "", "ST_PRESEP": "", "ST_NAME": "Jones Woods", "ST_POSTTYP": "Road", "ST_POSTDIR": "", "ST_POSTMOD": "", "ST_FULLNAME": "Jones Woods Road", "DIRTRAVEL": null, "PREDIR": "", "STREETNAME": "Jones Woods", "SUFFIX": "Rd", "POSTDIR": "", "RDNAME": "Jones Woods Rd", "LESN": "142", "RESN": "142", "LMSAGCOMM": "Newcastle", "RMSAGCOMM": "Newcastle", "LMSAG_CODE": "2315", "RMSAG_CODE": "2315", "LCOUNTRY": "US", "RCOUNTRY": "US", "LSTATE": "ME", "RSTATE": "ME", "LCOUNTY": "Lincoln County", "RCOUNTY": "Lincoln County", "LCITY": "Newcastle", "RCITY": "Newcastle", "L_A4": null, "R_A4": null, "L_A5": null, "R_A5": null, "LPOSTCOMM": "Newcastle", "RPOSTCOMM": "Newcastle", "LZIPCODE": "04553", "RZIPCODE": "04553", "RDCLASS": "Secondary", "MDOTJURIS": "State Aid", "ONEWAY": "B", "SPEED": 45, "LVALID": "Y", "RVALID": "Y", "TOWN": "Newcastle", "ROUTE_NUM": "215", "MAP_LABEL": "Jones Woods Rd - Route 215", "SOURCE": "43", "FEET": 814, "MINUTES": 0.20543869, "PSAP": "Lincoln RCC", "GEONAMEID": 29371, "SEGMENTID": 430862, "MCODE": 440, "LGEOCODE": "15110", "RGEOCODE": "15110", "GC_EXCEPTION": null, "AMUPDDAT": 1687876815000, "AMUPDORG": "es.ngesi.maine.gov", "FMUPDDAT": 1687858739000, "FMUPDORG": "es.ngesi.maine.gov", "CREATDAT": 1687858739000, "CREATORG": "es.ngesi.maine.gov", "GlobalID": "9e263b35-6fc5-4901-9edb-a4ff783cc63c", "Shape__Length": 247.96614708220145}}, {"type": "Feature", "id": 151468, "geometry": {"type": "LineString", "coordinates": [[-69.5459215544155, 44.0785104150893], [-69.5459702003249, 44.0785104167202], [-69.5464269963246, 44.0785238987579], [-69.5468705359078, 44.0785245856064], [-69.5473821245873, 44.0785233511247], [-69.5477241741171, 44.0785265466239], [-69.5479611541842, 44.0785422645834], [-69.5483850248333, 44.0785904516493], [-69.54913684745, 44.0787108619661], [-69.5494029352609, 44.0787556169559]]}, "properties": {"OBJECTID": 151468, "SOURCE_OF_DATA": "ngesi.maine.gov", "DATEUPDATE": 1696952657000, "EFFECTIVE": 1687858754000, "EXPIRE": null, "RCL_UID": "urn:emergency:uid:gis:RCL:430863:ngesi.maine.gov", "L_ADD_PRE": "", "L_ADD_FROM": 78, "L_ADD_TO": 114, "R_ADD_PRE": "", "R_ADD_FROM": 67, "R_ADD_TO": 113, "LPARITY": "E", "RPARITY": "O", "ST_PREMOD": "", "ST_PREDIR": "", "ST_PRETYP": "", "ST_PRESEP": "", "ST_NAME": "Jones Woods", "ST_POSTTYP": "Road", "ST_POSTDIR": "", "ST_POSTMOD": "", "ST_FULLNAME": "Jones Woods Road", "DIRTRAVEL": null, "PREDIR": "", "STREETNAME": "Jones Woods", "SUFFIX": "Rd", "POSTDIR": "", "RDNAME": "Jones Woods Rd", "LESN": "142", "RESN": "142", "LMSAGCOMM": "Newcastle", "RMSAGCOMM": "Newcastle", "LMSAG_CODE": "2315", "RMSAG_CODE": "2315", "LCOUNTRY": "US", "RCOUNTRY": "US", "LSTATE": "ME", "RSTATE": "ME", "LCOUNTY": "Lincoln County", "RCOUNTY": "Lincoln County", "LCITY": "Newcastle", "RCITY": "Newcastle", "L_A4": null, "R_A4": null, "L_A5": null, "R_A5": null, "LPOSTCOMM": "Newcastle", "RPOSTCOMM": "Newcastle", "LZIPCODE": "04553", "RZIPCODE": "04553", "RDCLASS": "Secondary", "MDOTJURIS": "State Aid", "ONEWAY": "B", "SPEED": 45, "LVALID": "Y", "RVALID": "Y", "TOWN": "Newcastle", "ROUTE_NUM": "215", "MAP_LABEL": "Jones Woods Rd - Route 215", "SOURCE": "43", "FEET": 923, "MINUTES": 0.23307784, "PSAP": "Lincoln RCC", "GEONAMEID": 29371, "SEGMENTID": 430863, "MCODE": 440, "LGEOCODE": "15110", "RGEOCODE": "15110", "GC_EXCEPTION": null, "AMUPDDAT": 1696952657000, "AMUPDORG": "es.ngesi.maine.gov", "FMUPDDAT": 1687858754000, "FMUPDORG": "es.ngesi.maine.gov", "CREATDAT": 1687858754000, "CREATORG": "es.ngesi.maine.gov", "GlobalID": "2370ec01-6095-45d0-b631-49abed1f6e76", "Shape__Length": 281.3273795199124}}, {"type": "Feature", "id": 151469, "geometry": {"type": "LineString", "coordinates": [[-69.5494029352609, 44.0787556169559], [-69.5494652042798, 44.0786243904502], [-69.549750103016, 44.0783443024914], [-69.5500952646892, 44.0781496898061], [-69.5504298455857, 44.0778836582652], [-69.5506355664022, 44.077618246859], [-69.5508426114103, 44.0774957662649], [-69.5510207036463, 44.0774591730769]]}, "properties": {"OBJECTID": 151469, "SOURCE_OF_DATA": "ngesi.maine.gov", "DATEUPDATE": 1687859784000, "EFFECTIVE": 1687859440000, "EXPIRE": null, "RCL_UID": "urn:emergency:uid:gis:RCL:430864:ngesi.maine.gov", "L_ADD_PRE": "", "L_ADD_FROM": 2, "L_ADD_TO": 24, "R_ADD_PRE": "", "R_ADD_FROM": 1, "R_ADD_TO": 23, "LPARITY": "E", "RPARITY": "O", "ST_PREMOD": "", "ST_PREDIR": "", "ST_PRETYP": "", "ST_PRESEP": "", "ST_NAME": "Strix Hill", "ST_POSTTYP": "Road", "ST_POSTDIR": "", "ST_POSTMOD": "", "ST_FULLNAME": "Strix Hill Road", "DIRTRAVEL": null, "PREDIR": "", "STREETNAME": "Strix Hill", "SUFFIX": "Rd", "POSTDIR": "", "RDNAME": "Strix Hill Rd", "LESN": "142", "RESN": "142", "LMSAGCOMM": "Newcastle", "RMSAGCOMM": "Newcastle", "LMSAG_CODE": "2315", "RMSAG_CODE": "2315", "LCOUNTRY": "US", "RCOUNTRY": "US", "LSTATE": "ME", "RSTATE": "ME", "LCOUNTY": "Lincoln County", "RCOUNTY": "Lincoln County", "LCITY": "Newcastle", "RCITY": "Newcastle", "L_A4": null, "R_A4": null, "L_A5": null, "R_A5": null, "LPOSTCOMM": "Newcastle", "RPOSTCOMM": "Newcastle", "LZIPCODE": "04553", "RZIPCODE": "04553", "RDCLASS": "Private", "MDOTJURIS": "Private", "ONEWAY": "B", "SPEED": 25, "LVALID": "Y", "RVALID": "Y", "TOWN": "Newcastle", "ROUTE_NUM": "", "MAP_LABEL": "Strix Hill Rd", "SOURCE": "Maine Orthos 2018 30cm", "FEET": 653, "MINUTES": 0.29676308, "PSAP": "Lincoln RCC", "GEONAMEID": 73884, "SEGMENTID": 430864, "MCODE": 440, "LGEOCODE": "15110", "RGEOCODE": "15110", "GC_EXCEPTION": null, "AMUPDDAT": 1687876815000, "AMUPDORG": "es.ngesi.maine.gov", "FMUPDDAT": 1687859440000, "FMUPDORG": "es.ngesi.maine.gov", "CREATDAT": 1687859449000, "CREATORG": "es.ngesi.maine.gov", "GlobalID": "436085ad-0f59-430f-a788-a37eb8480612", "Shape__Length": 198.99745109241417}}, {"type": "Feature", "id": 151999, "geometry": {"type": "LineString", "coordinates": [[-69.5392142842547, 44.0334879757298], [-69.5388880028363, 44.0335876256499], [-69.538882629874, 44.0335910272832]]}, "properties": {"OBJECTID": 151999, "SOURCE_OF_DATA": "ngesi.maine.gov", "DATEUPDATE": 1747322432000, "EFFECTIVE": 1697634854000, "EXPIRE": null, "RCL_UID": "urn:emergency:uid:gis:RCL:431663:ngesi.maine.gov", "L_ADD_PRE": "", "L_ADD_FROM": 0, "L_ADD_TO": 0, "R_ADD_PRE": "", "R_ADD_FROM": 0, "R_ADD_TO": 0, "LPARITY": "Z", "RPARITY": "Z", "ST_PREMOD": "", "ST_PREDIR": "", "ST_PRETYP": "", "ST_PRESEP": "", "ST_NAME": "Main", "ST_POSTTYP": "Street", "ST_POSTDIR": "", "ST_POSTMOD": "", "ST_FULLNAME": "Main Street", "DIRTRAVEL": null, "PREDIR": "", "STREETNAME": "Main", "SUFFIX": "St", "POSTDIR": "", "RDNAME": "Main St", "LESN": "142", "RESN": "142", "LMSAGCOMM": "Newcastle", "RMSAGCOMM": "Newcastle", "LMSAG_CODE": "2315", "RMSAG_CODE": "2315", "LCOUNTRY": "US", "RCOUNTRY": "US", "LSTATE": "ME", "RSTATE": "ME", "LCOUNTY": "Lincoln County", "RCOUNTY": "Lincoln County", "LCITY": "Newcastle", "RCITY": "Newcastle", "L_A4": null, "R_A4": null, "L_A5": null, "R_A5": null, "LPOSTCOMM": "Newcastle", "RPOSTCOMM": "Newcastle", "LZIPCODE": "04553", "RZIPCODE": "04553", "RDCLASS": "Local", "MDOTJURIS": "State Highway", "ONEWAY": "B", "SPEED": 25, "LVALID": "N", "RVALID": "N", "TOWN": "Newcastle", "ROUTE_NUM": "", "MAP_LABEL": "Main St", "SOURCE": "43", "FEET": 95, "MINUTES": 0.04319409, "PSAP": "Lincoln RCC", "GEONAMEID": 34897, "SEGMENTID": 431663, "MCODE": 440, "LGEOCODE": "15110", "RGEOCODE": "15110", "GC_EXCEPTION": null, "AMUPDDAT": 1747322432000, "AMUPDORG": "jr.ngesi.maine.gov", "FMUPDDAT": 1697634854000, "FMUPDORG": "es.ngesi.maine.gov", "CREATDAT": 1697634854000, "CREATORG": "es.ngesi.maine.gov", "GlobalID": "3039c410-120d-45bc-be4c-090879abb8e8", "Shape__Length": 28.964284636487417}}, {"type": "Feature", "id": 152000, "geometry": {"type": "LineString", "coordinates": [[-69.5387754555323, 44.0334480898465], [-69.5388901176659, 44.0333348619812], [-69.5390782768437, 44.0331573627897], [-69.5392593168397, 44.0330068802094]]}, "properties": {"OBJECTID": 152000, "SOURCE_OF_DATA": "ngesi.maine.gov", "DATEUPDATE": 1697646449000, "EFFECTIVE": 1697635101000, "EXPIRE": null, "RCL_UID": "urn:emergency:uid:gis:RCL:431666:ngesi.maine.gov", "L_ADD_PRE": "", "L_ADD_FROM": 12, "L_ADD_TO": 16, "R_ADD_PRE": "", "R_ADD_FROM": 11, "R_ADD_TO": 15, "LPARITY": "E", "RPARITY": "O", "ST_PREMOD": "", "ST_PREDIR": "", "ST_PRETYP": "", "ST_PRESEP": "", "ST_NAME": "River", "ST_POSTTYP": "Road", "ST_POSTDIR": "", "ST_POSTMOD": "", "ST_FULLNAME": "River Road", "DIRTRAVEL": null, "PREDIR": "", "STREETNAME": "River", "SUFFIX": "Rd", "POSTDIR": "", "RDNAME": "River Rd", "LESN": "142", "RESN": "142", "LMSAGCOMM": "Newcastle", "RMSAGCOMM": "Newcastle", "LMSAG_CODE": "2315", "RMSAG_CODE": "2315", "LCOUNTRY": "US", "RCOUNTRY": "US", "LSTATE": "ME", "RSTATE": "ME", "LCOUNTY": "Lincoln County", "RCOUNTY": "Lincoln County", "LCITY": "Newcastle", "RCITY": "Newcastle", "L_A4": null, "R_A4": null, "L_A5": null, "R_A5": null, "LPOSTCOMM": "Damariscotta", "RPOSTCOMM": "Damariscotta", "LZIPCODE": "04543", "RZIPCODE": "04543", "RDCLASS": "Local", "MDOTJURIS": "State Aid", "ONEWAY": "TF", "SPEED": 35, "LVALID": "N", "RVALID": "N", "TOWN": "Newcastle", "ROUTE_NUM": "", "MAP_LABEL": "River Rd", "SOURCE": "43", "FEET": 205, "MINUTES": 0.06660355, "PSAP": "Lincoln RCC", "GEONAMEID": 48507, "SEGMENTID": 431666, "MCODE": 440, "LGEOCODE": "15110", "RGEOCODE": "15110", "GC_EXCEPTION": null, "AMUPDDAT": 1697646449000, "AMUPDORG": "es.ngesi.maine.gov", "FMUPDDAT": 1697635101000, "FMUPDORG": "es.ngesi.maine.gov", "CREATDAT": 1697635101000, "CREATORG": "es.ngesi.maine.gov", "GlobalID": "b8e8efc6-df26-4be9-93a7-e461e3a64d13", "Shape__Length": 62.52647404078664}}, {"type": "Feature", "id": 152001, "geometry": {"type": "LineString", "coordinates": [[-69.5387754555323, 44.0334480898465], [-69.538796154121, 44.0335053351763], [-69.5388607938285, 44.0335694049601], [-69.5388880028363, 44.0335876256499]]}, "properties": {"OBJECTID": 152001, "SOURCE_OF_DATA": "ngesi.maine.gov", "DATEUPDATE": 1747322432000, "EFFECTIVE": 1697635271000, "EXPIRE": null, "RCL_UID": "urn:emergency:uid:gis:RCL:431667:ngesi.maine.gov", "L_ADD_PRE": "", "L_ADD_FROM": 0, "L_ADD_TO": 0, "R_ADD_PRE": "", "R_ADD_FROM": 0, "R_ADD_TO": 0, "LPARITY": "Z", "RPARITY": "Z", "ST_PREMOD": "", "ST_PREDIR": "", "ST_PRETYP": "", "ST_PRESEP": "", "ST_NAME": "River", "ST_POSTTYP": "Road", "ST_POSTDIR": "", "ST_POSTMOD": "", "ST_FULLNAME": "River Road", "DIRTRAVEL": null, "PREDIR": "", "STREETNAME": "River", "SUFFIX": "Rd", "POSTDIR": "", "RDNAME": "River Rd", "LESN": "142", "RESN": "142", "LMSAGCOMM": "Newcastle", "RMSAGCOMM": "Newcastle", "LMSAG_CODE": "2315", "RMSAG_CODE": "2315", "LCOUNTRY": "US", "RCOUNTRY": "US", "LSTATE": "ME", "RSTATE": "ME", "LCOUNTY": "Lincoln County", "RCOUNTY": "Lincoln County", "LCITY": "Newcastle", "RCITY": "Newcastle", "L_A4": null, "R_A4": null, "L_A5": null, "R_A5": null, "LPOSTCOMM": "Damariscotta", "RPOSTCOMM": "Damariscotta", "LZIPCODE": "04543", "RZIPCODE": "04543", "RDCLASS": "Vehicular Trail", "MDOTJURIS": "State Highway", "ONEWAY": "FT", "SPEED": 35, "LVALID": "N", "RVALID": "N", "TOWN": "Newcastle", "ROUTE_NUM": "", "MAP_LABEL": "River Rd", "SOURCE": "43", "FEET": 60, "MINUTES": 0.01954392, "PSAP": "Lincoln RCC", "GEONAMEID": 48507, "SEGMENTID": 431667, "MCODE": 440, "LGEOCODE": "15110", "RGEOCODE": "15110", "GC_EXCEPTION": null, "AMUPDDAT": 1747322432000, "AMUPDORG": "jr.ngesi.maine.gov", "FMUPDDAT": 1697635320000, "FMUPDORG": "es.ngesi.maine.gov", "CREATDAT": 1697635271000, "CREATORG": "es.ngesi.maine.gov", "GlobalID": "4892ab9b-77aa-41dd-9eb3-a1a4fa1d7a9e", "Shape__Length": 18.34755952440566}}, {"type": "Feature", "id": 152002, "geometry": {"type": "LineString", "coordinates": [[-69.5392142842547, 44.0334879757298], [-69.5392300668194, 44.0333347166407]]}, "properties": {"OBJECTID": 152002, "SOURCE_OF_DATA": "ngesi.maine.gov", "DATEUPDATE": 1747322432000, "EFFECTIVE": 1697635343000, "EXPIRE": null, "RCL_UID": "urn:emergency:uid:gis:RCL:431668:ngesi.maine.gov", "L_ADD_PRE": "", "L_ADD_FROM": 0, "L_ADD_TO": 0, "R_ADD_PRE": "", "R_ADD_FROM": 0, "R_ADD_TO": 0, "LPARITY": "Z", "RPARITY": "Z", "ST_PREMOD": "", "ST_PREDIR": "", "ST_PRETYP": "", "ST_PRESEP": "", "ST_NAME": "Main", "ST_POSTTYP": "Street", "ST_POSTDIR": "", "ST_POSTMOD": "", "ST_FULLNAME": "Main Street", "DIRTRAVEL": null, "PREDIR": "", "STREETNAME": "Main", "SUFFIX": "St", "POSTDIR": "", "RDNAME": "Main St", "LESN": "142", "RESN": "142", "LMSAGCOMM": "Newcastle", "RMSAGCOMM": "Newcastle", "LMSAG_CODE": "2315", "RMSAG_CODE": "2315", "LCOUNTRY": "US", "RCOUNTRY": "US", "LSTATE": "ME", "RSTATE": "ME", "LCOUNTY": "Lincoln County", "RCOUNTY": "Lincoln County", "LCITY": "Newcastle", "RCITY": "Newcastle", "L_A4": null, "R_A4": null, "L_A5": null, "R_A5": null, "LPOSTCOMM": "Newcastle", "RPOSTCOMM": "Newcastle", "LZIPCODE": "04553", "RZIPCODE": "04553", "RDCLASS": "Local", "MDOTJURIS": "State Highway", "ONEWAY": "B", "SPEED": 25, "LVALID": "N", "RVALID": "N", "TOWN": "Newcastle", "ROUTE_NUM": "", "MAP_LABEL": "Main St", "SOURCE": "2", "FEET": 56, "MINUTES": 0.02545561, "PSAP": "Lincoln RCC", "GEONAMEID": 34897, "SEGMENTID": 431668, "MCODE": 440, "LGEOCODE": "15110", "RGEOCODE": "15110", "GC_EXCEPTION": null, "AMUPDDAT": 1747322432000, "AMUPDORG": "jr.ngesi.maine.gov", "FMUPDDAT": 1697635343000, "FMUPDORG": "es.ngesi.maine.gov", "CREATDAT": 1697635343000, "CREATORG": "es.ngesi.maine.gov", "GlobalID": "16445960-e72e-46d2-a78a-e29dfb19987e", "Shape__Length": 17.069551019729715}}, {"type": "Feature", "id": 152003, "geometry": {"type": "LineString", "coordinates": [[-69.5392593168397, 44.0330068802094], [-69.5394547915683, 44.0328560230687], [-69.5396611965009, 44.0327119295719], [-69.5399579834053, 44.0325381744094], [-69.5399799512053, 44.0325289500989]]}, "properties": {"OBJECTID": 152003, "SOURCE_OF_DATA": "ngesi.maine.gov", "DATEUPDATE": 1697646449000, "EFFECTIVE": 1697635389000, "EXPIRE": null, "RCL_UID": "urn:emergency:uid:gis:RCL:431669:ngesi.maine.gov", "L_ADD_PRE": "", "L_ADD_FROM": 18, "L_ADD_TO": 26, "R_ADD_PRE": "", "R_ADD_FROM": 17, "R_ADD_TO": 25, "LPARITY": "E", "RPARITY": "O", "ST_PREMOD": "", "ST_PREDIR": "", "ST_PRETYP": "", "ST_PRESEP": "", "ST_NAME": "River", "ST_POSTTYP": "Road", "ST_POSTDIR": "", "ST_POSTMOD": "", "ST_FULLNAME": "River Road", "DIRTRAVEL": null, "PREDIR": "", "STREETNAME": "River", "SUFFIX": "Rd", "POSTDIR": "", "RDNAME": "River Rd", "LESN": "142", "RESN": "142", "LMSAGCOMM": "Newcastle", "RMSAGCOMM": "Newcastle", "LMSAG_CODE": "2315", "RMSAG_CODE": "2315", "LCOUNTRY": "US", "RCOUNTRY": "US", "LSTATE": "ME", "RSTATE": "ME", "LCOUNTY": "Lincoln County", "RCOUNTY": "Lincoln County", "LCITY": "Newcastle", "RCITY": "Newcastle", "L_A4": null, "R_A4": null, "L_A5": null, "R_A5": null, "LPOSTCOMM": "Newcastle", "RPOSTCOMM": "Newcastle", "LZIPCODE": "04553", "RZIPCODE": "04553", "RDCLASS": "Local", "MDOTJURIS": "State Aid", "ONEWAY": "TF", "SPEED": 35, "LVALID": "N", "RVALID": "N", "TOWN": "Newcastle", "ROUTE_NUM": "", "MAP_LABEL": "River Rd", "SOURCE": "43", "FEET": 258, "MINUTES": 0.083743, "PSAP": "Lincoln RCC", "GEONAMEID": 48507, "SEGMENTID": 431669, "MCODE": 440, "LGEOCODE": "15110", "RGEOCODE": "15110", "GC_EXCEPTION": null, "AMUPDDAT": 1697646449000, "AMUPDORG": "es.ngesi.maine.gov", "FMUPDDAT": 1697635389000, "FMUPDORG": "es.ngesi.maine.gov", "CREATDAT": 1697635389000, "CREATORG": "es.ngesi.maine.gov", "GlobalID": "a5e6e9f5-0dba-4907-83df-d91bc1e7f4c2", "Shape__Length": 78.61674740474275}}, {"type": "Feature", "id": 152004, "geometry": {"type": "LineString", "coordinates": [[-69.5392300668194, 44.0333347166407], [-69.5394182014219, 44.0331298555368], [-69.5399799512053, 44.0325289500989]]}, "properties": {"OBJECTID": 152004, "SOURCE_OF_DATA": "ngesi.maine.gov", "DATEUPDATE": 1747322432000, "EFFECTIVE": 1697635598000, "EXPIRE": null, "RCL_UID": "urn:emergency:uid:gis:RCL:431670:ngesi.maine.gov", "L_ADD_PRE": "", "L_ADD_FROM": 0, "L_ADD_TO": 0, "R_ADD_PRE": "", "R_ADD_FROM": 0, "R_ADD_TO": 0, "LPARITY": "Z", "RPARITY": "Z", "ST_PREMOD": "", "ST_PREDIR": "", "ST_PRETYP": "", "ST_PRESEP": "", "ST_NAME": "River", "ST_POSTTYP": "Road", "ST_POSTDIR": "", "ST_POSTMOD": "", "ST_FULLNAME": "River Road", "DIRTRAVEL": null, "PREDIR": "", "STREETNAME": "River", "SUFFIX": "Rd", "POSTDIR": "", "RDNAME": "River Rd", "LESN": "142", "RESN": "142", "LMSAGCOMM": "Newcastle", "RMSAGCOMM": "Newcastle", "LMSAG_CODE": "2315", "RMSAG_CODE": "2315", "LCOUNTRY": "US", "RCOUNTRY": "US", "LSTATE": "ME", "RSTATE": "ME", "LCOUNTY": "Lincoln County", "RCOUNTY": "Lincoln County", "LCITY": "Newcastle", "RCITY": "Newcastle", "L_A4": null, "R_A4": null, "L_A5": null, "R_A5": null, "LPOSTCOMM": "Newcastle", "RPOSTCOMM": "Newcastle", "LZIPCODE": "04553", "RZIPCODE": "04553", "RDCLASS": "Local", "MDOTJURIS": "State Highway", "ONEWAY": "FT", "SPEED": 25, "LVALID": "N", "RVALID": "N", "TOWN": "Newcastle", "ROUTE_NUM": "", "MAP_LABEL": "River Rd", "SOURCE": "Maine Orthos 2018 30cm", "FEET": 354, "MINUTES": 0.16075952, "PSAP": "Lincoln RCC", "GEONAMEID": 48507, "SEGMENTID": 431670, "MCODE": 440, "LGEOCODE": "15110", "RGEOCODE": "15110", "GC_EXCEPTION": null, "AMUPDDAT": 1747322432000, "AMUPDORG": "jr.ngesi.maine.gov", "FMUPDDAT": 1697635598000, "FMUPDORG": "es.ngesi.maine.gov", "CREATDAT": 1697635598000, "CREATORG": "es.ngesi.maine.gov", "GlobalID": "5c70b5e2-6a8f-4105-8c5f-20968965d824", "Shape__Length": 107.79911621072446}}, {"type": "Feature", "id": 152126, "geometry": {"type": "LineString", "coordinates": [[-69.6161673432629, 44.0057055294713], [-69.6165060218305, 44.0055040412883]]}, "properties": {"OBJECTID": 152126, "SOURCE_OF_DATA": "ngesi.maine.gov", "DATEUPDATE": 1754926944000, "EFFECTIVE": 1697553732000, "EXPIRE": null, "RCL_UID": "urn:emergency:uid:gis:RCL:431652:ngesi.maine.gov", "L_ADD_PRE": "", "L_ADD_FROM": 0, "L_ADD_TO": 0, "R_ADD_PRE": "", "R_ADD_FROM": 0, "R_ADD_TO": 0, "LPARITY": "Z", "RPARITY": "Z", "ST_PREMOD": "", "ST_PREDIR": "", "ST_PRETYP": "", "ST_PRESEP": "", "ST_NAME": "Briarwood", "ST_POSTTYP": "Lane", "ST_POSTDIR": "", "ST_POSTMOD": "", "ST_FULLNAME": "Briarwood Lane", "DIRTRAVEL": null, "PREDIR": "", "STREETNAME": "Briarwood", "SUFFIX": "Ln", "POSTDIR": "", "RDNAME": "Briarwood Ln", "LESN": "142", "RESN": "142", "LMSAGCOMM": "Newcastle", "RMSAGCOMM": "Newcastle", "LMSAG_CODE": "2315", "RMSAG_CODE": "2315", "LCOUNTRY": "US", "RCOUNTRY": "US", "LSTATE": "ME", "RSTATE": "ME", "LCOUNTY": "Lincoln County", "RCOUNTY": "Lincoln County", "LCITY": "Newcastle", "RCITY": "Newcastle", "L_A4": null, "R_A4": null, "L_A5": null, "R_A5": null, "LPOSTCOMM": "Newcastle", "RPOSTCOMM": "Newcastle", "LZIPCODE": "04553", "RZIPCODE": "04553", "RDCLASS": "Private", "MDOTJURIS": "Private", "ONEWAY": "B", "SPEED": 25, "LVALID": "N", "RVALID": "N", "TOWN": "Newcastle", "ROUTE_NUM": "", "MAP_LABEL": "Briarwood Ln", "SOURCE": "2", "FEET": 115, "MINUTES": 0.05247232, "PSAP": "Lincoln RCC", "GEONAMEID": 7130, "SEGMENTID": 431652, "MCODE": 440, "LGEOCODE": "15110", "RGEOCODE": "15110", "GC_EXCEPTION": "201", "AMUPDDAT": 1754926944000, "AMUPDORG": "es.ngesi.maine.gov", "FMUPDDAT": 1754926943000, "FMUPDORG": "es.ngesi.maine.gov", "CREATDAT": 1697553732000, "CREATORG": "es.ngesi.maine.gov", "GlobalID": "873706e1-9bc3-4450-8f30-9cfd0f620e53", "Shape__Length": 35.18590768981346}}, {"type": "Feature", "id": 152127, "geometry": {"type": "LineString", "coordinates": [[-69.6160277933361, 44.0057727366632], [-69.6161673432629, 44.0057055294713]]}, "properties": {"OBJECTID": 152127, "SOURCE_OF_DATA": "ngesi.maine.gov", "DATEUPDATE": 1754927059000, "EFFECTIVE": 1697553747000, "EXPIRE": null, "RCL_UID": "urn:emergency:uid:gis:RCL:431653:ngesi.maine.gov", "L_ADD_PRE": "", "L_ADD_FROM": 50, "L_ADD_TO": 50, "R_ADD_PRE": "", "R_ADD_FROM": 49, "R_ADD_TO": 49, "LPARITY": "E", "RPARITY": "O", "ST_PREMOD": "", "ST_PREDIR": "", "ST_PRETYP": "", "ST_PRESEP": "", "ST_NAME": "Briarwood", "ST_POSTTYP": "Lane", "ST_POSTDIR": "", "ST_POSTMOD": "", "ST_FULLNAME": "Briarwood Lane", "DIRTRAVEL": null, "PREDIR": "", "STREETNAME": "Briarwood", "SUFFIX": "Ln", "POSTDIR": "", "RDNAME": "Briarwood Ln", "LESN": "139", "RESN": "142", "LMSAGCOMM": "Edgecomb", "RMSAGCOMM": "Newcastle", "LMSAG_CODE": "2315", "RMSAG_CODE": "2315", "LCOUNTRY": "US", "RCOUNTRY": "US", "LSTATE": "ME", "RSTATE": "ME", "LCOUNTY": "Lincoln County", "RCOUNTY": "Lincoln County", "LCITY": "Edgecomb", "RCITY": "Newcastle", "L_A4": null, "R_A4": null, "L_A5": null, "R_A5": null, "LPOSTCOMM": "Newcastle", "RPOSTCOMM": "Newcastle", "LZIPCODE": "04553", "RZIPCODE": "04553", "RDCLASS": "Private", "MDOTJURIS": "Private", "ONEWAY": "B", "SPEED": 25, "LVALID": "N", "RVALID": "N", "TOWN": "Newcastle", "ROUTE_NUM": "", "MAP_LABEL": "Briarwood Ln", "SOURCE": "2", "FEET": 44, "MINUTES": 0.02005681, "PSAP": "Lincoln RCC", "GEONAMEID": 7130, "SEGMENTID": 431653, "MCODE": 440, "LGEOCODE": "15110", "RGEOCODE": "15110", "GC_EXCEPTION": "201", "AMUPDDAT": 1754927059000, "AMUPDORG": "es.ngesi.maine.gov", "FMUPDDAT": 1754926969000, "FMUPDORG": "es.ngesi.maine.gov", "CREATDAT": 1697553747000, "CREATORG": "es.ngesi.maine.gov", "GlobalID": "eec4034b-34d9-45e2-b8aa-5e8cd40f5678", "Shape__Length": 13.449320057521854}}, {"type": "Feature", "id": 152898, "geometry": {"type": "LineString", "coordinates": [[-69.5551223279709, 44.008065988687], [-69.5550033101033, 44.0080099709784], [-69.5548456141114, 44.0079785854338], [-69.5546078955502, 44.0079647307623], [-69.5545038703572, 44.0079566643379], [-69.5543460948527, 44.0079166981695], [-69.5542002546703, 44.0078831113826], [-69.5540784568045, 44.0078794164329], [-69.553929927336, 44.0078758509532], [-69.5537664541531, 44.0078616345591], [-69.5535641550578, 44.0078240349239], [-69.5534363474343, 44.0078139309149], [-69.5532938952555, 44.0078253439787], [-69.553175285405, 44.0078452037485], [-69.5530746004309, 44.0078757087822], [-69.5529530888454, 44.0079041626873], [-69.5528196347379, 44.0079240939259], [-69.552611823788, 44.0079336795205], [-69.5522914319786, 44.0079716657568], [-69.5520748733682, 44.0079984352911], [-69.5515670661161, 44.0080030306345], [-69.5512493045882, 44.0080045641528], [-69.5510768135821, 44.0079796732722], [-69.5510023305081, 44.0079543095346], [-69.5509185641881, 44.0078882677526], [-69.550834540095, 44.0077943523648], [-69.550795496937, 44.0077473803351], [-69.5507975335226, 44.0076466305335], [-69.5507877742179, 44.0075544999073], [-69.5508051307439, 44.0075051221605], [-69.5508434396937, 44.0074727770308], [-69.550955735039, 44.0074122183654], [-69.5511451240479, 44.0073384307624]]}, "properties": {"OBJECTID": 152898, "SOURCE_OF_DATA": "ngesi.maine.gov", "DATEUPDATE": 1738608491000, "EFFECTIVE": 1718290164000, "EXPIRE": null, "RCL_UID": "urn:emergency:uid:gis:RCL:433048:ngesi.maine.gov", "L_ADD_PRE": "", "L_ADD_FROM": 2, "L_ADD_TO": 160, "R_ADD_PRE": "", "R_ADD_FROM": 3, "R_ADD_TO": 163, "LPARITY": "E", "RPARITY": "O", "ST_PREMOD": "", "ST_PREDIR": "", "ST_PRETYP": "", "ST_PRESEP": "", "ST_NAME": "Goose Cove", "ST_POSTTYP": "Lane", "ST_POSTDIR": "", "ST_POSTMOD": "", "ST_FULLNAME": "Goose Cove Lane", "DIRTRAVEL": null, "PREDIR": "", "STREETNAME": "Goose Cove", "SUFFIX": "Ln", "POSTDIR": "", "RDNAME": "Goose Cove Ln", "LESN": "142", "RESN": "142", "LMSAGCOMM": "Newcastle", "RMSAGCOMM": "Newcastle", "LMSAG_CODE": "2315", "RMSAG_CODE": "2315", "LCOUNTRY": "US", "RCOUNTRY": "US", "LSTATE": "ME", "RSTATE": "ME", "LCOUNTY": "Lincoln County", "RCOUNTY": "Lincoln County", "LCITY": "Newcastle", "RCITY": "Newcastle", "L_A4": null, "R_A4": null, "L_A5": null, "R_A5": null, "LPOSTCOMM": "Newcastle", "RPOSTCOMM": "Newcastle", "LZIPCODE": "04553", "RZIPCODE": "04553", "RDCLASS": "Private", "MDOTJURIS": "Private", "ONEWAY": "B", "SPEED": 25, "LVALID": "N", "RVALID": "N", "TOWN": "Newcastle", "ROUTE_NUM": "", "MAP_LABEL": "Goose Cove Ln", "SOURCE": "Vexcel 15-20cm", "FEET": 1400, "MINUTES": 0.63647676, "PSAP": "Lincoln RCC", "GEONAMEID": 74598, "SEGMENTID": 433048, "MCODE": 440, "LGEOCODE": "15110", "RGEOCODE": "15110", "GC_EXCEPTION": null, "AMUPDDAT": 1738608491000, "AMUPDORG": "es.ngesi.maine.gov", "FMUPDDAT": 1738608481000, "FMUPDORG": "es.ngesi.maine.gov", "CREATDAT": 1718290164000, "CREATORG": "es.ngesi.maine.gov", "GlobalID": "80bd70b1-8608-4710-b348-f88efd5c4710", "Shape__Length": 426.7967066380308}}, {"type": "Feature", "id": 152899, "geometry": {"type": "LineString", "coordinates": [[-69.5551223279709, 44.008065988687], [-69.555533945369, 44.0075616387247], [-69.5559752846397, 44.007008145651]]}, "properties": {"OBJECTID": 152899, "SOURCE_OF_DATA": "ngesi.maine.gov", "DATEUPDATE": 1718292079000, "EFFECTIVE": 1718291996000, "EXPIRE": null, "RCL_UID": "urn:emergency:uid:gis:RCL:433049:ngesi.maine.gov", "L_ADD_PRE": "", "L_ADD_FROM": 448, "L_ADD_TO": 452, "R_ADD_PRE": "", "R_ADD_FROM": 447, "R_ADD_TO": 451, "LPARITY": "E", "RPARITY": "O", "ST_PREMOD": "", "ST_PREDIR": "", "ST_PRETYP": "", "ST_PRESEP": "", "ST_NAME": "River", "ST_POSTTYP": "Road", "ST_POSTDIR": "", "ST_POSTMOD": "", "ST_FULLNAME": "River Road", "DIRTRAVEL": null, "PREDIR": "", "STREETNAME": "River", "SUFFIX": "Rd", "POSTDIR": "", "RDNAME": "River Rd", "LESN": "142", "RESN": "142", "LMSAGCOMM": "Newcastle", "RMSAGCOMM": "Newcastle", "LMSAG_CODE": "2315", "RMSAG_CODE": "2315", "LCOUNTRY": "US", "RCOUNTRY": "US", "LSTATE": "ME", "RSTATE": "ME", "LCOUNTY": "Lincoln County", "RCOUNTY": "Lincoln County", "LCITY": "Newcastle", "RCITY": "Newcastle", "L_A4": null, "R_A4": null, "L_A5": null, "R_A5": null, "LPOSTCOMM": "Newcastle", "RPOSTCOMM": "Newcastle", "LZIPCODE": "04553", "RZIPCODE": "04553", "RDCLASS": "Local", "MDOTJURIS": "State Aid", "ONEWAY": "B", "SPEED": 25, "LVALID": "N", "RVALID": "N", "TOWN": "Newcastle", "ROUTE_NUM": "", "MAP_LABEL": "River Rd", "SOURCE": "43", "FEET": 446, "MINUTES": 0.20273384, "PSAP": "Lincoln RCC", "GEONAMEID": 48507, "SEGMENTID": 433049, "MCODE": 440, "LGEOCODE": "15110", "RGEOCODE": "15110", "GC_EXCEPTION": null, "AMUPDDAT": 1718292079000, "AMUPDORG": "es.ngesi.maine.gov", "FMUPDDAT": 1718291996000, "FMUPDORG": "es.ngesi.maine.gov", "CREATDAT": 1718291996000, "CREATORG": "es.ngesi.maine.gov", "GlobalID": "268730f6-2492-4d3f-bd5c-ad02f2cbcdeb", "Shape__Length": 135.94547474681838}}]}