{"type": "FeatureCollection", "features": [{"type": "Feature", "id": 12204, "geometry": {"type": "LineString", "coordinates": [[-69.57308993878347, 44.09455420395802], [-69.57347345473109, 44.09437221215889], [-69.5737345437802, 44.094235851168925], [-69.57391043750611, 44.09409991761105], [-69.57414303468936, 44.0938466556462], [-69.57479209353328, 44.09326717766681], [-69.57530145446904, 44.092859462927294], [-69.57575440749319, 44.09254206427636], [-69.57608591188416, 44.09235132270761], [-69.57641435391835, 44.09220561278816], [-69.5767056443273, 44.092087099216805], [-69.57688231240097, 44.092032187056795], [-69.5771876704273, 44.09193585741726], [-69.57737851481447, 44.09192064959914], [-69.57757584234305, 44.091951569126124], [-69.5778308210516, 44.09199795258], [-69.57808228824571, 44.092029992763], [-69.57835351747777, 44.09204532120363], [-69.57855172715195, 44.09203477427169], [-69.57866383330614, 44.09200800659259]]}, "properties": {"OBJECTID": 12204, "aadt_type": "E", "priority": 5, "sh_sa_ir": "IR-1500574", "faadt": 51, "fedfunccls": "Local", "fed_urbrur": "Rural", "capacity": 1000, "jurisdictn": "Townway", "link_id": 209154, "nhs_status": "Non-fed aid non-NHS", "num_lanes": 2, "offic_miles": "Y", "prim_bmp": 0, "prirtecode": "1500574", "prim_emp": 0.35000000000000003, "prirtename": "RD INV 15 00574", "segment_id": 45817, "speed_lim": null, "speedsrc": "Unposted", "st_urbrur": "Rural", "strtname": "W HASSAN AV", "townname": "Newcastle", "towncode": "15110", "cntyname": "Lincoln", "cnty_no": "15", "surfc_type": "Unimproved", "dot_region": "2", "dot_region_name": "Mid-Coast", "Shape_Length": 786.7309923970224}}, {"type": "Feature", "id": 12309, "geometry": {"type": "LineString", "coordinates": [[-69.54869834230158, 44.0259268706439], [-69.54892607690418, 44.02577884046263], [-69.54934711637954, 44.02551121480493], [-69.54965123832405, 44.02533868650826], [-69.54994656486357, 44.02514232261878], [-69.55023561217928, 44.0249485630829]]}, "properties": {"OBJECTID": 12309, "aadt_type": "E", "priority": 5, "sh_sa_ir": "IR-1501617", "faadt": 32, "fedfunccls": "Local", "fed_urbrur": "Rural", "capacity": 1000, "jurisdictn": "Townway", "link_id": 210653, "nhs_status": "Non-fed aid non-NHS", "num_lanes": 2, "offic_miles": "Y", "prim_bmp": 0, "prirtecode": "1501617", "prim_emp": 0.1, "prirtename": "RD INV 15 01617", "segment_id": 45071, "speed_lim": null, "speedsrc": "Unposted", "st_urbrur": "Rural", "strtname": "ROBINSON RD", "townname": "Newcastle", "towncode": "15110", "cntyname": "Lincoln", "cnty_no": "15", "surfc_type": "Gravel", "dot_region": "2", "dot_region_name": "Mid-Coast", "Shape_Length": 228.62411760798662}}, {"type": "Feature", "id": 12445, "geometry": {"type": "LineString", "coordinates": [[-69.54508127940332, 44.02778701036904], [-69.54499032677742, 44.027975463690154], [-69.54475777540826, 44.028237213574734], [-69.54454273220398, 44.02848828197338], [-69.54432791896839, 44.028764784736865], [-69.54406065849327, 44.029083915405735], [-69.54387115169756, 44.02931436002958], [-69.54375243753613, 44.02954901484323], [-69.5436145919541, 44.02977259658655]]}, "properties": {"OBJECTID": 12445, "aadt_type": "E", "priority": 5, "sh_sa_ir": "IR-1501179", "faadt": 145, "fedfunccls": "Local", "fed_urbrur": "Rural", "capacity": 1000, "jurisdictn": "Townway", "link_id": 209241, "nhs_status": "Non-fed aid non-NHS", "num_lanes": 2, "offic_miles": "Y", "prim_bmp": 0, "prirtecode": "1501179", "prim_emp": 0.16, "prirtename": "RD INV 15 01179", "segment_id": 49987, "speed_lim": null, "speedsrc": "Unposted", "st_urbrur": "Rural", "strtname": "PLEASANT ST", "townname": "Newcastle", "towncode": "15110", "cntyname": "Lincoln", "cnty_no": "15", "surfc_type": "Flexible", "dot_region": "2", "dot_region_name": "Mid-Coast", "Shape_Length": 349.31145465938425}}, {"type": "Feature", "id": 12446, "geometry": {"type": "LineString", "coordinates": [[-69.54361462878502, 44.02977261402503], [-69.54449300416478, 44.02987591496294], [-69.54479712431265, 44.0299173215757], [-69.54490638640065, 44.02994538647177], [-69.54499933598142, 44.03000450077586], [-69.54506623980883, 44.030094711543256]]}, "properties": {"OBJECTID": 12446, "aadt_type": "E", "priority": 5, "sh_sa_ir": "IR-1500883", "faadt": 98, "fedfunccls": "Local", "fed_urbrur": "Rural", "capacity": 1000, "jurisdictn": "Townway", "link_id": 209242, "nhs_status": "Non-fed aid non-NHS", "num_lanes": 2, "offic_miles": "Y", "prim_bmp": 0.11, "prirtecode": "1500883", "prim_emp": 0.19, "prirtename": "RD INV 15 00883", "segment_id": 9137, "speed_lim": null, "speedsrc": "Unposted", "st_urbrur": "Rural", "strtname": "LIBERTY ST", "townname": "Newcastle", "towncode": "15110", "cntyname": "Lincoln", "cnty_no": "15", "surfc_type": "Flexible", "dot_region": "2", "dot_region_name": "Mid-Coast", "Shape_Length": 176.0950819884004}}, {"type": "Feature", "id": 12447, "geometry": {"type": "LineString", "coordinates": [[-69.5436145919541, 44.02977259658655], [-69.54355682938302, 44.02987672617375], [-69.5433467340993, 44.03021720056449], [-69.54294313990678, 44.03088226765732], [-69.54272112218261, 44.03123940898484]]}, "properties": {"OBJECTID": 12447, "aadt_type": "E", "priority": 5, "sh_sa_ir": "IR-1500883", "faadt": 181, "fedfunccls": "Local", "fed_urbrur": "Rural", "capacity": 1000, "jurisdictn": "Townway", "link_id": 209243, "nhs_status": "Non-fed aid non-NHS", "num_lanes": 2, "offic_miles": "Y", "prim_bmp": 0, "prirtecode": "1500883", "prim_emp": 0.11, "prirtename": "RD INV 15 00883", "segment_id": 43302, "speed_lim": null, "speedsrc": "Unposted", "st_urbrur": "Rural", "strtname": "LIBERTY ST", "townname": "Newcastle", "towncode": "15110", "cntyname": "Lincoln", "cnty_no": "15", "surfc_type": "Flexible", "dot_region": "2", "dot_region_name": "Mid-Coast", "Shape_Length": 247.94573772635184}}, {"type": "Feature", "id": 12448, "geometry": {"type": "LineString", "coordinates": [[-69.53523431017818, 44.03508102192971], [-69.53506727563763, 44.03501033520936], [-69.53460270470191, 44.03490388325437], [-69.53410627052307, 44.034777572944606], [-69.53386789268096, 44.0347072533315]]}, "properties": {"OBJECTID": 12448, "aadt_type": "E", "priority": 5, "sh_sa_ir": "IR-1500866", "faadt": 64, "fedfunccls": "Local", "fed_urbrur": "Rural", "capacity": 1000, "jurisdictn": "Townway", "link_id": 209250, "nhs_status": "Non-fed aid non-NHS", "num_lanes": 2, "offic_miles": "Y", "prim_bmp": 0, "prirtecode": "1500866", "prim_emp": 0.07, "prirtename": "RD INV 15 00866", "segment_id": 86016, "speed_lim": null, "speedsrc": "Unposted", "st_urbrur": "Rural", "strtname": "CROSS ST", "townname": "Newcastle", "towncode": "15110", "cntyname": "Lincoln", "cnty_no": "15", "surfc_type": "Flexible", "dot_region": "2", "dot_region_name": "Mid-Coast", "Shape_Length": 163.1605395009956}}, {"type": "Feature", "id": 12449, "geometry": {"type": "LineString", "coordinates": [[-69.53523431017818, 44.03508102192971], [-69.5351005177947, 44.03518170389444], [-69.53493797752552, 44.03527629893285], [-69.53476555309325, 44.03538622789721], [-69.5346271487591, 44.035418324566685], [-69.53448715800018, 44.035404457128514], [-69.53421455434572, 44.03536308276497], [-69.53398427840918, 44.0353127045011], [-69.5337079988486, 44.03520102008765], [-69.5334868417105, 44.03507490609219]]}, "properties": {"OBJECTID": 12449, "aadt_type": "E", "priority": 5, "sh_sa_ir": "IR-1500758", "faadt": 87, "fedfunccls": "Local", "fed_urbrur": "Rural", "capacity": 1000, "jurisdictn": "Townway", "link_id": 209251, "nhs_status": "Non-fed aid non-NHS", "num_lanes": 2, "offic_miles": "Y", "prim_bmp": 0.06, "prirtecode": "1500758", "prim_emp": 0.16, "prirtename": "RD INV 15 00758", "segment_id": 82417, "speed_lim": null, "speedsrc": "Unposted", "st_urbrur": "Rural", "strtname": "PUMP ST", "townname": "Newcastle", "towncode": "15110", "cntyname": "Lincoln", "cnty_no": "15", "surfc_type": "Flexible", "dot_region": "2", "dot_region_name": "Mid-Coast", "Shape_Length": 226.93238556097802}}, {"type": "Feature", "id": 12450, "geometry": {"type": "LineString", "coordinates": [[-69.535234335331, 44.03508102192971], [-69.53544241299858, 44.034962687143135], [-69.53575778544369, 44.034782535387215], [-69.53607968504765, 44.034592853407865], [-69.53623418090348, 44.034515869381]]}, "properties": {"OBJECTID": 12450, "aadt_type": "E", "priority": 5, "sh_sa_ir": "IR-1500758", "faadt": 186, "fedfunccls": "Local", "fed_urbrur": "Rural", "capacity": 1000, "jurisdictn": "Townway", "link_id": 209252, "nhs_status": "Non-fed aid non-NHS", "num_lanes": 2, "offic_miles": "Y", "prim_bmp": 0, "prirtecode": "1500758", "prim_emp": 0.06, "prirtename": "RD INV 15 00758", "segment_id": 18057, "speed_lim": null, "speedsrc": "Unposted", "st_urbrur": "Rural", "strtname": "PUMP ST", "townname": "Newcastle", "towncode": "15110", "cntyname": "Lincoln", "cnty_no": "15", "surfc_type": "Flexible", "dot_region": "2", "dot_region_name": "Mid-Coast", "Shape_Length": 141.63280295223618}}, {"type": "Feature", "id": 12451, "geometry": {"type": "LineString", "coordinates": [[-69.53189930390609, 44.03700784613534], [-69.53173239063811, 44.03717272015684], [-69.53153220287366, 44.03738518692165], [-69.531386608424, 44.03750020786644], [-69.53105143980495, 44.03768471621019], [-69.53068063861187, 44.03787510640148], [-69.53036106115292, 44.03803095388655], [-69.52998635049171, 44.03822707682357]]}, "properties": {"OBJECTID": 12451, "aadt_type": "E", "priority": 5, "sh_sa_ir": "IR-1500539", "faadt": 58, "fedfunccls": "Local", "fed_urbrur": "Rural", "capacity": 1000, "jurisdictn": "Townway", "link_id": 209256, "nhs_status": "Non-fed aid non-NHS", "num_lanes": 2, "offic_miles": "Y", "prim_bmp": 0.26, "prirtecode": "1500539", "prim_emp": 0.39, "prirtename": "RD INV 15 00539", "segment_id": 45602, "speed_lim": null, "speedsrc": "Unposted", "st_urbrur": "Rural", "strtname": "GLIDDEN ST", "townname": "Newcastle", "towncode": "15110", "cntyname": "Lincoln", "cnty_no": "15", "surfc_type": "Flexible", "dot_region": "2", "dot_region_name": "Mid-Coast", "Shape_Length": 287.69917444009553}}, {"type": "Feature", "id": 12452, "geometry": {"type": "LineString", "coordinates": [[-69.53189930390609, 44.03700784613534], [-69.53329589940698, 44.037642813250216], [-69.53439791486828, 44.03812934155437], [-69.53469626513706, 44.0382565869085], [-69.53484509172513, 44.03830431950597]]}, "properties": {"OBJECTID": 12452, "aadt_type": "E", "priority": 5, "sh_sa_ir": "IR-1500861", "faadt": 110, "fedfunccls": "Local", "fed_urbrur": "Rural", "capacity": 1000, "jurisdictn": "Townway", "link_id": 209257, "nhs_status": "Non-fed aid non-NHS", "num_lanes": 2, "offic_miles": "Y", "prim_bmp": 0, "prirtecode": "1500861", "prim_emp": 0.17, "prirtename": "RD INV 15 00861", "segment_id": 87032, "speed_lim": null, "speedsrc": "Unposted", "st_urbrur": "Rural", "strtname": "STEWART ST", "townname": "Newcastle", "towncode": "15110", "cntyname": "Lincoln", "cnty_no": "15", "surfc_type": "Flexible", "dot_region": "2", "dot_region_name": "Mid-Coast", "Shape_Length": 384.6733223949527}}, {"type": "Feature", "id": 12498, "geometry": {"type": "LineString", "coordinates": [[-69.58415431386479, 44.09707689520984], [-69.58302301422353, 44.09714296029658], [-69.58199635932974, 44.0972551994873]]}, "properties": {"OBJECTID": 12498, "aadt_type": "E", "priority": 5, "sh_sa_ir": "IR-1501618", "faadt": 28, "fedfunccls": "Local", "fed_urbrur": "Rural", "capacity": 1000, "jurisdictn": "Townway", "link_id": 210656, "nhs_status": "Non-fed aid non-NHS", "num_lanes": 2, "offic_miles": "Y", "prim_bmp": 0.13, "prirtecode": "1501618", "prim_emp": 0.24, "prirtename": "RD INV 15 01618", "segment_id": 84715, "speed_lim": null, "speedsrc": "Unposted", "st_urbrur": "Rural", "strtname": "HILLSIDE RD", "townname": "Newcastle", "towncode": "15110", "cntyname": "Lincoln", "cnty_no": "15", "surfc_type": "Gravel", "dot_region": "2", "dot_region_name": "Mid-Coast", "Shape_Length": 241.9547131306739}}, {"type": "Feature", "id": 12929, "geometry": {"type": "LineString", "coordinates": [[-69.61277447442515, 44.03940508007323], [-69.61277037002262, 44.039418607548846], [-69.6126951900165, 44.03958871651772], [-69.61260912692069, 44.03975656935585], [-69.61252928196329, 44.039919860722804], [-69.61243136200407, 44.04015563590646], [-69.6123461702741, 44.040409431202214], [-69.6123298317157, 44.040649288813206], [-69.61232648908454, 44.040934319413736], [-69.61220233921732, 44.04166787291642], [-69.61206590578692, 44.042258463086505], [-69.61188854870544, 44.0428716458754], [-69.61175405473772, 44.04325951334109], [-69.61163516001493, 44.04364729690692], [-69.61147751107247, 44.044017281403995], [-69.61130279324126, 44.04451790613923], [-69.61110314266938, 44.04513120695077], [-69.61090411373164, 44.04572649683631], [-69.61072798913874, 44.04616410451256]]}, "properties": {"OBJECTID": 12929, "aadt_type": "E", "priority": 5, "sh_sa_ir": "IR-1500598", "faadt": 85, "fedfunccls": "Local", "fed_urbrur": "Rural", "capacity": 1000, "jurisdictn": "Townway", "link_id": 209106, "nhs_status": "Non-fed aid non-NHS", "num_lanes": 2, "offic_miles": "Y", "prim_bmp": 0, "prirtecode": "1500598", "prim_emp": 0.48, "prirtename": "RD INV 15 00598", "segment_id": 46972, "speed_lim": null, "speedsrc": "Unposted", "st_urbrur": "Rural", "strtname": "THE KINGS HWY", "townname": "Newcastle", "towncode": "15110", "cntyname": "Lincoln", "cnty_no": "15", "surfc_type": "Unimproved", "dot_region": "2", "dot_region_name": "Mid-Coast", "Shape_Length": 1074.4676672376786}}, {"type": "Feature", "id": 12930, "geometry": {"type": "LineString", "coordinates": [[-69.60221446205335, 44.04623630562977], [-69.6020755941885, 44.04653952547075], [-69.60179619028737, 44.047127002675744], [-69.60126614294724, 44.048403587621095], [-69.60117781879188, 44.04868419427663], [-69.60115713328584, 44.04899016694933], [-69.6011587233039, 44.04914738498408], [-69.60120753685811, 44.049270043170395]]}, "properties": {"OBJECTID": 12930, "aadt_type": "E", "priority": 5, "sh_sa_ir": "IR-1500596", "faadt": 40, "fedfunccls": "Local", "fed_urbrur": "Rural", "capacity": 1000, "jurisdictn": "Townway", "link_id": 209113, "nhs_status": "Non-fed aid non-NHS", "num_lanes": 2, "offic_miles": "Y", "prim_bmp": 0, "prirtecode": "1500596", "prim_emp": 0.22, "prirtename": "RD INV 15 00596", "segment_id": 58686, "speed_lim": null, "speedsrc": "Unposted", "st_urbrur": "Rural", "strtname": "CHASE FARM RD", "townname": "Newcastle", "towncode": "15110", "cntyname": "Lincoln", "cnty_no": "15", "surfc_type": "Unimproved", "dot_region": "2", "dot_region_name": "Mid-Coast", "Shape_Length": 488.038028473106}}, {"type": "Feature", "id": 12931, "geometry": {"type": "LineString", "coordinates": [[-69.60989356832582, 44.05087284583014], [-69.60986453477585, 44.0509315234661], [-69.60923064308719, 44.05207833827552], [-69.60866711823135, 44.053125746271476], [-69.60831794936863, 44.0540009271789], [-69.60777709709225, 44.05509321771827], [-69.60695658219996, 44.056502110870184], [-69.6063637453164, 44.05751363941479], [-69.60580359453279, 44.05829090369781], [-69.60559007307458, 44.05877821913927], [-69.60523752385143, 44.05948236139312], [-69.60471878091084, 44.0606105238311], [-69.60417672938357, 44.06167579227004], [-69.6036548028136, 44.06253387371062], [-69.60297799411224, 44.06350981404952], [-69.60256484543835, 44.064133228052114], [-69.60211868906764, 44.06496389171973], [-69.60145593091565, 44.0659847745129], [-69.60061321146614, 44.06734871945548], [-69.59966250463802, 44.06880324952074], [-69.59864336954145, 44.070249135120164], [-69.598019388067, 44.07129679547419], [-69.59773841570737, 44.07168541973753], [-69.59735947667613, 44.07211055154838], [-69.59707996587548, 44.072490163857296], [-69.59679989632272, 44.07285175287606], [-69.59658218332541, 44.07316800834222]]}, "properties": {"OBJECTID": 12931, "aadt_type": "E", "priority": 5, "sh_sa_ir": "IR-1501196", "faadt": 60, "fedfunccls": "Local", "fed_urbrur": "Rural", "capacity": 1000, "jurisdictn": "Townway", "link_id": 209116, "nhs_status": "Non-fed aid non-NHS", "num_lanes": 2, "offic_miles": "Y", "prim_bmp": 0, "prirtecode": "1501196", "prim_emp": 1.68, "prirtename": "RD INV 15 01196", "segment_id": 99121, "speed_lim": null, "speedsrc": "Unposted", "st_urbrur": "Rural", "strtname": "S DYER NECK RD", "townname": "Newcastle", "towncode": "15110", "cntyname": "Lincoln", "cnty_no": "15", "surfc_type": "Unimproved", "dot_region": "2", "dot_region_name": "Mid-Coast", "Shape_Length": 3764.981334786514}}, {"type": "Feature", "id": 13042, "geometry": {"type": "LineString", "coordinates": [[-69.54685506222064, 44.02963324489186], [-69.54700068990796, 44.02984050973495], [-69.54701749918357, 44.02994228501496], [-69.54701110767031, 44.03001528869241], [-69.5469811793983, 44.03011396609969], [-69.54692090064611, 44.03026682685305], [-69.54684286759063, 44.030403881662046], [-69.54675678652853, 44.03053016189636], [-69.54670375358742, 44.03060797134362], [-69.54570664518161, 44.03125485457177], [-69.54564187664964, 44.031295679599324], [-69.54553363684441, 44.03139973611273], [-69.54544559206511, 44.031494692406085], [-69.54534005169732, 44.03163474951255], [-69.54530331958536, 44.031670939021005], [-69.54520033851782, 44.03179747876968], [-69.54511668021203, 44.03190141750391], [-69.54509065781488, 44.03195556201137], [-69.54500585505544, 44.03206400781811], [-69.5449647697076, 44.03217674699343], [-69.54493837181467, 44.032230893832725], [-69.54489371296863, 44.03229413085096], [-69.54485793486748, 44.03235282366125], [-69.5448271909252, 44.032402489495446], [-69.54479110110866, 44.032461184136], [-69.54475690404243, 44.03251536752826], [-69.54472501564648, 44.032569540537544], [-69.54469932562598, 44.03261918164828], [-69.54463050209881, 44.032728451620876], [-69.5445611305993, 44.0328527596857], [-69.54443587490597, 44.03312985240048], [-69.54438882294804, 44.03327948848939]]}, "properties": {"OBJECTID": 13042, "aadt_type": "E", "priority": 5, "sh_sa_ir": "IR-1501452", "faadt": 171, "fedfunccls": "Local", "fed_urbrur": "Rural", "capacity": 1000, "jurisdictn": "Townway", "link_id": 210560, "nhs_status": "Non-fed aid non-NHS", "num_lanes": 2, "offic_miles": "Y", "prim_bmp": 0.2, "prirtecode": "1501452", "prim_emp": 0.5, "prirtename": "RD INV 15 01452", "segment_id": 20715, "speed_lim": null, "speedsrc": "Unposted", "st_urbrur": "Rural", "strtname": "HOPKINS HILL RD", "townname": "Newcastle", "towncode": "15110", "cntyname": "Lincoln", "cnty_no": "15", "surfc_type": "Flexible", "dot_region": "2", "dot_region_name": "Mid-Coast", "Shape_Length": 660.3041332857881}}, {"type": "Feature", "id": 23805, "geometry": {"type": "LineString", "coordinates": [[-69.53382378809548, 44.05018907208478], [-69.5341970488758, 44.050259426267004], [-69.53476441582609, 44.05032436985589], [-69.53513094283505, 44.05038702843627], [-69.5355338561046, 44.05052676455363], [-69.53631515773814, 44.0508063468495], [-69.53683918546756, 44.05101310699635], [-69.53721477737605, 44.05109181410044], [-69.53754061699085, 44.05109671900625], [-69.53810253565895, 44.051052226195], [-69.53837697097825, 44.05104771899833], [-69.53861845160135, 44.05110129463673], [-69.53925889829664, 44.05134933369616], [-69.53961262700774, 44.05147642153025], [-69.53992094049136, 44.051516803925864], [-69.54028679466218, 44.051505422713404], [-69.54058518805012, 44.05143641357452], [-69.540838822879, 44.051354740884165]]}, "properties": {"OBJECTID": 23805, "aadt_type": "E", "priority": 5, "sh_sa_ir": "IR-1501620", "faadt": 101, "fedfunccls": "Local", "fed_urbrur": "Rural", "capacity": 1000, "jurisdictn": "Townway", "link_id": 1931428, "nhs_status": "Non-fed aid non-NHS", "num_lanes": 2, "offic_miles": "Y", "prim_bmp": 0, "prirtecode": "1501620", "prim_emp": 0.37, "prirtename": "RD INV 15 01620", "segment_id": 22084, "speed_lim": 25, "speedsrc": "Posted", "st_urbrur": "Rural", "strtname": "STONEBRIDGE CIR", "townname": "Newcastle", "towncode": "15110", "cntyname": "Lincoln", "cnty_no": "15", "surfc_type": "Flexible", "dot_region": "2", "dot_region_name": "Mid-Coast", "Shape_Length": 830.304133067489}}, {"type": "Feature", "id": 23806, "geometry": {"type": "LineString", "coordinates": [[-69.5408388112009, 44.05135474992306], [-69.54096888186415, 44.05142238008373], [-69.54118452693967, 44.05157905385096], [-69.5413771257366, 44.05165863180485], [-69.54162709633745, 44.05166388465884], [-69.54188558206887, 44.05162403436378], [-69.5420766887641, 44.051533003491045], [-69.54215595969804, 44.05141675338643], [-69.54216338786712, 44.05125254075053], [-69.54210393287003, 44.051098324060234], [-69.54199119340356, 44.0509669141559], [-69.5418431016374, 44.050880688414004], [-69.54160596616533, 44.05081100127051], [-69.54131157836525, 44.05082851232383], [-69.54109824914653, 44.05092608460313], [-69.54091275063362, 44.05113939819058], [-69.5408388112009, 44.05135474992306]]}, "properties": {"OBJECTID": 23806, "aadt_type": "E", "priority": 5, "sh_sa_ir": "IR-1501620", "faadt": 28, "fedfunccls": "Local", "fed_urbrur": "Rural", "capacity": 1000, "jurisdictn": "Townway", "link_id": 1931429, "nhs_status": "Non-fed aid non-NHS", "num_lanes": 2, "offic_miles": "Y", "prim_bmp": 0.37, "prirtecode": "1501620", "prim_emp": 0.5700000000000001, "prirtename": "RD INV 15 01620", "segment_id": 54099, "speed_lim": 25, "speedsrc": "Posted", "st_urbrur": "Rural", "strtname": "STONEBRIDGE CIR", "townname": "Newcastle", "towncode": "15110", "cntyname": "Lincoln", "cnty_no": "15", "surfc_type": "Flexible", "dot_region": "2", "dot_region_name": "Mid-Coast", "Shape_Length": 437.80660024989464}}, {"type": "Feature", "id": 26201, "geometry": {"type": "LineString", "coordinates": [[-69.5860750035704, 44.097870660358595], [-69.5856526327918, 44.09769023868819], [-69.58474642940118, 44.09731138351607], [-69.58446758335384, 44.09719130991946], [-69.58415431386479, 44.09707689520984]]}, "properties": {"OBJECTID": 26201, "aadt_type": "E", "priority": 4, "sh_sa_ir": "SA-002", "faadt": 1087, "fedfunccls": "Minor Collector", "fed_urbrur": "Rural", "capacity": 1600, "jurisdictn": "State aid", "link_id": 2192977, "nhs_status": "Non-fed aid non-NHS", "num_lanes": 2, "offic_miles": "Y", "prim_bmp": 15.120000000000001, "prirtecode": "0194X", "prim_emp": 15.23, "prirtename": "ST RTE 194", "segment_id": 90620, "speed_lim": 40, "speedsrc": "Posted", "st_urbrur": "Rural", "strtname": "JONES WOODS RD", "townname": "Newcastle", "towncode": "15110", "cntyname": "Lincoln", "cnty_no": "15", "surfc_type": "Flexible", "dot_region": "2", "dot_region_name": "Mid-Coast", "Shape_Length": 246.75022693040927}}, {"type": "Feature", "id": 27242, "geometry": {"type": "LineString", "coordinates": [[-69.54632314997797, 44.04181852320977], [-69.5470315497329, 44.04230753106443], [-69.54778537998675, 44.042835616890144], [-69.54902803299399, 44.04393307567372], [-69.55052253677599, 44.045263703603], [-69.55088238750575, 44.04560556694554], [-69.55123788320303, 44.04590400800726], [-69.55154515014934, 44.046131212361054], [-69.55189567367151, 44.04632104917367], [-69.55236543686955, 44.046547466127116], [-69.55273147250007, 44.046700059792215], [-69.55366543293466, 44.04697853279066], [-69.55452407053099, 44.04725451022182], [-69.55539658350521, 44.047575817973815], [-69.55559563130755, 44.0476249273905], [-69.55580966660209, 44.04762674044593], [-69.55602331292611, 44.04758568066712], [-69.55707275448542, 44.047497674392645], [-69.55875624763353, 44.04740083253763], [-69.5591028275516, 44.04737913195983], [-69.5593402639593, 44.047340803227875], [-69.55954594132842, 44.04729692228117], [-69.5597402190766, 44.047304541933784], [-69.55984743210745, 44.04732688498879], [-69.56010980395081, 44.047411356433656], [-69.560431575994, 44.04748981909296], [-69.56243425403729, 44.04760729529443], [-69.56290227360536, 44.047654905428374], [-69.5636208647472, 44.04778572091366], [-69.56471670878253, 44.0479918452886], [-69.56519678553833, 44.04804664271703], [-69.56554975517305, 44.04807061903764], [-69.5670297808076, 44.04793201350768], [-69.56839332010263, 44.04785068981343], [-69.5693671801089, 44.04773436081138], [-69.5706681409646, 44.04759118053034]]}, "properties": {"OBJECTID": 27242, "aadt_type": "E", "priority": 5, "sh_sa_ir": "IR-1500448", "faadt": 74, "fedfunccls": "Local", "fed_urbrur": "Rural", "capacity": 1000, "jurisdictn": "Townway", "link_id": 2670602, "nhs_status": "Non-fed aid non-NHS", "num_lanes": 2, "offic_miles": "Y", "prim_bmp": 0.68, "prirtecode": "1500448", "prim_emp": 2.06, "prirtename": "RD INV 15 00448", "segment_id": 33999, "speed_lim": null, "speedsrc": "Unposted", "st_urbrur": "Rural", "strtname": "E OLD COUNTY RD", "townname": "Newcastle", "towncode": "15110", "cntyname": "Lincoln", "cnty_no": "15", "surfc_type": "Gravel", "dot_region": "2", "dot_region_name": "Mid-Coast", "Shape_Length": 3096.589059439519}}, {"type": "Feature", "id": 27807, "geometry": {"type": "LineString", "coordinates": [[-69.54250044833812, 44.038813700741024], [-69.54292334912276, 44.039126136871246], [-69.54376461779306, 44.0397658276275], [-69.54447530106548, 44.04034559518898], [-69.54538744321844, 44.04106904617486], [-69.54632314997797, 44.04181852320977]]}, "properties": {"OBJECTID": 27807, "aadt_type": "E", "priority": 5, "sh_sa_ir": "IR-1500448", "faadt": 95, "fedfunccls": "Local", "fed_urbrur": "Rural", "capacity": 1000, "jurisdictn": "Townway", "link_id": 2670604, "nhs_status": "Non-fed aid non-NHS", "num_lanes": 2, "offic_miles": "Y", "prim_bmp": 0.4, "prirtecode": "1500448", "prim_emp": 0.68, "prirtename": "RD INV 15 00448", "segment_id": 98269, "speed_lim": null, "speedsrc": "Unposted", "st_urbrur": "Rural", "strtname": "E OLD COUNTY RD", "townname": "Newcastle", "towncode": "15110", "cntyname": "Lincoln", "cnty_no": "15", "surfc_type": "Unimproved", "dot_region": "2", "dot_region_name": "Mid-Coast", "Shape_Length": 630.6410597080534}}, {"type": "Feature", "id": 53402, "geometry": {"type": "LineString", "coordinates": [[-69.558637587371, 44.00377065040429], [-69.55860083549611, 44.003822903471466], [-69.55840548246452, 44.00411105180502], [-69.55802363648503, 44.00455937359868], [-69.55772316978542, 44.00491101267236], [-69.55733579557366, 44.005358818619435], [-69.5569176010628, 44.00586499001956], [-69.55643544380878, 44.006425726169965], [-69.55607051490271, 44.00686129093948], [-69.55552898529662, 44.007549999615996], [-69.55504906035608, 44.00814296954378], [-69.55472016826594, 44.00859254337499], [-69.55455543970072, 44.00879869490036], [-69.55431938759688, 44.00907387907291], [-69.5542359637514, 44.00923138522019], [-69.55417149166344, 44.00938653077634], [-69.55411071344795, 44.00959409512405], [-69.55410297086853, 44.009837100492895], [-69.55411934535951, 44.010119253029664], [-69.55419955413461, 44.01077783739317], [-69.55419528444206, 44.01102799253392], [-69.55417399347151, 44.01121867251542], [-69.55414242936737, 44.0113712544358], [-69.55408899937089, 44.011550952740926], [-69.5539271220584, 44.01199877833596], [-69.55380914631213, 44.01244963250124], [-69.55360472748269, 44.0131795531092], [-69.55355013596457, 44.01335135186908], [-69.55339540115689, 44.013749901729966], [-69.55333133331081, 44.01394795528261], [-69.55330522557372, 44.014089219951785], [-69.55328851241785, 44.014317836435865], [-69.55330815228491, 44.0146603053474], [-69.55335718502808, 44.014965033750464], [-69.55342733716355, 44.01539828311872], [-69.5534391015005, 44.01561016770774], [-69.55343731654804, 44.015769771573304], [-69.5534118879373, 44.01599749330155], [-69.55335260541675, 44.016235436084486], [-69.55327311709051, 44.01656936396061], [-69.55318388294178, 44.0169152140042], [-69.5530878054272, 44.01723492397959], [-69.55288067997382, 44.01786024499199], [-69.5528440152355, 44.01817485942402], [-69.55282147650502, 44.01863477510851], [-69.55281910315603, 44.0190454436972], [-69.55283104895268, 44.01926213558764], [-69.55283940597977, 44.0194431458734], [-69.55285116582515, 44.019648007773434], [-69.5528198298931, 44.01983392760519], [-69.55275841567038, 44.0199747234853], [-69.55267192856977, 44.02012011578768], [-69.55252451413332, 44.02028293608732], [-69.55232016357587, 44.02041588816116], [-69.55202339883357, 44.020613939475226], [-69.55160841400321, 44.02091727171062], [-69.5511064318292, 44.02128911510421], [-69.55086763357554, 44.02148776682781], [-69.55068764263362, 44.021653001838615], [-69.55049374487281, 44.02187279189189], [-69.55028891910656, 44.022148402448096], [-69.54979979811246, 44.022926963437286], [-69.54936094594333, 44.023669986436026], [-69.54921194777705, 44.02398749869871], [-69.54913812332869, 44.02420724973849], [-69.54909772429373, 44.02438618958295], [-69.5490463235915, 44.024641234462656], [-69.54903956826055, 44.02468334814463]]}, "properties": {"OBJECTID": 53402, "aadt_type": "A", "priority": 4, "sh_sa_ir": "SA-003", "faadt": 2308, "fedfunccls": "Minor Collector", "fed_urbrur": "Rural", "capacity": 1600, "jurisdictn": "State aid", "link_id": 3109196, "nhs_status": "Non-fed aid non-NHS", "num_lanes": 2, "offic_miles": "Y", "prim_bmp": 7.631, "prirtecode": "1500417", "prim_emp": 9.202, "prirtename": "RD INV 15 00417", "segment_id": 20153, "speed_lim": 40, "speedsrc": "Posted", "st_urbrur": "Rural", "strtname": "RIVER RD", "townname": "Newcastle", "towncode": "15110", "cntyname": "Lincoln", "cnty_no": "15", "surfc_type": "Flexible", "dot_region": "2", "dot_region_name": "Mid-Coast", "Shape_Length": 3519.1341855070123}}, {"type": "Feature", "id": 53674, "geometry": {"type": "LineString", "coordinates": [[-69.61024361304597, 44.05017699396383], [-69.6106881668222, 44.05036733690888], [-69.61115921101783, 44.050572076434825], [-69.61166369410161, 44.05080522085273], [-69.61211304038989, 44.050981262180514]]}, "properties": {"OBJECTID": 53674, "aadt_type": "E", "priority": 4, "sh_sa_ir": "SA-001", "faadt": 1164, "fedfunccls": "Minor Collector", "fed_urbrur": "Rural", "capacity": 1600, "jurisdictn": "State aid", "link_id": 3109218, "nhs_status": "Non-fed aid non-NHS", "num_lanes": 2, "offic_miles": "Y", "prim_bmp": 0.7000000000000001, "prirtecode": "1501915", "prim_emp": 0.81, "prirtename": "RD INV 15 01915", "segment_id": 64781, "speed_lim": 25, "speedsrc": "Posted", "st_urbrur": "Rural", "strtname": "SHEEPSCOT RD", "townname": "Newcastle", "towncode": "15110", "cntyname": "Lincoln", "cnty_no": "15", "surfc_type": "Flexible", "dot_region": "2", "dot_region_name": "Mid-Coast", "Shape_Length": 242.61894942917206}}, {"type": "Feature", "id": 53784, "geometry": {"type": "LineString", "coordinates": [[-69.57489209488902, 43.98554317400269], [-69.57486819970245, 43.985821997694266], [-69.574835822623, 43.98622973221314], [-69.57480703700801, 43.986663422857134], [-69.57471418264866, 43.988322598211646], [-69.57465906202283, 43.988768342229214], [-69.57459429438919, 43.98923795763757], [-69.57454731519478, 43.9894988276288], [-69.5744430926555, 43.989980508260835], [-69.57437021413314, 43.990285796477885], [-69.5743128549056, 43.990493354626174], [-69.57425896497172, 43.99072971548011], [-69.57409381779158, 43.9913951660552], [-69.57397557524567, 43.99179837902454], [-69.57387225371663, 43.99202756936693], [-69.57376836714728, 43.992228094437415], [-69.57362145127583, 43.992443764315716], [-69.57343584137183, 43.992637973882196], [-69.57326212067059, 43.992817205457676], [-69.57312014732985, 43.99294550585363], [-69.57294461921826, 43.99307844941742], [-69.57274777677995, 43.9932009386534], [-69.57256071609675, 43.99330187851752], [-69.57240957185526, 43.99337416859452], [-69.57212697713825, 43.99349704110145], [-69.57178379554689, 43.993627869502376], [-69.57150374575704, 43.99373281029595], [-69.57097296449332, 43.9939364045097], [-69.57008629496856, 43.99428001154153], [-69.56859685588813, 43.99484007716795], [-69.56780779730214, 43.995146608970366], [-69.56736667958187, 43.99536363246445], [-69.56683483830611, 43.99564497560294], [-69.56637212508642, 43.995909325861426], [-69.56561704617434, 43.99632285178277], [-69.56469244438838, 43.996818800042924], [-69.5642736363282, 43.99704600129947], [-69.56391448448771, 43.99725387378034], [-69.5635733285973, 43.997472298330365], [-69.56326847452587, 43.997690596709894], [-69.56266742254905, 43.998158075573244], [-69.56236988166232, 43.9984461486733], [-69.56206270095429, 43.998771624158415], [-69.561625002222, 43.99924781952655], [-69.56123961328701, 43.99966896993036], [-69.5609658894334, 43.999980484146654], [-69.56069181344023, 44.0003633794388], [-69.56044845713481, 44.00074529522695], [-69.55994613360097, 44.0016577949919], [-69.55971223026731, 44.00204717154615], [-69.55940273729573, 44.00255758291402], [-69.55925400772571, 44.00281938492432], [-69.5590853247766, 44.00311511048182], [-69.55885810041705, 44.00345713038861], [-69.558637587371, 44.00377065040429]]}, "properties": {"OBJECTID": 53784, "aadt_type": "A", "priority": 4, "sh_sa_ir": "SA-003", "faadt": 2308, "fedfunccls": "Minor Collector", "fed_urbrur": "Rural", "capacity": 1600, "jurisdictn": "State aid", "link_id": 3109196, "nhs_status": "Non-fed aid non-NHS", "num_lanes": 2, "offic_miles": "Y", "prim_bmp": 6.03, "prirtecode": "1500417", "prim_emp": 7.631, "prirtename": "RD INV 15 00417", "segment_id": 57219, "speed_lim": 45, "speedsrc": "Posted", "st_urbrur": "Rural", "strtname": "RIVER RD", "townname": "Newcastle", "towncode": "15110", "cntyname": "Lincoln", "cnty_no": "15", "surfc_type": "Flexible", "dot_region": "2", "dot_region_name": "Mid-Coast", "Shape_Length": 3584.0967894756773}}, {"type": "Feature", "id": 53955, "geometry": {"type": "LineString", "coordinates": [[-69.54903956826055, 44.02468334814463], [-69.5490057934025, 44.024893912876024], [-69.54896804080437, 44.02510136287687], [-69.5489364973615, 44.02525159281185], [-69.54886926025911, 44.025478235615374], [-69.54878870114105, 44.02570012556354], [-69.54869832972514, 44.02592687968667]]}, "properties": {"OBJECTID": 53955, "aadt_type": "A", "priority": 4, "sh_sa_ir": "SA-003", "faadt": 2308, "fedfunccls": "Minor Collector", "fed_urbrur": "Rural", "capacity": 1600, "jurisdictn": "State aid", "link_id": 3109196, "nhs_status": "Non-fed aid non-NHS", "num_lanes": 2, "offic_miles": "Y", "prim_bmp": 9.202, "prirtecode": "1500417", "prim_emp": 9.290000000000001, "prirtename": "RD INV 15 00417", "segment_id": 68730, "speed_lim": 35, "speedsrc": "Posted", "st_urbrur": "Rural", "strtname": "RIVER RD", "townname": "Newcastle", "towncode": "15110", "cntyname": "Lincoln", "cnty_no": "15", "surfc_type": "Flexible", "dot_region": "2", "dot_region_name": "Mid-Coast", "Shape_Length": 196.6286123044017}}, {"type": "Feature", "id": 54460, "geometry": {"type": "LineString", "coordinates": [[-69.56687948637237, 44.08584830781477], [-69.56623943403747, 44.085615647892304], [-69.56567091814195, 44.0853657217423], [-69.56457887128532, 44.08486610695986], [-69.56418374281604, 44.08467034494758], [-69.56398093107266, 44.08454270632126], [-69.56385433868617, 44.084436136897594], [-69.56366416803547, 44.08424650164598], [-69.56345033396357, 44.08400219653897], [-69.56333139701995, 44.08383079164659], [-69.5632356626618, 44.08366413424303], [-69.56312583373685, 44.08341254533793], [-69.56300805561995, 44.083189203463064], [-69.56291425443631, 44.08305627156472], [-69.56278400410997, 44.08291908109805], [-69.56267086040164, 44.0828287855758], [-69.56251127199647, 44.0827271398712], [-69.56230527392877, 44.08261142530424], [-69.5620862107636, 44.08251007218997], [-69.56181208536306, 44.082388263023674], [-69.56152695200704, 44.08228961074053], [-69.56118564160641, 44.0821912422241], [-69.5608643780097, 44.08211658828418], [-69.56054330844903, 44.082060992529456], [-69.56017932996053, 44.082012755079404], [-69.55976905859049, 44.081959971447276], [-69.55930586297548, 44.081902691954426], [-69.55896837131314, 44.08185907473592]]}, "properties": {"OBJECTID": 54460, "aadt_type": "E", "priority": 4, "sh_sa_ir": "SA-002", "faadt": 1836, "fedfunccls": "Minor Collector", "fed_urbrur": "Rural", "capacity": 1600, "jurisdictn": "State aid", "link_id": 3109232, "nhs_status": "Non-fed aid non-NHS", "num_lanes": 2, "offic_miles": "Y", "prim_bmp": 5.17, "prirtecode": "0215X", "prim_emp": 5.68, "prirtename": "ST RTE 215", "segment_id": 82829, "speed_lim": 45, "speedsrc": "Posted", "st_urbrur": "Rural", "strtname": "JONES WOOD RD", "townname": "Newcastle", "towncode": "15110", "cntyname": "Lincoln", "cnty_no": "15", "surfc_type": "Flexible", "dot_region": "2", "dot_region_name": "Mid-Coast", "Shape_Length": 1133.7883936049934}}, {"type": "Feature", "id": 54511, "geometry": {"type": "LineString", "coordinates": [[-69.57702158450769, 44.03164893752822], [-69.5768159808004, 44.03155706929163], [-69.5764550413125, 44.031449309743074], [-69.57595228119744, 44.03135893892854], [-69.57534826388188, 44.03124526170991], [-69.57485568976381, 44.0311639280259], [-69.57426654226114, 44.03103630447019], [-69.57357458616745, 44.03084206430622], [-69.57293335344629, 44.03063516852246], [-69.57245603631503, 44.0304422310398], [-69.57217414497886, 44.03031261602398], [-69.57185892524735, 44.03015221297242], [-69.5716098358938, 44.03000099500933], [-69.57148997099048, 44.029896785552836], [-69.57124724081083, 44.02966695289542], [-69.57091010128806, 44.02933749137737], [-69.5705959245006, 44.02901295607633], [-69.57043472092454, 44.02886319618607], [-69.57019853497174, 44.02867856220137], [-69.57006230276394, 44.02858872130686], [-69.56980013663481, 44.02844947598318], [-69.56930563203719, 44.02818276533292], [-69.56903998044474, 44.02802447503205], [-69.56884703310152, 44.027872981012415], [-69.56852077936334, 44.027591131259115], [-69.5681373083315, 44.02723022626503], [-69.56779391653437, 44.02688176235933], [-69.56741050299468, 44.026490603368465], [-69.56690364386698, 44.02596428311771], [-69.56672018452977, 44.02576745947257]]}, "properties": {"OBJECTID": 54511, "aadt_type": "A", "priority": 4, "sh_sa_ir": "SA-001", "faadt": 1401, "fedfunccls": "Minor Collector", "fed_urbrur": "Rural", "capacity": 1600, "jurisdictn": "State aid", "link_id": 3109234, "nhs_status": "Non-fed aid non-NHS", "num_lanes": 2, "offic_miles": "Y", "prim_bmp": 0, "prirtecode": "1500446", "prim_emp": 0.68, "prirtename": "RD INV 15 00446", "segment_id": 46173, "speed_lim": 35, "speedsrc": "Posted", "st_urbrur": "Rural", "strtname": "SHEEPSCOT RD", "townname": "Newcastle", "towncode": "15110", "cntyname": "Lincoln", "cnty_no": "15", "surfc_type": "Flexible", "dot_region": "2", "dot_region_name": "Mid-Coast", "Shape_Length": 1518.1326404616357}}, {"type": "Feature", "id": 54628, "geometry": {"type": "LineString", "coordinates": [[-69.54664057597181, 44.028828462714074], [-69.54646646540175, 44.02904798073094], [-69.54624078255125, 44.02928013318793], [-69.54601802012371, 44.029471774311475], [-69.54576556747773, 44.02966593306552], [-69.54553589431073, 44.02982424804686], [-69.54537174695548, 44.029926518735465], [-69.54506622723243, 44.03009472058539]]}, "properties": {"OBJECTID": 54628, "aadt_type": "A", "priority": 4, "sh_sa_ir": "SA-730", "faadt": 2113, "fedfunccls": "Minor Collector", "fed_urbrur": "Rural", "capacity": 1600, "jurisdictn": "State aid", "link_id": 3109350, "nhs_status": "Non-fed aid non-NHS", "num_lanes": 2, "offic_miles": "Y", "prim_bmp": 0.34, "prirtecode": "1501582", "prim_emp": 0.46, "prirtename": "RD INV 15 01582", "segment_id": 23721, "speed_lim": null, "speedsrc": "Unposted", "st_urbrur": "Rural", "strtname": "RIVER RD", "townname": "Newcastle", "towncode": "15110", "cntyname": "Lincoln", "cnty_no": "15", "surfc_type": "Flexible", "dot_region": "2", "dot_region_name": "Mid-Coast", "Shape_Length": 265.23444955773465}}, {"type": "Feature", "id": 54805, "geometry": {"type": "LineString", "coordinates": [[-69.54790161389967, 44.027377368590685], [-69.54769607487108, 44.02754491821705], [-69.5474648817546, 44.027753492480265], [-69.54730135244029, 44.02792341468834], [-69.547141339132, 44.02811475727718], [-69.54689365654018, 44.02846850049357], [-69.54664057597181, 44.028828462714074]]}, "properties": {"OBJECTID": 54805, "aadt_type": "A", "priority": 4, "sh_sa_ir": "SA-730", "faadt": 2113, "fedfunccls": "Minor Collector", "fed_urbrur": "Rural", "capacity": 1600, "jurisdictn": "State aid", "link_id": 3109350, "nhs_status": "Non-fed aid non-NHS", "num_lanes": 2, "offic_miles": "Y", "prim_bmp": 0.22, "prirtecode": "1501582", "prim_emp": 0.34, "prirtename": "RD INV 15 01582", "segment_id": 38591, "speed_lim": null, "speedsrc": "Unposted", "st_urbrur": "Rural", "strtname": "RIVER RD", "townname": "Newcastle", "towncode": "15110", "cntyname": "Lincoln", "cnty_no": "15", "surfc_type": "Flexible", "dot_region": "2", "dot_region_name": "Mid-Coast", "Shape_Length": 266.208241239135}}, {"type": "Feature", "id": 54809, "geometry": {"type": "LineString", "coordinates": [[-69.54506623980883, 44.030094711543256], [-69.54486577356666, 44.03019812688377], [-69.54462253314392, 44.0303184023166], [-69.54410308592415, 44.03056383515914], [-69.54346542759949, 44.03088131501749], [-69.5431170483559, 44.03105687303685], [-69.54272114733546, 44.03123939994288]]}, "properties": {"OBJECTID": 54809, "aadt_type": "E", "priority": 4, "sh_sa_ir": "SA-730", "faadt": 2105, "fedfunccls": "Minor Collector", "fed_urbrur": "Rural", "capacity": 1600, "jurisdictn": "State aid", "link_id": 3109351, "nhs_status": "Non-fed aid non-NHS", "num_lanes": 2, "offic_miles": "Y", "prim_bmp": 0.46, "prirtecode": "1501582", "prim_emp": 0.6, "prirtename": "RD INV 15 01582", "segment_id": 6098, "speed_lim": null, "speedsrc": "Unposted", "st_urbrur": "Rural", "strtname": "RIVER RD", "townname": "Newcastle", "towncode": "15110", "cntyname": "Lincoln", "cnty_no": "15", "surfc_type": "Flexible", "dot_region": "2", "dot_region_name": "Mid-Coast", "Shape_Length": 315.57848480831836}}, {"type": "Feature", "id": 54856, "geometry": {"type": "LineString", "coordinates": [[-69.54272114733546, 44.03123939994288], [-69.54231465338118, 44.03141564537945], [-69.54168330841635, 44.03170211413933], [-69.5410718108294, 44.03198848463776], [-69.54028933689443, 44.03235997829263], [-69.53995624428202, 44.03252915232924]]}, "properties": {"OBJECTID": 54856, "aadt_type": "A", "priority": 4, "sh_sa_ir": "SA-730", "faadt": 2339, "fedfunccls": "Minor Collector", "fed_urbrur": "Rural", "capacity": 1600, "jurisdictn": "State aid", "link_id": 3109352, "nhs_status": "Non-fed aid non-NHS", "num_lanes": 2, "offic_miles": "Y", "prim_bmp": 0.6, "prirtecode": "1501582", "prim_emp": 0.76, "prirtename": "RD INV 15 01582", "segment_id": 52615, "speed_lim": null, "speedsrc": "Unposted", "st_urbrur": "Rural", "strtname": "RIVER RD", "townname": "Newcastle", "towncode": "15110", "cntyname": "Lincoln", "cnty_no": "15", "surfc_type": "Flexible", "dot_region": "2", "dot_region_name": "Mid-Coast", "Shape_Length": 366.97062111822663}}, {"type": "Feature", "id": 54860, "geometry": {"type": "LineString", "coordinates": [[-69.53995623170562, 44.03252915232924], [-69.53964515410587, 44.032691765463106], [-69.53943177008992, 44.03282856343414], [-69.53921844895603, 44.032972499501035]]}, "properties": {"OBJECTID": 54860, "aadt_type": "E", "priority": 4, "sh_sa_ir": "SA-730", "faadt": 1293, "fedfunccls": "Minor Collector", "fed_urbrur": "Rural", "capacity": 800, "jurisdictn": "State aid", "link_id": 3109353, "nhs_status": "Non-fed aid non-NHS", "num_lanes": 1, "offic_miles": "Y", "prim_bmp": 0.76, "prirtecode": "1501582", "prim_emp": 0.81, "prirtename": "RD INV 15 01582", "segment_id": 69215, "speed_lim": null, "speedsrc": "Unposted", "st_urbrur": "Rural", "strtname": "RIVER RD", "townname": "Newcastle", "towncode": "15110", "cntyname": "Lincoln", "cnty_no": "15", "surfc_type": "Flexible", "dot_region": "2", "dot_region_name": "Mid-Coast", "Shape_Length": 107.20817359743808}}, {"type": "Feature", "id": 54870, "geometry": {"type": "LineString", "coordinates": [[-69.52655245587653, 44.100203893750916], [-69.52659193952823, 44.10014003317334], [-69.52675495680283, 44.09989348165581], [-69.52701594434232, 44.09949442932825], [-69.52740409200354, 44.09890191084355], [-69.52774653338311, 44.098395269551844], [-69.52810827506656, 44.09788357644607], [-69.52846073535649, 44.09736977319965], [-69.5286140086052, 44.097140388788375], [-69.52885523949668, 44.09676047464562], [-69.52906662655774, 44.09643985896092], [-69.52943845093193, 44.09597706598939], [-69.52957281284729, 44.09575861663191], [-69.52974597569472, 44.095521971229054], [-69.5299315245133, 44.095209081670745], [-69.53027008606915, 44.09469940680032], [-69.53044966109108, 44.094448397091206], [-69.53059645838492, 44.094228618849584], [-69.5307367752323, 44.09403022714602], [-69.53096233681025, 44.093750479932396], [-69.53098490338849, 44.09372734534982]]}, "properties": {"OBJECTID": 54870, "aadt_type": "E", "priority": 4, "sh_sa_ir": "SA-006", "faadt": 1123, "fedfunccls": "Major Collector", "fed_urbrur": "Rural", "capacity": 1800, "jurisdictn": "State aid", "link_id": 3109374, "nhs_status": "Fed aid non-NHS", "num_lanes": 2, "offic_miles": "Y", "prim_bmp": 1.26, "prirtecode": "0213X", "prim_emp": 1.76, "prirtename": "ST RTE 213", "segment_id": 5729, "speed_lim": 45, "speedsrc": "Posted", "st_urbrur": "Rural", "strtname": "BUNKER HILL RD", "townname": "Newcastle", "towncode": "15110", "cntyname": "Lincoln", "cnty_no": "15", "surfc_type": "Flexible", "dot_region": "2", "dot_region_name": "Mid-Coast", "Shape_Length": 1119.1805730225474}}, {"type": "Feature", "id": 54873, "geometry": {"type": "LineString", "coordinates": [[-69.52563744180961, 44.10164704067857], [-69.52587793608251, 44.10126292305645], [-69.52618768597227, 44.100777882374295], [-69.52638662597677, 44.100472103811214], [-69.52655245587653, 44.100203893750916]]}, "properties": {"OBJECTID": 54873, "aadt_type": "E", "priority": 4, "sh_sa_ir": "SA-006", "faadt": 1123, "fedfunccls": "Major Collector", "fed_urbrur": "Rural", "capacity": 1800, "jurisdictn": "State aid", "link_id": 3109374, "nhs_status": "Fed aid non-NHS", "num_lanes": 2, "offic_miles": "Y", "prim_bmp": 1.76, "prirtecode": "0213X", "prim_emp": 1.87, "prirtename": "ST RTE 213", "segment_id": 48922, "speed_lim": 45, "speedsrc": "Posted", "st_urbrur": "Rural", "strtname": "BUNKER HILL RD", "townname": "Newcastle", "towncode": "15110", "cntyname": "Lincoln", "cnty_no": "15", "surfc_type": "Flexible", "dot_region": "2", "dot_region_name": "Mid-Coast", "Shape_Length": 245.81430693573355}}, {"type": "Feature", "id": 54876, "geometry": {"type": "LineString", "coordinates": [[-69.53098490338849, 44.09372734534982], [-69.53116543781115, 44.09354226965373], [-69.5314246880089, 44.093290492433816], [-69.531723121821, 44.09303417401167], [-69.53211652732159, 44.092679807284306], [-69.53234605136826, 44.09246434973281], [-69.5324964104822, 44.09228495096478], [-69.53262064479102, 44.09212482347345], [-69.53274407959928, 44.09189793044976], [-69.5328218386686, 44.091720786852676], [-69.53287607086061, 44.09150139268929], [-69.53289396979265, 44.09128686702823], [-69.53288881346292, 44.09107015335687], [-69.53275694167753, 44.0903792568501], [-69.53270146082725, 44.09008648360354], [-69.53266273445536, 44.08982460373812], [-69.53264381144389, 44.08956028120925], [-69.53263983460214, 44.08911719047151], [-69.5326379696996, 44.08853771647887], [-69.53263912583138, 44.088301868077], [-69.5326604859722, 44.08809450193867], [-69.5327107494073, 44.08781312000809], [-69.53279073360356, 44.08751981335046], [-69.53295980911646, 44.08695178908886]]}, "properties": {"OBJECTID": 54876, "aadt_type": "E", "priority": 4, "sh_sa_ir": "SA-006", "faadt": 1123, "fedfunccls": "Major Collector", "fed_urbrur": "Rural", "capacity": 1800, "jurisdictn": "State aid", "link_id": 3109374, "nhs_status": "Fed aid non-NHS", "num_lanes": 2, "offic_miles": "Y", "prim_bmp": 0.76, "prirtecode": "0213X", "prim_emp": 1.26, "prirtename": "ST RTE 213", "segment_id": 53142, "speed_lim": 45, "speedsrc": "Posted", "st_urbrur": "Rural", "strtname": "BUNKER HILL RD", "townname": "Newcastle", "towncode": "15110", "cntyname": "Lincoln", "cnty_no": "15", "surfc_type": "Flexible", "dot_region": "2", "dot_region_name": "Mid-Coast", "Shape_Length": 1119.782266350864}}, {"type": "Feature", "id": 55050, "geometry": {"type": "LineString", "coordinates": [[-69.53594452003843, 44.080159595304146], [-69.53611452261269, 44.07993284094343], [-69.53640452932912, 44.07955243809804], [-69.53690424056211, 44.078909338608526], [-69.53730610190448, 44.078397669858504], [-69.53757410348969, 44.07807004558337], [-69.53775822308864, 44.07789529739613], [-69.5379748697857, 44.07773227077218], [-69.53813901354769, 44.077621926701994], [-69.53831987226215, 44.07751621216068], [-69.53855995331004, 44.07739126598987], [-69.53876522913225, 44.07728170861284], [-69.53895437929681, 44.07715832563717]]}, "properties": {"OBJECTID": 55050, "aadt_type": "E", "priority": 4, "sh_sa_ir": "SA-006", "faadt": 1123, "fedfunccls": "Major Collector", "fed_urbrur": "Rural", "capacity": 1800, "jurisdictn": "State aid", "link_id": 3109374, "nhs_status": "Fed aid non-NHS", "num_lanes": 2, "offic_miles": "Y", "prim_bmp": 0, "prirtecode": "0213X", "prim_emp": 0.26, "prirtename": "ST RTE 213", "segment_id": 72460, "speed_lim": 45, "speedsrc": "Posted", "st_urbrur": "Rural", "strtname": "BUNKER HILL RD", "townname": "Newcastle", "towncode": "15110", "cntyname": "Lincoln", "cnty_no": "15", "surfc_type": "Flexible", "dot_region": "2", "dot_region_name": "Mid-Coast", "Shape_Length": 580.9452098174831}}, {"type": "Feature", "id": 55053, "geometry": {"type": "LineString", "coordinates": [[-69.53295980911646, 44.08695178908886], [-69.53303166445772, 44.086710377480856], [-69.5332116598912, 44.08614016512955], [-69.5333208042999, 44.08578000719302], [-69.53349448817019, 44.085250329806634], [-69.5336034151866, 44.08486635926], [-69.53366069536237, 44.08461596018651], [-69.5337043840279, 44.08433220387467], [-69.5337535901459, 44.083934223523315], [-69.53380071756233, 44.0834717979385], [-69.53385717128806, 44.08313810314585], [-69.53391492846923, 44.08294249609244], [-69.53398281235863, 44.082773051107274], [-69.53408363297793, 44.082593881061285], [-69.53426320620322, 44.08234291870457], [-69.53473390724243, 44.08177144269593], [-69.53502076805873, 44.0814101088702], [-69.53539469628731, 44.080907905244615], [-69.53576507347557, 44.08039894604315], [-69.53594452003843, 44.080159595304146]]}, "properties": {"OBJECTID": 55053, "aadt_type": "E", "priority": 4, "sh_sa_ir": "SA-006", "faadt": 1123, "fedfunccls": "Major Collector", "fed_urbrur": "Rural", "capacity": 1800, "jurisdictn": "State aid", "link_id": 3109374, "nhs_status": "Fed aid non-NHS", "num_lanes": 2, "offic_miles": "Y", "prim_bmp": 0.26, "prirtecode": "0213X", "prim_emp": 0.76, "prirtename": "ST RTE 213", "segment_id": 87065, "speed_lim": 45, "speedsrc": "Posted", "st_urbrur": "Rural", "strtname": "BUNKER HILL RD", "townname": "Newcastle", "towncode": "15110", "cntyname": "Lincoln", "cnty_no": "15", "surfc_type": "Flexible", "dot_region": "2", "dot_region_name": "Mid-Coast", "Shape_Length": 1119.2212766159687}}, {"type": "Feature", "id": 55093, "geometry": {"type": "LineString", "coordinates": [[-69.53837050759978, 44.06079904705681], [-69.5386383492849, 44.06086446904555], [-69.53889683771126, 44.06095377040178], [-69.53905942918443, 44.06103399807075], [-69.53921888913051, 44.061130914463035], [-69.53934216493695, 44.06124705254269], [-69.53942566334261, 44.061346712714794], [-69.53951271638185, 44.06147494232843], [-69.53959349019725, 44.06163892715198], [-69.53974899755609, 44.06202886777767], [-69.53994281806179, 44.06245506433044], [-69.54011785389659, 44.06281156413696], [-69.54025886693832, 44.06306102073947], [-69.54041962225503, 44.0633008582803], [-69.54062354521442, 44.06356431374477], [-69.54079039649866, 44.063747904987736], [-69.54097050511986, 44.06393524083629], [-69.54122382553841, 44.064181787978654], [-69.54140710251762, 44.064354811238886], [-69.54150399210923, 44.06447346686546], [-69.54159436352512, 44.06460166969654], [-69.54165172005771, 44.06473241547477], [-69.54169583182973, 44.064860846892984], [-69.54171706800304, 44.065017981484075]]}, "properties": {"OBJECTID": 55093, "aadt_type": "A", "priority": 4, "sh_sa_ir": "SA-002", "faadt": 2793, "fedfunccls": "Major Collector", "fed_urbrur": "Rural", "capacity": 1800, "jurisdictn": "State aid", "link_id": 3109571, "nhs_status": "Fed aid non-NHS", "num_lanes": 2, "offic_miles": "Y", "prim_bmp": 2.85, "prirtecode": "0215X", "prim_emp": 3.2, "prirtename": "ST RTE 215", "segment_id": 61894, "speed_lim": 45, "speedsrc": "Posted", "st_urbrur": "Rural", "strtname": "POND RD", "townname": "Newcastle", "towncode": "15110", "cntyname": "Lincoln", "cnty_no": "15", "surfc_type": "Flexible", "dot_region": "2", "dot_region_name": "Mid-Coast", "Shape_Length": 779.0107947339992}}, {"type": "Feature", "id": 55096, "geometry": {"type": "LineString", "coordinates": [[-69.53172886295398, 44.059917030283245], [-69.53151650571237, 44.06008669758459], [-69.53115051948923, 44.060424631207766], [-69.53087096017956, 44.06067509973473], [-69.53063325876884, 44.060852580951284], [-69.5303809076325, 44.061018469872636], [-69.53012947457435, 44.06115450720754], [-69.52993604303919, 44.06125628808975], [-69.52985253026047, 44.06130713941096], [-69.52980000756244, 44.06133988499198], [-69.52974156137343, 44.061380401386096]]}, "properties": {"OBJECTID": 55096, "aadt_type": "A", "priority": 4, "sh_sa_ir": "SA-002", "faadt": 1994, "fedfunccls": "Major Collector", "fed_urbrur": "Rural", "capacity": 1800, "jurisdictn": "State aid", "link_id": 3109572, "nhs_status": "Fed aid non-NHS", "num_lanes": 2, "offic_miles": "Y", "prim_bmp": 2.37, "prirtecode": "0215X", "prim_emp": 2.5100000000000002, "prirtename": "ST RTE 215", "segment_id": 24298, "speed_lim": 20, "speedsrc": "Posted", "st_urbrur": "Rural", "strtname": "POND RD", "townname": "Newcastle", "towncode": "15110", "cntyname": "Lincoln", "cnty_no": "15", "surfc_type": "Flexible", "dot_region": "2", "dot_region_name": "Mid-Coast", "Shape_Length": 318.3449402149841}}, {"type": "Feature", "id": 55099, "geometry": {"type": "LineString", "coordinates": [[-69.53895434246587, 44.07715833467212], [-69.5390508583583, 44.0772340932578], [-69.53920706191148, 44.07733340125787], [-69.53934318632145, 44.07740422785247], [-69.5397710790441, 44.07758324711494], [-69.54035142754856, 44.07781157544408], [-69.54082226603, 44.07798801016232], [-69.54106755371326, 44.07807021982602], [-69.54134243459696, 44.07813800081369], [-69.54148007176984, 44.078156408555046], [-69.54202884898365, 44.07818239195894], [-69.54262046595504, 44.07819625841726], [-69.54306009606519, 44.07821084378279], [-69.54342709558802, 44.07823292155752], [-69.5441349392858, 44.07830816120432], [-69.54453721564981, 44.07835276453876], [-69.54497622412579, 44.07841373106539], [-69.54528384051673, 44.07844561210936], [-69.5456509613121, 44.07848197049531], [-69.54601466491614, 44.07850405591287], [-69.54642448443359, 44.07851163089363], [-69.54686721732473, 44.07850474061683], [-69.54738132316183, 44.07849751605396], [-69.54772837379713, 44.078505387245855], [-69.54796308561457, 44.07851617342935], [-69.54838652628666, 44.07856654140844], [-69.54913781340991, 44.078693958671415], [-69.54981305634773, 44.07881457963819], [-69.55029975728047, 44.078917287831], [-69.55053831029404, 44.0789852214376], [-69.55069744954159, 44.079041626102914], [-69.55083356945995, 44.079110052600164], [-69.55099983594096, 44.07922120765695], [-69.55121968692863, 44.079410721562056], [-69.551499709769, 44.07967378975923], [-69.55179280579169, 44.07992012034021], [-69.55202578655557, 44.08010003479478], [-69.55233174645315, 44.080308181399786], [-69.55263457751857, 44.08049269965401], [-69.55295630823927, 44.08066248608874], [-69.55319518464636, 44.08076399530755], [-69.55342400890541, 44.080851029989525], [-69.5536824506194, 44.080923623109484], [-69.5539771698978, 44.080988900892784], [-69.55430493729722, 44.08105400759676], [-69.55461938896916, 44.081109653341386], [-69.55529456812661, 44.08122071623426], [-69.55613203153338, 44.081369097038596], [-69.55706437859372, 44.08155679462858], [-69.55759398665766, 44.08164950294808], [-69.55832875376285, 44.08176978233212], [-69.5586837724547, 44.081815215496924], [-69.55896838388955, 44.081859083770105]]}, "properties": {"OBJECTID": 55099, "aadt_type": "A", "priority": 4, "sh_sa_ir": "SA-002", "faadt": 1800, "fedfunccls": "Minor Collector", "fed_urbrur": "Rural", "capacity": 1600, "jurisdictn": "State aid", "link_id": 3109575, "nhs_status": "Non-fed aid non-NHS", "num_lanes": 2, "offic_miles": "Y", "prim_bmp": 4.09, "prirtecode": "0215X", "prim_emp": 5.17, "prirtename": "ST RTE 215", "segment_id": 81676, "speed_lim": 45, "speedsrc": "Posted", "st_urbrur": "Rural", "strtname": "JONES WOOD RD", "townname": "Newcastle", "towncode": "15110", "cntyname": "Lincoln", "cnty_no": "15", "surfc_type": "Flexible", "dot_region": "2", "dot_region_name": "Mid-Coast", "Shape_Length": 2419.1493322748984}}, {"type": "Feature", "id": 55152, "geometry": {"type": "LineString", "coordinates": [[-69.53103092048724, 44.041250747331766], [-69.53173996253764, 44.04114265024997], [-69.53222485426338, 44.0410784488886], [-69.53299660860208, 44.04097000601751], [-69.53337928282826, 44.04092059210231], [-69.5335906492281, 44.040926762870754]]}, "properties": {"OBJECTID": 55152, "aadt_type": "A", "priority": 1, "sh_sa_ir": "SH-0026", "faadt": 488, "fedfunccls": "Other Principal Arterial", "fed_urbrur": "Rural", "capacity": 1200, "jurisdictn": "State hwy", "link_id": 3109577, "nhs_status": "NHS - Other", "num_lanes": 1, "offic_miles": "N", "prim_bmp": 0, "prirtecode": "15D1584", "prim_emp": 0.13, "prirtename": "RD INV 15 D1584", "segment_id": 96485, "speed_lim": null, "speedsrc": "Unposted", "st_urbrur": "Rural", "strtname": "RAMP D ROUTE 1& ROUTE 215", "townname": "Newcastle", "towncode": "15110", "cntyname": "Lincoln", "cnty_no": "15", "surfc_type": "Flexible", "dot_region": "2", "dot_region_name": "Mid-Coast", "Shape_Length": 289.93848748319243}}, {"type": "Feature", "id": 55154, "geometry": {"type": "LineString", "coordinates": [[-69.58164951171368, 44.09548528848109], [-69.58192559184826, 44.095662328545565], [-69.58233132942107, 44.09591991748626], [-69.58287696792128, 44.096276818925155], [-69.58334593611029, 44.096574596854566], [-69.58371849440807, 44.09681087741239], [-69.58393330045713, 44.0969364115784], [-69.58415431386479, 44.09707689520984]]}, "properties": {"OBJECTID": 55154, "aadt_type": "E", "priority": 4, "sh_sa_ir": "SA-002", "faadt": 990, "fedfunccls": "Minor Collector", "fed_urbrur": "Rural", "capacity": 1600, "jurisdictn": "State aid", "link_id": 3109578, "nhs_status": "Non-fed aid non-NHS", "num_lanes": 2, "offic_miles": "Y", "prim_bmp": 15.23, "prirtecode": "0194X", "prim_emp": 15.4, "prirtename": "ST RTE 194", "segment_id": 71608, "speed_lim": 40, "speedsrc": "Posted", "st_urbrur": "Rural", "strtname": "JONES WOODS RD", "townname": "Newcastle", "towncode": "15110", "cntyname": "Lincoln", "cnty_no": "15", "surfc_type": "Flexible", "dot_region": "2", "dot_region_name": "Mid-Coast", "Shape_Length": 372.3410331986638}}, {"type": "Feature", "id": 55167, "geometry": {"type": "LineString", "coordinates": [[-69.58311299936386, 44.01633805904004], [-69.58339418372589, 44.01606267535933], [-69.5838476649594, 44.0156503859119], [-69.58418477124451, 44.01535566281642], [-69.5846662682368, 44.01497443285371], [-69.58512520583736, 44.014650488856184], [-69.58568933166612, 44.01428074286167], [-69.58632933908521, 44.01390822820819], [-69.5868459072045, 44.01363853330202], [-69.58751288564173, 44.013325422060554], [-69.58800286991682, 44.013118874088505]]}, "properties": {"OBJECTID": 55167, "aadt_type": "E", "priority": 1, "sh_sa_ir": "SH-0026", "faadt": 13494, "fedfunccls": "Other Principal Arterial", "fed_urbrur": "Rural", "capacity": 2400, "jurisdictn": "State hwy", "link_id": 3109542, "nhs_status": "NHS - Other", "num_lanes": 2, "offic_miles": "Y", "prim_bmp": 98.58, "prirtecode": "0001X", "prim_emp": 98.91, "prirtename": "US 1", "segment_id": 15663, "speed_lim": 55, "speedsrc": "Posted", "st_urbrur": "Rural", "strtname": "ROUTE 1", "townname": "Newcastle", "towncode": "15110", "cntyname": "Lincoln", "cnty_no": "15", "surfc_type": "Flexible", "dot_region": "2", "dot_region_name": "Mid-Coast", "Shape_Length": 744.2053107990241}}, {"type": "Feature", "id": 55170, "geometry": {"type": "LineString", "coordinates": [[-69.58800286991682, 44.013118874088505], [-69.5881078641089, 44.013074612469204], [-69.58885770404625, 44.01279680191165], [-69.5894137728852, 44.012617655883375], [-69.58996106877711, 44.01245379505492], [-69.59054054142418, 44.01230548572967], [-69.59110041373006, 44.01217872088903], [-69.59159463446004, 44.012088018984294], [-69.59214165995904, 44.01199705011672], [-69.59274159622827, 44.01191532111982]]}, "properties": {"OBJECTID": 55170, "aadt_type": "E", "priority": 1, "sh_sa_ir": "SH-0026", "faadt": 13494, "fedfunccls": "Other Principal Arterial", "fed_urbrur": "Rural", "capacity": 2400, "jurisdictn": "State hwy", "link_id": 3109542, "nhs_status": "NHS - Other", "num_lanes": 2, "offic_miles": "Y", "prim_bmp": 98.33, "prirtecode": "0001X", "prim_emp": 98.58, "prirtename": "US 1", "segment_id": 67952, "speed_lim": 55, "speedsrc": "Posted", "st_urbrur": "Rural", "strtname": "ROUTE 1", "townname": "Newcastle", "towncode": "15110", "cntyname": "Lincoln", "cnty_no": "15", "surfc_type": "Flexible", "dot_region": "2", "dot_region_name": "Mid-Coast", "Shape_Length": 562.3291914498259}}, {"type": "Feature", "id": 55354, "geometry": {"type": "LineString", "coordinates": [[-69.54590124273005, 44.03035059021416], [-69.54510357648698, 44.03097829367218]]}, "properties": {"OBJECTID": 55354, "aadt_type": "A", "priority": 1, "sh_sa_ir": "SH-0026", "faadt": 14825, "fedfunccls": "Other Principal Arterial", "fed_urbrur": "Rural", "capacity": 3400, "jurisdictn": "State hwy", "link_id": 3109543, "nhs_status": "NHS - Other", "num_lanes": 2, "offic_miles": "Y", "prim_bmp": 101.08, "prirtecode": "0001X", "prim_emp": 101.14, "prirtename": "US 1", "segment_id": 9734, "speed_lim": 55, "speedsrc": "Posted", "st_urbrur": "Rural", "strtname": "ROUTE 1", "townname": "Newcastle", "towncode": "15110", "cntyname": "Lincoln", "cnty_no": "15", "surfc_type": "Flexible", "dot_region": "2", "dot_region_name": "Mid-Coast", "Shape_Length": 131.64481358218794}}, {"type": "Feature", "id": 55357, "geometry": {"type": "LineString", "coordinates": [[-69.54685503706779, 44.02963324553774], [-69.54671862609527, 44.02972393287651], [-69.54608736467375, 44.030204125031275], [-69.54590124273005, 44.03035059021416]]}, "properties": {"OBJECTID": 55357, "aadt_type": "A", "priority": 1, "sh_sa_ir": "SH-0026", "faadt": 14825, "fedfunccls": "Other Principal Arterial", "fed_urbrur": "Rural", "capacity": 3400, "jurisdictn": "State hwy", "link_id": 3109543, "nhs_status": "NHS - Other", "num_lanes": 2, "offic_miles": "Y", "prim_bmp": 101.01, "prirtecode": "0001X", "prim_emp": 101.08, "prirtename": "US 1", "segment_id": 38151, "speed_lim": 55, "speedsrc": "Posted", "st_urbrur": "Rural", "strtname": "ROUTE 1", "townname": "Newcastle", "towncode": "15110", "cntyname": "Lincoln", "cnty_no": "15", "surfc_type": "Flexible", "dot_region": "2", "dot_region_name": "Mid-Coast", "Shape_Length": 153.70153811381934}}, {"type": "Feature", "id": 55829, "geometry": {"type": "LineString", "coordinates": [[-69.52599103397678, 44.059615515383506], [-69.52598616510795, 44.05962965473864], [-69.52593985695505, 44.05974249187459], [-69.52590520893455, 44.05981997246686], [-69.5258655923322, 44.05989752073957], [-69.52580616697954, 44.06000663647238], [-69.52576005286274, 44.06009638777219], [-69.5256905852435, 44.060207998142324], [-69.52563042866218, 44.06029527479406], [-69.52558773802494, 44.06034868132785]]}, "properties": {"OBJECTID": 55829, "aadt_type": "E", "priority": 4, "sh_sa_ir": "SA-002", "faadt": 1455, "fedfunccls": "Major Collector", "fed_urbrur": "Rural", "capacity": 1800, "jurisdictn": "State aid", "link_id": 3109570, "nhs_status": "Fed aid non-NHS", "num_lanes": 2, "offic_miles": "Y", "prim_bmp": 1.8, "prirtecode": "0215X", "prim_emp": 1.86, "prirtename": "ST RTE 215", "segment_id": 81407, "speed_lim": 40, "speedsrc": "Posted", "st_urbrur": "Rural", "strtname": "MILLS RD", "townname": "Newcastle", "towncode": "15110", "cntyname": "Lincoln", "cnty_no": "15", "surfc_type": "Flexible", "dot_region": "2", "dot_region_name": "Mid-Coast", "Shape_Length": 122.42453910556131}}, {"type": "Feature", "id": 55879, "geometry": {"type": "LineString", "coordinates": [[-69.53172888810681, 44.05991705739599], [-69.53213069105867, 44.059936272566645], [-69.5324659486109, 44.05996126144587], [-69.53316345539471, 44.060015180839684], [-69.53389271852217, 44.06007370933519], [-69.53476889123284, 44.06015775526533], [-69.53556576606013, 44.06023977989828], [-69.53621481861585, 44.060341553315546], [-69.53662196834027, 44.060432547408816], [-69.53722110151566, 44.06056551205746], [-69.5377075868527, 44.06066326970039], [-69.5382365849606, 44.06076633474425], [-69.53837050759978, 44.06079904705681]]}, "properties": {"OBJECTID": 55879, "aadt_type": "A", "priority": 4, "sh_sa_ir": "SA-002", "faadt": 2793, "fedfunccls": "Major Collector", "fed_urbrur": "Rural", "capacity": 1800, "jurisdictn": "State aid", "link_id": 3109571, "nhs_status": "Fed aid non-NHS", "num_lanes": 2, "offic_miles": "Y", "prim_bmp": 2.5100000000000002, "prirtecode": "0215X", "prim_emp": 2.85, "prirtename": "ST RTE 215", "segment_id": 8141, "speed_lim": 45, "speedsrc": "Posted", "st_urbrur": "Rural", "strtname": "POND RD", "townname": "Newcastle", "towncode": "15110", "cntyname": "Lincoln", "cnty_no": "15", "surfc_type": "Flexible", "dot_region": "2", "dot_region_name": "Mid-Coast", "Shape_Length": 754.3548837223813}}, {"type": "Feature", "id": 56029, "geometry": {"type": "LineString", "coordinates": [[-69.53391260901918, 44.03349379497229], [-69.53417524317058, 44.03358216046447], [-69.53458282139141, 44.03373749935024], [-69.53485438030518, 44.033824399101114]]}, "properties": {"OBJECTID": 56029, "aadt_type": "E", "priority": 2, "sh_sa_ir": "SH-0160", "faadt": 13823, "fedfunccls": "Major Collector", "fed_urbrur": "Rural", "capacity": 1800, "jurisdictn": "State hwy", "link_id": 3109485, "nhs_status": "Fed aid non-NHS", "num_lanes": 2, "offic_miles": "Y", "prim_bmp": 0.64, "prirtecode": "0001B", "prim_emp": 0.6900000000000001, "prirtename": "US 1B", "segment_id": 93421, "speed_lim": 25, "speedsrc": "Posted", "st_urbrur": "Rural", "strtname": "MAIN ST", "townname": "Newcastle", "towncode": "15110", "cntyname": "Lincoln", "cnty_no": "15", "surfc_type": "Flexible", "dot_region": "2", "dot_region_name": "Mid-Coast", "Shape_Length": 116.72144006310887}}, {"type": "Feature", "id": 56032, "geometry": {"type": "LineString", "coordinates": [[-69.53485434257594, 44.03382438166387], [-69.53508289464546, 44.033904306382475], [-69.5353246645261, 44.03398416899427], [-69.53557968006558, 44.03406873115091], [-69.53573548476675, 44.03413708434785], [-69.5358715912104, 44.03421744069911], [-69.53610107034132, 44.03439979189561], [-69.53623418090348, 44.034515869381]]}, "properties": {"OBJECTID": 56032, "aadt_type": "E", "priority": 2, "sh_sa_ir": "SH-0160", "faadt": 11167, "fedfunccls": "Major Collector", "fed_urbrur": "Rural", "capacity": 1800, "jurisdictn": "State hwy", "link_id": 3109486, "nhs_status": "Fed aid non-NHS", "num_lanes": 2, "offic_miles": "Y", "prim_bmp": 0.55, "prirtecode": "0001B", "prim_emp": 0.64, "prirtename": "US 1B", "segment_id": 26796, "speed_lim": 25, "speedsrc": "Posted", "st_urbrur": "Rural", "strtname": "MAIN ST", "townname": "Newcastle", "towncode": "15110", "cntyname": "Lincoln", "cnty_no": "15", "surfc_type": "Flexible", "dot_region": "2", "dot_region_name": "Mid-Coast", "Shape_Length": 190.46821814618244}}, {"type": "Feature", "id": 79628, "geometry": {"type": "LineString", "coordinates": [[-69.56046204415348, 44.09627684150521], [-69.56025614849374, 44.09655357879561], [-69.5600467269465, 44.09686071886608], [-69.55981987987938, 44.097194864610294], [-69.55961439115646, 44.09752206234264], [-69.55941203575723, 44.097804137399066], [-69.55921940462096, 44.098051187278955], [-69.55901984028735, 44.09827850763533], [-69.55882675011196, 44.09847712055517], [-69.55853831365064, 44.098733415385475], [-69.55827585467071, 44.098949157816364], [-69.5580037522762, 44.099155988514404], [-69.55771832966266, 44.099381340261644], [-69.55750815083564, 44.09953717877377], [-69.55724861407533, 44.09971238944061], [-69.55698906653525, 44.099873193745445], [-69.55669323873576, 44.10005569308336], [-69.55646326642977, 44.10019974123177], [-69.55620379524646, 44.10038917438268], [-69.5559709968406, 44.1005785675757], [-69.5557285936477, 44.10082985961842], [-69.5555505772028, 44.10105247753543], [-69.55539085135538, 44.10129382286174], [-69.55524139145503, 44.10157090695146], [-69.55513777707523, 44.10180720818423], [-69.55502556222488, 44.10217936571255], [-69.55488728275657, 44.10286411099463], [-69.55479023326484, 44.10352218521852], [-69.55468746330138, 44.104069816757004]]}, "properties": {"OBJECTID": 79628, "aadt_type": "E", "priority": 4, "sh_sa_ir": "SA-004", "faadt": 932, "fedfunccls": "Minor Collector", "fed_urbrur": "Rural", "capacity": 1600, "jurisdictn": "State aid", "link_id": 3114972, "nhs_status": "Non-fed aid non-NHS", "num_lanes": 2, "offic_miles": "Y", "prim_bmp": 6.49, "prirtecode": "0215X", "prim_emp": 7.12, "prirtename": "ST RTE 215", "segment_id": 15469, "speed_lim": 45, "speedsrc": "Posted", "st_urbrur": "Rural", "strtname": "RIDGE RD", "townname": "Newcastle", "towncode": "15110", "cntyname": "Lincoln", "cnty_no": "15", "surfc_type": "Flexible", "dot_region": "2", "dot_region_name": "Mid-Coast", "Shape_Length": 1410.7864000666045}}, {"type": "Feature", "id": 80075, "geometry": {"type": "LineString", "coordinates": [[-69.52928790496841, 44.04887432701387], [-69.52956534784728, 44.048333792319276], [-69.53003654745147, 44.047413257953416], [-69.5304693683318, 44.046564928077416], [-69.53070764556257, 44.046100423854746], [-69.53097393136564, 44.045592744046814], [-69.53126043824571, 44.045131652485274], [-69.53166445554474, 44.04451517220773], [-69.53216284176268, 44.043743896297265], [-69.53257242592153, 44.04305281200947], [-69.53274800793203, 44.04270730623185], [-69.53298129591973, 44.04220644664617], [-69.53300088727777, 44.04216408647528]]}, "properties": {"OBJECTID": 80075, "aadt_type": "E", "priority": 4, "sh_sa_ir": "SA-002", "faadt": 1875, "fedfunccls": "Major Collector", "fed_urbrur": "Rural", "capacity": 1800, "jurisdictn": "State aid", "link_id": 3115077, "nhs_status": "Fed aid non-NHS", "num_lanes": 2, "offic_miles": "Y", "prim_bmp": 0.53, "prirtecode": "0215X", "prim_emp": 1.03, "prirtename": "ST RTE 215", "segment_id": 90932, "speed_lim": 40, "speedsrc": "Posted", "st_urbrur": "Rural", "strtname": "MILLS RD", "townname": "Newcastle", "towncode": "15110", "cntyname": "Lincoln", "cnty_no": "15", "surfc_type": "Flexible", "dot_region": "2", "dot_region_name": "Mid-Coast", "Shape_Length": 1119.2418515150414}}, {"type": "Feature", "id": 80786, "geometry": {"type": "LineString", "coordinates": [[-69.53331432924334, 44.04149727269579], [-69.53342531250343, 44.04126817984769], [-69.5335906492281, 44.040926762870754]]}, "properties": {"OBJECTID": 80786, "aadt_type": "E", "priority": 4, "sh_sa_ir": "SA-002", "faadt": 1875, "fedfunccls": "Major Collector", "fed_urbrur": "Rural", "capacity": 1800, "jurisdictn": "State aid", "link_id": 3115077, "nhs_status": "Fed aid non-NHS", "num_lanes": 2, "offic_miles": "Y", "prim_bmp": 0.44, "prirtecode": "0215X", "prim_emp": 0.48200000000000004, "prirtename": "ST RTE 215", "segment_id": 9466, "speed_lim": 30, "speedsrc": "Posted", "st_urbrur": "Rural", "strtname": "MILLS RD", "townname": "Newcastle", "towncode": "15110", "cntyname": "Lincoln", "cnty_no": "15", "surfc_type": "Flexible", "dot_region": "2", "dot_region_name": "Mid-Coast", "Shape_Length": 93.55067500805825}}, {"type": "Feature", "id": 80841, "geometry": {"type": "LineString", "coordinates": [[-69.52617152258536, 44.058765429433336], [-69.52618141573157, 44.058606725685785], [-69.52617040058958, 44.05832858946854], [-69.5261216669854, 44.057745797842166], [-69.52604929511286, 44.05715105095845], [-69.52599653795454, 44.05675235325417], [-69.52595743339191, 44.05644047490077], [-69.52596641834137, 44.05633561600678], [-69.52599743896477, 44.05622236372529], [-69.52610806828864, 44.05591808821331], [-69.52617235801858, 44.05575051616079]]}, "properties": {"OBJECTID": 80841, "aadt_type": "E", "priority": 4, "sh_sa_ir": "SA-002", "faadt": 1875, "fedfunccls": "Major Collector", "fed_urbrur": "Rural", "capacity": 1800, "jurisdictn": "State aid", "link_id": 3115077, "nhs_status": "Fed aid non-NHS", "num_lanes": 2, "offic_miles": "Y", "prim_bmp": 1.53, "prirtecode": "0215X", "prim_emp": 1.74, "prirtename": "ST RTE 215", "segment_id": 36889, "speed_lim": 40, "speedsrc": "Posted", "st_urbrur": "Rural", "strtname": "MILLS RD", "townname": "Newcastle", "towncode": "15110", "cntyname": "Lincoln", "cnty_no": "15", "surfc_type": "Flexible", "dot_region": "2", "dot_region_name": "Mid-Coast", "Shape_Length": 470.9649076841614}}, {"type": "Feature", "id": 80844, "geometry": {"type": "LineString", "coordinates": [[-69.53300088727777, 44.04216408647528], [-69.53320334508493, 44.041726365303795], [-69.53331432924334, 44.04149727269579]]}, "properties": {"OBJECTID": 80844, "aadt_type": "E", "priority": 4, "sh_sa_ir": "SA-002", "faadt": 1875, "fedfunccls": "Major Collector", "fed_urbrur": "Rural", "capacity": 1800, "jurisdictn": "State aid", "link_id": 3115077, "nhs_status": "Fed aid non-NHS", "num_lanes": 2, "offic_miles": "Y", "prim_bmp": 0.48200000000000004, "prirtecode": "0215X", "prim_emp": 0.53, "prirtename": "ST RTE 215", "segment_id": 48186, "speed_lim": 40, "speedsrc": "Posted", "st_urbrur": "Rural", "strtname": "MILLS RD", "townname": "Newcastle", "towncode": "15110", "cntyname": "Lincoln", "cnty_no": "15", "surfc_type": "Flexible", "dot_region": "2", "dot_region_name": "Mid-Coast", "Shape_Length": 109.00189650438782}}, {"type": "Feature", "id": 80847, "geometry": {"type": "LineString", "coordinates": [[-69.52617235801858, 44.05575051616079], [-69.5266170168977, 44.054591467990036], [-69.52698411613349, 44.05362695061176], [-69.52725932400394, 44.0528878514954], [-69.5274364439302, 44.052434702356045], [-69.5276766435557, 44.051908649317895], [-69.52837324034614, 44.050659582288375], [-69.52889947793115, 44.049631072851696], [-69.52928790496841, 44.04887432701387]]}, "properties": {"OBJECTID": 80847, "aadt_type": "E", "priority": 4, "sh_sa_ir": "SA-002", "faadt": 1875, "fedfunccls": "Major Collector", "fed_urbrur": "Rural", "capacity": 1800, "jurisdictn": "State aid", "link_id": 3115077, "nhs_status": "Fed aid non-NHS", "num_lanes": 2, "offic_miles": "Y", "prim_bmp": 1.03, "prirtecode": "0215X", "prim_emp": 1.53, "prirtename": "ST RTE 215", "segment_id": 69383, "speed_lim": 40, "speedsrc": "Posted", "st_urbrur": "Rural", "strtname": "MILLS RD", "townname": "Newcastle", "towncode": "15110", "cntyname": "Lincoln", "cnty_no": "15", "surfc_type": "Flexible", "dot_region": "2", "dot_region_name": "Mid-Coast", "Shape_Length": 1121.3667166104178}}, {"type": "Feature", "id": 81404, "geometry": {"type": "LineString", "coordinates": [[-69.59173406556853, 44.102249343309886], [-69.59144550603803, 44.10213622467835], [-69.59100669698806, 44.10189072393964], [-69.59046476583502, 44.10153357319263], [-69.59007554109375, 44.101285471529714], [-69.58962316388974, 44.10101860695211], [-69.58920741908467, 44.10075393836565], [-69.58897768393389, 44.10059324289726], [-69.58879772622966, 44.10044404007671], [-69.58862747482208, 44.10027813006168], [-69.58849026075568, 44.10010498281959], [-69.5883695388596, 44.09993170540441], [-69.58824769586603, 44.09970837493982], [-69.58811948920699, 44.0994541951349], [-69.5879914783807, 44.09920708209003], [-69.58787047531193, 44.09900522024426], [-69.58774028068117, 44.09884639537645], [-69.58754302591613, 44.098659060368746], [-69.58737002207052, 44.09853615420741], [-69.58717700645529, 44.09841087438981], [-69.58694998691166, 44.098283247996115], [-69.58628340193654, 44.09796763771435], [-69.58607499099399, 44.097870660358595]]}, "properties": {"OBJECTID": 81404, "aadt_type": "E", "priority": 4, "sh_sa_ir": "SA-002", "faadt": 994, "fedfunccls": "Minor Collector", "fed_urbrur": "Rural", "capacity": 1600, "jurisdictn": "State aid", "link_id": 3115424, "nhs_status": "Non-fed aid non-NHS", "num_lanes": 2, "offic_miles": "Y", "prim_bmp": 14.700000000000001, "prirtecode": "0194X", "prim_emp": 15.120000000000001, "prirtename": "ST RTE 194", "segment_id": 26014, "speed_lim": 40, "speedsrc": "Posted", "st_urbrur": "Rural", "strtname": "JONES WOODS RD", "townname": "Newcastle", "towncode": "15110", "cntyname": "Lincoln", "cnty_no": "15", "surfc_type": "Flexible", "dot_region": "2", "dot_region_name": "Mid-Coast", "Shape_Length": 948.1909667387033}}, {"type": "Feature", "id": 81727, "geometry": {"type": "LineString", "coordinates": [[-69.5292990063487, 44.06227321261503], [-69.52934856819955, 44.06220514233956], [-69.52939493923454, 44.062129316746415], [-69.52941715457149, 44.062062354659254], [-69.52943322363532, 44.06198672382983], [-69.52944762003605, 44.06186063651392]]}, "properties": {"OBJECTID": 81727, "aadt_type": "A", "priority": 4, "sh_sa_ir": "SA-002", "faadt": 1240, "fedfunccls": "Major Collector", "fed_urbrur": "Rural", "capacity": 1800, "jurisdictn": "State aid", "link_id": 3115303, "nhs_status": "Fed aid non-NHS", "num_lanes": 2, "offic_miles": "Y", "prim_bmp": 2.3000000000000003, "prirtecode": "0215X", "prim_emp": 2.33, "prirtename": "ST RTE 215", "segment_id": 25037, "speed_lim": 20, "speedsrc": "Posted", "st_urbrur": "Rural", "strtname": "POND RD", "townname": "Newcastle", "towncode": "15110", "cntyname": "Lincoln", "cnty_no": "15", "surfc_type": "Flexible", "dot_region": "2", "dot_region_name": "Mid-Coast", "Shape_Length": 66.84639595404474}}, {"type": "Feature", "id": 81730, "geometry": {"type": "LineString", "coordinates": [[-69.52890457407375, 44.06253660616492], [-69.5289469359276, 44.06251657526466], [-69.52898958883561, 44.06249703882048], [-69.52905507961307, 44.06246507043187], [-69.52910602576779, 44.062437337885946], [-69.52918156959161, 44.06238878427458], [-69.52924346620964, 44.062335962480795], [-69.5292990063487, 44.06227321261503]]}, "properties": {"OBJECTID": 81730, "aadt_type": "A", "priority": 4, "sh_sa_ir": "SA-002", "faadt": 1240, "fedfunccls": "Major Collector", "fed_urbrur": "Rural", "capacity": 1800, "jurisdictn": "State aid", "link_id": 3115303, "nhs_status": "Fed aid non-NHS", "num_lanes": 2, "offic_miles": "Y", "prim_bmp": 2.27, "prirtecode": "0215X", "prim_emp": 2.3000000000000003, "prirtename": "ST RTE 215", "segment_id": 59594, "speed_lim": 20, "speedsrc": "Posted", "st_urbrur": "Rural", "strtname": "POND RD", "townname": "Newcastle", "towncode": "15110", "cntyname": "Lincoln", "cnty_no": "15", "surfc_type": "Flexible", "dot_region": "2", "dot_region_name": "Mid-Coast", "Shape_Length": 60.704495573312336}}, {"type": "Feature", "id": 81782, "geometry": {"type": "LineString", "coordinates": [[-69.52944765776529, 44.06186066362578], [-69.52941248243371, 44.061797253534266], [-69.52937066765388, 44.06173283894382], [-69.52933186941675, 44.061688911208854], [-69.52929025675783, 44.06164705814953], [-69.52924296764465, 44.06160728364336], [-69.52917939477031, 44.061558662862396]]}, "properties": {"OBJECTID": 81782, "aadt_type": "E", "priority": 4, "sh_sa_ir": "SA-008", "faadt": 294, "fedfunccls": "Major Collector", "fed_urbrur": "Rural", "capacity": 900, "jurisdictn": "State aid", "link_id": 3115305, "nhs_status": "Fed aid non-NHS", "num_lanes": 1, "offic_miles": "N", "prim_bmp": 0, "prirtecode": "3200608", "prim_emp": 0.03, "prirtename": "RD INV 3200608", "segment_id": 94878, "speed_lim": null, "speedsrc": "Unposted", "st_urbrur": "Rural", "strtname": "CUT", "townname": "Newcastle", "towncode": "15110", "cntyname": "Lincoln", "cnty_no": "15", "surfc_type": "Flexible", "dot_region": "2", "dot_region_name": "Mid-Coast", "Shape_Length": 56.05324339186681}}, {"type": "Feature", "id": 93697, "geometry": {"type": "LineString", "coordinates": [[-69.52944765776529, 44.06186066362578], [-69.52948295975932, 44.061772887712], [-69.52950440973169, 44.06172946415882], [-69.52955246061623, 44.061651569058135], [-69.52967840531737, 44.06147946164201], [-69.52974159910266, 44.06138038331142]]}, "properties": {"OBJECTID": 93697, "aadt_type": "E", "priority": 4, "sh_sa_ir": "SA-002", "faadt": 963, "fedfunccls": "Major Collector", "fed_urbrur": "Rural", "capacity": 1800, "jurisdictn": "State aid", "link_id": 3118436, "nhs_status": "Fed aid non-NHS", "num_lanes": 2, "offic_miles": "Y", "prim_bmp": 2.33, "prirtecode": "0215X", "prim_emp": 2.37, "prirtename": "ST RTE 215", "segment_id": 63663, "speed_lim": 20, "speedsrc": "Posted", "st_urbrur": "Rural", "strtname": "POND RD", "townname": "Newcastle", "towncode": "15110", "cntyname": "Lincoln", "cnty_no": "15", "surfc_type": "Flexible", "dot_region": "2", "dot_region_name": "Mid-Coast", "Shape_Length": 81.49876468456488}}, {"type": "Feature", "id": 94267, "geometry": {"type": "LineString", "coordinates": [[-69.59823698158837, 44.01125302478595], [-69.59765414295396, 44.0113242928754]]}, "properties": {"OBJECTID": 94267, "aadt_type": "E", "priority": 1, "sh_sa_ir": "SH-0026", "faadt": 13534, "fedfunccls": "Other Principal Arterial", "fed_urbrur": "Rural", "capacity": 2400, "jurisdictn": "State hwy", "link_id": 3118566, "nhs_status": "NHS - Other", "num_lanes": 2, "offic_miles": "Y", "prim_bmp": 98.05, "prirtecode": "0001X", "prim_emp": 98.08, "prirtename": "US 1", "segment_id": 75366, "speed_lim": 55, "speedsrc": "Posted", "st_urbrur": "Rural", "strtname": "ROUTE 1", "townname": "Newcastle", "towncode": "15110", "cntyname": "Lincoln", "cnty_no": "15", "surfc_type": "Flexible", "dot_region": "2", "dot_region_name": "Mid-Coast", "Shape_Length": 65.81235484630847}}, {"type": "Feature", "id": 94270, "geometry": {"type": "LineString", "coordinates": [[-69.59765414295396, 44.0113242928754], [-69.59567247650516, 44.01156658112669], [-69.59455312445719, 44.01169916187455]]}, "properties": {"OBJECTID": 94270, "aadt_type": "E", "priority": 1, "sh_sa_ir": "SH-0026", "faadt": 13534, "fedfunccls": "Other Principal Arterial", "fed_urbrur": "Rural", "capacity": 2400, "jurisdictn": "State hwy", "link_id": 3118566, "nhs_status": "NHS - Other", "num_lanes": 2, "offic_miles": "Y", "prim_bmp": 98.08, "prirtecode": "0001X", "prim_emp": 98.24000000000001, "prirtename": "US 1", "segment_id": 78994, "speed_lim": 55, "speedsrc": "Posted", "st_urbrur": "Rural", "strtname": "ROUTE 1", "townname": "Newcastle", "towncode": "15110", "cntyname": "Lincoln", "cnty_no": "15", "surfc_type": "Flexible", "dot_region": "2", "dot_region_name": "Mid-Coast", "Shape_Length": 350.04727987458693}}, {"type": "Feature", "id": 97018, "geometry": {"type": "LineString", "coordinates": [[-69.60866550036553, 44.05002421491559], [-69.60854450717822, 44.05000543879796], [-69.60836536244932, 44.04996309582552], [-69.6080442533628, 44.04989095929644], [-69.60642223731949, 44.04953748922747], [-69.60628970886562, 44.04949769561059], [-69.60622006427828, 44.04946947920633], [-69.6061600747836, 44.04941975665502]]}, "properties": {"OBJECTID": 97018, "aadt_type": "E", "priority": 4, "sh_sa_ir": "SA-001", "faadt": 1433, "fedfunccls": "Minor Collector", "fed_urbrur": "Rural", "capacity": 1600, "jurisdictn": "State aid", "link_id": 3119451, "nhs_status": "Non-fed aid non-NHS", "num_lanes": 2, "offic_miles": "Y", "prim_bmp": 0.89, "prirtecode": "1501915", "prim_emp": 1.02, "prirtename": "RD INV 15 01915", "segment_id": 70342, "speed_lim": 25, "speedsrc": "Posted", "st_urbrur": "Rural", "strtname": "SHEEPSCOT RD", "townname": "Newcastle", "towncode": "15110", "cntyname": "Lincoln", "cnty_no": "15", "surfc_type": "Flexible", "dot_region": "2", "dot_region_name": "Mid-Coast", "Shape_Length": 295.9840100486274}}, {"type": "Feature", "id": 97801, "geometry": {"type": "LineString", "coordinates": [[-69.53659736258633, 44.035422994404605], [-69.5365436298576, 44.03550542528212], [-69.53629274926337, 44.03588299197991], [-69.53588267192943, 44.036536855514505], [-69.53538813948406, 44.037366544350334], [-69.53504334272182, 44.03794845806956], [-69.53484510430154, 44.03830432854679]]}, "properties": {"OBJECTID": 97801, "aadt_type": "A", "priority": 2, "sh_sa_ir": "SA-002", "faadt": 3170, "fedfunccls": "Major Collector", "fed_urbrur": "Rural", "capacity": 1800, "jurisdictn": "State aid", "link_id": 3119472, "nhs_status": "Fed aid non-NHS", "num_lanes": 2, "offic_miles": "Y", "prim_bmp": 0.03, "prirtecode": "0215X", "prim_emp": 0.25, "prirtename": "ST RTE 215", "segment_id": 53498, "speed_lim": 30, "speedsrc": "Posted", "st_urbrur": "Rural", "strtname": "MILL RD", "townname": "Newcastle", "towncode": "15110", "cntyname": "Lincoln", "cnty_no": "15", "surfc_type": "Flexible", "dot_region": "2", "dot_region_name": "Mid-Coast", "Shape_Length": 487.0317310857059}}, {"type": "Feature", "id": 97804, "geometry": {"type": "LineString", "coordinates": [[-69.53690605426067, 44.035055846891076], [-69.53676532418825, 44.03519232489534], [-69.53665109531504, 44.035340562766706], [-69.53659736258633, 44.035422994404605]]}, "properties": {"OBJECTID": 97804, "aadt_type": "A", "priority": 2, "sh_sa_ir": "SA-002", "faadt": 3170, "fedfunccls": "Major Collector", "fed_urbrur": "Rural", "capacity": 1800, "jurisdictn": "State aid", "link_id": 3119472, "nhs_status": "Fed aid non-NHS", "num_lanes": 2, "offic_miles": "Y", "prim_bmp": 0, "prirtecode": "0215X", "prim_emp": 0.03, "prirtename": "ST RTE 215", "segment_id": 91679, "speed_lim": 30, "speedsrc": "Posted", "st_urbrur": "Rural", "strtname": "MILL RD", "townname": "Newcastle", "towncode": "15110", "cntyname": "Lincoln", "cnty_no": "15", "surfc_type": "Flexible", "dot_region": "2", "dot_region_name": "Mid-Coast", "Shape_Length": 66.643007093446}}, {"type": "Feature", "id": 103171, "geometry": {"type": "LineString", "coordinates": [[-69.58108390007146, 44.09511180882489], [-69.58083425555905, 44.0949344161457], [-69.58057111745276, 44.09472850551952], [-69.58034444915039, 44.09453432066863], [-69.58020421674463, 44.09438972774714], [-69.58001364634364, 44.09416914992498], [-69.57981622359365, 44.09392217285932], [-69.57960264643991, 44.09364802459242], [-69.57944786671644, 44.093433323488085], [-69.5792666396927, 44.09315314892334], [-69.57908519437835, 44.09284915227711], [-69.57891004445754, 44.09251416130039], [-69.57879532330755, 44.092274146000285], [-69.57866383330614, 44.09200800659259]]}, "properties": {"OBJECTID": 103171, "aadt_type": "E", "priority": 4, "sh_sa_ir": "SA-002", "faadt": 885, "fedfunccls": "Minor Collector", "fed_urbrur": "Rural", "capacity": 1600, "jurisdictn": "State aid", "link_id": 3120933, "nhs_status": "Non-fed aid non-NHS", "num_lanes": 2, "offic_miles": "Y", "prim_bmp": 15.44, "prirtecode": "0194X", "prim_emp": 15.69, "prirtename": "ST RTE 194", "segment_id": 46742, "speed_lim": 40, "speedsrc": "Posted", "st_urbrur": "Rural", "strtname": "JONES WOODS RD", "townname": "Newcastle", "towncode": "15110", "cntyname": "Lincoln", "cnty_no": "15", "surfc_type": "Flexible", "dot_region": "2", "dot_region_name": "Mid-Coast", "Shape_Length": 557.2578441399326}}, {"type": "Feature", "id": 103372, "geometry": {"type": "LineString", "coordinates": [[-69.58108391174954, 44.095111781728264], [-69.58128686452844, 44.095248941336656], [-69.58147317511836, 44.09537186142751], [-69.58164947488275, 44.095485306545356]]}, "properties": {"OBJECTID": 103372, "aadt_type": "E", "priority": 4, "sh_sa_ir": "SA-002", "faadt": 740, "fedfunccls": "Minor Collector", "fed_urbrur": "Rural", "capacity": 1600, "jurisdictn": "State aid", "link_id": 3120934, "nhs_status": "Non-fed aid non-NHS", "num_lanes": 2, "offic_miles": "Y", "prim_bmp": 15.4, "prirtecode": "0194X", "prim_emp": 15.44, "prirtename": "ST RTE 194", "segment_id": 8168, "speed_lim": 40, "speedsrc": "Posted", "st_urbrur": "Rural", "strtname": "JONES WOODS RD", "townname": "Newcastle", "towncode": "15110", "cntyname": "Lincoln", "cnty_no": "15", "surfc_type": "Flexible", "dot_region": "2", "dot_region_name": "Mid-Coast", "Shape_Length": 85.53662402137344}}, {"type": "Feature", "id": 103425, "geometry": {"type": "LineString", "coordinates": [[-69.57866383330614, 44.09200800659259], [-69.57850839511758, 44.091696737880824], [-69.57827562815274, 44.0912119606801], [-69.577995424751, 44.090608308108266], [-69.57774913634451, 44.09009262666654], [-69.57760823199892, 44.08981175944482], [-69.5774265414445, 44.08947680739759], [-69.57721493429618, 44.089130077500265], [-69.57681650541653, 44.08860327750385], [-69.57640292824625, 44.088114637098556], [-69.57584802631882, 44.08746712302988], [-69.57559731101462, 44.087176857626126], [-69.57537987290178, 44.086909653207805], [-69.57516252641709, 44.0866439329469], [-69.5750254938104, 44.08648980973186], [-69.57491543761168, 44.08638556478871], [-69.57478223452303, 44.08628377678706], [-69.5747034684423, 44.086228486927375]]}, "properties": {"OBJECTID": 103425, "aadt_type": "A", "priority": 4, "sh_sa_ir": "SA-002", "faadt": 927, "fedfunccls": "Minor Collector", "fed_urbrur": "Rural", "capacity": 1600, "jurisdictn": "State aid", "link_id": 3120935, "nhs_status": "Non-fed aid non-NHS", "num_lanes": 2, "offic_miles": "Y", "prim_bmp": 15.69, "prirtecode": "0194X", "prim_emp": 16.14, "prirtename": "ST RTE 194", "segment_id": 8125, "speed_lim": 40, "speedsrc": "Posted", "st_urbrur": "Rural", "strtname": "JONES WOODS RD", "townname": "Newcastle", "towncode": "15110", "cntyname": "Lincoln", "cnty_no": "15", "surfc_type": "Flexible", "dot_region": "2", "dot_region_name": "Mid-Coast", "Shape_Length": 1005.0892430818279}}, {"type": "Feature", "id": 108684, "geometry": {"type": "LineString", "coordinates": [[-69.56463800558384, 44.02627850898615], [-69.56423345917712, 44.026359409511706], [-69.56376538750675, 44.02643748408848], [-69.56292139873776, 44.02656787362133], [-69.56241685995843, 44.02662991594665], [-69.56140744553156, 44.02672541016803], [-69.559170959376, 44.026933643049915], [-69.55830997268521, 44.02701645389833], [-69.5576433823202, 44.0270774661912], [-69.55672645753666, 44.02715040880742], [-69.55631304475807, 44.027190537800784]]}, "properties": {"OBJECTID": 108684, "aadt_type": "A", "priority": 1, "sh_sa_ir": "SH-0026", "faadt": 14631, "fedfunccls": "Other Principal Arterial", "fed_urbrur": "Rural", "capacity": 2400, "jurisdictn": "State hwy", "link_id": 3122504, "nhs_status": "NHS - Other", "num_lanes": 2, "offic_miles": "Y", "prim_bmp": 100.08, "prirtecode": "0001X", "prim_emp": 100.5, "prirtename": "US 1", "segment_id": 1517, "speed_lim": 55, "speedsrc": "Posted", "st_urbrur": "Rural", "strtname": "ROUTE 1", "townname": "Newcastle", "towncode": "15110", "cntyname": "Lincoln", "cnty_no": "15", "surfc_type": "Flexible", "dot_region": "2", "dot_region_name": "Mid-Coast", "Shape_Length": 938.3231773201411}}, {"type": "Feature", "id": 108737, "geometry": {"type": "LineString", "coordinates": [[-69.55631304475807, 44.027190537800784], [-69.55548621830259, 44.027270789247076], [-69.55532495094614, 44.02728780604307]]}, "properties": {"OBJECTID": 108737, "aadt_type": "A", "priority": 1, "sh_sa_ir": "SH-0026", "faadt": 14631, "fedfunccls": "Other Principal Arterial", "fed_urbrur": "Rural", "capacity": 4200, "jurisdictn": "State hwy", "link_id": 3122504, "nhs_status": "NHS - Other", "num_lanes": 3, "offic_miles": "Y", "prim_bmp": 100.5, "prirtecode": "0001X", "prim_emp": 100.55, "prirtename": "US 1", "segment_id": 10147, "speed_lim": 55, "speedsrc": "Posted", "st_urbrur": "Rural", "strtname": "ROUTE 1", "townname": "Newcastle", "towncode": "15110", "cntyname": "Lincoln", "cnty_no": "15", "surfc_type": "Flexible", "dot_region": "2", "dot_region_name": "Mid-Coast", "Shape_Length": 111.02122252229515}}, {"type": "Feature", "id": 108740, "geometry": {"type": "LineString", "coordinates": [[-69.5547242448207, 44.027349821133114], [-69.55420968892764, 44.02740087595965], [-69.55294622554852, 44.027514183349595], [-69.55223387949451, 44.02760100050887], [-69.55194705461082, 44.027647674028735], [-69.55176297633437, 44.027683271104856]]}, "properties": {"OBJECTID": 108740, "aadt_type": "A", "priority": 1, "sh_sa_ir": "SH-0026", "faadt": 14631, "fedfunccls": "Other Principal Arterial", "fed_urbrur": "Rural", "capacity": 2400, "jurisdictn": "State hwy", "link_id": 3122504, "nhs_status": "NHS - Other", "num_lanes": 2, "offic_miles": "Y", "prim_bmp": 100.58, "prirtecode": "0001X", "prim_emp": 100.73, "prirtename": "US 1", "segment_id": 40753, "speed_lim": 55, "speedsrc": "Posted", "st_urbrur": "Rural", "strtname": "ROUTE 1", "townname": "Newcastle", "towncode": "15110", "cntyname": "Lincoln", "cnty_no": "15", "surfc_type": "Flexible", "dot_region": "2", "dot_region_name": "Mid-Coast", "Shape_Length": 333.94637102645}}, {"type": "Feature", "id": 108743, "geometry": {"type": "LineString", "coordinates": [[-69.56672018452977, 44.02576745947257], [-69.56611758116244, 44.02593480502017], [-69.565254552601, 44.0261415654229], [-69.56473432564356, 44.02625924737062], [-69.56463800558384, 44.02627850898615]]}, "properties": {"OBJECTID": 108743, "aadt_type": "A", "priority": 1, "sh_sa_ir": "SH-0026", "faadt": 14631, "fedfunccls": "Other Principal Arterial", "fed_urbrur": "Rural", "capacity": 2400, "jurisdictn": "State hwy", "link_id": 3122504, "nhs_status": "NHS - Other", "num_lanes": 2, "offic_miles": "Y", "prim_bmp": 99.97, "prirtecode": "0001X", "prim_emp": 100.08, "prirtename": "US 1", "segment_id": 46683, "speed_lim": 55, "speedsrc": "Posted", "st_urbrur": "Rural", "strtname": "ROUTE 1", "townname": "Newcastle", "towncode": "15110", "cntyname": "Lincoln", "cnty_no": "15", "surfc_type": "Flexible", "dot_region": "2", "dot_region_name": "Mid-Coast", "Shape_Length": 245.01445163549704}}, {"type": "Feature", "id": 108746, "geometry": {"type": "LineString", "coordinates": [[-69.55532495094614, 44.02728780604307], [-69.55494194075003, 44.02732821978366], [-69.5547242448207, 44.027349821133114]]}, "properties": {"OBJECTID": 108746, "aadt_type": "A", "priority": 1, "sh_sa_ir": "SH-0026", "faadt": 14631, "fedfunccls": "Other Principal Arterial", "fed_urbrur": "Rural", "capacity": 2400, "jurisdictn": "State hwy", "link_id": 3122504, "nhs_status": "NHS - Other", "num_lanes": 2, "offic_miles": "Y", "prim_bmp": 100.55, "prirtecode": "0001X", "prim_emp": 100.58, "prirtename": "US 1", "segment_id": 88691, "speed_lim": 55, "speedsrc": "Posted", "st_urbrur": "Rural", "strtname": "ROUTE 1", "townname": "Newcastle", "towncode": "15110", "cntyname": "Lincoln", "cnty_no": "15", "surfc_type": "Flexible", "dot_region": "2", "dot_region_name": "Mid-Coast", "Shape_Length": 67.55665311203794}}, {"type": "Feature", "id": 114146, "geometry": {"type": "LineString", "coordinates": [[-69.53912779996071, 44.03347539142516], [-69.54051969817095, 44.03315089492765], [-69.54086966653428, 44.03307608936187]]}, "properties": {"OBJECTID": 114146, "aadt_type": "A", "priority": 2, "sh_sa_ir": "SH-0160", "faadt": 3201, "fedfunccls": "Major Collector", "fed_urbrur": "Rural", "capacity": 900, "jurisdictn": "State hwy", "link_id": 3129663, "nhs_status": "Fed aid non-NHS", "num_lanes": 1, "offic_miles": "N", "prim_bmp": 0, "prirtecode": "001BS", "prim_emp": 0.09, "prirtename": "US 1BS", "segment_id": 16096, "speed_lim": 25, "speedsrc": "Posted", "st_urbrur": "Rural", "strtname": "MAIN ST", "townname": "Newcastle", "towncode": "15110", "cntyname": "Lincoln", "cnty_no": "15", "surfc_type": "Flexible", "dot_region": "2", "dot_region_name": "Mid-Coast", "Shape_Length": 203.53205774277515}}, {"type": "Feature", "id": 114147, "geometry": {"type": "LineString", "coordinates": [[-69.54086966653428, 44.03307608936187], [-69.54242506621107, 44.03274360683883], [-69.5434502649358, 44.032506428460316], [-69.54372549436582, 44.03242214307755], [-69.54393163796058, 44.032327129498576], [-69.54412203858, 44.03218793945835], [-69.5443042573438, 44.03199347960621], [-69.54450862586756, 44.03170488160038], [-69.5447888391508, 44.031327418098556], [-69.54510356391057, 44.03097829367218]]}, "properties": {"OBJECTID": 114147, "aadt_type": "A", "priority": 2, "sh_sa_ir": "SH-0160", "faadt": 3201, "fedfunccls": "Major Collector", "fed_urbrur": "Rural", "capacity": 900, "jurisdictn": "State hwy", "link_id": 3129663, "nhs_status": "Fed aid non-NHS", "num_lanes": 1, "offic_miles": "N", "prim_bmp": 0.09, "prirtecode": "001BS", "prim_emp": 0.36, "prirtename": "US 1BS", "segment_id": 74845, "speed_lim": 35, "speedsrc": "Posted", "st_urbrur": "Rural", "strtname": "MAIN ST", "townname": "Newcastle", "towncode": "15110", "cntyname": "Lincoln", "cnty_no": "15", "surfc_type": "Flexible", "dot_region": "2", "dot_region_name": "Mid-Coast", "Shape_Length": 608.4263068757207}}, {"type": "Feature", "id": 114410, "geometry": {"type": "LineString", "coordinates": [[-69.5317850112525, 44.04100902723805], [-69.53145248457874, 44.0411225326858], [-69.53103092048724, 44.041250747331766]]}, "properties": {"OBJECTID": 114410, "aadt_type": "E", "priority": 1, "sh_sa_ir": "SH-0026", "faadt": 9429, "fedfunccls": "Other Principal Arterial", "fed_urbrur": "Rural", "capacity": 3400, "jurisdictn": "State hwy", "link_id": 3124162, "nhs_status": "NHS - Other", "num_lanes": 2, "offic_miles": "Y", "prim_bmp": 102.11, "prirtecode": "0001X", "prim_emp": 102.15, "prirtename": "US 1", "segment_id": 16319, "speed_lim": 55, "speedsrc": "Posted", "st_urbrur": "Rural", "strtname": "ROUTE 1", "townname": "Newcastle", "towncode": "15110", "cntyname": "Lincoln", "cnty_no": "15", "surfc_type": "Flexible", "dot_region": "2", "dot_region_name": "Mid-Coast", "Shape_Length": 91.93390232037828}}, {"type": "Feature", "id": 115334, "geometry": {"type": "LineString", "coordinates": [[-69.6060312357106, 44.00783574312044], [-69.6047940570367, 44.00888540637089], [-69.60437326819131, 44.009211740101435], [-69.60411658897192, 44.00941590145156], [-69.60349359744092, 44.00981940675749], [-69.60311538963832, 44.010023427753744]]}, "properties": {"OBJECTID": 115334, "aadt_type": "A", "priority": 1, "sh_sa_ir": "SH-0026", "faadt": 13534, "fedfunccls": "Other Principal Arterial", "fed_urbrur": "Rural", "capacity": 2400, "jurisdictn": "State hwy", "link_id": 3124159, "nhs_status": "NHS - Other", "num_lanes": 2, "offic_miles": "Y", "prim_bmp": 97.58, "prirtecode": "0001X", "prim_emp": 97.79, "prirtename": "US 1", "segment_id": 25776, "speed_lim": 55, "speedsrc": "Posted", "st_urbrur": "Rural", "strtname": "ROUTE 1", "townname": "Newcastle", "towncode": "15110", "cntyname": "Lincoln", "cnty_no": "15", "surfc_type": "Flexible", "dot_region": "2", "dot_region_name": "Mid-Coast", "Shape_Length": 470.42510065987994}}, {"type": "Feature", "id": 115337, "geometry": {"type": "LineString", "coordinates": [[-69.60311538963832, 44.010023427753744], [-69.6030208383614, 44.01007443224709], [-69.60259364003646, 44.01026726287127], [-69.60209403480467, 44.01046995398676], [-69.60147566420748, 44.01068760175222], [-69.60083063251099, 44.0108721005318], [-69.60040990025946, 44.010965593399774]]}, "properties": {"OBJECTID": 115337, "aadt_type": "A", "priority": 1, "sh_sa_ir": "SH-0026", "faadt": 13534, "fedfunccls": "Other Principal Arterial", "fed_urbrur": "Rural", "capacity": 2400, "jurisdictn": "State hwy", "link_id": 3124159, "nhs_status": "NHS - Other", "num_lanes": 3, "offic_miles": "Y", "prim_bmp": 97.79, "prirtecode": "0001X", "prim_emp": 97.94, "prirtename": "US 1", "segment_id": 27417, "speed_lim": 55, "speedsrc": "Posted", "st_urbrur": "Rural", "strtname": "ROUTE 1", "townname": "Newcastle", "towncode": "15110", "cntyname": "Lincoln", "cnty_no": "15", "surfc_type": "Flexible", "dot_region": "2", "dot_region_name": "Mid-Coast", "Shape_Length": 336.0893221395883}}, {"type": "Feature", "id": 115340, "geometry": {"type": "LineString", "coordinates": [[-69.60040990025946, 44.010965593399774], [-69.60023778394934, 44.01100383970546], [-69.59973036517123, 44.011087508824076], [-69.59890608993113, 44.01117759009141], [-69.59823701931762, 44.01125302413987]]}, "properties": {"OBJECTID": 115340, "aadt_type": "A", "priority": 1, "sh_sa_ir": "SH-0026", "faadt": 13534, "fedfunccls": "Other Principal Arterial", "fed_urbrur": "Rural", "capacity": 2400, "jurisdictn": "State hwy", "link_id": 3124159, "nhs_status": "NHS - Other", "num_lanes": 2, "offic_miles": "Y", "prim_bmp": 97.94, "prirtecode": "0001X", "prim_emp": 98.05, "prirtename": "US 1", "segment_id": 31392, "speed_lim": 55, "speedsrc": "Posted", "st_urbrur": "Rural", "strtname": "ROUTE 1", "townname": "Newcastle", "towncode": "15110", "cntyname": "Lincoln", "cnty_no": "15", "surfc_type": "Flexible", "dot_region": "2", "dot_region_name": "Mid-Coast", "Shape_Length": 246.20612435440964}}, {"type": "Feature", "id": 115343, "geometry": {"type": "LineString", "coordinates": [[-69.61189650059232, 44.00327116761103], [-69.61142634393218, 44.00352449472752], [-69.61092788854396, 44.00383208206419], [-69.61037056655518, 44.00420188027691], [-69.60987272112303, 44.0045761759321], [-69.6060312357106, 44.00783574312044]]}, "properties": {"OBJECTID": 115343, "aadt_type": "A", "priority": 1, "sh_sa_ir": "SH-0026", "faadt": 13534, "fedfunccls": "Other Principal Arterial", "fed_urbrur": "Rural", "capacity": 2400, "jurisdictn": "State hwy", "link_id": 3124159, "nhs_status": "NHS - Other", "num_lanes": 2, "offic_miles": "Y", "prim_bmp": 97.15, "prirtecode": "0001X", "prim_emp": 97.58, "prirtename": "US 1", "segment_id": 31493, "speed_lim": 55, "speedsrc": "Posted", "st_urbrur": "Rural", "strtname": "ROUTE 1", "townname": "Newcastle", "towncode": "15110", "cntyname": "Lincoln", "cnty_no": "15", "surfc_type": "Flexible", "dot_region": "2", "dot_region_name": "Mid-Coast", "Shape_Length": 964.414664849264}}, {"type": "Feature", "id": 120960, "geometry": {"type": "LineString", "coordinates": [[-69.57361256154778, 44.02305248769951], [-69.57189613795799, 44.02375519180395], [-69.56992608492922, 44.02455561116196]]}, "properties": {"OBJECTID": 120960, "aadt_type": "A", "priority": 1, "sh_sa_ir": "SH-0026", "faadt": 13615, "fedfunccls": "Other Principal Arterial", "fed_urbrur": "Rural", "capacity": 2400, "jurisdictn": "State hwy", "link_id": 3130608, "nhs_status": "NHS - Other", "num_lanes": 2, "offic_miles": "Y", "prim_bmp": 99.58, "prirtecode": "0001X", "prim_emp": 99.79, "prirtename": "US 1", "segment_id": 26199, "speed_lim": 55, "speedsrc": "Posted", "st_urbrur": "Rural", "strtname": "ROUTE 1", "townname": "Newcastle", "towncode": "15110", "cntyname": "Lincoln", "cnty_no": "15", "surfc_type": "Flexible", "dot_region": "2", "dot_region_name": "Mid-Coast", "Shape_Length": 471.76406806482}}, {"type": "Feature", "id": 120965, "geometry": {"type": "LineString", "coordinates": [[-69.56690476496445, 44.02570544660253], [-69.56672018452977, 44.025767468515355]]}, "properties": {"OBJECTID": 120965, "aadt_type": "A", "priority": 1, "sh_sa_ir": "SH-0026", "faadt": 13615, "fedfunccls": "Other Principal Arterial", "fed_urbrur": "Rural", "capacity": 2400, "jurisdictn": "State hwy", "link_id": 3130608, "nhs_status": "NHS - Other", "num_lanes": 2, "offic_miles": "Y", "prim_bmp": 99.96000000000001, "prirtecode": "0001X", "prim_emp": 99.97, "prirtename": "US 1", "segment_id": 41910, "speed_lim": 55, "speedsrc": "Posted", "st_urbrur": "Rural", "strtname": "ROUTE 1", "townname": "Newcastle", "towncode": "15110", "cntyname": "Lincoln", "cnty_no": "15", "surfc_type": "Flexible", "dot_region": "2", "dot_region_name": "Mid-Coast", "Shape_Length": 22.68034152324154}}, {"type": "Feature", "id": 121223, "geometry": {"type": "LineString", "coordinates": [[-69.56904709061021, 44.024913806647454], [-69.56869631466144, 44.025058485367396]]}, "properties": {"OBJECTID": 121223, "aadt_type": "A", "priority": 1, "sh_sa_ir": "SH-0026", "faadt": 13615, "fedfunccls": "Other Principal Arterial", "fed_urbrur": "Rural", "capacity": 2400, "jurisdictn": "State hwy", "link_id": 3130608, "nhs_status": "NHS - Other", "num_lanes": 2, "offic_miles": "Y", "prim_bmp": 99.84, "prirtecode": "0001X", "prim_emp": 99.86, "prirtename": "US 1", "segment_id": 45136, "speed_lim": 55, "speedsrc": "Posted", "st_urbrur": "Rural", "strtname": "ROUTE 1", "townname": "Newcastle", "towncode": "15110", "cntyname": "Lincoln", "cnty_no": "15", "surfc_type": "Flexible", "dot_region": "2", "dot_region_name": "Mid-Coast", "Shape_Length": 45.01630998549989}}, {"type": "Feature", "id": 121226, "geometry": {"type": "LineString", "coordinates": [[-69.56869631466144, 44.025058485367396], [-69.56848584837353, 44.02514529191311], [-69.56793122851711, 44.02535648929487], [-69.56714471934988, 44.02562481840641], [-69.56690476496445, 44.02570544660253]]}, "properties": {"OBJECTID": 121226, "aadt_type": "A", "priority": 1, "sh_sa_ir": "SH-0026", "faadt": 13615, "fedfunccls": "Other Principal Arterial", "fed_urbrur": "Rural", "capacity": 2400, "jurisdictn": "State hwy", "link_id": 3130608, "nhs_status": "NHS - Other", "num_lanes": 3, "offic_miles": "Y", "prim_bmp": 99.86, "prirtecode": "0001X", "prim_emp": 99.96000000000001, "prirtename": "US 1", "segment_id": 59553, "speed_lim": 55, "speedsrc": "Posted", "st_urbrur": "Rural", "strtname": "ROUTE 1", "townname": "Newcastle", "towncode": "15110", "cntyname": "Lincoln", "cnty_no": "15", "surfc_type": "Flexible", "dot_region": "2", "dot_region_name": "Mid-Coast", "Shape_Length": 223.2673376303797}}, {"type": "Feature", "id": 121229, "geometry": {"type": "LineString", "coordinates": [[-69.58107344817313, 44.018317621128865], [-69.58056958941847, 44.018809650413914], [-69.57958211544408, 44.01978183334201], [-69.5789639505611, 44.02034024742926], [-69.5783348226384, 44.02082463235092], [-69.57779683958103, 44.021177534748404], [-69.57713359364384, 44.021550118716775], [-69.57653589058638, 44.02183971636865], [-69.5758554302334, 44.022140919086034], [-69.57431313248505, 44.02276566191236], [-69.57361256154778, 44.02305248769951]]}, "properties": {"OBJECTID": 121229, "aadt_type": "A", "priority": 1, "sh_sa_ir": "SH-0026", "faadt": 13615, "fedfunccls": "Other Principal Arterial", "fed_urbrur": "Rural", "capacity": 2400, "jurisdictn": "State hwy", "link_id": 3130608, "nhs_status": "NHS - Other", "num_lanes": 2, "offic_miles": "Y", "prim_bmp": 99.08, "prirtecode": "0001X", "prim_emp": 99.58, "prirtename": "US 1", "segment_id": 68160, "speed_lim": 55, "speedsrc": "Posted", "st_urbrur": "Rural", "strtname": "ROUTE 1", "townname": "Newcastle", "towncode": "15110", "cntyname": "Lincoln", "cnty_no": "15", "surfc_type": "Flexible", "dot_region": "2", "dot_region_name": "Mid-Coast", "Shape_Length": 1124.7852947249064}}, {"type": "Feature", "id": 121232, "geometry": {"type": "LineString", "coordinates": [[-69.56992608492922, 44.02455561116196], [-69.56922248038123, 44.02484146715507], [-69.56904709061021, 44.024913806647454]]}, "properties": {"OBJECTID": 121232, "aadt_type": "A", "priority": 1, "sh_sa_ir": "SH-0026", "faadt": 13615, "fedfunccls": "Other Principal Arterial", "fed_urbrur": "Rural", "capacity": 4200, "jurisdictn": "State hwy", "link_id": 3130608, "nhs_status": "NHS - Other", "num_lanes": 3, "offic_miles": "Y", "prim_bmp": 99.79, "prirtecode": "0001X", "prim_emp": 99.84, "prirtename": "US 1", "segment_id": 86110, "speed_lim": 55, "speedsrc": "Posted", "st_urbrur": "Rural", "strtname": "ROUTE 1", "townname": "Newcastle", "towncode": "15110", "cntyname": "Lincoln", "cnty_no": "15", "surfc_type": "Flexible", "dot_region": "2", "dot_region_name": "Mid-Coast", "Shape_Length": 112.47121826158005}}, {"type": "Feature", "id": 127844, "geometry": {"type": "LineString", "coordinates": [[-69.5293941154794, 44.061547199661845], [-69.5294534644753, 44.061534317598685], [-69.5295370949333, 44.06149805143858], [-69.52974159910266, 44.06138038331142]]}, "properties": {"OBJECTID": 127844, "aadt_type": "E", "priority": 4, "sh_sa_ir": "SA-008", "faadt": 1031, "fedfunccls": "Major Collector", "fed_urbrur": "Rural", "capacity": 900, "jurisdictn": "State aid", "link_id": 3139148, "nhs_status": "Fed aid non-NHS", "num_lanes": 1, "offic_miles": "Y", "prim_bmp": 0, "prirtecode": "0215S", "prim_emp": 0.02, "prirtename": "ST RTE 215S", "segment_id": 17698, "speed_lim": 25, "speedsrc": "Posted", "st_urbrur": "Rural", "strtname": "AUSTIN RD", "townname": "Newcastle", "towncode": "15110", "cntyname": "Lincoln", "cnty_no": "15", "surfc_type": "Flexible", "dot_region": "2", "dot_region_name": "Mid-Coast", "Shape_Length": 46.93888449954551}}, {"type": "Feature", "id": 128507, "geometry": {"type": "LineString", "coordinates": [[-69.59455312445719, 44.01169916187455], [-69.59390536278053, 44.01177588222243], [-69.59274158365186, 44.01191532111982]]}, "properties": {"OBJECTID": 128507, "aadt_type": "E", "priority": 1, "sh_sa_ir": "SH-0026", "faadt": 13424, "fedfunccls": "Other Principal Arterial", "fed_urbrur": "Rural", "capacity": 2400, "jurisdictn": "State hwy", "link_id": 3139680, "nhs_status": "NHS - Other", "num_lanes": 2, "offic_miles": "Y", "prim_bmp": 98.24000000000001, "prirtecode": "0001X", "prim_emp": 98.33, "prirtename": "US 1", "segment_id": 95082, "speed_lim": 55, "speedsrc": "Posted", "st_urbrur": "Rural", "strtname": "ROUTE 1", "townname": "Newcastle", "towncode": "15110", "cntyname": "Lincoln", "cnty_no": "15", "surfc_type": "Flexible", "dot_region": "2", "dot_region_name": "Mid-Coast", "Shape_Length": 204.4165664312065}}, {"type": "Feature", "id": 132265, "geometry": {"type": "LineString", "coordinates": [[-69.53484504141949, 44.03830432015171], [-69.53469250389098, 44.03859332385365], [-69.53455300361217, 44.03887506381265], [-69.53447527239064, 44.03904451178352], [-69.53441708581475, 44.03918055633227], [-69.5343361736588, 44.03935722179259]]}, "properties": {"OBJECTID": 132265, "aadt_type": "E", "priority": 2, "sh_sa_ir": "SA-002", "faadt": 3068, "fedfunccls": "Major Collector", "fed_urbrur": "Rural", "capacity": 1800, "jurisdictn": "State aid", "link_id": 3942474, "nhs_status": "Fed aid non-NHS", "num_lanes": 2, "offic_miles": "Y", "prim_bmp": 0.25, "prirtecode": "0215X", "prim_emp": 0.33, "prirtename": "ST RTE 215", "segment_id": 92542, "speed_lim": 30, "speedsrc": "Posted", "st_urbrur": "Rural", "strtname": "MILL RD", "townname": "Newcastle", "towncode": "15110", "cntyname": "Lincoln", "cnty_no": "15", "surfc_type": "Flexible", "dot_region": "2", "dot_region_name": "Mid-Coast", "Shape_Length": 172.64793197100326}}, {"type": "Feature", "id": 132722, "geometry": {"type": "LineString", "coordinates": [[-69.53859070354054, 44.07379976426156], [-69.53857070614401, 44.073841544189904], [-69.5384281605764, 44.07415238280709], [-69.53831790674833, 44.07438870066644], [-69.53826006243054, 44.07456525917783], [-69.53824485215615, 44.07470587339368], [-69.53827318861347, 44.07492497231348], [-69.53832812508466, 44.07514385615753], [-69.53840776702282, 44.07555322447593], [-69.53844681229666, 44.07585123194703], [-69.5385203079616, 44.07629871371292], [-69.53856551477998, 44.07654627355736], [-69.5386231219425, 44.07671517491482], [-69.53869372413395, 44.07684341060442], [-69.53876415384886, 44.07695264934213], [-69.53887090963721, 44.077073691402624], [-69.53895435504228, 44.077158379846814]]}, "properties": {"OBJECTID": 132722, "aadt_type": "A", "priority": 4, "sh_sa_ir": "SA-002", "faadt": 2544, "fedfunccls": "Major Collector", "fed_urbrur": "Rural", "capacity": 1800, "jurisdictn": "State aid", "link_id": 3942530, "nhs_status": "Fed aid non-NHS", "num_lanes": 2, "offic_miles": "Y", "prim_bmp": 3.85, "prirtecode": "0215X", "prim_emp": 4.09, "prirtename": "ST RTE 215", "segment_id": 44535, "speed_lim": 45, "speedsrc": "Posted", "st_urbrur": "Rural", "strtname": "POND RD", "townname": "Newcastle", "towncode": "15110", "cntyname": "Lincoln", "cnty_no": "15", "surfc_type": "Flexible", "dot_region": "2", "dot_region_name": "Mid-Coast", "Shape_Length": 538.8764100272391}}, {"type": "Feature", "id": 132725, "geometry": {"type": "LineString", "coordinates": [[-69.54171708057945, 44.06501793630006], [-69.54171481143506, 44.06512517714646], [-69.54169637171721, 44.06528012285016], [-69.54165478780439, 44.065430407130876], [-69.54160292896134, 44.065535632042284], [-69.54151175445159, 44.06568381012473], [-69.54137118248268, 44.06585121916049], [-69.54119431857627, 44.06602357141168], [-69.54098472904407, 44.066222278444855], [-69.54082430071412, 44.066389780841966], [-69.54071558210686, 44.06653146853332], [-69.54052781085628, 44.06683667190249], [-69.54046991713116, 44.066961828188376]]}, "properties": {"OBJECTID": 132725, "aadt_type": "A", "priority": 4, "sh_sa_ir": "SA-002", "faadt": 2544, "fedfunccls": "Major Collector", "fed_urbrur": "Rural", "capacity": 1800, "jurisdictn": "State aid", "link_id": 3942530, "nhs_status": "Fed aid non-NHS", "num_lanes": 2, "offic_miles": "Y", "prim_bmp": 3.2, "prirtecode": "0215X", "prim_emp": 3.35, "prirtename": "ST RTE 215", "segment_id": 81777, "speed_lim": 45, "speedsrc": "Posted", "st_urbrur": "Rural", "strtname": "POND RD", "townname": "Newcastle", "towncode": "15110", "cntyname": "Lincoln", "cnty_no": "15", "surfc_type": "Flexible", "dot_region": "2", "dot_region_name": "Mid-Coast", "Shape_Length": 337.6326940314885}}, {"type": "Feature", "id": 133540, "geometry": {"type": "LineString", "coordinates": [[-69.5747034567642, 44.086228532095205], [-69.57449961734812, 44.086113684502294], [-69.57435040628113, 44.086054922361406], [-69.57418460692406, 44.085998584391135], [-69.57398262252907, 44.085959084351245], [-69.57376751374775, 44.08593162414235], [-69.57355589132808, 44.08591594051616], [-69.57276754241114, 44.08593664166299], [-69.57192816199955, 44.085950299821675], [-69.5708080706381, 44.08597264829728], [-69.57012687456488, 44.08600458979384], [-69.56969765413224, 44.08604013373812], [-69.56923544666405, 44.08608763424869], [-69.56872030237449, 44.08613782737051], [-69.5684257609625, 44.08615027756561], [-69.56819095392363, 44.08613956117085], [-69.56794629056948, 44.08611691852192], [-69.5676582852995, 44.08606838110876], [-69.5673634321721, 44.08599601820569], [-69.56712807895758, 44.08592804102842], [-69.56687949894878, 44.08584833491559]]}, "properties": {"OBJECTID": 133540, "aadt_type": "A", "priority": 4, "sh_sa_ir": "SA-002", "faadt": 1240, "fedfunccls": "Minor Collector", "fed_urbrur": "Rural", "capacity": 1600, "jurisdictn": "State aid", "link_id": 3943568, "nhs_status": "Non-fed aid non-NHS", "num_lanes": 2, "offic_miles": "Y", "prim_bmp": 16.14, "prirtecode": "0194X", "prim_emp": 16.54, "prirtename": "ST RTE 194", "segment_id": 26855, "speed_lim": 40, "speedsrc": "Posted", "st_urbrur": "Rural", "strtname": "JONES WOODS RD", "townname": "Newcastle", "towncode": "15110", "cntyname": "Lincoln", "cnty_no": "15", "surfc_type": "Flexible", "dot_region": "2", "dot_region_name": "Mid-Coast", "Shape_Length": 892.1156848712595}}, {"type": "Feature", "id": 133672, "geometry": {"type": "LineString", "coordinates": [[-69.56046211871366, 44.0962767963451], [-69.56066066435775, 44.09594954075542], [-69.56085418572448, 44.095619608556056], [-69.56102678263326, 44.09534956101891], [-69.56118682468764, 44.09513908735367], [-69.56146394417303, 44.09473284551974], [-69.56153854386747, 44.09458950534474], [-69.56164227772324, 44.09436985407995], [-69.56178770867952, 44.09402845228619], [-69.56190344851902, 44.093744457896534], [-69.56209786191283, 44.093312331672294], [-69.56219103158084, 44.09305932892264], [-69.56225502666337, 44.09282555732711], [-69.56232411609186, 44.09250991985078], [-69.56241525287238, 44.09195027358129], [-69.56248109399282, 44.09156883762696], [-69.56254131794778, 44.09130654365551], [-69.56260855684678, 44.09107275545344], [-69.56268634196724, 44.090910401955774], [-69.5627742196599, 44.090771767670546], [-69.56291165381356, 44.09061623317667], [-69.56308833446363, 44.09043673589255], [-69.56336108095019, 44.09019194082762], [-69.5638657176459, 44.08974162453472], [-69.56433455198592, 44.08933667929345], [-69.56466545630231, 44.089034872920145], [-69.5649403677287, 44.08876962547886], [-69.56571928343682, 44.08791225281411], [-69.56621361735453, 44.08740714659906], [-69.56642628451489, 44.08719172274916], [-69.5666159682787, 44.08697641232324], [-69.56671718415672, 44.086849592974815], [-69.56677230029098, 44.08673497694151], [-69.5667806303686, 44.08670661374439]]}, "properties": {"OBJECTID": 133672, "aadt_type": "A", "priority": 4, "sh_sa_ir": "SA-004", "faadt": 970, "fedfunccls": "Minor Collector", "fed_urbrur": "Rural", "capacity": 1600, "jurisdictn": "State aid", "link_id": 3943596, "nhs_status": "Non-fed aid non-NHS", "num_lanes": 2, "offic_miles": "Y", "prim_bmp": 5.74, "prirtecode": "0215X", "prim_emp": 6.49, "prirtename": "ST RTE 215", "segment_id": 24779, "speed_lim": 45, "speedsrc": "Posted", "st_urbrur": "Rural", "strtname": "RIDGE RD", "townname": "Newcastle", "towncode": "15110", "cntyname": "Lincoln", "cnty_no": "15", "surfc_type": "Flexible", "dot_region": "2", "dot_region_name": "Mid-Coast", "Shape_Length": 1671.7061457288771}}, {"type": "Feature", "id": 133675, "geometry": {"type": "LineString", "coordinates": [[-69.5667806303686, 44.08670661374439], [-69.56680145511353, 44.08663570536946], [-69.56683931281454, 44.086479759298015], [-69.5668736581028, 44.08626999094513], [-69.56689832943377, 44.08609358285982], [-69.56690369776591, 44.085962557124404], [-69.56687949894878, 44.08584833491559]]}, "properties": {"OBJECTID": 133675, "aadt_type": "A", "priority": 4, "sh_sa_ir": "SA-004", "faadt": 970, "fedfunccls": "Minor Collector", "fed_urbrur": "Rural", "capacity": 1600, "jurisdictn": "State aid", "link_id": 3943596, "nhs_status": "Non-fed aid non-NHS", "num_lanes": 2, "offic_miles": "Y", "prim_bmp": 5.68, "prirtecode": "0215X", "prim_emp": 5.74, "prirtename": "ST RTE 215", "segment_id": 42509, "speed_lim": 45, "speedsrc": "Posted", "st_urbrur": "Rural", "strtname": "JONES WOOD RD", "townname": "Newcastle", "towncode": "15110", "cntyname": "Lincoln", "cnty_no": "15", "surfc_type": "Flexible", "dot_region": "2", "dot_region_name": "Mid-Coast", "Shape_Length": 134.19496448557368}}, {"type": "Feature", "id": 135000, "geometry": {"type": "LineString", "coordinates": [[-69.54510355133415, 44.030978266546235], [-69.54439068785055, 44.0314096893349], [-69.54421451924019, 44.031509566348696], [-69.54406048871168, 44.03158772972755], [-69.54369541158357, 44.03178664273895], [-69.54329387004147, 44.031996892898974], [-69.54278875364541, 44.0322490491169], [-69.542384589921, 44.032446163180595], [-69.54195174478618, 44.032632247606955], [-69.54147980227526, 44.0328147341401], [-69.54122285895116, 44.03289851262947], [-69.54098886488764, 44.03296446402492]]}, "properties": {"OBJECTID": 135000, "aadt_type": "A", "priority": 2, "sh_sa_ir": "SH-0160", "faadt": 3255, "fedfunccls": "Major Collector", "fed_urbrur": "Rural", "capacity": 900, "jurisdictn": "State hwy", "link_id": 3941929, "nhs_status": "Fed aid non-NHS", "num_lanes": 1, "offic_miles": "Y", "prim_bmp": 0, "prirtecode": "0001B", "prim_emp": 0.25, "prirtename": "US 1B", "segment_id": 90121, "speed_lim": 35, "speedsrc": "Posted", "st_urbrur": "Rural", "strtname": "US 1B", "townname": "Newcastle", "towncode": "15110", "cntyname": "Lincoln", "cnty_no": "15", "surfc_type": "Flexible", "dot_region": "2", "dot_region_name": "Mid-Coast", "Shape_Length": 553.9804371329857}}, {"type": "Feature", "id": 135003, "geometry": {"type": "LineString", "coordinates": [[-69.54098886488764, 44.03296446402492], [-69.54095286580095, 44.03297461008883], [-69.54072194217906, 44.03303791735522], [-69.54041777981038, 44.033103190470605], [-69.53997495529109, 44.03322232915613], [-69.53940816505919, 44.033378334836094], [-69.53912774965505, 44.0334753649462]]}, "properties": {"OBJECTID": 135003, "aadt_type": "A", "priority": 2, "sh_sa_ir": "SH-0160", "faadt": 3255, "fedfunccls": "Major Collector", "fed_urbrur": "Rural", "capacity": 900, "jurisdictn": "State hwy", "link_id": 3941929, "nhs_status": "Fed aid non-NHS", "num_lanes": 1, "offic_miles": "Y", "prim_bmp": 0.25, "prirtecode": "0001B", "prim_emp": 0.35000000000000003, "prirtename": "US 1B", "segment_id": 93554, "speed_lim": 25, "speedsrc": "Posted", "st_urbrur": "Rural", "strtname": "US 1B", "townname": "Newcastle", "towncode": "15110", "cntyname": "Lincoln", "cnty_no": "15", "surfc_type": "Flexible", "dot_region": "2", "dot_region_name": "Mid-Coast", "Shape_Length": 221.98908690269442}}, {"type": "Feature", "id": 138349, "geometry": {"type": "LineString", "coordinates": [[-69.54865516118417, 44.027065294869985], [-69.54896892744155, 44.02698086546437], [-69.54923260543532, 44.02693435612408], [-69.54948322821308, 44.026899793331445], [-69.54969041744683, 44.026884526170036], [-69.5499511615429, 44.026878499912854], [-69.55013284401247, 44.02688478259277], [-69.55035416913555, 44.02690037335044], [-69.55057902194272, 44.02693980558648], [-69.55074456797486, 44.02698902188914], [-69.55089377544861, 44.02705263201695], [-69.55105312759686, 44.02714711989388], [-69.55123259032938, 44.02727729988699], [-69.55138890168038, 44.02740038830857], [-69.55157839589967, 44.0275424031063], [-69.55176295118154, 44.027683271104856]]}, "properties": {"OBJECTID": 138349, "aadt_type": "A", "priority": 4, "sh_sa_ir": "SA-730", "faadt": 959, "fedfunccls": "Minor Collector", "fed_urbrur": "Rural", "capacity": 1600, "jurisdictn": "State aid", "link_id": 4365437, "nhs_status": "Non-fed aid non-NHS", "num_lanes": 2, "offic_miles": "Y", "prim_bmp": 0, "prirtecode": "1501582", "prim_emp": 0.18, "prirtename": "RD INV 15 01582", "segment_id": 23735, "speed_lim": null, "speedsrc": "Unposted", "st_urbrur": "Rural", "strtname": "SNEAD SPUR", "townname": "Newcastle", "towncode": "15110", "cntyname": "Lincoln", "cnty_no": "15", "surfc_type": "Flexible", "dot_region": "2", "dot_region_name": "Mid-Coast", "Shape_Length": 395.77992942861374}}, {"type": "Feature", "id": 138353, "geometry": {"type": "LineString", "coordinates": [[-69.54790161389967, 44.027377368590685], [-69.54798405588656, 44.02723335951272], [-69.54806872839028, 44.02710669763309], [-69.54818188018348, 44.0269438586117], [-69.5482520763364, 44.026818500189194]]}, "properties": {"OBJECTID": 138353, "aadt_type": "E", "priority": 4, "sh_sa_ir": "SA-003", "faadt": 2053, "fedfunccls": "Minor Collector", "fed_urbrur": "Rural", "capacity": 1600, "jurisdictn": "State aid", "link_id": 4365438, "nhs_status": "Non-fed aid non-NHS", "num_lanes": 2, "offic_miles": "Y", "prim_bmp": 9.36, "prirtecode": "1500417", "prim_emp": 9.4, "prirtename": "RD INV 15 00417", "segment_id": 18931, "speed_lim": 35, "speedsrc": "Posted", "st_urbrur": "Rural", "strtname": "RIVER RD", "townname": "Newcastle", "towncode": "15110", "cntyname": "Lincoln", "cnty_no": "15", "surfc_type": "Flexible", "dot_region": "2", "dot_region_name": "Mid-Coast", "Shape_Length": 94.97377516062684}}, {"type": "Feature", "id": 138400, "geometry": {"type": "LineString", "coordinates": [[-69.57903006656602, 44.034424954296504], [-69.57885705283893, 44.034290050326696], [-69.57876910597597, 44.03421185047093], [-69.5786473267628, 44.03406826874177]]}, "properties": {"OBJECTID": 138400, "aadt_type": "E", "priority": 4, "sh_sa_ir": "SA-001", "faadt": 1670, "fedfunccls": "Minor Collector", "fed_urbrur": "Rural", "capacity": 1600, "jurisdictn": "State aid", "link_id": 4365599, "nhs_status": "Non-fed aid non-NHS", "num_lanes": 2, "offic_miles": "Y", "prim_bmp": 0.87, "prirtecode": "1500446", "prim_emp": 0.9, "prirtename": "RD INV 15 00446", "segment_id": 98379, "speed_lim": 35, "speedsrc": "Posted", "st_urbrur": "Rural", "strtname": "SHEEPSCOT RD", "townname": "Newcastle", "towncode": "15110", "cntyname": "Lincoln", "cnty_no": "15", "surfc_type": "Flexible", "dot_region": "2", "dot_region_name": "Mid-Coast", "Shape_Length": 70.0235331056159}}, {"type": "Feature", "id": 138404, "geometry": {"type": "LineString", "coordinates": [[-69.5786473267628, 44.03406826874177], [-69.57859007353647, 44.03400078022316], [-69.57847933192319, 44.0338179143676], [-69.57834798655057, 44.03355415735256], [-69.57820308919355, 44.0332544993308], [-69.5780523411091, 44.03289197354441], [-69.57792806907099, 44.032586485415855], [-69.577818425199, 44.032334943537414], [-69.577730398386, 44.03218252793732], [-69.57761030980218, 44.03205688027649], [-69.57746373439221, 44.03192422556484], [-69.57731407416756, 44.0318130152757], [-69.57715213217634, 44.031717073281875], [-69.57702155935486, 44.031648946570115]]}, "properties": {"OBJECTID": 138404, "aadt_type": "E", "priority": 4, "sh_sa_ir": "SA-001", "faadt": 1299, "fedfunccls": "Minor Collector", "fed_urbrur": "Rural", "capacity": 1600, "jurisdictn": "State aid", "link_id": 4365600, "nhs_status": "Non-fed aid non-NHS", "num_lanes": 2, "offic_miles": "Y", "prim_bmp": 0.68, "prirtecode": "1500446", "prim_emp": 0.87, "prirtename": "RD INV 15 00446", "segment_id": 88359, "speed_lim": 35, "speedsrc": "Posted", "st_urbrur": "Rural", "strtname": "SHEEPSCOT RD", "townname": "Newcastle", "towncode": "15110", "cntyname": "Lincoln", "cnty_no": "15", "surfc_type": "Flexible", "dot_region": "2", "dot_region_name": "Mid-Coast", "Shape_Length": 424.9782637817596}}, {"type": "Feature", "id": 138594, "geometry": {"type": "LineString", "coordinates": [[-69.54790161389967, 44.027377368590685], [-69.54830066980337, 44.02719372013882], [-69.54862637017932, 44.02707304049139], [-69.54865516118417, 44.027065294869985]]}, "properties": {"OBJECTID": 138594, "aadt_type": "E", "priority": 4, "sh_sa_ir": "SA-730", "faadt": 627, "fedfunccls": "Minor Collector", "fed_urbrur": "Rural", "capacity": 1600, "jurisdictn": "State aid", "link_id": 4365436, "nhs_status": "Non-fed aid non-NHS", "num_lanes": 2, "offic_miles": "Y", "prim_bmp": 0.18, "prirtecode": "1501582", "prim_emp": 0.22, "prirtename": "RD INV 15 01582", "segment_id": 48030, "speed_lim": null, "speedsrc": "Unposted", "st_urbrur": "Rural", "strtname": "SNEAD SPUR", "townname": "Newcastle", "towncode": "15110", "cntyname": "Lincoln", "cnty_no": "15", "surfc_type": "Flexible", "dot_region": "2", "dot_region_name": "Mid-Coast", "Shape_Length": 96.95277461252024}}, {"type": "Feature", "id": 138605, "geometry": {"type": "LineString", "coordinates": [[-69.5482520763364, 44.026818500189194], [-69.54826781482019, 44.0267903879535], [-69.54840730252255, 44.02652411680414], [-69.5485946955824, 44.02614178567789], [-69.54869835487798, 44.025926888729444]]}, "properties": {"OBJECTID": 138605, "aadt_type": "E", "priority": 4, "sh_sa_ir": "SA-003", "faadt": 2362, "fedfunccls": "Minor Collector", "fed_urbrur": "Rural", "capacity": 1600, "jurisdictn": "State aid", "link_id": 4365439, "nhs_status": "Non-fed aid non-NHS", "num_lanes": 2, "offic_miles": "Y", "prim_bmp": 9.290000000000001, "prirtecode": "1500417", "prim_emp": 9.36, "prirtename": "RD INV 15 00417", "segment_id": 59664, "speed_lim": 35, "speedsrc": "Posted", "st_urbrur": "Rural", "strtname": "RIVER RD", "townname": "Newcastle", "towncode": "15110", "cntyname": "Lincoln", "cnty_no": "15", "surfc_type": "Flexible", "dot_region": "2", "dot_region_name": "Mid-Coast", "Shape_Length": 146.71960306115415}}, {"type": "Feature", "id": 138609, "geometry": {"type": "LineString", "coordinates": [[-69.5482520763364, 44.026818500189194], [-69.54830250056993, 44.02686295113299], [-69.54836727808507, 44.02690248092497], [-69.54843023471513, 44.0269433425373], [-69.54849651062015, 44.026980127200666], [-69.54855581559859, 44.027016099299445], [-69.54865516118417, 44.027065294869985]]}, "properties": {"OBJECTID": 138609, "aadt_type": "E", "priority": 4, "sh_sa_ir": "SA-730", "faadt": 480, "fedfunccls": "Minor Collector", "fed_urbrur": "Rural", "capacity": 1600, "jurisdictn": "State aid", "link_id": 4365440, "nhs_status": "Non-fed aid non-NHS", "num_lanes": 2, "offic_miles": "Y", "prim_bmp": 0, "prirtecode": "3210718", "prim_emp": 0.03, "prirtename": "RD INV 3210718", "segment_id": 35779, "speed_lim": null, "speedsrc": "Unposted", "st_urbrur": "Rural", "strtname": "SNEAD SPUR", "townname": "Newcastle", "towncode": "15110", "cntyname": "Lincoln", "cnty_no": "15", "surfc_type": "Flexible", "dot_region": "2", "dot_region_name": "Mid-Coast", "Shape_Length": 59.165772979813156}}, {"type": "Feature", "id": 138654, "geometry": {"type": "LineString", "coordinates": [[-69.57366628080177, 44.037198753195035], [-69.57402982540398, 44.03706132662559], [-69.5741768023609, 44.03701539090805], [-69.57431267075098, 44.036964189373585], [-69.57489915025725, 44.036631561403745], [-69.57500916962506, 44.03657516798814], [-69.57522941407485, 44.03648366515927], [-69.57546086860106, 44.036408059137045], [-69.5756406807782, 44.03632739189835], [-69.57575427723745, 44.03626034703322], [-69.57620735782237, 44.03575322224561], [-69.57660065103354, 44.035126534848786], [-69.57672952603914, 44.034980343668764], [-69.57691741856227, 44.03485204183092], [-69.57716880580634, 44.034765869483195], [-69.57790711676532, 44.03461047452374], [-69.57823021202692, 44.03455121756739], [-69.57835590430147, 44.03450813054464], [-69.57841895166138, 44.034496430904895]]}, "properties": {"OBJECTID": 138654, "aadt_type": "E", "priority": 5, "sh_sa_ir": "IR-1501173", "faadt": 42, "fedfunccls": "Local", "fed_urbrur": "Rural", "capacity": 1000, "jurisdictn": "Townway", "link_id": 4365601, "nhs_status": "Non-fed aid non-NHS", "num_lanes": 2, "offic_miles": "Y", "prim_bmp": 0, "prirtecode": "1501173", "prim_emp": 0.32, "prirtename": "RD INV 15 01173", "segment_id": 40060, "speed_lim": null, "speedsrc": "Unposted", "st_urbrur": "Rural", "strtname": "INDIAN TRL", "townname": "Newcastle", "towncode": "15110", "cntyname": "Lincoln", "cnty_no": "15", "surfc_type": "Flexible", "dot_region": "2", "dot_region_name": "Mid-Coast", "Shape_Length": 707.3582829060183}}, {"type": "Feature", "id": 138655, "geometry": {"type": "LineString", "coordinates": [[-69.57841895166138, 44.034496430904895], [-69.5786076715329, 44.03446138815801], [-69.57886794670839, 44.03442972818957], [-69.57903007824412, 44.03442494525508]]}, "properties": {"OBJECTID": 138655, "aadt_type": "E", "priority": 5, "sh_sa_ir": "IR-1501173", "faadt": 22, "fedfunccls": "Local", "fed_urbrur": "Rural", "capacity": 1000, "jurisdictn": "Townway", "link_id": 4365602, "nhs_status": "Non-fed aid non-NHS", "num_lanes": 2, "offic_miles": "Y", "prim_bmp": 0.32, "prirtecode": "1501173", "prim_emp": 0.35000000000000003, "prirtename": "RD INV 15 01173", "segment_id": 92621, "speed_lim": null, "speedsrc": "Unposted", "st_urbrur": "Rural", "strtname": "INDIAN TRL", "townname": "Newcastle", "towncode": "15110", "cntyname": "Lincoln", "cnty_no": "15", "surfc_type": "Flexible", "dot_region": "2", "dot_region_name": "Mid-Coast", "Shape_Length": 69.14671965191292}}, {"type": "Feature", "id": 138656, "geometry": {"type": "LineString", "coordinates": [[-69.5786473267628, 44.03406826874177], [-69.57863388077962, 44.03417678301456], [-69.57862446104555, 44.0342193897873], [-69.57861302818692, 44.03425775736239], [-69.57859176057258, 44.03429475254451], [-69.57855493503583, 44.03435027369048], [-69.57853165429692, 44.034383019969525], [-69.57850051150265, 44.034415815312684], [-69.57841895166138, 44.034496430904895]]}, "properties": {"OBJECTID": 138656, "aadt_type": "E", "priority": 5, "sh_sa_ir": "IR-3210722", "faadt": 19, "fedfunccls": "Local", "fed_urbrur": "Rural", "capacity": 1000, "jurisdictn": "Townway", "link_id": 4365603, "nhs_status": "Non-fed aid non-NHS", "num_lanes": 2, "offic_miles": "Y", "prim_bmp": 0, "prirtecode": "3210722", "prim_emp": 0.03, "prirtename": "RD INV 3210722", "segment_id": 8428, "speed_lim": null, "speedsrc": "Unposted", "st_urbrur": "Rural", "strtname": "INDIAN TRL", "townname": "Newcastle", "towncode": "15110", "cntyname": "Lincoln", "cnty_no": "15", "surfc_type": "Flexible", "dot_region": "2", "dot_region_name": "Mid-Coast", "Shape_Length": 72.62596069030752}}, {"type": "Feature", "id": 138657, "geometry": {"type": "LineString", "coordinates": [[-69.60866550036553, 44.05002421491559], [-69.60888150925875, 44.05003485843619]]}, "properties": {"OBJECTID": 138657, "aadt_type": "E", "priority": 4, "sh_sa_ir": "SA-001", "faadt": 1286, "fedfunccls": "Minor Collector", "fed_urbrur": "Rural", "capacity": 1600, "jurisdictn": "State aid", "link_id": 4365625, "nhs_status": "Non-fed aid non-NHS", "num_lanes": 2, "offic_miles": "Y", "prim_bmp": 0.88, "prirtecode": "1501915", "prim_emp": 0.89, "prirtename": "RD INV 15 01915", "segment_id": 10783, "speed_lim": 25, "speedsrc": "Posted", "st_urbrur": "Rural", "strtname": "SHEEPSCOT RD", "townname": "Newcastle", "towncode": "15110", "cntyname": "Lincoln", "cnty_no": "15", "surfc_type": "Flexible", "dot_region": "2", "dot_region_name": "Mid-Coast", "Shape_Length": 24.102441126656217}}, {"type": "Feature", "id": 141400, "geometry": {"type": "LineString", "coordinates": [[-69.52621871917206, 44.05959744143142], [-69.52631265959458, 44.05961726609963], [-69.52652430986205, 44.059650918313444], [-69.52673254653145, 44.05966424685715], [-69.52703111958242, 44.05968656717429], [-69.52722846777223, 44.059709605327164], [-69.52741714093136, 44.0597539767275], [-69.52759940371263, 44.059817473573425], [-69.52775521649866, 44.05987868836238], [-69.52791124847361, 44.05996610170855], [-69.5280820227007, 44.060081105278535], [-69.52823063189646, 44.06021952099163], [-69.52832413663607, 44.06033343182172], [-69.52838455642376, 44.06044034676691], [-69.52843219947317, 44.06059735301059], [-69.5284335765905, 44.06075218662311], [-69.52845159859174, 44.060921232467855], [-69.5284858208108, 44.061054477469526], [-69.52856875327784, 44.06117407314348], [-69.52869107148018, 44.06129568326247], [-69.52879763862232, 44.0613871148463], [-69.52887267669465, 44.061436106299205], [-69.5289383246773, 44.06147505723173], [-69.52900704310159, 44.06150836690759], [-69.52907721949158, 44.0615371675843], [-69.52913434515713, 44.06155162343243], [-69.52917941902483, 44.061558662862396]]}, "properties": {"OBJECTID": 141400, "aadt_type": "A", "priority": 4, "sh_sa_ir": "SA-008", "faadt": 1326, "fedfunccls": "Major Collector", "fed_urbrur": "Rural", "capacity": 900, "jurisdictn": "State aid", "link_id": 4349946, "nhs_status": "Fed aid non-NHS", "num_lanes": 1, "offic_miles": "Y", "prim_bmp": 0.03, "prirtecode": "0215S", "prim_emp": 0.25, "prirtename": "ST RTE 215S", "segment_id": 18162, "speed_lim": 25, "speedsrc": "Posted", "st_urbrur": "Rural", "strtname": "AUSTIN RD", "townname": "Newcastle", "towncode": "15110", "cntyname": "Lincoln", "cnty_no": "15", "surfc_type": "Flexible", "dot_region": "2", "dot_region_name": "Mid-Coast", "Shape_Length": 501.32862591846526}}, {"type": "Feature", "id": 141486, "geometry": {"type": "LineString", "coordinates": [[-69.52599103397678, 44.059615515383506], [-69.52604856747747, 44.05939705310605]]}, "properties": {"OBJECTID": 141486, "aadt_type": "E", "priority": 4, "sh_sa_ir": "SA-002", "faadt": 2117, "fedfunccls": "Major Collector", "fed_urbrur": "Rural", "capacity": 1800, "jurisdictn": "State aid", "link_id": 4349260, "nhs_status": "Fed aid non-NHS", "num_lanes": 2, "offic_miles": "Y", "prim_bmp": 1.78, "prirtecode": "0215X", "prim_emp": 1.8, "prirtename": "ST RTE 215", "segment_id": 51613, "speed_lim": 40, "speedsrc": "Posted", "st_urbrur": "Rural", "strtname": "MILLS RD", "townname": "Newcastle", "towncode": "15110", "cntyname": "Lincoln", "cnty_no": "15", "surfc_type": "Flexible", "dot_region": "2", "dot_region_name": "Mid-Coast", "Shape_Length": 34.44221281151424}}, {"type": "Feature", "id": 141488, "geometry": {"type": "LineString", "coordinates": [[-69.52604856747747, 44.05939705310605], [-69.52611392799925, 44.059148879264924], [-69.52617152258536, 44.058765429433336]]}, "properties": {"OBJECTID": 141488, "aadt_type": "E", "priority": 4, "sh_sa_ir": "SA-002", "faadt": 1608, "fedfunccls": "Major Collector", "fed_urbrur": "Rural", "capacity": 1800, "jurisdictn": "State aid", "link_id": 4349261, "nhs_status": "Fed aid non-NHS", "num_lanes": 2, "offic_miles": "Y", "prim_bmp": 1.74, "prirtecode": "0215X", "prim_emp": 1.78, "prirtename": "ST RTE 215", "segment_id": 49113, "speed_lim": 40, "speedsrc": "Posted", "st_urbrur": "Rural", "strtname": "MILLS RD", "townname": "Newcastle", "towncode": "15110", "cntyname": "Lincoln", "cnty_no": "15", "surfc_type": "Flexible", "dot_region": "2", "dot_region_name": "Mid-Coast", "Shape_Length": 98.87017706059441}}, {"type": "Feature", "id": 141491, "geometry": {"type": "LineString", "coordinates": [[-69.52604856747747, 44.05939705310605], [-69.52610782394687, 44.05949588944833], [-69.5261661344903, 44.05955976098713], [-69.52621871917206, 44.05959744143142]]}, "properties": {"OBJECTID": 141491, "aadt_type": "E", "priority": 4, "sh_sa_ir": "SA-008", "faadt": 663, "fedfunccls": "Major Collector", "fed_urbrur": "Rural", "capacity": 900, "jurisdictn": "State aid", "link_id": 4349263, "nhs_status": "Fed aid non-NHS", "num_lanes": 1, "offic_miles": "Y", "prim_bmp": 0.25, "prirtecode": "0215S", "prim_emp": 0.27, "prirtename": "ST RTE 215S", "segment_id": 2616, "speed_lim": 25, "speedsrc": "Posted", "st_urbrur": "Rural", "strtname": "AUSTIN RD", "townname": "Newcastle", "towncode": "15110", "cntyname": "Lincoln", "cnty_no": "15", "surfc_type": "Flexible", "dot_region": "2", "dot_region_name": "Mid-Coast", "Shape_Length": 36.77104071336826}}, {"type": "Feature", "id": 141741, "geometry": {"type": "LineString", "coordinates": [[-69.52621871917206, 44.05959744143142], [-69.52616332186513, 44.05959465332466], [-69.52611495297698, 44.05959600122163], [-69.52605880378013, 44.05959851109866], [-69.52599103397678, 44.059615515383506]]}, "properties": {"OBJECTID": 141741, "aadt_type": "E", "priority": 4, "sh_sa_ir": "SA-008", "faadt": 663, "fedfunccls": "Major Collector", "fed_urbrur": "Rural", "capacity": 900, "jurisdictn": "State aid", "link_id": 4349271, "nhs_status": "Fed aid non-NHS", "num_lanes": 1, "offic_miles": "N", "prim_bmp": 0, "prirtecode": "3210662", "prim_emp": 0.01, "prirtename": "RD INV 3210662", "segment_id": 57291, "speed_lim": null, "speedsrc": "Unposted", "st_urbrur": "Rural", "strtname": "AUSTIN RD", "townname": "Newcastle", "towncode": "15110", "cntyname": "Lincoln", "cnty_no": "15", "surfc_type": "Flexible", "dot_region": "2", "dot_region_name": "Mid-Coast", "Shape_Length": 25.82367352725097}}, {"type": "Feature", "id": 146007, "geometry": {"type": "LineString", "coordinates": [[-69.60888150925875, 44.05003485843619], [-69.60900031055677, 44.05004070736788], [-69.60941667609768, 44.05005992445225], [-69.60970416124312, 44.05007268827557], [-69.60998197871946, 44.050109316540045], [-69.610147454683, 44.050141781646396], [-69.61024360136786, 44.0501770030029]]}, "properties": {"OBJECTID": 146007, "aadt_type": "E", "priority": 4, "sh_sa_ir": "SA-001", "faadt": 1257, "fedfunccls": "Minor Collector", "fed_urbrur": "Rural", "capacity": 1600, "jurisdictn": "State aid", "link_id": 4365626, "nhs_status": "Non-fed aid non-NHS", "num_lanes": 2, "offic_miles": "Y", "prim_bmp": 0.81, "prirtecode": "1501915", "prim_emp": 0.88, "prirtename": "RD INV 15 01915", "segment_id": 56676, "speed_lim": 25, "speedsrc": "Posted", "st_urbrur": "Rural", "strtname": "SHEEPSCOT RD", "townname": "Newcastle", "towncode": "15110", "cntyname": "Lincoln", "cnty_no": "15", "surfc_type": "Flexible", "dot_region": "2", "dot_region_name": "Mid-Coast", "Shape_Length": 154.31489720811797}}, {"type": "Feature", "id": 146264, "geometry": {"type": "LineString", "coordinates": [[-69.6087951371425, 44.04988861687703], [-69.60866550036553, 44.05002421491559]]}, "properties": {"OBJECTID": 146264, "aadt_type": "E", "priority": 5, "sh_sa_ir": "IR-1500598", "faadt": 43, "fedfunccls": "Local", "fed_urbrur": "Rural", "capacity": 1000, "jurisdictn": "Townway", "link_id": 4365628, "nhs_status": "Non-fed aid non-NHS", "num_lanes": 2, "offic_miles": "Y", "prim_bmp": 0.76, "prirtecode": "1500598", "prim_emp": 0.77, "prirtename": "RD INV 15 00598", "segment_id": 39988, "speed_lim": null, "speedsrc": "Unposted", "st_urbrur": "Rural", "strtname": "THE KINGS HWY", "townname": "Newcastle", "towncode": "15110", "cntyname": "Lincoln", "cnty_no": "15", "surfc_type": "Flexible", "dot_region": "2", "dot_region_name": "Mid-Coast", "Shape_Length": 25.48199855720243}}, {"type": "Feature", "id": 146265, "geometry": {"type": "LineString", "coordinates": [[-69.60888150925875, 44.05003485843619], [-69.6087951371425, 44.04988861687703]]}, "properties": {"OBJECTID": 146265, "aadt_type": "E", "priority": 5, "sh_sa_ir": "IR-3210723", "faadt": 42, "fedfunccls": "Local", "fed_urbrur": "Rural", "capacity": 1000, "jurisdictn": "Townway", "link_id": 4365629, "nhs_status": "Non-fed aid non-NHS", "num_lanes": 2, "offic_miles": "Y", "prim_bmp": 0, "prirtecode": "3210723", "prim_emp": 0.01, "prirtename": "RD INV 3210723", "segment_id": 99181, "speed_lim": null, "speedsrc": "Unposted", "st_urbrur": "Rural", "strtname": "THE KINGS HWY", "townname": "Newcastle", "towncode": "15110", "cntyname": "Lincoln", "cnty_no": "15", "surfc_type": "Flexible", "dot_region": "2", "dot_region_name": "Mid-Coast", "Shape_Length": 24.606551815931308}}, {"type": "Feature", "id": 147017, "geometry": {"type": "LineString", "coordinates": [[-69.60120753685811, 44.049270043170395], [-69.60083498484853, 44.049272002739606], [-69.60003001709885, 44.04923335886038], [-69.59905466768586, 44.04919845654333], [-69.59849157851295, 44.0491699584896], [-69.59801160686001, 44.0491295977375], [-69.59754966259818, 44.04910914585162], [-69.59702672362691, 44.04913188530594], [-69.59647597730599, 44.04914905917636], [-69.59600016485282, 44.0491286738], [-69.59500052589287, 44.04904240922499], [-69.59284025909425, 44.04882208910963], [-69.59234021638292, 44.048756076593044], [-69.59201432556414, 44.04866629131717], [-69.59175600242779, 44.048596169618705], [-69.59153769384744, 44.04856299666222], [-69.59120874516343, 44.04856469928021], [-69.59074882031437, 44.04854706358993], [-69.59021537644416, 44.048509800315976], [-69.58590020129759, 44.04795388627724]]}, "properties": {"OBJECTID": 147017, "aadt_type": "E", "priority": 5, "sh_sa_ir": "IR-1501174", "faadt": 213, "fedfunccls": "Local", "fed_urbrur": "Rural", "capacity": 1000, "jurisdictn": "Townway", "link_id": 3640442, "nhs_status": "Non-fed aid non-NHS", "num_lanes": 2, "offic_miles": "Y", "prim_bmp": 0.25, "prirtecode": "1501174", "prim_emp": 1.0210000000000001, "prirtename": "RD INV 15 01174", "segment_id": 48637, "speed_lim": 25, "speedsrc": "Posted", "st_urbrur": "Rural", "strtname": "W OLD COUNTY RD", "townname": "Newcastle", "towncode": "15110", "cntyname": "Lincoln", "cnty_no": "15", "surfc_type": "Flexible", "dot_region": "2", "dot_region_name": "Mid-Coast", "Shape_Length": 1722.4566952553337}}, {"type": "Feature", "id": 147018, "geometry": {"type": "LineString", "coordinates": [[-69.58590020129759, 44.04795388627724], [-69.58568345937908, 44.04792595839846], [-69.58023049516164, 44.04704332888753]]}, "properties": {"OBJECTID": 147018, "aadt_type": "E", "priority": 5, "sh_sa_ir": "IR-1501174", "faadt": 213, "fedfunccls": "Local", "fed_urbrur": "Rural", "capacity": 1000, "jurisdictn": "Townway", "link_id": 3640442, "nhs_status": "Non-fed aid non-NHS", "num_lanes": 2, "offic_miles": "Y", "prim_bmp": 1.0210000000000001, "prirtecode": "1501174", "prim_emp": 1.31, "prirtename": "RD INV 15 01174", "segment_id": 64933, "speed_lim": 25, "speedsrc": "Posted", "st_urbrur": "Rural", "strtname": "W OLD COUNTY RD", "townname": "Newcastle", "towncode": "15110", "cntyname": "Lincoln", "cnty_no": "15", "surfc_type": "Unimproved", "dot_region": "2", "dot_region_name": "Mid-Coast", "Shape_Length": 646.7350267404361}}, {"type": "Feature", "id": 149397, "geometry": {"type": "LineString", "coordinates": [[-69.53623418090348, 44.034515869381], [-69.53664118689746, 44.034837362471514]]}, "properties": {"OBJECTID": 149397, "aadt_type": "A", "priority": 2, "sh_sa_ir": "SH-0160", "faadt": 11039, "fedfunccls": "Major Collector", "fed_urbrur": "Rural", "capacity": 1800, "jurisdictn": "State hwy", "link_id": 3155862, "nhs_status": "Fed aid non-NHS", "num_lanes": 2, "offic_miles": "Y", "prim_bmp": 0.52, "prirtecode": "0001B", "prim_emp": 0.55, "prirtename": "US 1B", "segment_id": 7185, "speed_lim": 25, "speedsrc": "Posted", "st_urbrur": "Rural", "strtname": "MAIN ST", "townname": "Newcastle", "towncode": "15110", "cntyname": "Lincoln", "cnty_no": "15", "surfc_type": "Flexible", "dot_region": "2", "dot_region_name": "Mid-Coast", "Shape_Length": 67.31215108839464}}, {"type": "Feature", "id": 149400, "geometry": {"type": "LineString", "coordinates": [[-69.53664118689746, 44.034837362471514], [-69.53690605426067, 44.035055846891076]]}, "properties": {"OBJECTID": 149400, "aadt_type": "E", "priority": 2, "sh_sa_ir": "SH-0160", "faadt": 5822, "fedfunccls": "Major Collector", "fed_urbrur": "Rural", "capacity": 1800, "jurisdictn": "State hwy", "link_id": 3155863, "nhs_status": "Fed aid non-NHS", "num_lanes": 2, "offic_miles": "Y", "prim_bmp": 0.5, "prirtecode": "0001B", "prim_emp": 0.52, "prirtename": "US 1B", "segment_id": 37736, "speed_lim": 25, "speedsrc": "Posted", "st_urbrur": "Rural", "strtname": "MAIN ST", "townname": "Newcastle", "towncode": "15110", "cntyname": "Lincoln", "cnty_no": "15", "surfc_type": "Flexible", "dot_region": "2", "dot_region_name": "Mid-Coast", "Shape_Length": 44.87637599902987}}, {"type": "Feature", "id": 149403, "geometry": {"type": "LineString", "coordinates": [[-69.53690605426067, 44.035055846891076], [-69.53706342742035, 44.03493126510187], [-69.53723159832974, 44.03480709120564]]}, "properties": {"OBJECTID": 149403, "aadt_type": "E", "priority": 2, "sh_sa_ir": "SH-0160", "faadt": 3558, "fedfunccls": "Major Collector", "fed_urbrur": "Rural", "capacity": 1800, "jurisdictn": "State hwy", "link_id": 3155869, "nhs_status": "Fed aid non-NHS", "num_lanes": 2, "offic_miles": "Y", "prim_bmp": 0.48, "prirtecode": "0001B", "prim_emp": 0.5, "prirtename": "US 1B", "segment_id": 31581, "speed_lim": 25, "speedsrc": "Posted", "st_urbrur": "Rural", "strtname": "US 1B", "townname": "Newcastle", "towncode": "15110", "cntyname": "Lincoln", "cnty_no": "15", "surfc_type": "Flexible", "dot_region": "2", "dot_region_name": "Mid-Coast", "Shape_Length": 52.894140780180315}}, {"type": "Feature", "id": 149683, "geometry": {"type": "LineString", "coordinates": [[-69.53723159832974, 44.03480709120564], [-69.53737832196174, 44.0346987111251], [-69.53773910514276, 44.03442781075338], [-69.53794556584283, 44.03425293695641], [-69.53821977209174, 44.03401390981372], [-69.53845355325454, 44.03383129909968]]}, "properties": {"OBJECTID": 149683, "aadt_type": "A", "priority": 2, "sh_sa_ir": "SH-0160", "faadt": 8776, "fedfunccls": "Major Collector", "fed_urbrur": "Rural", "capacity": 1800, "jurisdictn": "State hwy", "link_id": 3155870, "nhs_status": "Fed aid non-NHS", "num_lanes": 2, "offic_miles": "Y", "prim_bmp": 0.39, "prirtecode": "0001B", "prim_emp": 0.48, "prirtename": "US 1B", "segment_id": 84111, "speed_lim": 25, "speedsrc": "Posted", "st_urbrur": "Rural", "strtname": "US 1B", "townname": "Newcastle", "towncode": "15110", "cntyname": "Lincoln", "cnty_no": "15", "surfc_type": "Flexible", "dot_region": "2", "dot_region_name": "Mid-Coast", "Shape_Length": 203.41197535760637}}, {"type": "Feature", "id": 149702, "geometry": {"type": "LineString", "coordinates": [[-69.53912779996071, 44.0334753649462], [-69.53920903640847, 44.03331077642783], [-69.53924511544523, 44.03323511275329], [-69.53926716728883, 44.033171759197636], [-69.53928629242121, 44.033098209804024], [-69.53928592321365, 44.033057407976514], [-69.53926577939171, 44.03301873414467], [-69.53921846063412, 44.032972499501035]]}, "properties": {"OBJECTID": 149702, "aadt_type": "E", "priority": 4, "sh_sa_ir": "SH-0160", "faadt": 331, "fedfunccls": "Major Collector", "fed_urbrur": "Rural", "capacity": 900, "jurisdictn": "State hwy", "link_id": 3155919, "nhs_status": "Fed aid non-NHS", "num_lanes": 1, "offic_miles": "N", "prim_bmp": 0, "prirtecode": "3209727", "prim_emp": 0.04, "prirtename": "RD INV 3209727", "segment_id": 61282, "speed_lim": null, "speedsrc": "Unposted", "st_urbrur": "Rural", "strtname": "RD INV 3209727", "townname": "Newcastle", "towncode": "15110", "cntyname": "Lincoln", "cnty_no": "15", "surfc_type": "Flexible", "dot_region": "2", "dot_region_name": "Mid-Coast", "Shape_Length": 82.72451447025763}}, {"type": "Feature", "id": 149943, "geometry": {"type": "LineString", "coordinates": [[-69.53723159832974, 44.03480708216423], [-69.53714862633683, 44.03483013387054], [-69.53707354963696, 44.03484710716414], [-69.53700607987093, 44.03485517596731], [-69.53694318252968, 44.03486100896089], [-69.53688637846099, 44.03486016875671], [-69.53679725570335, 44.03485172796518], [-69.53664118689746, 44.034837362471514]]}, "properties": {"OBJECTID": 149943, "aadt_type": "E", "priority": 2, "sh_sa_ir": "SH-0160", "faadt": 5217, "fedfunccls": "Major Collector", "fed_urbrur": "Rural", "capacity": 900, "jurisdictn": "State hwy", "link_id": 3155871, "nhs_status": "Fed aid non-NHS", "num_lanes": 1, "offic_miles": "N", "prim_bmp": 0, "prirtecode": "3209725", "prim_emp": 0.03, "prirtename": "RD INV 3209725", "segment_id": 87628, "speed_lim": null, "speedsrc": "Unposted", "st_urbrur": "Rural", "strtname": "RD INV 3209725", "townname": "Newcastle", "towncode": "15110", "cntyname": "Lincoln", "cnty_no": "15", "surfc_type": "Flexible", "dot_region": "2", "dot_region_name": "Mid-Coast", "Shape_Length": 67.18361714607241}}, {"type": "Feature", "id": 149944, "geometry": {"type": "LineString", "coordinates": [[-69.53845355325454, 44.03383129909968], [-69.53863741952857, 44.03371131689712], [-69.53888639838935, 44.03358520231463]]}, "properties": {"OBJECTID": 149944, "aadt_type": "E", "priority": 2, "sh_sa_ir": "SH-0160", "faadt": 6972, "fedfunccls": "Major Collector", "fed_urbrur": "Rural", "capacity": 1800, "jurisdictn": "State hwy", "link_id": 3155891, "nhs_status": "Fed aid non-NHS", "num_lanes": 2, "offic_miles": "Y", "prim_bmp": 0.36, "prirtecode": "0001B", "prim_emp": 0.39, "prirtename": "US 1B", "segment_id": 35635, "speed_lim": 25, "speedsrc": "Posted", "st_urbrur": "Rural", "strtname": "US 1B", "townname": "Newcastle", "towncode": "15110", "cntyname": "Lincoln", "cnty_no": "15", "surfc_type": "Flexible", "dot_region": "2", "dot_region_name": "Mid-Coast", "Shape_Length": 61.54650705260863}}, {"type": "Feature", "id": 149947, "geometry": {"type": "LineString", "coordinates": [[-69.53888639838935, 44.03358520231463], [-69.53912779996071, 44.0334754095084]]}, "properties": {"OBJECTID": 149947, "aadt_type": "E", "priority": 2, "sh_sa_ir": "SH-0160", "faadt": 7836, "fedfunccls": "Major Collector", "fed_urbrur": "Rural", "capacity": 1800, "jurisdictn": "State hwy", "link_id": 3155892, "nhs_status": "Fed aid non-NHS", "num_lanes": 2, "offic_miles": "Y", "prim_bmp": 0.35000000000000003, "prirtecode": "0001B", "prim_emp": 0.36, "prirtename": "US 1B", "segment_id": 16540, "speed_lim": 25, "speedsrc": "Posted", "st_urbrur": "Rural", "strtname": "US 1B", "townname": "Newcastle", "towncode": "15110", "cntyname": "Lincoln", "cnty_no": "15", "surfc_type": "Flexible", "dot_region": "2", "dot_region_name": "Mid-Coast", "Shape_Length": 31.798619550369043}}, {"type": "Feature", "id": 149950, "geometry": {"type": "LineString", "coordinates": [[-69.53921846063412, 44.032972499501035], [-69.53905480735229, 44.03313285810721], [-69.53886823984419, 44.033312411672], [-69.53878225580014, 44.03339527948315]]}, "properties": {"OBJECTID": 149950, "aadt_type": "E", "priority": 4, "sh_sa_ir": "SA-730", "faadt": 1623, "fedfunccls": "Minor Collector", "fed_urbrur": "Rural", "capacity": 800, "jurisdictn": "State aid", "link_id": 3155893, "nhs_status": "Non-fed aid non-NHS", "num_lanes": 1, "offic_miles": "Y", "prim_bmp": 0.81, "prirtecode": "1501582", "prim_emp": 0.85, "prirtename": "RD INV 15 01582", "segment_id": 59885, "speed_lim": null, "speedsrc": "Unposted", "st_urbrur": "Rural", "strtname": "RIVER RD", "townname": "Newcastle", "towncode": "15110", "cntyname": "Lincoln", "cnty_no": "15", "surfc_type": "Flexible", "dot_region": "2", "dot_region_name": "Mid-Coast", "Shape_Length": 81.50691668559861}}, {"type": "Feature", "id": 149952, "geometry": {"type": "LineString", "coordinates": [[-69.53878225580014, 44.03339527948315], [-69.53865216627227, 44.033520689224815], [-69.53850839540263, 44.033685725364066], [-69.53845355325454, 44.03383129909968]]}, "properties": {"OBJECTID": 149952, "aadt_type": "E", "priority": 4, "sh_sa_ir": "SA-730", "faadt": 1477, "fedfunccls": "Minor Collector", "fed_urbrur": "Rural", "capacity": 800, "jurisdictn": "State aid", "link_id": 3155894, "nhs_status": "Non-fed aid non-NHS", "num_lanes": 1, "offic_miles": "Y", "prim_bmp": 0.85, "prirtecode": "1501582", "prim_emp": 0.89, "prirtename": "RD INV 15 01582", "segment_id": 56137, "speed_lim": null, "speedsrc": "Unposted", "st_urbrur": "Rural", "strtname": "RIVER RD", "townname": "Newcastle", "towncode": "15110", "cntyname": "Lincoln", "cnty_no": "15", "surfc_type": "Flexible", "dot_region": "2", "dot_region_name": "Mid-Coast", "Shape_Length": 77.72882841894301}}, {"type": "Feature", "id": 149954, "geometry": {"type": "LineString", "coordinates": [[-69.53912779996071, 44.0334753649462], [-69.53922895744823, 44.03332497114637], [-69.53930441144051, 44.03322463154715], [-69.53943879132218, 44.033073009381376], [-69.53954500452811, 44.03293375586356], [-69.53962620234832, 44.03284359010514], [-69.53979161722643, 44.03268366407346], [-69.53995623170562, 44.03252915232924]]}, "properties": {"OBJECTID": 149954, "aadt_type": "E", "priority": 4, "sh_sa_ir": "SH-0160", "faadt": 1046, "fedfunccls": "Major Collector", "fed_urbrur": "Rural", "capacity": 900, "jurisdictn": "State hwy", "link_id": 3155895, "nhs_status": "Fed aid non-NHS", "num_lanes": 1, "offic_miles": "N", "prim_bmp": 0, "prirtecode": "3209726", "prim_emp": 0.08, "prirtename": "RD INV 3209726", "segment_id": 90219, "speed_lim": null, "speedsrc": "Unposted", "st_urbrur": "Rural", "strtname": "RD INV 3209726", "townname": "Newcastle", "towncode": "15110", "cntyname": "Lincoln", "cnty_no": "15", "surfc_type": "Flexible", "dot_region": "2", "dot_region_name": "Mid-Coast", "Shape_Length": 173.58317849492033}}, {"type": "Feature", "id": 149961, "geometry": {"type": "LineString", "coordinates": [[-69.53888637413483, 44.03358522039783], [-69.53884239531348, 44.03354254406548], [-69.53881378487, 44.03351018546518], [-69.5387968058128, 44.03348333641591], [-69.53878497320387, 44.03345554444351], [-69.53877699975742, 44.03342679856754], [-69.53878225580014, 44.03339528852478]]}, "properties": {"OBJECTID": 149961, "aadt_type": "E", "priority": 4, "sh_sa_ir": "SH-0160", "faadt": 146, "fedfunccls": "Major Collector", "fed_urbrur": "Rural", "capacity": 900, "jurisdictn": "State hwy", "link_id": 3155938, "nhs_status": "Fed aid non-NHS", "num_lanes": 1, "offic_miles": "N", "prim_bmp": 0, "prirtecode": "3209728", "prim_emp": 0.02, "prirtename": "RD INV 3209728", "segment_id": 55363, "speed_lim": null, "speedsrc": "Unposted", "st_urbrur": "Rural", "strtname": "RD INV 3209728", "townname": "Newcastle", "towncode": "15110", "cntyname": "Lincoln", "cnty_no": "15", "surfc_type": "Flexible", "dot_region": "2", "dot_region_name": "Mid-Coast", "Shape_Length": 32.68070849846656}}, {"type": "Feature", "id": 150778, "geometry": {"type": "LineString", "coordinates": [[-69.52266683892915, 44.04261078070158], [-69.5229150757815, 44.04257522035776], [-69.52323923195347, 44.04253322076821], [-69.52356413732036, 44.042491307031085], [-69.52389016378476, 44.04244920729368], [-69.52421756377319, 44.04240719017999], [-69.52454558719246, 44.04236516916213], [-69.52487481884577, 44.042318640253555], [-69.5252043388583, 44.04227661013267], [-69.52553398373665, 44.042234579336174], [-69.5258632531192, 44.04219254850991], [-69.52619198351259, 44.042146018174265], [-69.52647024385837, 44.04210872246119], [-69.52652050370018, 44.04210398922237], [-69.52684848400031, 44.042057460108666], [-69.52717612922883, 44.042015433676866], [-69.52750339896157, 44.04197340721526], [-69.52782992039768, 44.04193138395253], [-69.5281555668747, 44.04188936388865], [-69.52847930173678, 44.04184284945838], [-69.52880062372402, 44.04179184387978], [-69.52911961817635, 44.04173184504735], [-69.5294369902713, 44.041671852611564], [-69.52975107632892, 44.04160737221797], [-69.5300617514834, 44.04153840578914], [-69.53036885134307, 44.04146045184054], [-69.5306732041546, 44.04138250941281], [-69.5307409946192, 44.04132835350043], [-69.5310308701816, 44.04125074797753]]}, "properties": {"OBJECTID": 150778, "aadt_type": "E", "priority": 1, "sh_sa_ir": "SH-0026", "faadt": 9917, "fedfunccls": "Other Principal Arterial", "fed_urbrur": "Rural", "capacity": 3400, "jurisdictn": "State hwy", "link_id": 3938404, "nhs_status": "NHS - Other", "num_lanes": 2, "offic_miles": "Y", "prim_bmp": 102.15, "prirtecode": "0001X", "prim_emp": 102.58, "prirtename": "US 1", "segment_id": 78360, "speed_lim": 55, "speedsrc": "Posted", "st_urbrur": "Rural", "strtname": "ROUTE 1", "townname": "Newcastle", "towncode": "15110", "cntyname": "Lincoln", "cnty_no": "15", "surfc_type": "Flexible", "dot_region": "2", "dot_region_name": "Mid-Coast", "Shape_Length": 958.2710977645886}}, {"type": "Feature", "id": 151252, "geometry": {"type": "LineString", "coordinates": [[-69.5317850112525, 44.04100900980291], [-69.53222551362678, 44.0407825929904], [-69.53256384611225, 44.04058325621092], [-69.5329447255045, 44.04034090830363], [-69.53372276266029, 44.03982128940351], [-69.53387659466112, 44.039710197901634]]}, "properties": {"OBJECTID": 151252, "aadt_type": "A", "priority": 1, "sh_sa_ir": "SH-0026", "faadt": 528, "fedfunccls": "Other Principal Arterial", "fed_urbrur": "Rural", "capacity": 1200, "jurisdictn": "State hwy", "link_id": 3561935, "nhs_status": "NHS - Other", "num_lanes": 1, "offic_miles": "N", "prim_bmp": 0.03, "prirtecode": "15C1584", "prim_emp": 0.17, "prirtename": "RD INV 15 C1584", "segment_id": 908, "speed_lim": null, "speedsrc": "Unposted", "st_urbrur": "Rural", "strtname": "RAMP C ROUTE 1 & ROUTE 215", "townname": "Newcastle", "towncode": "15110", "cntyname": "Lincoln", "cnty_no": "15", "surfc_type": "Flexible", "dot_region": "2", "dot_region_name": "Mid-Coast", "Shape_Length": 308.0971780445285}}, {"type": "Feature", "id": 151254, "geometry": {"type": "LineString", "coordinates": [[-69.53387659466112, 44.039710197901634], [-69.53400494235566, 44.039617483943616], [-69.53422128003227, 44.03945522109125], [-69.53433609909862, 44.03935722179259]]}, "properties": {"OBJECTID": 151254, "aadt_type": "E", "priority": 1, "sh_sa_ir": "SH-0026", "faadt": 37, "fedfunccls": "Other Principal Arterial", "fed_urbrur": "Rural", "capacity": 1200, "jurisdictn": "State hwy", "link_id": 3561936, "nhs_status": "NHS - Other", "num_lanes": 1, "offic_miles": "N", "prim_bmp": 0, "prirtecode": "15C1584", "prim_emp": 0.03, "prirtename": "RD INV 15 C1584", "segment_id": 96003, "speed_lim": null, "speedsrc": "Unposted", "st_urbrur": "Rural", "strtname": "RAMP C ROUTE 1 & ROUTE 215", "townname": "Newcastle", "towncode": "15110", "cntyname": "Lincoln", "cnty_no": "15", "surfc_type": "Flexible", "dot_region": "2", "dot_region_name": "Mid-Coast", "Shape_Length": 74.90070574449473}}, {"type": "Feature", "id": 151256, "geometry": {"type": "LineString", "coordinates": [[-69.53413065439315, 44.039808039050996], [-69.53409981612776, 44.03977779680054], [-69.53405414667702, 44.0397457509245], [-69.53399147660956, 44.0397246965323], [-69.53387659466112, 44.03971018886096]]}, "properties": {"OBJECTID": 151256, "aadt_type": "E", "priority": 2, "sh_sa_ir": "SA-002", "faadt": 521, "fedfunccls": "Major Collector", "fed_urbrur": "Rural", "capacity": 900, "jurisdictn": "State aid", "link_id": 3561939, "nhs_status": "Fed aid non-NHS", "num_lanes": 1, "offic_miles": "N", "prim_bmp": 0, "prirtecode": "3209896", "prim_emp": 0.02, "prirtename": "RD INV 3209896", "segment_id": 55968, "speed_lim": null, "speedsrc": "Unposted", "st_urbrur": "Rural", "strtname": "RD  INV 3209896", "townname": "Newcastle", "towncode": "15110", "cntyname": "Lincoln", "cnty_no": "15", "surfc_type": "Flexible", "dot_region": "2", "dot_region_name": "Mid-Coast", "Shape_Length": 33.59615059967982}}, {"type": "Feature", "id": 152259, "geometry": {"type": "LineString", "coordinates": [[-69.53413064091842, 44.039808021615464], [-69.53409319823906, 44.03989005570849], [-69.53389219480434, 44.04030074107396], [-69.5335906492281, 44.040926762870754]]}, "properties": {"OBJECTID": 152259, "aadt_type": "A", "priority": 2, "sh_sa_ir": "SA-002", "faadt": 2868, "fedfunccls": "Major Collector", "fed_urbrur": "Rural", "capacity": 1800, "jurisdictn": "State aid", "link_id": 3561934, "nhs_status": "Fed aid non-NHS", "num_lanes": 2, "offic_miles": "Y", "prim_bmp": 0.36, "prirtecode": "0215X", "prim_emp": 0.44, "prirtename": "ST RTE 215", "segment_id": 70793, "speed_lim": 30, "speedsrc": "Posted", "st_urbrur": "Rural", "strtname": "MILL RD", "townname": "Newcastle", "towncode": "15110", "cntyname": "Lincoln", "cnty_no": "15", "surfc_type": "Flexible", "dot_region": "2", "dot_region_name": "Mid-Coast", "Shape_Length": 183.38053257194633}}, {"type": "Feature", "id": 153227, "geometry": {"type": "LineString", "coordinates": [[-69.5517629008759, 44.02768327175076], [-69.55130157465499, 44.02777841420205], [-69.55080743657003, 44.02788802831657], [-69.55045821829995, 44.02797542429092], [-69.5500005500189, 44.028115831388384], [-69.54935221162384, 44.02833809447323], [-69.54893436745596, 44.02849442174246], [-69.54862189477257, 44.028629353760394], [-69.54838188379328, 44.028732965421966], [-69.54811574621225, 44.02887235540254], [-69.54780677067028, 44.02902158371224], [-69.54750784817466, 44.02919210101196], [-69.5468550128133, 44.02963324553774]]}, "properties": {"OBJECTID": 153227, "aadt_type": "E", "priority": 1, "sh_sa_ir": "SH-0026", "faadt": 14936, "fedfunccls": "Other Principal Arterial", "fed_urbrur": "Rural", "capacity": 3400, "jurisdictn": "State hwy", "link_id": 3937960, "nhs_status": "NHS - Other", "num_lanes": 2, "offic_miles": "Y", "prim_bmp": 100.73, "prirtecode": "0001X", "prim_emp": 101.01, "prirtename": "US 1", "segment_id": 3618, "speed_lim": 55, "speedsrc": "Posted", "st_urbrur": "Rural", "strtname": "ROUTE 1", "townname": "Newcastle", "towncode": "15110", "cntyname": "Lincoln", "cnty_no": "15", "surfc_type": "Flexible", "dot_region": "2", "dot_region_name": "Mid-Coast", "Shape_Length": 631.9735589653213}}, {"type": "Feature", "id": 156509, "geometry": {"type": "LineString", "coordinates": [[-69.60714110783739, 44.047216872931905], [-69.6070005125123, 44.047457411935255], [-69.60680272324966, 44.04781814919893], [-69.606574675135, 44.04829654117879], [-69.60631621186145, 44.04885297369621], [-69.60615627580827, 44.049229624377354], [-69.60616008736001, 44.04941975665502]]}, "properties": {"OBJECTID": 156509, "aadt_type": "E", "priority": 4, "sh_sa_ir": "SA-001", "faadt": 1245, "fedfunccls": "Minor Collector", "fed_urbrur": "Rural", "capacity": 1600, "jurisdictn": "State aid", "link_id": 3944083, "nhs_status": "Non-fed aid non-NHS", "num_lanes": 2, "offic_miles": "Y", "prim_bmp": 2.859, "prirtecode": "1500446", "prim_emp": 3.02, "prirtename": "RD INV 15 00446", "segment_id": 63648, "speed_lim": 25, "speedsrc": "Posted", "st_urbrur": "Rural", "strtname": "SHEEPSCOT RD", "townname": "Newcastle", "towncode": "15110", "cntyname": "Lincoln", "cnty_no": "15", "surfc_type": "Flexible", "dot_region": "2", "dot_region_name": "Mid-Coast", "Shape_Length": 360.07929509949275}}, {"type": "Feature", "id": 156513, "geometry": {"type": "LineString", "coordinates": [[-69.57903009171883, 44.03442499046239], [-69.5792072412895, 44.034546269313395], [-69.57929274473487, 44.03461183073916], [-69.57949245100231, 44.03476801811024], [-69.57966569290149, 44.03493631407061], [-69.57983931568633, 44.03513071776805], [-69.58007997974084, 44.035429670767506], [-69.58045108725945, 44.03589704465152], [-69.58085572170108, 44.03641025484773], [-69.58125053486171, 44.0369394497527], [-69.58169856601641, 44.037511318602775], [-69.58194146058776, 44.03783213480735], [-69.58218219291423, 44.03813585487612], [-69.5823459423158, 44.03833984818712], [-69.58253272002968, 44.03852472717384], [-69.5827688359139, 44.038687925715585], [-69.58296135835403, 44.0387965148333], [-69.58320355313776, 44.03890485061019], [-69.58354817383021, 44.039034091015594], [-69.58387293636498, 44.03914911650877], [-69.58444281769977, 44.03933923658508], [-69.58469773083131, 44.03940770898097], [-69.58510810550762, 44.03949609213078], [-69.58558111791203, 44.039569928051556], [-69.58611050409212, 44.03963951089154], [-69.58658614676371, 44.03968865982147], [-69.58750496609419, 44.03976010812484], [-69.5879058195268, 44.0397937897042], [-69.58819352296283, 44.03983282396886], [-69.58862033321557, 44.03991642915935], [-69.5891200651098, 44.0400281970287], [-69.58945421324266, 44.040081214368], [-69.59011847607277, 44.040132615976624], [-69.59097502418776, 44.04016627345122], [-69.5918604746987, 44.040206977395215], [-69.59216091355052, 44.040195876850724], [-69.59242149684813, 44.040168326310535], [-69.59275780183602, 44.040111750928716], [-69.59326201812013, 44.040009105841364], [-69.59370023428204, 44.0399091424139], [-69.59410974388071, 44.03980932605109], [-69.59443253012188, 44.03972427549604], [-69.59498575848791, 44.03958094282688], [-69.59576315873817, 44.039376745206766], [-69.59631645717279, 44.03922854326311], [-69.59678426923004, 44.0391188700474], [-69.5970973518695, 44.03906249320591], [-69.5974671020337, 44.03904390411533], [-69.59775876344688, 44.03905426288772], [-69.59815068043903, 44.03911757657462], [-69.59845712183359, 44.03920762688125], [-69.59871899331533, 44.03930862407165], [-69.59905742461547, 44.03946413973811], [-69.59983046713826, 44.039831655789094], [-69.60033017837127, 44.04006294008093], [-69.60070524835857, 44.04024914071853], [-69.60099089195768, 44.04041681281189], [-69.60121042224681, 44.04056331410134], [-69.60140344235359, 44.04071715721002], [-69.60173003206167, 44.041008409258055], [-69.60212835134683, 44.041369418908026], [-69.6030578776972, 44.04217203352977], [-69.60365651949411, 44.042690350687224], [-69.60422817140831, 44.04320475603907], [-69.60463489263634, 44.04357894693162], [-69.60486798568964, 44.04376831602993], [-69.60525165884243, 44.04398659769614], [-69.60570128450675, 44.04412358784384], [-69.6060941824592, 44.04418101690096], [-69.60637523027731, 44.04421292865275], [-69.60662991433844, 44.044254433081996], [-69.60694550237923, 44.04434396159537], [-69.60724084059689, 44.044479424459894], [-69.60747364079938, 44.04463898805452], [-69.6076387619284, 44.04477154069271], [-69.60779352009227, 44.04491594235962], [-69.60792064068812, 44.04507966891575], [-69.60800746286034, 44.04533058202122], [-69.6080150006239, 44.04557939683907], [-69.6079739646834, 44.04576544518889], [-69.60790644191675, 44.045949204617365], [-69.60779969241659, 44.04616657492601], [-69.60754943255822, 44.0465588340872], [-69.60721140549995, 44.04709660467817], [-69.60714110783739, 44.047216872931905]]}, "properties": {"OBJECTID": 156513, "aadt_type": "E", "priority": 4, "sh_sa_ir": "SA-001", "faadt": 1245, "fedfunccls": "Minor Collector", "fed_urbrur": "Rural", "capacity": 1600, "jurisdictn": "State aid", "link_id": 3944083, "nhs_status": "Non-fed aid non-NHS", "num_lanes": 2, "offic_miles": "Y", "prim_bmp": 0.9, "prirtecode": "1500446", "prim_emp": 2.859, "prirtename": "RD INV 15 00446", "segment_id": 74797, "speed_lim": 35, "speedsrc": "Posted", "st_urbrur": "Rural", "strtname": "SHEEPSCOT RD", "townname": "Newcastle", "towncode": "15110", "cntyname": "Lincoln", "cnty_no": "15", "surfc_type": "Flexible", "dot_region": "2", "dot_region_name": "Mid-Coast", "Shape_Length": 4380.20937000877}}, {"type": "Feature", "id": 167186, "geometry": {"type": "LineString", "coordinates": [[-69.53231549876712, 44.0408183158475], [-69.53178496094684, 44.04100900980291]]}, "properties": {"OBJECTID": 167186, "aadt_type": "E", "priority": 1, "sh_sa_ir": "SH-0026", "faadt": 8739, "fedfunccls": "Other Principal Arterial", "fed_urbrur": "Rural", "capacity": 3400, "jurisdictn": "State hwy", "link_id": 4921869, "nhs_status": "NHS - Other", "num_lanes": 2, "offic_miles": "Y", "prim_bmp": 102.08, "prirtecode": "0001X", "prim_emp": 102.11, "prirtename": "US 1", "segment_id": 34924, "speed_lim": 55, "speedsrc": "Posted", "st_urbrur": "Rural", "strtname": "ROUTE 1", "townname": "Newcastle", "towncode": "15110", "cntyname": "Lincoln", "cnty_no": "15", "surfc_type": "Flexible", "dot_region": "2", "dot_region_name": "Mid-Coast", "Shape_Length": 66.03068489317917}}, {"type": "Feature", "id": 167189, "geometry": {"type": "LineString", "coordinates": [[-69.53942494019881, 44.03583083174027], [-69.5386756536237, 44.036539207503054], [-69.53776166812774, 44.03729394947075], [-69.53674626283625, 44.0382087012233], [-69.53643179409632, 44.038476949549704], [-69.53621859333667, 44.03864001261075], [-69.53565103863848, 44.03906430523185], [-69.53521124234, 44.03935933861071], [-69.53470544412264, 44.0396714244439], [-69.53430456014732, 44.0398947846039], [-69.53402520924679, 44.04004527732067], [-69.53375898812246, 44.04018463423776], [-69.53336780415557, 44.040377063436544], [-69.53281839183285, 44.0406154269098], [-69.53240391994055, 44.04078653335436], [-69.53231549876712, 44.0408183158475]]}, "properties": {"OBJECTID": 167189, "aadt_type": "E", "priority": 1, "sh_sa_ir": "SH-0026", "faadt": 8739, "fedfunccls": "Other Principal Arterial", "fed_urbrur": "Rural", "capacity": 3400, "jurisdictn": "State hwy", "link_id": 4921869, "nhs_status": "NHS - Other", "num_lanes": 2, "offic_miles": "Y", "prim_bmp": 101.58, "prirtecode": "0001X", "prim_emp": 102.08, "prirtename": "US 1", "segment_id": 61001, "speed_lim": 55, "speedsrc": "Posted", "st_urbrur": "Rural", "strtname": "ROUTE 1", "townname": "Newcastle", "towncode": "15110", "cntyname": "Lincoln", "cnty_no": "15", "surfc_type": "Flexible", "dot_region": "2", "dot_region_name": "Mid-Coast", "Shape_Length": 1115.6665608310961}}, {"type": "Feature", "id": 167192, "geometry": {"type": "LineString", "coordinates": [[-69.54510355133415, 44.030978266546235], [-69.54423247207113, 44.03167127292491], [-69.54335072351749, 44.03237350673078], [-69.54306626389794, 44.03260048526458], [-69.54233270053523, 44.03324267415219], [-69.54147285021327, 44.033969998329084], [-69.54007753121843, 44.03521385556858], [-69.53942494019881, 44.03583083174027]]}, "properties": {"OBJECTID": 167192, "aadt_type": "E", "priority": 1, "sh_sa_ir": "SH-0026", "faadt": 8739, "fedfunccls": "Other Principal Arterial", "fed_urbrur": "Rural", "capacity": 3400, "jurisdictn": "State hwy", "link_id": 4921869, "nhs_status": "NHS - Other", "num_lanes": 2, "offic_miles": "Y", "prim_bmp": 101.14, "prirtecode": "0001X", "prim_emp": 101.58, "prirtename": "US 1", "segment_id": 79278, "speed_lim": 55, "speedsrc": "Posted", "st_urbrur": "Rural", "strtname": "ROUTE 1", "townname": "Newcastle", "towncode": "15110", "cntyname": "Lincoln", "cnty_no": "15", "surfc_type": "Flexible", "dot_region": "2", "dot_region_name": "Mid-Coast", "Shape_Length": 982.331816668133}}, {"type": "Feature", "id": 177513, "geometry": {"type": "LineString", "coordinates": [[-69.54099638109163, 44.037697383249494], [-69.54113766452626, 44.03754808572897], [-69.54134579429612, 44.037341281164096], [-69.54161201182718, 44.03698555408052], [-69.54191805526808, 44.036571412687486]]}, "properties": {"OBJECTID": 177513, "aadt_type": "E", "priority": 5, "sh_sa_ir": "IR-1500533", "faadt": 29, "fedfunccls": "Local", "fed_urbrur": "Rural", "capacity": 1000, "jurisdictn": "Townway", "link_id": 5083057, "nhs_status": "Non-fed aid non-NHS", "num_lanes": 2, "offic_miles": "Y", "prim_bmp": 0, "prirtecode": "1500533", "prim_emp": 0.09, "prirtename": "RD INV 15 00533", "segment_id": 61678, "speed_lim": null, "speedsrc": "Unposted", "st_urbrur": "Rural", "strtname": "HILLCREST RD", "townname": "Newcastle", "towncode": "15110", "cntyname": "Lincoln", "cnty_no": "15", "surfc_type": "Flexible", "dot_region": "2", "dot_region_name": "Mid-Coast", "Shape_Length": 202.6543535502555}}, {"type": "Feature", "id": 177514, "geometry": {"type": "LineString", "coordinates": [[-69.54204449494094, 44.03847837864915], [-69.54174244810477, 44.038254150391325], [-69.54129957238149, 44.03792179895338], [-69.54112389604789, 44.03777683842699], [-69.54099638109163, 44.037697383249494]]}, "properties": {"OBJECTID": 177514, "aadt_type": "E", "priority": 5, "sh_sa_ir": "IR-1500448", "faadt": 110, "fedfunccls": "Local", "fed_urbrur": "Rural", "capacity": 1000, "jurisdictn": "Townway", "link_id": 5083058, "nhs_status": "Non-fed aid non-NHS", "num_lanes": 2, "offic_miles": "Y", "prim_bmp": 0.29, "prirtecode": "1500448", "prim_emp": 0.367, "prirtename": "RD INV 15 00448", "segment_id": 75340, "speed_lim": null, "speedsrc": "Unposted", "st_urbrur": "Rural", "strtname": "E OLD COUNTY RD", "townname": "Newcastle", "towncode": "15110", "cntyname": "Lincoln", "cnty_no": "15", "surfc_type": "Flexible", "dot_region": "2", "dot_region_name": "Mid-Coast", "Shape_Length": 168.15908219808114}}, {"type": "Feature", "id": 177515, "geometry": {"type": "LineString", "coordinates": [[-69.54250047349097, 44.03881370009525], [-69.54220924686238, 44.03860068373336], [-69.54204449494094, 44.03847837864915]]}, "properties": {"OBJECTID": 177515, "aadt_type": "E", "priority": 5, "sh_sa_ir": "IR-1500448", "faadt": 110, "fedfunccls": "Local", "fed_urbrur": "Rural", "capacity": 1000, "jurisdictn": "Townway", "link_id": 5083058, "nhs_status": "Non-fed aid non-NHS", "num_lanes": 2, "offic_miles": "Y", "prim_bmp": 0.367, "prirtecode": "1500448", "prim_emp": 0.4, "prirtename": "RD INV 15 00448", "segment_id": 75775, "speed_lim": null, "speedsrc": "Unposted", "st_urbrur": "Rural", "strtname": "E OLD COUNTY RD", "townname": "Newcastle", "towncode": "15110", "cntyname": "Lincoln", "cnty_no": "15", "surfc_type": "Unimproved", "dot_region": "2", "dot_region_name": "Mid-Coast", "Shape_Length": 72.61433240334796}}, {"type": "Feature", "id": 177516, "geometry": {"type": "LineString", "coordinates": [[-69.53880948643136, 44.04168917070765], [-69.53901642503516, 44.04134574918614], [-69.53918404168402, 44.04103909386267], [-69.53933171932682, 44.04071823432153], [-69.53957117874054, 44.0400310422376], [-69.53975306872096, 44.03954994039745], [-69.53995383410212, 44.03904765344742], [-69.54007564745127, 44.03885377405056], [-69.5402286080863, 44.03867867244173], [-69.54054238781839, 44.03832272284496], [-69.54086393348614, 44.03794958431073], [-69.54095956184307, 44.03779330910383], [-69.54099636851521, 44.03769740133144]]}, "properties": {"OBJECTID": 177516, "aadt_type": "A", "priority": 5, "sh_sa_ir": "IR-1500533", "faadt": 1560, "fedfunccls": "Local", "fed_urbrur": "Rural", "capacity": 1000, "jurisdictn": "Townway", "link_id": 5083059, "nhs_status": "Non-fed aid non-NHS", "num_lanes": 2, "offic_miles": "Y", "prim_bmp": 0.09, "prirtecode": "1500533", "prim_emp": 0.39, "prirtename": "RD INV 15 00533", "segment_id": 22287, "speed_lim": 25, "speedsrc": "Posted", "st_urbrur": "Rural", "strtname": "ACADEMY HL", "townname": "Newcastle", "towncode": "15110", "cntyname": "Lincoln", "cnty_no": "15", "surfc_type": "Flexible", "dot_region": "2", "dot_region_name": "Mid-Coast", "Shape_Length": 669.1850100453976}}, {"type": "Feature", "id": 177523, "geometry": {"type": "LineString", "coordinates": [[-69.53545063887164, 44.04699037718127], [-69.53569207907054, 44.04703753066863], [-69.53646895200974, 44.04707894788898], [-69.53678835789046, 44.04711607259613], [-69.5370566074107, 44.047169534277195], [-69.53725836902353, 44.04727479939132], [-69.53738903616812, 44.047412594197084], [-69.53745290638483, 44.04756679272023], [-69.53742808234027, 44.04778256809101], [-69.53738152086247, 44.048062820632914], [-69.53738753149003, 44.04823338903322], [-69.53748754003229, 44.04843569402632], [-69.53764958622808, 44.048589430172946], [-69.53789178460508, 44.04872348546856], [-69.53817835885881, 44.04882834944774], [-69.53859409557906, 44.04890686252854], [-69.53890662934786, 44.04892147835582], [-69.53911609850581, 44.048891526139755], [-69.53949224557317, 44.048794602627545]]}, "properties": {"OBJECTID": 177523, "aadt_type": "E", "priority": 5, "sh_sa_ir": "IR-1501619", "faadt": 121, "fedfunccls": "Local", "fed_urbrur": "Rural", "capacity": 1000, "jurisdictn": "Townway", "link_id": 5083065, "nhs_status": "Non-fed aid non-NHS", "num_lanes": 2, "offic_miles": "Y", "prim_bmp": 0, "prirtecode": "1501619", "prim_emp": 0.29, "prirtename": "RD INV 15 01619", "segment_id": 45419, "speed_lim": 25, "speedsrc": "Posted", "st_urbrur": "Rural", "strtname": "TIMBER LN", "townname": "Newcastle", "towncode": "15110", "cntyname": "Lincoln", "cnty_no": "15", "surfc_type": "Flexible", "dot_region": "2", "dot_region_name": "Mid-Coast", "Shape_Length": 647.6684007189273}}, {"type": "Feature", "id": 177524, "geometry": {"type": "LineString", "coordinates": [[-69.53949224557317, 44.048794602627545], [-69.53970480493568, 44.048805257990985], [-69.53993190083614, 44.04882492873085], [-69.54027441677587, 44.04888324553408], [-69.54063297482995, 44.04894840886522], [-69.5408472805174, 44.0489658333051], [-69.54106760940883, 44.048944046136434], [-69.54126509773582, 44.0488693366967], [-69.54139221833168, 44.04879035998062], [-69.54146810441361, 44.04870010083981], [-69.54154655518569, 44.04854066569545], [-69.54164336033567, 44.048291244766446], [-69.54168014275328, 44.04811817714558], [-69.541656333805, 44.04796154071156], [-69.54160411383921, 44.047841917059735], [-69.54152005218987, 44.04773627329722], [-69.54141070116866, 44.04766072102006], [-69.54121523674597, 44.04760632161622], [-69.5409080991571, 44.047570888886455], [-69.54063302064404, 44.047546837465156], [-69.5404283898122, 44.047538585726976], [-69.5402463291519, 44.047550971081954], [-69.54006146934114, 44.047607171324806], [-69.53992815665805, 44.04770922472399], [-69.5397891765038, 44.04788968842317], [-69.53967361812396, 44.04818760854427], [-69.53959587432601, 44.048425413728516], [-69.53954623162679, 44.04858932170131], [-69.539501146081, 44.04870934286352], [-69.53949224557317, 44.048794602627545]]}, "properties": {"OBJECTID": 177524, "aadt_type": "E", "priority": 5, "sh_sa_ir": "IR-1501619", "faadt": 60, "fedfunccls": "Local", "fed_urbrur": "Rural", "capacity": 1000, "jurisdictn": "Townway", "link_id": 5083066, "nhs_status": "Non-fed aid non-NHS", "num_lanes": 2, "offic_miles": "Y", "prim_bmp": 0.29, "prirtecode": "1501619", "prim_emp": 0.63, "prirtename": "RD INV 15 01619", "segment_id": 96495, "speed_lim": 25, "speedsrc": "Posted", "st_urbrur": "Rural", "strtname": "TIMBER LN", "townname": "Newcastle", "towncode": "15110", "cntyname": "Lincoln", "cnty_no": "15", "surfc_type": "Flexible", "dot_region": "2", "dot_region_name": "Mid-Coast", "Shape_Length": 763.3161139260241}}, {"type": "Feature", "id": 177525, "geometry": {"type": "LineString", "coordinates": [[-69.5374529692669, 44.043307821766525], [-69.53722604314802, 44.043631913956006], [-69.53702299604605, 44.0439673276299], [-69.53682441896092, 44.044359882883995], [-69.53656753672226, 44.04487849858674], [-69.53632608933684, 44.045351294783124], [-69.53593905738319, 44.04621878999031], [-69.5356224398731, 44.04673851161882], [-69.53545063887164, 44.04699037718127]]}, "properties": {"OBJECTID": 177525, "aadt_type": "E", "priority": 5, "sh_sa_ir": "IR-1500533", "faadt": 1560, "fedfunccls": "Local", "fed_urbrur": "Rural", "capacity": 1000, "jurisdictn": "Townway", "link_id": 5083067, "nhs_status": "Non-fed aid non-NHS", "num_lanes": 2, "offic_miles": "Y", "prim_bmp": 0.52, "prirtecode": "1500533", "prim_emp": 0.79, "prirtename": "RD INV 15 00533", "segment_id": 64901, "speed_lim": 25, "speedsrc": "Posted", "st_urbrur": "Rural", "strtname": "ACADEMY HL", "townname": "Newcastle", "towncode": "15110", "cntyname": "Lincoln", "cnty_no": "15", "surfc_type": "Flexible", "dot_region": "2", "dot_region_name": "Mid-Coast", "Shape_Length": 613.1854014816462}}, {"type": "Feature", "id": 177526, "geometry": {"type": "LineString", "coordinates": [[-69.53677213251979, 44.05551618395947], [-69.53682847036285, 44.055502627880244], [-69.5383127279607, 44.05504547411516], [-69.53929244767755, 44.054626697029875], [-69.53990432165861, 44.054470749232735]]}, "properties": {"OBJECTID": 177526, "aadt_type": "E", "priority": 5, "sh_sa_ir": "IR-1500535", "faadt": 46, "fedfunccls": "Local", "fed_urbrur": "Rural", "capacity": 1000, "jurisdictn": "Townway", "link_id": 5083068, "nhs_status": "Non-fed aid non-NHS", "num_lanes": 2, "offic_miles": "Y", "prim_bmp": 0.49500000000000005, "prirtecode": "1500535", "prim_emp": 0.67, "prirtename": "RD INV 15 00535", "segment_id": 26398, "speed_lim": null, "speedsrc": "Unposted", "st_urbrur": "Rural", "strtname": "KAVANAGH RD", "townname": "Newcastle", "towncode": "15110", "cntyname": "Lincoln", "cnty_no": "15", "surfc_type": "Unimproved", "dot_region": "2", "dot_region_name": "Mid-Coast", "Shape_Length": 385.53941884360654}}, {"type": "Feature", "id": 177527, "geometry": {"type": "LineString", "coordinates": [[-69.53339686285837, 44.05582967791703], [-69.53355291818953, 44.05585862403042], [-69.53384233471282, 44.0558947625911], [-69.5341763130641, 44.05593821882923], [-69.53451851908507, 44.05594562174502], [-69.53486002711504, 44.05591701331491], [-69.53564538554039, 44.055787286170606], [-69.53677213251979, 44.05551618395947]]}, "properties": {"OBJECTID": 177527, "aadt_type": "E", "priority": 5, "sh_sa_ir": "IR-1500535", "faadt": 46, "fedfunccls": "Local", "fed_urbrur": "Rural", "capacity": 1000, "jurisdictn": "Townway", "link_id": 5083068, "nhs_status": "Non-fed aid non-NHS", "num_lanes": 2, "offic_miles": "Y", "prim_bmp": 0.32, "prirtecode": "1500535", "prim_emp": 0.49500000000000005, "prirtename": "RD INV 15 00535", "segment_id": 41490, "speed_lim": null, "speedsrc": "Unposted", "st_urbrur": "Rural", "strtname": "KAVANAGH RD", "townname": "Newcastle", "towncode": "15110", "cntyname": "Lincoln", "cnty_no": "15", "surfc_type": "Flexible", "dot_region": "2", "dot_region_name": "Mid-Coast", "Shape_Length": 386.7868994329603}}, {"type": "Feature", "id": 177528, "geometry": {"type": "LineString", "coordinates": [[-69.53339686285837, 44.05582967791703], [-69.5334801887875, 44.0556632031129], [-69.53350922772736, 44.055418444933125], [-69.5335144828718, 44.055009638465584], [-69.5334790012147, 44.05453664756479], [-69.53346830766955, 44.05412283803363], [-69.53346485813886, 44.05387075876107], [-69.53346219104078, 44.05357365874416], [-69.53346732760758, 44.053236321949775], [-69.5335133788423, 44.05289813682922], [-69.53354572897231, 44.05252461427187], [-69.53356077665164, 44.05221232304886], [-69.53352633614196, 44.05185520159876], [-69.53346108431636, 44.051546509474086], [-69.53343230858286, 44.05132389892276], [-69.53343976100646, 44.05115971379176], [-69.53346062348061, 44.05099867181825], [-69.53356547394226, 44.05074712158594], [-69.533679046147, 44.050472995347974], [-69.53382377551905, 44.05018907208478]]}, "properties": {"OBJECTID": 177528, "aadt_type": "E", "priority": 5, "sh_sa_ir": "IR-1500533", "faadt": 1195, "fedfunccls": "Local", "fed_urbrur": "Rural", "capacity": 1000, "jurisdictn": "Townway", "link_id": 5083070, "nhs_status": "Non-fed aid non-NHS", "num_lanes": 2, "offic_miles": "Y", "prim_bmp": 1.03, "prirtecode": "1500533", "prim_emp": 1.42, "prirtename": "RD INV 15 00533", "segment_id": 94127, "speed_lim": 35, "speedsrc": "Posted", "st_urbrur": "Rural", "strtname": "ACADEMY HL", "townname": "Newcastle", "towncode": "15110", "cntyname": "Lincoln", "cnty_no": "15", "surfc_type": "Flexible", "dot_region": "2", "dot_region_name": "Mid-Coast", "Shape_Length": 883.3129659650265}}, {"type": "Feature", "id": 177529, "geometry": {"type": "LineString", "coordinates": [[-69.53545067570256, 44.04699037718127], [-69.53522158913543, 44.04731976896817], [-69.53483390141164, 44.04787907680069], [-69.53463166908162, 44.04821799306856], [-69.53454946514829, 44.048504839668674], [-69.53446361764814, 44.04888505984234], [-69.53437222664442, 44.04914298482175], [-69.53424115615626, 44.04945581843812], [-69.53403037186473, 44.049837261180826], [-69.53382378809548, 44.05018907208478]]}, "properties": {"OBJECTID": 177529, "aadt_type": "E", "priority": 5, "sh_sa_ir": "IR-1500533", "faadt": 1512, "fedfunccls": "Local", "fed_urbrur": "Rural", "capacity": 1000, "jurisdictn": "Townway", "link_id": 5083071, "nhs_status": "Non-fed aid non-NHS", "num_lanes": 2, "offic_miles": "Y", "prim_bmp": 0.79, "prirtecode": "1500533", "prim_emp": 1.03, "prirtename": "RD INV 15 00533", "segment_id": 43566, "speed_lim": 35, "speedsrc": "Posted", "st_urbrur": "Rural", "strtname": "ACADEMY HL", "townname": "Newcastle", "towncode": "15110", "cntyname": "Lincoln", "cnty_no": "15", "surfc_type": "Flexible", "dot_region": "2", "dot_region_name": "Mid-Coast", "Shape_Length": 530.4803018715329}}, {"type": "Feature", "id": 177530, "geometry": {"type": "LineString", "coordinates": [[-69.53339687543478, 44.055829686955235], [-69.53329557691178, 44.05598143487829], [-69.53314033006437, 44.056088381568536], [-69.53292244189558, 44.05617952228949], [-69.53262450664843, 44.056303222727244], [-69.53236225877261, 44.05642354200893], [-69.53215896193898, 44.05664979962109], [-69.53205821857482, 44.056862703956654], [-69.53201586480579, 44.05711718428521], [-69.53203241267163, 44.057501309725275], [-69.5321235162145, 44.05821934798691], [-69.53215098579757, 44.05863085589237], [-69.53214217332463, 44.058973935767845], [-69.53209021117534, 44.05936866195615], [-69.53201634989604, 44.059531939931645], [-69.53188303451799, 44.05969550472375], [-69.53172886295398, 44.059917030283245]]}, "properties": {"OBJECTID": 177530, "aadt_type": "A", "priority": 5, "sh_sa_ir": "IR-1500535", "faadt": 970, "fedfunccls": "Local", "fed_urbrur": "Rural", "capacity": 1000, "jurisdictn": "Townway", "link_id": 5083072, "nhs_status": "Non-fed aid non-NHS", "num_lanes": 2, "offic_miles": "Y", "prim_bmp": 0, "prirtecode": "1500535", "prim_emp": 0.32, "prirtename": "RD INV 15 00535", "segment_id": 60509, "speed_lim": 35, "speedsrc": "Posted", "st_urbrur": "Rural", "strtname": "ACADEMY HL", "townname": "Newcastle", "towncode": "15110", "cntyname": "Lincoln", "cnty_no": "15", "surfc_type": "Flexible", "dot_region": "2", "dot_region_name": "Mid-Coast", "Shape_Length": 711.2031299437998}}, {"type": "Feature", "id": 177752, "geometry": {"type": "LineString", "coordinates": [[-69.53386789268096, 44.0347072533315], [-69.53417440773738, 44.03442562465655], [-69.53467363567674, 44.033977349095665], [-69.53485434257594, 44.033824390705384]]}, "properties": {"OBJECTID": 177752, "aadt_type": "E", "priority": 5, "sh_sa_ir": "IR-1500539", "faadt": 286, "fedfunccls": "Local", "fed_urbrur": "Rural", "capacity": 1000, "jurisdictn": "Townway", "link_id": 5083048, "nhs_status": "Non-fed aid non-NHS", "num_lanes": 2, "offic_miles": "Y", "prim_bmp": 0, "prirtecode": "1500539", "prim_emp": 0.08, "prirtename": "RD INV 15 00539", "segment_id": 1576, "speed_lim": null, "speedsrc": "Unposted", "st_urbrur": "Rural", "strtname": "GLIDDEN ST", "townname": "Newcastle", "towncode": "15110", "cntyname": "Lincoln", "cnty_no": "15", "surfc_type": "Flexible", "dot_region": "2", "dot_region_name": "Mid-Coast", "Shape_Length": 175.36297942753706}}, {"type": "Feature", "id": 177753, "geometry": {"type": "LineString", "coordinates": [[-69.53386789268096, 44.0347072533315], [-69.53371464099182, 44.0348508632199], [-69.53348684081217, 44.035074879613894]]}, "properties": {"OBJECTID": 177753, "aadt_type": "E", "priority": 5, "sh_sa_ir": "IR-1500539", "faadt": 230, "fedfunccls": "Local", "fed_urbrur": "Rural", "capacity": 1000, "jurisdictn": "Townway", "link_id": 5083049, "nhs_status": "Non-fed aid non-NHS", "num_lanes": 2, "offic_miles": "Y", "prim_bmp": 0.08, "prirtecode": "1500539", "prim_emp": 0.11, "prirtename": "RD INV 15 00539", "segment_id": 70472, "speed_lim": null, "speedsrc": "Unposted", "st_urbrur": "Rural", "strtname": "GLIDDEN ST", "townname": "Newcastle", "towncode": "15110", "cntyname": "Lincoln", "cnty_no": "15", "surfc_type": "Flexible", "dot_region": "2", "dot_region_name": "Mid-Coast", "Shape_Length": 70.9955824391121}}, {"type": "Feature", "id": 177766, "geometry": {"type": "LineString", "coordinates": [[-69.53827406986076, 44.03636705422472], [-69.53852483008076, 44.03647070854363], [-69.5386756536237, 44.0365391984619], [-69.53918470553901, 44.03674261540968], [-69.53985300988958, 44.03702818208226], [-69.54087152425029, 44.03747788564495], [-69.54095932199289, 44.037546076046475], [-69.5409916721229, 44.03761738356948], [-69.54099638109163, 44.037697383249494]]}, "properties": {"OBJECTID": 177766, "aadt_type": "E", "priority": 5, "sh_sa_ir": "IR-1500448", "faadt": 2262, "fedfunccls": "Local", "fed_urbrur": "Rural", "capacity": 1000, "jurisdictn": "Townway", "link_id": 5083060, "nhs_status": "Non-fed aid non-NHS", "num_lanes": 2, "offic_miles": "Y", "prim_bmp": 0.12, "prirtecode": "1500448", "prim_emp": 0.29, "prirtename": "RD INV 15 00448", "segment_id": 39994, "speed_lim": 25, "speedsrc": "Posted", "st_urbrur": "Rural", "strtname": "ACADEMY HL", "townname": "Newcastle", "towncode": "15110", "cntyname": "Lincoln", "cnty_no": "15", "surfc_type": "Flexible", "dot_region": "2", "dot_region_name": "Mid-Coast", "Shape_Length": 374.8965301208689}}, {"type": "Feature", "id": 177769, "geometry": {"type": "LineString", "coordinates": [[-69.54232410994618, 44.03520996649886], [-69.5425416010596, 44.03528096167808], [-69.54273744367302, 44.035325048497185], [-69.54295983509633, 44.03529698162789], [-69.54300490986235, 44.03527876075905], [-69.54330236181585, 44.03509277634799], [-69.54351324043049, 44.03495221980465], [-69.54370105120695, 44.034807271387926], [-69.54379041291645, 44.034725814720886], [-69.54403077513702, 44.034479686776336], [-69.54413434999098, 44.03435593688321], [-69.54419090881959, 44.03420850640863], [-69.54422788706992, 44.0340353285419], [-69.54425552463798, 44.033809751132665], [-69.54434657877349, 44.0334799445211], [-69.5443887977952, 44.03327949753104]]}, "properties": {"OBJECTID": 177769, "aadt_type": "E", "priority": 5, "sh_sa_ir": "IR-1501452", "faadt": 64, "fedfunccls": "Local", "fed_urbrur": "Rural", "capacity": 1000, "jurisdictn": "Tnwy summer", "link_id": 5083061, "nhs_status": "Non-fed aid non-NHS", "num_lanes": 2, "offic_miles": "Y", "prim_bmp": 0, "prirtecode": "1501452", "prim_emp": 0.2, "prirtename": "RD INV 15 01452", "segment_id": 37096, "speed_lim": null, "speedsrc": "Unposted", "st_urbrur": "Rural", "strtname": "HOPKINS HILL RD", "townname": "Newcastle", "towncode": "15110", "cntyname": "Lincoln", "cnty_no": "15", "surfc_type": "Unimproved", "dot_region": "2", "dot_region_name": "Mid-Coast", "Shape_Length": 441.21628062519153}}, {"type": "Feature", "id": 177770, "geometry": {"type": "LineString", "coordinates": [[-69.53892964957534, 44.035015492021984], [-69.53874992273812, 44.03536264813574], [-69.53842519523764, 44.03610649428971], [-69.53834336500347, 44.036265430116], [-69.53827408243717, 44.03636706326584]]}, "properties": {"OBJECTID": 177770, "aadt_type": "E", "priority": 5, "sh_sa_ir": "IR-1500885", "faadt": 102, "fedfunccls": "Local", "fed_urbrur": "Rural", "capacity": 1000, "jurisdictn": "Townway", "link_id": 5083062, "nhs_status": "Non-fed aid non-NHS", "num_lanes": 2, "offic_miles": "Y", "prim_bmp": 0, "prirtecode": "1500885", "prim_emp": 0.1, "prirtename": "RD INV 15 00885", "segment_id": 89855, "speed_lim": null, "speedsrc": "Unposted", "st_urbrur": "Rural", "strtname": "HIGH ST", "townname": "Newcastle", "towncode": "15110", "cntyname": "Lincoln", "cnty_no": "15", "surfc_type": "Flexible", "dot_region": "2", "dot_region_name": "Mid-Coast", "Shape_Length": 221.8464073942475}}, {"type": "Feature", "id": 177771, "geometry": {"type": "LineString", "coordinates": [[-69.53827408243717, 44.03636706326584], [-69.53805853707465, 44.036279232772834], [-69.53784759378131, 44.036177316612076], [-69.53766030941762, 44.036060991164454], [-69.53752450390961, 44.03594156951208], [-69.53741236990764, 44.03581060194003], [-69.53730723108676, 44.03557669134601], [-69.53722215613779, 44.03537127290987], [-69.53714576879592, 44.03524871704369], [-69.53703779938361, 44.035140598032754], [-69.53690605426067, 44.035055846891076]]}, "properties": {"OBJECTID": 177771, "aadt_type": "A", "priority": 5, "sh_sa_ir": "IR-1500448", "faadt": 2880, "fedfunccls": "Local", "fed_urbrur": "Rural", "capacity": 1000, "jurisdictn": "Townway", "link_id": 5083063, "nhs_status": "Non-fed aid non-NHS", "num_lanes": 2, "offic_miles": "Y", "prim_bmp": 0, "prirtecode": "1500448", "prim_emp": 0.12, "prirtename": "RD INV 15 00448", "segment_id": 60688, "speed_lim": 25, "speedsrc": "Posted", "st_urbrur": "Rural", "strtname": "ACADEMY HL", "townname": "Newcastle", "towncode": "15110", "cntyname": "Lincoln", "cnty_no": "15", "surfc_type": "Flexible", "dot_region": "2", "dot_region_name": "Mid-Coast", "Shape_Length": 263.46034457824027}}, {"type": "Feature", "id": 180084, "geometry": {"type": "LineString", "coordinates": [[-69.53299043807438, 44.03560081802008], [-69.53239261104943, 44.035348997030454]]}, "properties": {"OBJECTID": 180084, "aadt_type": "E", "priority": 5, "sh_sa_ir": "IR-1501622", "faadt": 29, "fedfunccls": "Local", "fed_urbrur": "Rural", "capacity": 1000, "jurisdictn": "Townway", "link_id": 5102898, "nhs_status": "Non-fed aid non-NHS", "num_lanes": 2, "offic_miles": "Y", "prim_bmp": 0, "prirtecode": "1501622", "prim_emp": 0.03, "prirtename": "RD INV 15 01622", "segment_id": 8653, "speed_lim": null, "speedsrc": "Unposted", "st_urbrur": "Rural", "strtname": "F L GLIDDEN", "townname": "Newcastle", "towncode": "15110", "cntyname": "Lincoln", "cnty_no": "15", "surfc_type": "Gravel", "dot_region": "2", "dot_region_name": "Mid-Coast", "Shape_Length": 77.13200066442123}}, {"type": "Feature", "id": 180085, "geometry": {"type": "LineString", "coordinates": [[-69.53348684081217, 44.035074879613894], [-69.53330608809891, 44.03524440238752], [-69.53309815595841, 44.03547692322404], [-69.53299043807438, 44.03560081802008]]}, "properties": {"OBJECTID": 180085, "aadt_type": "E", "priority": 5, "sh_sa_ir": "IR-1500539", "faadt": 138, "fedfunccls": "Local", "fed_urbrur": "Rural", "capacity": 1000, "jurisdictn": "Townway", "link_id": 5102899, "nhs_status": "Non-fed aid non-NHS", "num_lanes": 2, "offic_miles": "Y", "prim_bmp": 0.11, "prirtecode": "1500539", "prim_emp": 0.15, "prirtename": "RD INV 15 00539", "segment_id": 94530, "speed_lim": null, "speedsrc": "Unposted", "st_urbrur": "Rural", "strtname": "GLIDDEN ST", "townname": "Newcastle", "towncode": "15110", "cntyname": "Lincoln", "cnty_no": "15", "surfc_type": "Flexible", "dot_region": "2", "dot_region_name": "Mid-Coast", "Shape_Length": 98.50113347266046}}, {"type": "Feature", "id": 180086, "geometry": {"type": "LineString", "coordinates": [[-69.53189932905893, 44.03700785517636], [-69.5322479355763, 44.036554574213284], [-69.53253371482099, 44.036164474236], [-69.53299043807438, 44.03560081802008]]}, "properties": {"OBJECTID": 180086, "aadt_type": "E", "priority": 5, "sh_sa_ir": "IR-1500539", "faadt": 116, "fedfunccls": "Local", "fed_urbrur": "Rural", "capacity": 1000, "jurisdictn": "Townway", "link_id": 5102900, "nhs_status": "Non-fed aid non-NHS", "num_lanes": 2, "offic_miles": "Y", "prim_bmp": 0.15, "prirtecode": "1500539", "prim_emp": 0.26, "prirtename": "RD INV 15 00539", "segment_id": 10654, "speed_lim": null, "speedsrc": "Unposted", "st_urbrur": "Rural", "strtname": "GLIDDEN ST", "townname": "Newcastle", "towncode": "15110", "cntyname": "Lincoln", "cnty_no": "15", "surfc_type": "Flexible", "dot_region": "2", "dot_region_name": "Mid-Coast", "Shape_Length": 249.48273994647633}}, {"type": "Feature", "id": 185539, "geometry": {"type": "LineString", "coordinates": [[-69.59836033644656, 44.08057748774582], [-69.59863857163953, 44.08048591543982], [-69.5989002463902, 44.080320259827694], [-69.59925126039252, 44.08002361261582]]}, "properties": {"OBJECTID": 185539, "aadt_type": "E", "priority": 5, "sh_sa_ir": "IR-1500583", "faadt": 15, "fedfunccls": "Local", "fed_urbrur": "Rural", "capacity": 1000, "jurisdictn": "Tnwy summer", "link_id": 5099925, "nhs_status": "Non-fed aid non-NHS", "num_lanes": 2, "offic_miles": "Y", "prim_bmp": 0, "prirtecode": "1500583", "prim_emp": 0.06, "prirtename": "RD INV 15 00583", "segment_id": 83468, "speed_lim": null, "speedsrc": "Unposted", "st_urbrur": "Rural", "strtname": "NORTH UPPER DYER NECK RD", "townname": "Newcastle", "towncode": "15110", "cntyname": "Lincoln", "cnty_no": "15", "surfc_type": "Gravel", "dot_region": "2", "dot_region_name": "Mid-Coast", "Shape_Length": 133.22767805079351}}, {"type": "Feature", "id": 185673, "geometry": {"type": "LineString", "coordinates": [[-69.6267637191558, 44.010497534485], [-69.6265964043409, 44.01075590632094], [-69.62644233608313, 44.01094541907409], [-69.62623012077535, 44.01114569414505], [-69.62581008202324, 44.01152533096588], [-69.6252847948558, 44.01198675380565], [-69.62491866849544, 44.01238707011774], [-69.62431953711672, 44.01307686008242], [-69.6239283872858, 44.01351922152153], [-69.6229946675997, 44.014504344076634], [-69.62264644196802, 44.014883577593], [-69.62252078023619, 44.015017919110655]]}, "properties": {"OBJECTID": 185673, "aadt_type": "E", "priority": 5, "sh_sa_ir": "IR-1500611", "faadt": 120, "fedfunccls": "Local", "fed_urbrur": "Rural", "capacity": 1000, "jurisdictn": "Townway", "link_id": 5100071, "nhs_status": "Non-fed aid non-NHS", "num_lanes": 2, "offic_miles": "Y", "prim_bmp": 0.63, "prirtecode": "1500611", "prim_emp": 1.01, "prirtename": "RD INV 15 00611", "segment_id": 15261, "speed_lim": null, "speedsrc": "Unposted", "st_urbrur": "Rural", "strtname": "S NEWCASTLE RD", "townname": "Newcastle", "towncode": "15110", "cntyname": "Lincoln", "cnty_no": "15", "surfc_type": "Flexible", "dot_region": "2", "dot_region_name": "Mid-Coast", "Shape_Length": 845.6162693056989}}, {"type": "Feature", "id": 185674, "geometry": {"type": "LineString", "coordinates": [[-69.61295770109871, 44.016756394895395], [-69.61306072887864, 44.01660487207922], [-69.61314420572474, 44.01645817202152], [-69.61317543296063, 44.016316478872696], [-69.613189930871, 44.01603202562742]]}, "properties": {"OBJECTID": 185674, "aadt_type": "E", "priority": 5, "sh_sa_ir": "IR-1500447", "faadt": 24, "fedfunccls": "Local", "fed_urbrur": "Rural", "capacity": 1000, "jurisdictn": "Townway", "link_id": 5100072, "nhs_status": "Non-fed aid non-NHS", "num_lanes": 2, "offic_miles": "Y", "prim_bmp": 0, "prirtecode": "1500447", "prim_emp": 0.051000000000000004, "prirtename": "RD INV 15 00447", "segment_id": 5006, "speed_lim": null, "speedsrc": "Unposted", "st_urbrur": "Rural", "strtname": "STATION RD", "townname": "Newcastle", "towncode": "15110", "cntyname": "Lincoln", "cnty_no": "15", "surfc_type": "Unimproved", "dot_region": "2", "dot_region_name": "Mid-Coast", "Shape_Length": 116.9137911684517}}, {"type": "Feature", "id": 185675, "geometry": {"type": "LineString", "coordinates": [[-69.613189930871, 44.01603202562742], [-69.61321435067369, 44.0155529467593], [-69.61321136108043, 44.01487545245033], [-69.61318217571517, 44.01434962601812], [-69.61314813226085, 44.01412112077555]]}, "properties": {"OBJECTID": 185675, "aadt_type": "E", "priority": 5, "sh_sa_ir": "IR-1500447", "faadt": 24, "fedfunccls": "Local", "fed_urbrur": "Rural", "capacity": 1000, "jurisdictn": "Townway", "link_id": 5100072, "nhs_status": "Non-fed aid non-NHS", "num_lanes": 2, "offic_miles": "Y", "prim_bmp": 0.051000000000000004, "prirtecode": "1500447", "prim_emp": 0.18, "prirtename": "RD INV 15 00447", "segment_id": 91888, "speed_lim": null, "speedsrc": "Unposted", "st_urbrur": "Rural", "strtname": "STATION RD", "townname": "Newcastle", "towncode": "15110", "cntyname": "Lincoln", "cnty_no": "15", "surfc_type": "Flexible", "dot_region": "2", "dot_region_name": "Mid-Coast", "Shape_Length": 296.1096935144546}}, {"type": "Feature", "id": 185676, "geometry": {"type": "LineString", "coordinates": [[-69.609893543173, 44.05087284583014], [-69.61024361304597, 44.05017699396383]]}, "properties": {"OBJECTID": 185676, "aadt_type": "A", "priority": 5, "sh_sa_ir": "IR-1501196", "faadt": 60, "fedfunccls": "Local", "fed_urbrur": "Rural", "capacity": 1000, "jurisdictn": "Townway", "link_id": 5100073, "nhs_status": "Non-fed aid non-NHS", "num_lanes": 2, "offic_miles": "Y", "prim_bmp": 1.68, "prirtecode": "1501196", "prim_emp": 1.73, "prirtename": "RD INV 15 01196", "segment_id": 28048, "speed_lim": null, "speedsrc": "Unposted", "st_urbrur": "Rural", "strtname": "LOWER DYER NECK", "townname": "Newcastle", "towncode": "15110", "cntyname": "Lincoln", "cnty_no": "15", "surfc_type": "Unimproved", "dot_region": "2", "dot_region_name": "Mid-Coast", "Shape_Length": 114.60542603517555}}, {"type": "Feature", "id": 185677, "geometry": {"type": "LineString", "coordinates": [[-69.53880949900777, 44.041689188788375], [-69.53862182657188, 44.041970215339056], [-69.53840221633268, 44.042225668855146], [-69.53803680323466, 44.04257327541876], [-69.53784446854245, 44.04277714496978], [-69.53761718489409, 44.043061210306355], [-69.53745295669049, 44.04330780368629]]}, "properties": {"OBJECTID": 185677, "aadt_type": "E", "priority": 5, "sh_sa_ir": "IR-1500533", "faadt": 1560, "fedfunccls": "Local", "fed_urbrur": "Rural", "capacity": 1000, "jurisdictn": "Townway", "link_id": 5100075, "nhs_status": "Non-fed aid non-NHS", "num_lanes": 2, "offic_miles": "Y", "prim_bmp": 0.39, "prirtecode": "1500533", "prim_emp": 0.52, "prirtename": "RD INV 15 00533", "segment_id": 48349, "speed_lim": 25, "speedsrc": "Posted", "st_urbrur": "Rural", "strtname": "ACADEMY HL", "townname": "Newcastle", "towncode": "15110", "cntyname": "Lincoln", "cnty_no": "15", "surfc_type": "Flexible", "dot_region": "2", "dot_region_name": "Mid-Coast", "Shape_Length": 293.48608522110493}}, {"type": "Feature", "id": 185747, "geometry": {"type": "LineString", "coordinates": [[-69.55896837131314, 44.08185907473592], [-69.55885200355124, 44.08216042858613], [-69.55873485874662, 44.08252002843995], [-69.55867579182173, 44.082769503293044]]}, "properties": {"OBJECTID": 185747, "aadt_type": "E", "priority": 5, "sh_sa_ir": "IR-1501623", "faadt": 80, "fedfunccls": "Local", "fed_urbrur": "Rural", "capacity": 1000, "jurisdictn": "Townway", "link_id": 5099926, "nhs_status": "Non-fed aid non-NHS", "num_lanes": 2, "offic_miles": "Y", "prim_bmp": 0, "prirtecode": "1501623", "prim_emp": 0.07, "prirtename": "RD INV 15 01623", "segment_id": 65615, "speed_lim": null, "speedsrc": "Unposted", "st_urbrur": "Rural", "strtname": "DUMP RD", "townname": "Newcastle", "towncode": "15110", "cntyname": "Lincoln", "cnty_no": "15", "surfc_type": "Gravel", "dot_region": "2", "dot_region_name": "Mid-Coast", "Shape_Length": 144.91079031827164}}, {"type": "Feature", "id": 185752, "geometry": {"type": "LineString", "coordinates": [[-69.52706507679848, 44.059545497670655], [-69.52688415160867, 44.05937514195648], [-69.52660677520512, 44.05911275560126], [-69.52636318084618, 44.05888649771698], [-69.52617152258536, 44.058765429433336]]}, "properties": {"OBJECTID": 185752, "aadt_type": "E", "priority": 5, "sh_sa_ir": "IR-3200265", "faadt": 23, "fedfunccls": "Local", "fed_urbrur": "Rural", "capacity": 1000, "jurisdictn": "Townway", "link_id": 5099931, "nhs_status": "Non-fed aid non-NHS", "num_lanes": 2, "offic_miles": "Y", "prim_bmp": 0, "prirtecode": "3200265", "prim_emp": 0.07, "prirtename": "RD INV 3200265", "segment_id": 84880, "speed_lim": null, "speedsrc": "Unposted", "st_urbrur": "Rural", "strtname": "OLD AUSTIN RD", "townname": "Newcastle", "towncode": "15110", "cntyname": "Lincoln", "cnty_no": "15", "surfc_type": "Flexible", "dot_region": "2", "dot_region_name": "Mid-Coast", "Shape_Length": 156.96114747186206}}, {"type": "Feature", "id": 186517, "geometry": {"type": "LineString", "coordinates": [[-69.61072798913874, 44.04616410451256], [-69.61062021735577, 44.04639033287914], [-69.61056524944355, 44.04653539242911], [-69.61033263339567, 44.047093091528936], [-69.6102586795899, 44.04722015621193], [-69.61007390242418, 44.047551397228], [-69.60980370266144, 44.04811380660761], [-69.60949540624581, 44.04872072396766], [-69.60921294627607, 44.04919869091715], [-69.60884906839888, 44.04978423191144], [-69.6087951371425, 44.04988861687703]]}, "properties": {"OBJECTID": 186517, "aadt_type": "E", "priority": 5, "sh_sa_ir": "IR-1500598", "faadt": 85, "fedfunccls": "Local", "fed_urbrur": "Rural", "capacity": 1000, "jurisdictn": "Townway", "link_id": 5909287, "nhs_status": "Non-fed aid non-NHS", "num_lanes": 2, "offic_miles": "Y", "prim_bmp": 0.48, "prirtecode": "1500598", "prim_emp": 0.76, "prirtename": "RD INV 15 00598", "segment_id": 67855, "speed_lim": null, "speedsrc": "Unposted", "st_urbrur": "Rural", "strtname": "THE KINGS HWY", "townname": "Newcastle", "towncode": "15110", "cntyname": "Lincoln", "cnty_no": "15", "surfc_type": "Flexible", "dot_region": "2", "dot_region_name": "Mid-Coast", "Shape_Length": 616.3112820587519}}, {"type": "Feature", "id": 190843, "geometry": {"type": "LineString", "coordinates": [[-69.51400617768171, 44.0437401750282], [-69.51408349567821, 44.04373199443433], [-69.51428166941977, 44.043712915417665], [-69.51459185858569, 44.04367091340609], [-69.5149027107083, 44.043633589595636], [-69.51521439646747, 44.04359157848774], [-69.5155277054824, 44.0435496500021], [-69.51584251109055, 44.04350771373821], [-69.51615731669871, 44.04346577679889], [-69.5164748675584, 44.043423826269716], [-69.5167915443573, 44.043381878939456], [-69.51710909521698, 44.043340016814795], [-69.51742705750505, 44.043302473250336], [-69.51806648371418, 44.04321404347511], [-69.51870607431499, 44.04313020079146], [-69.51902723999538, 44.04308813637719], [-69.51934828170825, 44.04304616233455], [-69.51967044631523, 44.04300427220643], [-69.5199938577838, 44.04296219478822], [-69.52031714438658, 44.04292020774179], [-69.52064180361509, 44.042878213562624], [-69.52096596338032, 44.04283622064513], [-69.52129162063711, 44.04279421994914], [-69.52161727699558, 44.042752217931906], [-69.52194189490162, 44.04270571838511], [-69.52226605197188, 44.042663721470994], [-69.5225904587738, 44.04262172258989], [-69.52266683892915, 44.04261078070158]]}, "properties": {"OBJECTID": 190843, "aadt_type": "E", "priority": 1, "sh_sa_ir": "SH-0026", "faadt": 9917, "fedfunccls": "Other Principal Arterial", "fed_urbrur": "Rural", "capacity": 3400, "jurisdictn": "State hwy", "link_id": 3938404, "nhs_status": "NHS - Other", "num_lanes": 2, "offic_miles": "Y", "prim_bmp": 102.58, "prirtecode": "0001X", "prim_emp": 103.02, "prirtename": "US 1", "segment_id": 49616, "speed_lim": 55, "speedsrc": "Posted", "st_urbrur": "Rural", "strtname": "ROUTE 1", "townname": "Newcastle", "towncode": "15110", "cntyname": "Lincoln", "cnty_no": "15", "surfc_type": "Flexible", "dot_region": "2", "dot_region_name": "Mid-Coast", "Shape_Length": 979.8880132001937}}, {"type": "Feature", "id": 192937, "geometry": {"type": "LineString", "coordinates": [[-69.52917939477031, 44.061558662862396], [-69.5292578230845, 44.0615621260938], [-69.52931843151842, 44.06155960338956], [-69.52937433278024, 44.061551493682245], [-69.5293941154794, 44.061547199661845]]}, "properties": {"OBJECTID": 192937, "aadt_type": "E", "priority": 4, "sh_sa_ir": "SA-008", "faadt": 1031, "fedfunccls": "Major Collector", "fed_urbrur": "Rural", "capacity": 900, "jurisdictn": "State aid", "link_id": 3139148, "nhs_status": "Fed aid non-NHS", "num_lanes": 1, "offic_miles": "Y", "prim_bmp": 0.02, "prirtecode": "0215S", "prim_emp": 0.03, "prirtename": "ST RTE 215S", "segment_id": 96464, "speed_lim": 25, "speedsrc": "Posted", "st_urbrur": "Rural", "strtname": "AUSTIN RD", "townname": "Newcastle", "towncode": "15110", "cntyname": "Lincoln", "cnty_no": "15", "surfc_type": "Flexible", "dot_region": "2", "dot_region_name": "Mid-Coast", "Shape_Length": 24.154196786225793}}, {"type": "Feature", "id": 193395, "geometry": {"type": "LineString", "coordinates": [[-69.53433609909862, 44.03935722179259], [-69.53413064091842, 44.039808021615464]]}, "properties": {"OBJECTID": 193395, "aadt_type": "E", "priority": 2, "sh_sa_ir": "SA-002", "faadt": 2516, "fedfunccls": "Major Collector", "fed_urbrur": "Rural", "capacity": 1800, "jurisdictn": "State aid", "link_id": 3561933, "nhs_status": "Fed aid non-NHS", "num_lanes": 2, "offic_miles": "Y", "prim_bmp": 0.33, "prirtecode": "0215X", "prim_emp": 0.36, "prirtename": "ST RTE 215", "segment_id": 60594, "speed_lim": 30, "speedsrc": "Posted", "st_urbrur": "Rural", "strtname": "MILL RD", "townname": "Newcastle", "towncode": "15110", "cntyname": "Lincoln", "cnty_no": "15", "surfc_type": "Flexible", "dot_region": "2", "dot_region_name": "Mid-Coast", "Shape_Length": 73.46011184534218}}, {"type": "Feature", "id": 194183, "geometry": {"type": "LineString", "coordinates": [[-69.54046991713116, 44.066961828188376], [-69.54041845444516, 44.06707307835666], [-69.5402549350123, 44.0673815875594], [-69.54009562867815, 44.06767296990632], [-69.53995565319056, 44.067906999041085], [-69.5398317880893, 44.068086301987925], [-69.53961952876408, 44.06836361847195], [-69.53946252750693, 44.06853821537257], [-69.53930535287493, 44.06869381566021], [-69.5390680907404, 44.06894099810791], [-69.53893386267403, 44.06907983329731], [-69.53876063514788, 44.06928313656837], [-69.53862746439859, 44.06953865042646], [-69.53854667531184, 44.069731973712855], [-69.53849229849106, 44.069932375464326], [-69.53845807806862, 44.070165994208715], [-69.53845329543805, 44.0703685031008], [-69.53847111980991, 44.07051634443608], [-69.53848552160056, 44.07064484462861], [-69.53853697530339, 44.07085186015356], [-69.53859788287629, 44.071013543897045], [-69.53872722680246, 44.07128564654117], [-69.53884730999638, 44.07155554190894], [-69.53890168771548, 44.07172680035757], [-69.53893962626488, 44.07190290727857], [-69.53894956253025, 44.07213091610514], [-69.53891459920106, 44.07242017944267], [-69.53887488468236, 44.072777711254524], [-69.5388347147178, 44.073085185839645], [-69.53879687947466, 44.07327830715007], [-69.53874862197759, 44.073423848778276], [-69.53869069321817, 44.07359086482275], [-69.53859070354054, 44.07379976426156]]}, "properties": {"OBJECTID": 194183, "aadt_type": "A", "priority": 4, "sh_sa_ir": "SA-002", "faadt": 2544, "fedfunccls": "Major Collector", "fed_urbrur": "Rural", "capacity": 1800, "jurisdictn": "State aid", "link_id": 3942530, "nhs_status": "Fed aid non-NHS", "num_lanes": 2, "offic_miles": "Y", "prim_bmp": 3.35, "prirtecode": "0215X", "prim_emp": 3.85, "prirtename": "ST RTE 215", "segment_id": 21349, "speed_lim": 45, "speedsrc": "Posted", "st_urbrur": "Rural", "strtname": "POND RD", "townname": "Newcastle", "towncode": "15110", "cntyname": "Lincoln", "cnty_no": "15", "surfc_type": "Flexible", "dot_region": "2", "dot_region_name": "Mid-Coast", "Shape_Length": 1124.7465441422585}}, {"type": "Feature", "id": 194412, "geometry": {"type": "LineString", "coordinates": [[-69.58311299936386, 44.01633807712851], [-69.58253416272402, 44.01689368055957], [-69.58133737050866, 44.01805989076596], [-69.58107344817313, 44.018317621128865]]}, "properties": {"OBJECTID": 194412, "aadt_type": "A", "priority": 1, "sh_sa_ir": "SH-0026", "faadt": 13615, "fedfunccls": "Other Principal Arterial", "fed_urbrur": "Rural", "capacity": 2400, "jurisdictn": "State hwy", "link_id": 3130608, "nhs_status": "NHS - Other", "num_lanes": 2, "offic_miles": "Y", "prim_bmp": 98.91, "prirtecode": "0001X", "prim_emp": 99.08, "prirtename": "US 1", "segment_id": 28159, "speed_lim": 55, "speedsrc": "Posted", "st_urbrur": "Rural", "strtname": "ROUTE 1", "townname": "Newcastle", "towncode": "15110", "cntyname": "Lincoln", "cnty_no": "15", "surfc_type": "Flexible", "dot_region": "2", "dot_region_name": "Mid-Coast", "Shape_Length": 381.3765055401529}}, {"type": "Feature", "id": 194519, "geometry": {"type": "LineString", "coordinates": [[-69.58164949913727, 44.09548528848109], [-69.58172778551766, 44.09574198917594], [-69.58180136472595, 44.09603459249343], [-69.58188094737528, 44.096489594278914], [-69.58194575812807, 44.09724082719525], [-69.58199635932974, 44.0972551994873]]}, "properties": {"OBJECTID": 194519, "aadt_type": "E", "priority": 5, "sh_sa_ir": "IR-1501618", "faadt": 28, "fedfunccls": "Local", "fed_urbrur": "Rural", "capacity": 1000, "jurisdictn": "Townway", "link_id": 5093012, "nhs_status": "Non-fed aid non-NHS", "num_lanes": 2, "offic_miles": "Y", "prim_bmp": 0, "prirtecode": "1501618", "prim_emp": 0.13, "prirtename": "RD INV 15 01618", "segment_id": 53194, "speed_lim": null, "speedsrc": "Unposted", "st_urbrur": "Rural", "strtname": "HAPPY VALLEY RD", "townname": "Newcastle", "towncode": "15110", "cntyname": "Lincoln", "cnty_no": "15", "surfc_type": "Gravel", "dot_region": "2", "dot_region_name": "Mid-Coast", "Shape_Length": 280.62783962504443}}, {"type": "Feature", "id": 194520, "geometry": {"type": "LineString", "coordinates": [[-69.58607499099399, 44.097870660358595], [-69.58596321092824, 44.098012153972384], [-69.58579139465542, 44.09816841477863], [-69.58570843703556, 44.098326443451576], [-69.5856349773032, 44.09843427486532], [-69.5855103639053, 44.098549166272335], [-69.58528962178886, 44.09869029893166], [-69.58512164401725, 44.0987914565918], [-69.58492880357352, 44.09889269665371], [-69.58473088764845, 44.098979691760526], [-69.58465218175483, 44.09906247478978], [-69.58465341693834, 44.099187795159075], [-69.58462538590821, 44.09936701493438], [-69.58464434575059, 44.099782376408946]]}, "properties": {"OBJECTID": 194520, "aadt_type": "E", "priority": 5, "sh_sa_ir": "IR-3200927", "faadt": 39, "fedfunccls": "Local", "fed_urbrur": "Rural", "capacity": 1000, "jurisdictn": "Townway", "link_id": 5093013, "nhs_status": "Non-fed aid non-NHS", "num_lanes": 2, "offic_miles": "Y", "prim_bmp": 0, "prirtecode": "3200927", "prim_emp": 0.16, "prirtename": "RD INV 3200927", "segment_id": 82534, "speed_lim": null, "speedsrc": "Unposted", "st_urbrur": "Rural", "strtname": "HIGH GROUND RD", "townname": "Newcastle", "towncode": "15110", "cntyname": "Lincoln", "cnty_no": "15", "surfc_type": "Gravel", "dot_region": "2", "dot_region_name": "Mid-Coast", "Shape_Length": 360.5089267543316}}, {"type": "Feature", "id": 194521, "geometry": {"type": "LineString", "coordinates": [[-69.56046204415348, 44.09627684150521], [-69.56078953038022, 44.09624840417612], [-69.56088023956265, 44.09623611997345], [-69.5609619036085, 44.09621865783401], [-69.56114159810636, 44.096190314668135], [-69.56132854919508, 44.096163151460196], [-69.56140843906825, 44.096149659526844], [-69.56149376374889, 44.09613618500931], [-69.56158091200953, 44.09612400723245], [-69.56166437448258, 44.09611175784179], [-69.56175873082508, 44.09609553821765], [-69.561840457753, 44.096078119906686], [-69.56192569439874, 44.096061989948694], [-69.56201278067563, 44.096043194884125], [-69.56209616858851, 44.09602315726008], [-69.56217241130163, 44.09600707115714], [-69.5622504272891, 44.095993587575045], [-69.56231211549797, 44.095977573075466], [-69.56242809698432, 44.095949496885325], [-69.56248438721664, 44.095937380359125], [-69.56254062983827, 44.09592008716031], [-69.56260941383957, 44.09589485411292], [-69.5627438080943, 44.09587848152902], [-69.56283099318587, 44.09587021910781], [-69.56290904510597, 44.09586717852099], [-69.56298361246105, 44.095865550810274], [-69.56306903595639, 44.09586247344973], [-69.5631543956713, 44.09585939673423], [-69.56324173078153, 44.09585378909882], [-69.56334161984789, 44.09585460263176], [-69.56342891543224, 44.095858043211564], [-69.56351430119832, 44.095857621929284], [-69.56359979925381, 44.09585589486531], [-69.56369068091277, 44.09585544648672], [-69.56394116714661, 44.09582278903288], [-69.56403025037838, 44.09581712720145], [-69.56412110778285, 44.09581406725742], [-69.5642064809725, 44.09581234019222], [-69.56428646966035, 44.0958093344405], [-69.56437189225734, 44.09580625643192], [-69.56446461097107, 44.09580188231756], [-69.56455546747722, 44.095798777212316], [-69.56464075263199, 44.095794439225806], [-69.56473522036559, 44.095790056078464], [-69.56490791519074, 44.0957878967622], [-69.56509879820547, 44.09578695226288], [-69.56527698892356, 44.09579129283057], [-69.56537151864089, 44.09578690903788], [-69.56546419962538, 44.09578514455313], [-69.56553869152201, 44.09578212009072], [-69.56567134843495, 44.09578020270533], [-69.56576958729612, 44.0957914657307], [-69.56583346110608, 44.09580821058999], [-69.56585986349059, 44.095819198776326]]}, "properties": {"OBJECTID": 194521, "aadt_type": "E", "priority": 5, "sh_sa_ir": "IR-3200009", "faadt": 51, "fedfunccls": "Local", "fed_urbrur": "Rural", "capacity": 1000, "jurisdictn": "Townway", "link_id": 5093014, "nhs_status": "Non-fed aid non-NHS", "num_lanes": 2, "offic_miles": "Y", "prim_bmp": 0, "prirtecode": "3200009", "prim_emp": 0.27, "prirtename": "RD INV 3200009", "segment_id": 62546, "speed_lim": null, "speedsrc": "Unposted", "st_urbrur": "Rural", "strtname": "E HASSAN AV", "townname": "Newcastle", "towncode": "15110", "cntyname": "Lincoln", "cnty_no": "15", "surfc_type": "Flexible", "dot_region": "2", "dot_region_name": "Mid-Coast", "Shape_Length": 611.0518909458799}}, {"type": "Feature", "id": 194522, "geometry": {"type": "LineString", "coordinates": [[-69.59836033644656, 44.08057748774582], [-69.59793662358493, 44.080683064528266], [-69.5973969085757, 44.08091565415189], [-69.59678451626674, 44.081143938646704], [-69.595795599598, 44.08154524818457], [-69.5948925474974, 44.08191008839692], [-69.59389596011445, 44.082277613376895], [-69.59362396372116, 44.0824250616596], [-69.59287440585483, 44.08292909083826], [-69.59243614118391, 44.083168647835045], [-69.59180052023832, 44.083420209384855], [-69.59140204913784, 44.08358653902658], [-69.59111042545389, 44.08379616138265], [-69.59092834592896, 44.08389339411971], [-69.59075266061221, 44.083980554544276], [-69.5905002645601, 44.084065815788314], [-69.59016373679003, 44.084131433391995], [-69.58996977974043, 44.08419631401737], [-69.5898791478131, 44.08425156770524], [-69.5897185056841, 44.0843947851684], [-69.58937558729912, 44.084873777916414], [-69.58872293429575, 44.08530030037752], [-69.58819073099892, 44.08568118247409], [-69.58782970976434, 44.08591712843512], [-69.58739332436899, 44.08611744634073], [-69.58684873330441, 44.08639034610846], [-69.58611862126904, 44.08684426194142], [-69.58595639271525, 44.08698014442548], [-69.5858402522271, 44.08711578979267], [-69.58564079299636, 44.08740933203104], [-69.5855264203927, 44.087711620303374], [-69.58520100568101, 44.08801395477822], [-69.58490403702115, 44.08820531104694], [-69.58471797077299, 44.08833766744286], [-69.58459375173548, 44.088490685081865], [-69.58451451224259, 44.08868916440776], [-69.5844419616053, 44.08893262620624], [-69.58440010460463, 44.08912191027433], [-69.58427584963452, 44.08934762996908], [-69.58393767884583, 44.08985305125362], [-69.58379145737209, 44.090106387744704], [-69.58366544439897, 44.09039513866239], [-69.58356221629474, 44.0908224245905], [-69.5835075960305, 44.091251263007194], [-69.5833089560633, 44.09185320635308], [-69.58316535587356, 44.09218980888475], [-69.58300101627886, 44.092475423705025], [-69.58246160400189, 44.09325210309763], [-69.58229790310934, 44.09360343795085], [-69.58185946865684, 44.09435402946439], [-69.58150933141023, 44.09480988676054], [-69.58141744453644, 44.09489878528833], [-69.58108391174954, 44.095111781728264]]}, "properties": {"OBJECTID": 194522, "aadt_type": "E", "priority": 5, "sh_sa_ir": "IR-1500583", "faadt": 181, "fedfunccls": "Local", "fed_urbrur": "Rural", "capacity": 1000, "jurisdictn": "Townway", "link_id": 5093015, "nhs_status": "Non-fed aid non-NHS", "num_lanes": 2, "offic_miles": "Y", "prim_bmp": 0.06, "prirtecode": "1500583", "prim_emp": 1.45, "prirtename": "RD INV 15 00583", "segment_id": 96795, "speed_lim": null, "speedsrc": "Unposted", "st_urbrur": "Rural", "strtname": "NORTH UPPER DYER NECK RD", "townname": "Newcastle", "towncode": "15110", "cntyname": "Lincoln", "cnty_no": "15", "surfc_type": "Unimproved", "dot_region": "2", "dot_region_name": "Mid-Coast", "Shape_Length": 3121.99621949998}}, {"type": "Feature", "id": 194523, "geometry": {"type": "LineString", "coordinates": [[-69.59967023464104, 44.05398426668068], [-69.59932561305028, 44.054323055692684], [-69.59894195427054, 44.05470023971349], [-69.59841416619334, 44.05518851371361], [-69.59805907383964, 44.05551364033878], [-69.59694687417793, 44.05655556859821], [-69.5959315919556, 44.05747277822373], [-69.59520053579087, 44.058126724970855], [-69.59464360906081, 44.05863624627668], [-69.59431348807537, 44.05899679408926], [-69.59394414394967, 44.059530635930315], [-69.59342913620402, 44.06030058175257], [-69.59285978307864, 44.06114985682712], [-69.59252608140847, 44.06161076107342], [-69.59196788625722, 44.062252895662226], [-69.59129162373154, 44.063010431709685], [-69.59085144295412, 44.06349403023647], [-69.59070100748337, 44.06367208524356], [-69.5906392312396, 44.06377684400274], [-69.59056118650605, 44.06389429112519], [-69.59044416746556, 44.06409297109461], [-69.59027193347613, 44.06439097237024], [-69.59004703305821, 44.06468924647854], [-69.58993095006227, 44.06478888278254], [-69.58963779205583, 44.06509187466944], [-69.58928261615877, 44.065395456266394], [-69.58871958447804, 44.06578473893619], [-69.58819028902779, 44.06613787707706], [-69.58777771886895, 44.06645241790542], [-69.5874412270315, 44.06677075304968], [-69.5871632586382, 44.06708036756973], [-69.58700776924567, 44.06734294000652], [-69.5868701266829, 44.06763495186415], [-69.58672758920012, 44.068028276475836], [-69.58657505526489, 44.06859055593821], [-69.58650143653072, 44.068817549333495], [-69.58634774556539, 44.06928831427886], [-69.58618136320172, 44.06963111682066], [-69.58598521336451, 44.06993135051857], [-69.58575161635633, 44.07029034312431], [-69.58550916285778, 44.07064303292333], [-69.58503313840221, 44.07124698733822], [-69.58477693528991, 44.07158142365429], [-69.58459019350865, 44.07179846043486], [-69.58422727682881, 44.07219646562427], [-69.58379317225597, 44.072657856981984], [-69.58309410869175, 44.07336571620027], [-69.58282916497174, 44.073664179361955], [-69.58190895684582, 44.0747707482212], [-69.58151552170085, 44.07525825844127], [-69.58123237002835, 44.07564387379328], [-69.58103634505694, 44.075961474124504], [-69.58087071907475, 44.076392947516034], [-69.58072964135432, 44.0769340476196], [-69.58066145383438, 44.077413148529246], [-69.58066196856903, 44.07779785990659], [-69.58064933915445, 44.07819213661979], [-69.58061285407919, 44.07850338863304], [-69.58057044730955, 44.07888593169783], [-69.58053175956523, 44.079304064808795], [-69.580497545431, 44.07951559314781], [-69.58037866957282, 44.08009304274224], [-69.58033003568165, 44.08037686714074]]}, "properties": {"OBJECTID": 194523, "aadt_type": "A", "priority": 5, "sh_sa_ir": "IR-1500579", "faadt": 420, "fedfunccls": "Local", "fed_urbrur": "Rural", "capacity": 1000, "jurisdictn": "Townway", "link_id": 5093016, "nhs_status": "Non-fed aid non-NHS", "num_lanes": 2, "offic_miles": "Y", "prim_bmp": 0.5, "prirtecode": "1500579", "prim_emp": 2.6, "prirtename": "RD INV 15 00579", "segment_id": 37577, "speed_lim": 35, "speedsrc": "Posted", "st_urbrur": "Rural", "strtname": "N NEWCASTLE RD", "townname": "Newcastle", "towncode": "15110", "cntyname": "Lincoln", "cnty_no": "15", "surfc_type": "Flexible", "dot_region": "2", "dot_region_name": "Mid-Coast", "Shape_Length": 4714.133559384466}}, {"type": "Feature", "id": 194524, "geometry": {"type": "LineString", "coordinates": [[-69.6061600747836, 44.04941975665502], [-69.6060606393665, 44.04955862148473], [-69.60590129260812, 44.05000698125355], [-69.60573001981605, 44.05043429091609], [-69.60558654898372, 44.05071366252374], [-69.60539716166394, 44.05108619189118], [-69.60521309326897, 44.051403771628486], [-69.60503520797809, 44.051755126451425], [-69.6049503800658, 44.05190701329571], [-69.60486195709576, 44.05208853981853], [-69.6047654286269, 44.05223900285088], [-69.60462941470975, 44.0523613589391], [-69.60446159683825, 44.05244998488635], [-69.60427607946072, 44.052510613965616], [-69.60403053665591, 44.052541488235796], [-69.60337471439621, 44.052550581167225], [-69.60286446772157, 44.05258928808979], [-69.60252137865669, 44.05265497739772], [-69.6019375491805, 44.05280580053733], [-69.60120207689782, 44.05301233935933], [-69.60071189678999, 44.05316689517825], [-69.60049044500447, 44.05326092951649], [-69.60028689574423, 44.05339709572016], [-69.59999108321614, 44.053668841620805], [-69.59967023464104, 44.05398426668068]]}, "properties": {"OBJECTID": 194524, "aadt_type": "A", "priority": 5, "sh_sa_ir": "IR-1500579", "faadt": 420, "fedfunccls": "Local", "fed_urbrur": "Rural", "capacity": 1000, "jurisdictn": "Townway", "link_id": 5093016, "nhs_status": "Non-fed aid non-NHS", "num_lanes": 2, "offic_miles": "Y", "prim_bmp": 0, "prirtecode": "1500579", "prim_emp": 0.5, "prirtename": "RD INV 15 00579", "segment_id": 65690, "speed_lim": 25, "speedsrc": "Posted", "st_urbrur": "Rural", "strtname": "N NEWCASTLE RD", "townname": "Newcastle", "towncode": "15110", "cntyname": "Lincoln", "cnty_no": "15", "surfc_type": "Flexible", "dot_region": "2", "dot_region_name": "Mid-Coast", "Shape_Length": 1121.9259292741237}}, {"type": "Feature", "id": 194525, "geometry": {"type": "LineString", "coordinates": [[-69.58033003568165, 44.08037686714074], [-69.58030328564911, 44.08053296997956], [-69.58022317119715, 44.08076372814769], [-69.58007921976612, 44.08099823144701], [-69.57993065818107, 44.081171310089445], [-69.57974779083361, 44.08133605408059], [-69.57949567415756, 44.08149646761198], [-69.57933189600989, 44.08158751178524], [-69.57912847700538, 44.08167641599131], [-69.57835696161857, 44.081951055327835], [-69.57813054843771, 44.082037688177685], [-69.57790110973102, 44.08215994461227], [-69.57766879282212, 44.08232025395289], [-69.57754154646213, 44.08245149102386], [-69.5774341879042, 44.082592125862355], [-69.5773567692964, 44.0827611499901], [-69.57723105007237, 44.08304197003018], [-69.57708847306374, 44.083287311560454], [-69.57685399390996, 44.08356633973287], [-69.57661895780072, 44.083788378652834], [-69.57629518431106, 44.08403697445096], [-69.5759978230874, 44.08428543627778], [-69.57583809634167, 44.08446198719848], [-69.57570156589323, 44.084647874023695], [-69.57559116563975, 44.084817063274386], [-69.5754944143887, 44.08503363144256], [-69.57526957775119, 44.08562605917366], [-69.57515625976968, 44.08583087099936], [-69.57502920744578, 44.085983487321066], [-69.5748526920857, 44.086122127022364], [-69.5747034684423, 44.086228486927375]]}, "properties": {"OBJECTID": 194525, "aadt_type": "A", "priority": 5, "sh_sa_ir": "IR-1500579", "faadt": 420, "fedfunccls": "Local", "fed_urbrur": "Rural", "capacity": 1000, "jurisdictn": "Townway", "link_id": 5093016, "nhs_status": "Non-fed aid non-NHS", "num_lanes": 2, "offic_miles": "Y", "prim_bmp": 2.6, "prirtecode": "1500579", "prim_emp": 3.11, "prirtename": "RD INV 15 00579", "segment_id": 75411, "speed_lim": 25, "speedsrc": "Posted", "st_urbrur": "Rural", "strtname": "N NEWCASTLE RD", "townname": "Newcastle", "towncode": "15110", "cntyname": "Lincoln", "cnty_no": "15", "surfc_type": "Flexible", "dot_region": "2", "dot_region_name": "Mid-Coast", "Shape_Length": 1144.4241391559644}}, {"type": "Feature", "id": 194533, "geometry": {"type": "LineString", "coordinates": [[-69.6061600747836, 44.04941975665502], [-69.60585581000699, 44.0493855640236], [-69.6056336377726, 44.04936387321214], [-69.60471014899927, 44.04936304741804], [-69.60359238157945, 44.04935466034505], [-69.60293631767296, 44.04934383591848], [-69.60120752518002, 44.049270043170395]]}, "properties": {"OBJECTID": 194533, "aadt_type": "E", "priority": 5, "sh_sa_ir": "IR-1501174", "faadt": 279, "fedfunccls": "Local", "fed_urbrur": "Rural", "capacity": 1000, "jurisdictn": "Townway", "link_id": 5093023, "nhs_status": "Non-fed aid non-NHS", "num_lanes": 2, "offic_miles": "Y", "prim_bmp": 0, "prirtecode": "1501174", "prim_emp": 0.25, "prirtename": "RD INV 15 01174", "segment_id": 96811, "speed_lim": 25, "speedsrc": "Posted", "st_urbrur": "Rural", "strtname": "W OLD COUNTY RD", "townname": "Newcastle", "towncode": "15110", "cntyname": "Lincoln", "cnty_no": "15", "surfc_type": "Flexible", "dot_region": "2", "dot_region_name": "Mid-Coast", "Shape_Length": 552.319112843556}}, {"type": "Feature", "id": 194535, "geometry": {"type": "LineString", "coordinates": [[-69.61314812058275, 44.01412112077555], [-69.61309661926919, 44.01373837177864], [-69.61303915673541, 44.01315840658446], [-69.61295926596392, 44.012324105173064], [-69.61291754730382, 44.01212422688707], [-69.61280843882773, 44.01189893305431], [-69.61268736928363, 44.01168234669922], [-69.61241012044086, 44.01130792855122], [-69.61234173978312, 44.011199650222174], [-69.61230085206464, 44.01107414479906], [-69.61229920545273, 44.01091406312162], [-69.612344947667, 44.01074513751218], [-69.61241072500705, 44.0105932840498], [-69.61261315855968, 44.01024918419907], [-69.6127521369173, 44.00989968042633], [-69.61284047724234, 44.009627625864155], [-69.61287722821893, 44.009358692616864], [-69.61284698463824, 44.00911589656085], [-69.61279304889028, 44.008878916970694], [-69.61273565822172, 44.008681967472114], [-69.61266269256276, 44.00851942286154], [-69.61257819253558, 44.00839125240885], [-69.61243009807447, 44.00823764520789], [-69.6122896940905, 44.0080712395424], [-69.61221693594239, 44.00792867220004], [-69.61220386365835, 44.007808707992545], [-69.6122300261927, 44.00765991086811], [-69.61230361168919, 44.007493681908784], [-69.61241268423268, 44.00731871766612], [-69.61255932432134, 44.00716034387493], [-69.61270281042505, 44.007031293058134], [-69.61290256520152, 44.006877792821655], [-69.61311548928005, 44.00672893004217], [-69.61339739948083, 44.00653448165332], [-69.61355817006891, 44.00640774066098], [-69.61364942273208, 44.00632585018419], [-69.6136979587069, 44.00623747248971], [-69.61370990270693, 44.00611590634286], [-69.61364935086688, 44.00600188737512], [-69.61354335684987, 44.0059000509645], [-69.61337058117634, 44.005793809705324], [-69.61317141389804, 44.00568054350841], [-69.61301171410179, 44.00555508197418], [-69.61288466357455, 44.00540332571308], [-69.61277317276631, 44.00515139387764], [-69.6127139926537, 44.004912335321805], [-69.61261405597666, 44.00450784938544], [-69.61252812762815, 44.00417487515405], [-69.61233826779456, 44.00368274511828], [-69.61223964086119, 44.003436731231204]]}, "properties": {"OBJECTID": 194535, "aadt_type": "A", "priority": 5, "sh_sa_ir": "IR-1500447", "faadt": 110, "fedfunccls": "Local", "fed_urbrur": "Rural", "capacity": 1000, "jurisdictn": "Townway", "link_id": 5093026, "nhs_status": "Non-fed aid non-NHS", "num_lanes": 2, "offic_miles": "Y", "prim_bmp": 0.18, "prirtecode": "1500447", "prim_emp": 0.98, "prirtename": "RD INV 15 00447", "segment_id": 91711, "speed_lim": null, "speedsrc": "Unposted", "st_urbrur": "Rural", "strtname": "STATION RD", "townname": "Newcastle", "towncode": "15110", "cntyname": "Lincoln", "cnty_no": "15", "surfc_type": "Flexible", "dot_region": "2", "dot_region_name": "Mid-Coast", "Shape_Length": 1797.5422510178264}}, {"type": "Feature", "id": 194538, "geometry": {"type": "LineString", "coordinates": [[-69.61314813226085, 44.01412112077555], [-69.61298242543027, 44.01418489911405], [-69.61276569518986, 44.01429756957502], [-69.61235204256111, 44.01451415994599], [-69.61202135833199, 44.01471319743965], [-69.61174975989233, 44.01488328687872], [-69.6116318730793, 44.01497539350153], [-69.61156952730363, 44.01507580081776], [-69.61152399349852, 44.015270429226256], [-69.61147796023009, 44.01541644162059], [-69.61137304329311, 44.01561138804683], [-69.61128308510224, 44.015726213513155], [-69.61114562849075, 44.0158384566096], [-69.61080701034102, 44.01603748836641], [-69.61062999731428, 44.01616137663937], [-69.6104544683044, 44.01634983914008]]}, "properties": {"OBJECTID": 194538, "aadt_type": "E", "priority": 5, "sh_sa_ir": "IR-1500442", "faadt": 115, "fedfunccls": "Local", "fed_urbrur": "Rural", "capacity": 1000, "jurisdictn": "Townway", "link_id": 5093037, "nhs_status": "Non-fed aid non-NHS", "num_lanes": 2, "offic_miles": "Y", "prim_bmp": 0.48, "prirtecode": "1500442", "prim_emp": 0.6930000000000001, "prirtename": "RD INV 15 00442", "segment_id": 17290, "speed_lim": null, "speedsrc": "Unposted", "st_urbrur": "Rural", "strtname": "ISLAND RD", "townname": "Newcastle", "towncode": "15110", "cntyname": "Lincoln", "cnty_no": "15", "surfc_type": "Flexible", "dot_region": "2", "dot_region_name": "Mid-Coast", "Shape_Length": 473.0724353345818}}, {"type": "Feature", "id": 194539, "geometry": {"type": "LineString", "coordinates": [[-69.6104544683044, 44.01634983914008], [-69.61041058650108, 44.01639695434866], [-69.61022274518191, 44.01662092873171], [-69.61013387125759, 44.0168357760785], [-69.61011966799462, 44.01699593350493], [-69.61019782861088, 44.017281375683034], [-69.61019568702724, 44.01745578468932], [-69.61011453951267, 44.0176577600149], [-69.60992340856293, 44.01794464087565], [-69.6098420104184, 44.01812230827559], [-69.6097725553756, 44.01830274839788], [-69.60974268279914, 44.01848014082391], [-69.60975978762046, 44.01860299169938], [-69.60982116950382, 44.01879133209985], [-69.60984252605137, 44.018945581856215], [-69.60973622031898, 44.01921310214335], [-69.60970094437609, 44.019429418751336], [-69.60971129835805, 44.01966664945871], [-69.60970882888932, 44.01981530987377], [-69.60965539260467, 44.02001281540639], [-69.60950682832464, 44.02020515701242], [-69.60941712615364, 44.02033996707727], [-69.60937897739846, 44.02048310017008], [-69.60940397481788, 44.020603028405375], [-69.60951476044862, 44.02073586865494], [-69.60974036963727, 44.02095714007763], [-69.60976528081842, 44.02106851478559], [-69.60971504163784, 44.02119456169108], [-69.60956996821102, 44.02133826568858], [-69.60945658105923, 44.02148751748727], [-69.60930408125998, 44.02167983428454], [-69.60913104058342, 44.021803699141465], [-69.60882988667264, 44.02200366817944], [-69.60869632425788, 44.02214477090213], [-69.60873193078079, 44.02223461574981], [-69.60882101940247, 44.02240520683352], [-69.60889297625334, 44.02262090654242], [-69.60890238161439, 44.02281443081073]]}, "properties": {"OBJECTID": 194539, "aadt_type": "E", "priority": 5, "sh_sa_ir": "IR-1500442", "faadt": 115, "fedfunccls": "Local", "fed_urbrur": "Rural", "capacity": 1000, "jurisdictn": "Townway", "link_id": 5093037, "nhs_status": "Non-fed aid non-NHS", "num_lanes": 2, "offic_miles": "Y", "prim_bmp": 0.6930000000000001, "prirtecode": "1500442", "prim_emp": 1.18, "prirtename": "RD INV 15 00442", "segment_id": 32232, "speed_lim": null, "speedsrc": "Unposted", "st_urbrur": "Rural", "strtname": "ISLAND RD", "townname": "Newcastle", "towncode": "15110", "cntyname": "Lincoln", "cnty_no": "15", "surfc_type": "Unimproved", "dot_region": "2", "dot_region_name": "Mid-Coast", "Shape_Length": 1086.0331957263725}}, {"type": "Feature", "id": 194540, "geometry": {"type": "LineString", "coordinates": [[-69.62252076765976, 44.015017919110655], [-69.62243435511932, 44.01508913874586], [-69.62231872128102, 44.01514217775027], [-69.62216644246732, 44.01516396701229], [-69.62200308113795, 44.01516747688646], [-69.62177038783496, 44.01513730346127], [-69.62080832540332, 44.015014135956825], [-69.61984891479842, 44.01493548687266], [-69.61902736145365, 44.014845611583155], [-69.61843136160198, 44.01479642977528], [-69.61745009318957, 44.01471001830787], [-69.61665913017517, 44.014627820798445], [-69.6160486126502, 44.01457870535153], [-69.61552182170298, 44.01455010407712], [-69.6151441151603, 44.014541658455094], [-69.61488594833081, 44.014506358416654], [-69.6145001300011, 44.01441672538672], [-69.61411045071233, 44.01430352152465], [-69.61366776812683, 44.01419553550619], [-69.61342621384189, 44.01414734999862], [-69.61327886857572, 44.014126135984775], [-69.61314813226085, 44.01412112077555]]}, "properties": {"OBJECTID": 194540, "aadt_type": "E", "priority": 5, "sh_sa_ir": "IR-1500442", "faadt": 120, "fedfunccls": "Local", "fed_urbrur": "Rural", "capacity": 1000, "jurisdictn": "Townway", "link_id": 5093039, "nhs_status": "Non-fed aid non-NHS", "num_lanes": 2, "offic_miles": "Y", "prim_bmp": 0, "prirtecode": "1500442", "prim_emp": 0.48, "prirtename": "RD INV 15 00442", "segment_id": 82358, "speed_lim": null, "speedsrc": "Unposted", "st_urbrur": "Rural", "strtname": "COCHRAN RD", "townname": "Newcastle", "towncode": "15110", "cntyname": "Lincoln", "cnty_no": "15", "surfc_type": "Flexible", "dot_region": "2", "dot_region_name": "Mid-Coast", "Shape_Length": 1067.9510813200052}}, {"type": "Feature", "id": 194541, "geometry": {"type": "LineString", "coordinates": [[-69.59381864750783, 43.99467103081752], [-69.59345718969203, 43.994962317839594], [-69.5930661440657, 43.99528855497021], [-69.59282641605573, 43.99553973639551], [-69.5925201300697, 43.99591683385969], [-69.59200235191972, 43.9966503228422], [-69.5915598975063, 43.99734143575425], [-69.59123610425374, 43.99786016435653], [-69.59090184472977, 43.998387967696196], [-69.59073771623916, 43.99865294289656], [-69.59055145954814, 43.99901842120444], [-69.59021063244114, 43.999741902325], [-69.59003729801549, 44.00012188999773], [-69.58990701445153, 44.00039208189836], [-69.58975071118535, 44.000589308995906], [-69.58928165226648, 44.00113985239189], [-69.58878745129945, 44.001722000285085], [-69.58843784405886, 44.00219426070667], [-69.58829523381256, 44.00249190268018], [-69.58824036740994, 44.00270681930596], [-69.5882237135429, 44.00294903614238], [-69.5882269636476, 44.00327794387287], [-69.58816569854521, 44.0034791992062], [-69.58805964164615, 44.00363507316219], [-69.58785898406282, 44.00381877714275], [-69.58760228867374, 44.00409419054028], [-69.58738303326909, 44.004323691359005], [-69.58719479489456, 44.00461607467037], [-69.586959193745, 44.00510605759954], [-69.58665624859351, 44.005838417268905], [-69.58632868960326, 44.0065777182346], [-69.58623621343467, 44.00687741419594], [-69.58617596522518, 44.00718288750216], [-69.58617422878174, 44.00764879065914], [-69.5861792216181, 44.008155796023715], [-69.58617759027753, 44.00863995742997], [-69.58616720934612, 44.00886387324095], [-69.58607486433154, 44.00912920223249], [-69.58581969428181, 44.00956901586513], [-69.58542638939255, 44.01011458959722], [-69.58520102993555, 44.010563766005546], [-69.58510673467848, 44.010824242468736], [-69.58504128252858, 44.011244760886534], [-69.58494534425286, 44.01178886361851], [-69.58484107679783, 44.01212278746118], [-69.58461234955682, 44.0126812097193], [-69.58433275072126, 44.01321250360749], [-69.5840645056926, 44.013605778146236], [-69.58372693048692, 44.014032305051295], [-69.58343987293956, 44.014449398047894], [-69.58322745910411, 44.014738314577436], [-69.58302786782102, 44.01503619595253], [-69.58293496405433, 44.01524678396531], [-69.58290565382323, 44.015484498483545], [-69.58293372348093, 44.01589825425942], [-69.58298164770302, 44.01607430628369], [-69.58302889729032, 44.01617647084555], [-69.58311301194027, 44.01633809521693]]}, "properties": {"OBJECTID": 194541, "aadt_type": "A", "priority": 5, "sh_sa_ir": "IR-1500451", "faadt": 210, "fedfunccls": "Local", "fed_urbrur": "Rural", "capacity": 1000, "jurisdictn": "Townway", "link_id": 5093040, "nhs_status": "Non-fed aid non-NHS", "num_lanes": 2, "offic_miles": "Y", "prim_bmp": 0.17, "prirtecode": "1500451", "prim_emp": 1.79, "prirtename": "RD INV 15 00451", "segment_id": 9551, "speed_lim": null, "speedsrc": "Unposted", "st_urbrur": "Rural", "strtname": "LYNCH RD", "townname": "Newcastle", "towncode": "15110", "cntyname": "Lincoln", "cnty_no": "15", "surfc_type": "Flexible", "dot_region": "2", "dot_region_name": "Mid-Coast", "Shape_Length": 3633.8690436338397}}, {"type": "Feature", "id": 198145, "geometry": {"type": "LineString", "coordinates": [[-69.57702155935486, 44.031648946570115], [-69.57715585748984, 44.03125868964936], [-69.57723541408802, 44.03087942265498], [-69.57727691625415, 44.030539647660994], [-69.57727456266811, 44.030297106896775], [-69.57726947640698, 44.03002383286564], [-69.57728897883179, 44.029744627843264], [-69.57729406868619, 44.02946549513513], [-69.57731213739983, 44.02927633156781], [-69.5773381382374, 44.028618948599686], [-69.57740614878924, 44.02834904158081], [-69.57755681153375, 44.028038741418605], [-69.57855065815674, 44.02652288958466], [-69.57903569451126, 44.025702648503405], [-69.5795679400289, 44.02461913024188], [-69.5799250715583, 44.02365394848675], [-69.57995947883033, 44.023426751598414], [-69.5800102641866, 44.02320284813938], [-69.58013247908268, 44.0229848845779], [-69.58035391200359, 44.02266053540933], [-69.58073033754867, 44.02210216449237], [-69.5808487876054, 44.02186333057847], [-69.58101996248112, 44.02136348854157], [-69.5810833035901, 44.02119934827712], [-69.58114212347829, 44.02108335517061], [-69.5812911297294, 44.020939352119036], [-69.58149497453535, 44.02082743713993], [-69.58202603697177, 44.020582089946195], [-69.5824692342919, 44.02037275145786], [-69.58289032497125, 44.02012962647337], [-69.58342499504182, 44.019808085254425], [-69.58375566040634, 44.01957541250695], [-69.5840075363339, 44.019311493921116], [-69.58418085908144, 44.018868627892125], [-69.5842452027103, 44.01857262557887], [-69.58425524587517, 44.018293061708604], [-69.58420776811577, 44.018020697456286], [-69.58411212179253, 44.017734741390555], [-69.58382550531799, 44.017296819093126], [-69.58336698992562, 44.01665361245271], [-69.58311299936386, 44.01633807712851]]}, "properties": {"OBJECTID": 198145, "aadt_type": "E", "priority": 5, "sh_sa_ir": "IR-1500451", "faadt": 163, "fedfunccls": "Local", "fed_urbrur": "Rural", "capacity": 1000, "jurisdictn": "Townway", "link_id": 5093042, "nhs_status": "Non-fed aid non-NHS", "num_lanes": 2, "offic_miles": "Y", "prim_bmp": 1.79, "prirtecode": "1500451", "prim_emp": 2.97, "prirtename": "RD INV 15 00451", "segment_id": 73213, "speed_lim": null, "speedsrc": "Unposted", "st_urbrur": "Rural", "strtname": "LEWIS HILL RD", "townname": "Newcastle", "towncode": "15110", "cntyname": "Lincoln", "cnty_no": "15", "surfc_type": "Flexible", "dot_region": "2", "dot_region_name": "Mid-Coast", "Shape_Length": 2635.1915298692375}}, {"type": "Feature", "id": 201309, "geometry": {"type": "LineString", "coordinates": [[-69.59274159622827, 44.01191532111982], [-69.59276329503396, 44.01180802204256], [-69.59284441470075, 44.01166705688301], [-69.59294568537598, 44.011564071798745], [-69.59309662300498, 44.01147514435143], [-69.59332053347943, 44.01141681011157], [-69.59355489495391, 44.011387006914326], [-69.59374272369665, 44.01138841663883], [-69.59396111851527, 44.0114087549155], [-69.594136273826, 44.01143404401517], [-69.59437145097075, 44.0115134200477], [-69.594474744652, 44.01159196965347], [-69.59455309930435, 44.01169914443076]]}, "properties": {"OBJECTID": 201309, "aadt_type": "E", "priority": 5, "sh_sa_ir": "IR-1501621", "faadt": 196, "fedfunccls": "Local", "fed_urbrur": "Rural", "capacity": 1000, "jurisdictn": "Townway", "link_id": 5096479, "nhs_status": "Non-fed aid non-NHS", "num_lanes": 2, "offic_miles": "Y", "prim_bmp": 0, "prirtecode": "1501621", "prim_emp": 0.12, "prirtename": "RD INV 15 01621", "segment_id": 54380, "speed_lim": null, "speedsrc": "Unposted", "st_urbrur": "Rural", "strtname": "WOOD ISLAND RD", "townname": "Newcastle", "towncode": "15110", "cntyname": "Lincoln", "cnty_no": "15", "surfc_type": "Gravel", "dot_region": "2", "dot_region_name": "Mid-Coast", "Shape_Length": 264.35296374858854}}, {"type": "Feature", "id": 201535, "geometry": {"type": "LineString", "coordinates": [[-69.55538845015863, 44.05306402414893], [-69.55539528094805, 44.05312701490502], [-69.5553371159317, 44.05341540721321], [-69.55524293925228, 44.053523905421045], [-69.55510459420694, 44.05366863244347], [-69.55490215616273, 44.05392171132946], [-69.55480047316075, 44.05410227359998], [-69.55471112672261, 44.054264799121874]]}, "properties": {"OBJECTID": 201535, "aadt_type": "E", "priority": 5, "sh_sa_ir": "IR-1500511", "faadt": 180, "fedfunccls": "Local", "fed_urbrur": "Rural", "capacity": 1000, "jurisdictn": "Townway", "link_id": 5096478, "nhs_status": "Non-fed aid non-NHS", "num_lanes": 2, "offic_miles": "Y", "prim_bmp": 0, "prirtecode": "1500511", "prim_emp": 0.091, "prirtename": "RD INV 15 00511", "segment_id": 6074, "speed_lim": null, "speedsrc": "Unposted", "st_urbrur": "Rural", "strtname": "W HAMLET RD", "townname": "Newcastle", "towncode": "15110", "cntyname": "Lincoln", "cnty_no": "15", "surfc_type": "Unimproved", "dot_region": "2", "dot_region_name": "Mid-Coast", "Shape_Length": 204.38290953861167}}, {"type": "Feature", "id": 201536, "geometry": {"type": "LineString", "coordinates": [[-69.55471112672261, 44.054264799121874], [-69.554644116894, 44.05438669393898], [-69.55440474551519, 44.054645128224045], [-69.55412913430118, 44.054843712049745], [-69.55386905495843, 44.05500790762665], [-69.55356619424859, 44.055260930433015], [-69.5533739790323, 44.05547626007705], [-69.55312687136227, 44.055757597598024], [-69.55243779526737, 44.056678252113244], [-69.55219100919422, 44.05699388967642], [-69.55210898582226, 44.057125780715175], [-69.55204292371626, 44.0572690289722], [-69.55199687248152, 44.057432185560785], [-69.55190519311859, 44.0578042440121], [-69.55183917413171, 44.058121581789855], [-69.55180381015393, 44.05858198864711], [-69.55173210033975, 44.058971101797624], [-69.55164757605804, 44.05926023126528], [-69.55154586790324, 44.0594065051998], [-69.55138863757568, 44.05955019336525], [-69.5511758329731, 44.05968557755604], [-69.55083668481736, 44.059875879611525], [-69.55041592831132, 44.06007142670819], [-69.55003676470126, 44.060221907544516], [-69.54968491885897, 44.06032650973369], [-69.54931304507744, 44.06040833853557], [-69.54874096646348, 44.06052395450424], [-69.54836757542743, 44.060621552123536], [-69.54806715633853, 44.06071446818179], [-69.54779860588266, 44.0608243822221], [-69.54759366423376, 44.06095400537463], [-69.54736060711306, 44.061124800023606], [-69.54676700935647, 44.061672321299], [-69.54618056308784, 44.06213249849908], [-69.54552722287329, 44.06264731015571], [-69.54487115717016, 44.063153460459], [-69.5444264893079, 44.0635730228469], [-69.54426193142257, 44.063785341350055], [-69.54400335675794, 44.06412103142199], [-69.54370128297228, 44.064468352637405], [-69.54350461390882, 44.06463794880166], [-69.54324396593249, 44.06474781424664], [-69.54294349204638, 44.06483785399224], [-69.54255949999165, 44.06489971294998], [-69.5418862764666, 44.064980085024395], [-69.54171706800304, 44.065017981484075]]}, "properties": {"OBJECTID": 201536, "aadt_type": "E", "priority": 5, "sh_sa_ir": "IR-1500511", "faadt": 180, "fedfunccls": "Local", "fed_urbrur": "Rural", "capacity": 1000, "jurisdictn": "Townway", "link_id": 5096478, "nhs_status": "Non-fed aid non-NHS", "num_lanes": 2, "offic_miles": "Y", "prim_bmp": 0.091, "prirtecode": "1500511", "prim_emp": 1.1400000000000001, "prirtename": "RD INV 15 00511", "segment_id": 60479, "speed_lim": null, "speedsrc": "Unposted", "st_urbrur": "Rural", "strtname": "W HAMLET RD", "townname": "Newcastle", "towncode": "15110", "cntyname": "Lincoln", "cnty_no": "15", "surfc_type": "Flexible", "dot_region": "2", "dot_region_name": "Mid-Coast", "Shape_Length": 2345.6188636684196}}]}