{"type": "FeatureCollection", "features": [{"type": "Feature", "id": 2773, "geometry": {"type": "Polygon", "coordinates": [[[-69.5831592157125, 44.0886015919528], [-69.5831348449196, 44.0886242229353], [-69.5830748225643, 44.0886335335371], [-69.583006123057, 44.0886338841313], [-69.5829525564256, 44.0886251532133], [-69.5829371557675, 44.0886072250834], [-69.5829233189682, 44.0885892889721], [-69.5829377993562, 44.0885532016656], [-69.5829851527573, 44.0885259508729], [-69.583068684961, 44.088525524593], [-69.5831126643459, 44.0885523093005], [-69.5831355730445, 44.0885792033411], [-69.5831592157125, 44.0886015919528]]]}, "properties": {"OBJECTID": 2773, "TOWN": "Newcastle", "COUNTY": "Lincoln", "GEOCODE": "15110", "GEOCODENUM": 15110, "CNTYCODE": "15", "LAND": "y", "TAG": "n", "ISLAND": "y", "CIREG": "n", "LURC": "n", "BAXTER": "n", "ISLANDID": "65-1000", "TYPE": "coast", "DOT_REGNUM": 2, "DOT_REGION": "MID-COAST", "GlobalID": "c4942bb1-c9f3-4dcb-bb0e-854f77d99abf", "created_user": "Emily.Pettit@maine.gov_maine", "created_date": 1709078788387, "last_edited_user": "Emily.Pettit@maine.gov_maine", "last_edited_date": 1709078788387, "Shape__Area": 172.05322265625, "Shape__Length": 49.56649924576185}}, {"type": "Feature", "id": 3429, "geometry": {"type": "Polygon", "coordinates": [[[-69.5155420564387, 44.0413257683139], [-69.5156096887277, 44.0413434699869], [-69.5157302895016, 44.0414419625358], [-69.5157501826307, 44.0415769233323], [-69.5157102436361, 44.0417391663015], [-69.5156313779307, 44.0418655712069], [-69.5155858247461, 44.0419197973746], [-69.5155163212663, 44.041956124726], [-69.515387450811, 44.0419386992551], [-69.5151446955654, 44.0418767682132], [-69.5150694187562, 44.0418320913323], [-69.5150864236441, 44.0417689870422], [-69.5152258971755, 44.0415702871565], [-69.5154123338313, 44.0413443604467], [-69.5154734901469, 44.041335080214], [-69.5155420564387, 44.0413257683139]]]}, "properties": {"OBJECTID": 3429, "TOWN": "Newcastle", "COUNTY": "Lincoln", "GEOCODE": "15110", "GEOCODENUM": 15110, "CNTYCODE": "15", "LAND": "y", "TAG": "n", "ISLAND": "y", "CIREG": "y", "LURC": "n", "BAXTER": "n", "ISLANDID": "65-022", "TYPE": "coast", "DOT_REGNUM": 2, "DOT_REGION": "MID-COAST", "GlobalID": "7f7c4d88-94d7-41de-979f-3e692a71f6bd", "created_user": "Emily.Pettit@maine.gov_maine", "created_date": 1709078788387, "last_edited_user": "Emily.Pettit@maine.gov_maine", "last_edited_date": 1709078788387, "Shape__Area": 2548.266845703125, "Shape__Length": 193.6759452864269}}, {"type": "Feature", "id": 3453, "geometry": {"type": "Polygon", "coordinates": [[[-69.6100720437056, 44.037578368497], [-69.6101622070917, 44.0376229032904], [-69.6102904760989, 44.0376942438765], [-69.610442145556, 44.0377654610947], [-69.6103876155318, 44.0378107713979], [-69.6102724150359, 44.0379104236558], [-69.6101650092363, 44.0380100341689], [-69.6100949548401, 44.0381004399011], [-69.6100856424483, 44.0381815250268], [-69.6100851197079, 44.0382445509485], [-69.6099238946765, 44.0383444485987], [-69.6096330719853, 44.0384720487993], [-69.6094116896729, 44.0385632650631], [-69.6092905118584, 44.0385369019481], [-69.6091987876687, 44.0384923720952], [-69.6091488587559, 44.0383395808499], [-69.6091054877962, 44.038141738352], [-69.6091221162627, 44.0380516126683], [-69.6091766462565, 44.0380063056717], [-69.6092747439332, 44.037987775725], [-69.6093499949462, 44.0380233881451], [-69.6094182954554, 44.0381040511537], [-69.6094937300613, 44.0381576720662], [-69.6095548678957, 44.0381483442726], [-69.6096456673699, 44.0381028381433], [-69.6097842720369, 44.0380030643126], [-69.6098076922882, 44.03796692558], [-69.609823217621, 44.0379218264485], [-69.6098328074021, 44.0378677546621], [-69.6098641624403, 44.0377685477285], [-69.6099411245046, 44.037705113757], [-69.6100720437056, 44.037578368497]]]}, "properties": {"OBJECTID": 3453, "TOWN": "Newcastle", "COUNTY": "Lincoln", "GEOCODE": "15110", "GEOCODENUM": 15110, "CNTYCODE": "15", "LAND": "y", "TAG": "n", "ISLAND": "y", "CIREG": "n", "LURC": "n", "BAXTER": "n", "ISLANDID": "65-1017", "TYPE": "coast", "DOT_REGNUM": 2, "DOT_REGION": "MID-COAST", "GlobalID": "a3edbda9-5002-42b0-904a-7aabaa74d155", "created_user": "Emily.Pettit@maine.gov_maine", "created_date": 1709078788387, "last_edited_user": "Emily.Pettit@maine.gov_maine", "last_edited_date": 1709078788387, "Shape__Area": 4890.423095703125, "Shape__Length": 356.79020411013767}}, {"type": "Feature", "id": 3495, "geometry": {"type": "Polygon", "coordinates": [[[-69.6121510784042, 44.0347581753319], [-69.6122077175801, 44.0349559456924], [-69.612220875355, 44.0351359448442], [-69.612249587055, 44.0352348279037], [-69.6122876758413, 44.0352976496542], [-69.6122867623208, 44.0353606777108], [-69.612194914709, 44.0353791767612], [-69.6119436709126, 44.0353715228663], [-69.6118873677002, 44.035092715149], [-69.6118600000878, 44.0348587714271], [-69.6117484503619, 44.0347063112028], [-69.6116966224543, 44.0346345611859], [-69.6117044611286, 44.03456249081], [-69.6117513028355, 44.0344902125049], [-69.6117899052886, 44.0344900058084], [-69.611865152092, 44.0345256166171], [-69.6119022571986, 44.0346064479481], [-69.6119541779985, 44.0346872026135], [-69.6120145119159, 44.0347138888577], [-69.6121510784042, 44.0347581753319]]]}, "properties": {"OBJECTID": 3495, "TOWN": "Newcastle", "COUNTY": "Lincoln", "GEOCODE": "15110", "GEOCODENUM": 15110, "CNTYCODE": "15", "LAND": "y", "TAG": "n", "ISLAND": "y", "CIREG": "y", "LURC": "n", "BAXTER": "n", "ISLANDID": "65-015A", "TYPE": "coast", "DOT_REGNUM": 2, "DOT_REGION": "MID-COAST", "GlobalID": "3b1157d7-7c3d-4c3e-a872-f56bf901e5fc", "created_user": "Emily.Pettit@maine.gov_maine", "created_date": 1709078788387, "last_edited_user": "Emily.Pettit@maine.gov_maine", "last_edited_date": 1709078788387, "Shape__Area": 2334.3665771484375, "Shape__Length": 245.7967961974429}}, {"type": "Feature", "id": 3501, "geometry": {"type": "Polygon", "coordinates": [[[-69.6091023800887, 44.0342972858874], [-69.6092844050992, 44.0342873110029], [-69.6094892396551, 44.0342952228315], [-69.6097770017953, 44.0343657158085], [-69.6101720110443, 44.0344356344563], [-69.6102463646717, 44.034498260518], [-69.6102689612806, 44.0345341535788], [-69.6103057820408, 44.0345879775324], [-69.6104196381372, 44.0346233839485], [-69.6104652481867, 44.0346591540142], [-69.6104418283694, 44.0346952928993], [-69.6103730966215, 44.0346866548638], [-69.6101607592146, 44.0346697821513], [-69.610039294521, 44.0346524238799], [-69.609926330897, 44.0345900038053], [-69.6098197045141, 44.0345365523324], [-69.6096309726462, 44.0345015457619], [-69.6093123793578, 44.0344672315008], [-69.6091684053869, 44.0344229829255], [-69.6090781591344, 44.0343694434231], [-69.6090562472908, 44.0343245412353], [-69.6091023800887, 44.0342972858874]]]}, "properties": {"OBJECTID": 3501, "TOWN": "Newcastle", "COUNTY": "Lincoln", "GEOCODE": "15110", "GEOCODENUM": 15110, "CNTYCODE": "15", "LAND": "y", "TAG": "n", "ISLAND": "y", "CIREG": "n", "LURC": "n", "BAXTER": "n", "ISLANDID": "65-1018", "TYPE": "coast", "DOT_REGNUM": 2, "DOT_REGION": "MID-COAST", "GlobalID": "3efdd652-35f5-49e5-ba9f-f8caabbc5fe9", "created_user": "Emily.Pettit@maine.gov_maine", "created_date": 1709078788387, "last_edited_user": "Emily.Pettit@maine.gov_maine", "last_edited_date": 1709078788387, "Shape__Area": 2063.044677734375, "Shape__Length": 255.80594203759378}}, {"type": "Feature", "id": 3534, "geometry": {"type": "Polygon", "coordinates": [[[-69.614479760998, 44.0313963940705], [-69.6144957672157, 44.0313602942114], [-69.6145118676806, 44.031333196386], [-69.6146034354395, 44.0312876875379], [-69.6146783981883, 44.0312962886123], [-69.6146771762965, 44.0314043347064], [-69.6146530563183, 44.0314854972575], [-69.6146150103569, 44.0315397225862], [-69.6145171467557, 44.0315042352164], [-69.6144943589871, 44.0314503389198], [-69.614479760998, 44.0313963940705]]]}, "properties": {"OBJECTID": 3534, "TOWN": "Newcastle", "COUNTY": "Lincoln", "GEOCODE": "15110", "GEOCODENUM": 15110, "CNTYCODE": "15", "LAND": "y", "TAG": "n", "ISLAND": "y", "CIREG": "n", "LURC": "n", "BAXTER": "n", "ISLANDID": "65-1020", "TYPE": "coast", "DOT_REGNUM": 2, "DOT_REGION": "MID-COAST", "GlobalID": "6fad7d76-87ae-49aa-8f25-990fde93c166", "created_user": "Emily.Pettit@maine.gov_maine", "created_date": 1709078788387, "last_edited_user": "Emily.Pettit@maine.gov_maine", "last_edited_date": 1709078788387, "Shape__Area": 327.9725341796875, "Shape__Length": 71.58952520630804}}, {"type": "Feature", "id": 3548, "geometry": {"type": "Polygon", "coordinates": [[[-69.6145362731899, 44.0306758146094], [-69.6144596571664, 44.0306582197876], [-69.6144466180104, 44.0306042692442], [-69.6144624379952, 44.0305501625967], [-69.6144939713887, 44.0304689629024], [-69.6145627491941, 44.0303695586811], [-69.6147309297917, 44.030341639993], [-69.6147538262912, 44.0303685307351], [-69.6147363157675, 44.0304856661324], [-69.6146289320122, 44.0305852808439], [-69.6145362731899, 44.0306758146094]]]}, "properties": {"OBJECTID": 3548, "TOWN": "Newcastle", "COUNTY": "Lincoln", "GEOCODE": "15110", "GEOCODENUM": 15110, "CNTYCODE": "15", "LAND": "y", "TAG": "n", "ISLAND": "y", "CIREG": "n", "LURC": "n", "BAXTER": "n", "ISLANDID": "65-015", "TYPE": "coast", "DOT_REGNUM": 2, "DOT_REGION": "MID-COAST", "GlobalID": "ffea9e22-8db9-42c6-a063-cd613ae2785f", "created_user": "Emily.Pettit@maine.gov_maine", "created_date": 1709078788387, "last_edited_user": "Emily.Pettit@maine.gov_maine", "last_edited_date": 1709078788387, "Shape__Area": 540.900390625, "Shape__Length": 97.31195638847043}}, {"type": "Feature", "id": 3562, "geometry": {"type": "Polygon", "coordinates": [[[-69.6189606748843, 44.0295625137454], [-69.6189137583563, 44.0296257938234], [-69.6187550647762, 44.0295906395709], [-69.6186918159439, 44.0297710491989], [-69.6185837846654, 44.0298076479248], [-69.6184392077264, 44.0298174349334], [-69.6182404882821, 44.0299085457521], [-69.6180738703568, 44.029936455752], [-69.6179211198604, 44.0299102734392], [-69.6177360226978, 44.029623162287], [-69.6177149178876, 44.0295062324939], [-69.6178218734605, 44.0294786429503], [-69.617899425604, 44.0293611796653], [-69.6177507649811, 44.0291278903302], [-69.6174966847701, 44.0283189580492], [-69.6175087033302, 44.0280487905475], [-69.6176385980326, 44.0279400443512], [-69.6179839570583, 44.0277761166057], [-69.6182977474925, 44.0275763421554], [-69.618503756291, 44.0275122038919], [-69.6185488814712, 44.02753896905], [-69.6186149190125, 44.0276646607051], [-69.6186916235024, 44.0276912539196], [-69.618763862721, 44.027924953286], [-69.6190354985155, 44.0285087050979], [-69.6190204473619, 44.0285988238212], [-69.6188643673227, 44.0288517640662], [-69.6190371446574, 44.0290038866764], [-69.6191040729328, 44.0291025610489], [-69.6191457866094, 44.0293634367576], [-69.6190229251069, 44.0294361282493], [-69.6189606748843, 44.0295625137454]]]}, "properties": {"OBJECTID": 3562, "TOWN": "Newcastle", "COUNTY": "Lincoln", "GEOCODE": "15110", "GEOCODENUM": 15110, "CNTYCODE": "15", "LAND": "y", "TAG": "n", "ISLAND": "y", "CIREG": "y", "LURC": "n", "BAXTER": "n", "ISLANDID": "65-014", "TYPE": "coast", "DOT_REGNUM": 2, "DOT_REGION": "MID-COAST", "GlobalID": "c402e100-f328-46de-af6c-356bbca4b567", "created_user": "Emily.Pettit@maine.gov_maine", "created_date": 1709078788387, "last_edited_user": "Emily.Pettit@maine.gov_maine", "last_edited_date": 1709078788387, "Shape__Area": 24122.88525390625, "Shape__Length": 684.4882692143086}}, {"type": "Feature", "id": 3564, "geometry": {"type": "Polygon", "coordinates": [[[-69.6159688930171, 44.029380608231], [-69.6157402580519, 44.0294448638459], [-69.6156957451751, 44.0293640736091], [-69.6157035783853, 44.0292920038249], [-69.6157663920324, 44.0292196368385], [-69.615805438456, 44.0291113850323], [-69.6158369655273, 44.0290301849821], [-69.6159297093038, 44.0289486522264], [-69.6160821210438, 44.0288668003695], [-69.6163295364826, 44.0286583875991], [-69.616522972756, 44.0283962439856], [-69.6166153475001, 44.0282786988642], [-69.6167073903621, 44.0282421882918], [-69.6168361465886, 44.0282865122772], [-69.6169023876589, 44.028394196012], [-69.6169386792579, 44.0285470577664], [-69.6169208448379, 44.0287452308111], [-69.6169077343926, 44.0290604222499], [-69.6168688975507, 44.0291506646073], [-69.6167304149841, 44.0292594535627], [-69.6166385585034, 44.0293139700348], [-69.6165238970628, 44.0293506034995], [-69.6164847782713, 44.0294138396056], [-69.6164165171008, 44.0294502198884], [-69.616316787688, 44.0294597622446], [-69.6162863369899, 44.0295319540692], [-69.6162479168795, 44.0295501690931], [-69.6160895623952, 44.0294339782915], [-69.6160301140219, 44.0293802781593], [-69.6159688930171, 44.029380608231]]]}, "properties": {"OBJECTID": 3564, "TOWN": "Newcastle", "COUNTY": "Lincoln", "GEOCODE": "15110", "GEOCODENUM": 15110, "CNTYCODE": "15", "LAND": "y", "TAG": "n", "ISLAND": "y", "CIREG": "y", "LURC": "n", "BAXTER": "n", "ISLANDID": "65-016", "TYPE": "coast", "DOT_REGNUM": 2, "DOT_REGION": "MID-COAST", "GlobalID": "afb1b4f1-5eba-4fd0-9305-c92ff5de4e84", "created_user": "Emily.Pettit@maine.gov_maine", "created_date": 1709078788387, "last_edited_user": "Emily.Pettit@maine.gov_maine", "last_edited_date": 1709078788387, "Shape__Area": 7811.7283935546875, "Shape__Length": 393.02474984423424}}, {"type": "Feature", "id": 3568, "geometry": {"type": "Polygon", "coordinates": [[[-69.6202989362841, 44.0284298269655], [-69.6204114772602, 44.0285642667259], [-69.6204560898493, 44.0286540598407], [-69.6204539243942, 44.0287080922836], [-69.6204377060943, 44.0287982130261], [-69.620398762249, 44.0289154711085], [-69.6203301322262, 44.0289158437478], [-69.6203016167706, 44.028798951954], [-69.6202660023816, 44.0286370850547], [-69.6202449855941, 44.0285291568798], [-69.6202447039251, 44.0285021471659], [-69.6202989362841, 44.0284298269655]]]}, "properties": {"OBJECTID": 3568, "TOWN": "Newcastle", "COUNTY": "Lincoln", "GEOCODE": "15110", "GEOCODENUM": 15110, "CNTYCODE": "15", "LAND": "y", "TAG": "n", "ISLAND": "y", "CIREG": "n", "LURC": "n", "BAXTER": "n", "ISLANDID": "65-1022", "TYPE": "coast", "DOT_REGNUM": 2, "DOT_REGION": "MID-COAST", "GlobalID": "9054f435-2748-49ca-926e-041fc24aa957", "created_user": "Emily.Pettit@maine.gov_maine", "created_date": 1709078788387, "last_edited_user": "Emily.Pettit@maine.gov_maine", "last_edited_date": 1709078788387, "Shape__Area": 569.092529296875, "Shape__Length": 118.65581391800914}}, {"type": "Feature", "id": 3570, "geometry": {"type": "Polygon", "coordinates": [[[-69.6162731201584, 44.02776735054], [-69.6162508794794, 44.0278034842967], [-69.6162718799935, 44.0279114106097], [-69.6161793260775, 44.0280109495303], [-69.616161118665, 44.0281731079933], [-69.6161902027883, 44.0283080046658], [-69.6161506912266, 44.0283712400861], [-69.6160672440545, 44.0283716900692], [-69.6159766998463, 44.0283271628141], [-69.6158322192465, 44.0283459485533], [-69.6158284970771, 44.0285890608077], [-69.6157126190257, 44.0287337413904], [-69.6153089142815, 44.0287629256694], [-69.6151499251479, 44.0287367723417], [-69.6150066720445, 44.0286475090565], [-69.614613494431, 44.0284875618098], [-69.6146149024867, 44.0283975197556], [-69.6146927424632, 44.0283070656188], [-69.6148642673167, 44.0280000272351], [-69.6148912059236, 44.0277387822441], [-69.6149672597899, 44.0277023591181], [-69.6149986941744, 44.0276121545282], [-69.6149189581801, 44.0274055052597], [-69.6149683394324, 44.0270901187348], [-69.6150481020845, 44.0268465962324], [-69.6150215596496, 44.0260904492236], [-69.6150644118355, 44.0257840993824], [-69.6151567817605, 44.0256665581144], [-69.6151885122401, 44.0255673474938], [-69.6151748255785, 44.0254503772043], [-69.6150345921087, 44.0251630234779], [-69.6151129277976, 44.0250455550775], [-69.6153972053297, 44.0247829241108], [-69.6154607384794, 44.0246295240784], [-69.6154630361546, 44.0245124677], [-69.6156315469475, 44.0243675036822], [-69.6157335289739, 44.0241238608634], [-69.615865164545, 44.0240331168404], [-69.6160624949781, 44.0239600244662], [-69.616216876484, 44.0238061341022], [-69.6165741393654, 44.0233630373827], [-69.6166299804184, 44.0231826660051], [-69.6167373438325, 44.0230830494012], [-69.6168962068189, 44.0231362125012], [-69.6169973532322, 44.0230006153942], [-69.617089740097, 44.0223968839449], [-69.6172172467271, 44.0219460250325], [-69.6173014802029, 44.0219095507302], [-69.61739182874, 44.0219360747312], [-69.6177280236346, 44.0223574200751], [-69.6178691481491, 44.0226177572444], [-69.617987914738, 44.0227521685685], [-69.6181463534902, 44.0228773580792], [-69.6182932092531, 44.0232006887847], [-69.6192658689889, 44.0242668331297], [-69.6193396125937, 44.024383477416], [-69.619397119663, 44.0246262589276], [-69.6193536770147, 44.0250226454772], [-69.619174908051, 44.0252306956274], [-69.6187822942742, 44.0256109667271], [-69.618634624232, 44.0258098405287], [-69.6186414260874, 44.0258638271116], [-69.6187991724766, 44.0260340375522], [-69.6187754801026, 44.026043168418], [-69.618820882785, 44.0260969432276], [-69.6188127765359, 44.0261420088905], [-69.6186687221745, 44.0260887656011], [-69.6185398572173, 44.0260714564065], [-69.6183683874888, 44.026419016533], [-69.6182325342736, 44.0265548025784], [-69.6177624044642, 44.0267194084986], [-69.6176105203218, 44.0267382365201], [-69.6173812752867, 44.0265549056516], [-69.6171297581804, 44.0264797342294], [-69.6168767156907, 44.0262200006392], [-69.6168154683784, 44.0261798157745], [-69.6167698943789, 44.026184563527], [-69.6167549666966, 44.0262116535624], [-69.6168793438414, 44.0265486124131], [-69.6172691110731, 44.0267941022223], [-69.6171628775562, 44.0268531994353], [-69.6172555537366, 44.0270282660719], [-69.61720283445, 44.0270960767484], [-69.6171592500445, 44.0273304000757], [-69.6171367298479, 44.0273395269692], [-69.6170756200381, 44.0273128448832], [-69.6169298015401, 44.0271650763193], [-69.616853298553, 44.0271204712302], [-69.6167623062817, 44.0271074572807], [-69.6165803142853, 44.0271939723283], [-69.6165053818718, 44.0273384327758], [-69.6165299085858, 44.0275228720436], [-69.6165074642114, 44.0275770120486], [-69.6164545078275, 44.0276223159306], [-69.6163331758363, 44.027654482579], [-69.6162731201584, 44.02776735054]]]}, "properties": {"OBJECTID": 3570, "TOWN": "Newcastle", "COUNTY": "Lincoln", "GEOCODE": "15110", "GEOCODENUM": 15110, "CNTYCODE": "15", "LAND": "y", "TAG": "n", "ISLAND": "y", "CIREG": "y", "LURC": "n", "BAXTER": "n", "ISLANDID": "65-017", "TYPE": "coast", "DOT_REGNUM": 2, "DOT_REGION": "MID-COAST", "GlobalID": "29ae8cb2-7ece-4e30-b727-20435b522e6b", "created_user": "Emily.Pettit@maine.gov_maine", "created_date": 1709078788387, "last_edited_user": "Emily.Pettit@maine.gov_maine", "last_edited_date": 1709078788387, "Shape__Area": 140965.0595703125, "Shape__Length": 2117.8903288909346}}, {"type": "Feature", "id": 3575, "geometry": {"type": "Polygon", "coordinates": [[[-69.6041154045981, 44.027652210825], [-69.6040839536545, 44.0277424125139], [-69.6040674129033, 44.027841537012], [-69.6040358703403, 44.0279227339191], [-69.6039287281914, 44.0279323046526], [-69.6038602819012, 44.0279506733253], [-69.6037841531756, 44.027942071307], [-69.6037549297212, 44.027906213739], [-69.6037546555464, 44.027879203939], [-69.6038174860741, 44.0278068434101], [-69.6038707514747, 44.0277525412007], [-69.6039249079887, 44.0276712248066], [-69.6039404376664, 44.0276261245695], [-69.603963950168, 44.0275989935336], [-69.6040398968374, 44.0275895867945], [-69.6040938920858, 44.0276073064195], [-69.6041154045981, 44.027652210825]]]}, "properties": {"OBJECTID": 3575, "TOWN": "Newcastle", "COUNTY": "Lincoln", "GEOCODE": "15110", "GEOCODENUM": 15110, "CNTYCODE": "15", "LAND": "y", "TAG": "n", "ISLAND": "y", "CIREG": "n", "LURC": "n", "BAXTER": "n", "ISLANDID": "65-1025", "TYPE": "coast", "DOT_REGNUM": 2, "DOT_REGION": "MID-COAST", "GlobalID": "6b8663d6-c292-4aa4-ad1e-01476637ffd9", "created_user": "Emily.Pettit@maine.gov_maine", "created_date": 1709078788387, "last_edited_user": "Emily.Pettit@maine.gov_maine", "last_edited_date": 1709078788387, "Shape__Area": 689.376220703125, "Shape__Length": 110.90219865421275}}, {"type": "Feature", "id": 3580, "geometry": {"type": "Polygon", "coordinates": [[[-69.6176131205867, 44.0271388759957], [-69.6176427541606, 44.0271387158049], [-69.6176587573271, 44.0271026145933], [-69.6176745734982, 44.0270485083906], [-69.6177205878832, 44.0270482596217], [-69.6177809165947, 44.0270749455873], [-69.6178334466906, 44.027101670091], [-69.6178639409224, 44.0271465242387], [-69.6178854635845, 44.0271914214942], [-69.617877446248, 44.0272454882506], [-69.6178466244742, 44.0272816687262], [-69.6177628817981, 44.0272911240945], [-69.6177093693792, 44.0272824108691], [-69.6176641537634, 44.0272466415168], [-69.6176499279919, 44.0272287142227], [-69.6176349235561, 44.0272107857339], [-69.6176131205867, 44.0271388759957]]]}, "properties": {"OBJECTID": 3580, "TOWN": "Newcastle", "COUNTY": "Lincoln", "GEOCODE": "15110", "GEOCODENUM": 15110, "CNTYCODE": "15", "LAND": "y", "TAG": "n", "ISLAND": "y", "CIREG": "n", "LURC": "n", "BAXTER": "n", "ISLANDID": "65-017B", "TYPE": "coast", "DOT_REGNUM": 2, "DOT_REGION": "MID-COAST", "GlobalID": "50adcd7c-a3c0-40a3-9ae5-b9c113e87426", "created_user": "Emily.Pettit@maine.gov_maine", "created_date": 1709078788387, "last_edited_user": "Emily.Pettit@maine.gov_maine", "last_edited_date": 1709078788387, "Shape__Area": 413.141845703125, "Shape__Length": 78.18193293961411}}, {"type": "Feature", "id": 3731, "geometry": {"type": "Polygon", "coordinates": [[[-69.5194890197365, 44.0584278929017], [-69.5196959055428, 44.0578147203777], [-69.5198274952063, 44.0572919241046], [-69.5199048516195, 44.0567243564901], [-69.5199961032495, 44.0562737716532], [-69.520161880766, 44.0559578976869], [-69.520318841944, 44.0556600704354], [-69.520428133394, 44.0554434899002], [-69.5206840300933, 44.0551722207529], [-69.5209621543089, 44.0548558335124], [-69.521179894665, 44.0545937415177], [-69.5213886627952, 44.0543767089047], [-69.5220645593403, 44.0535543100744], [-69.5223210562813, 44.0532200132352], [-69.5226864454836, 44.0527141492057], [-69.5228971382303, 44.0524070708102], [-69.5231460544878, 44.0520547972161], [-69.5234531399241, 44.0514861745682], [-69.5236561776969, 44.0511521177284], [-69.5238140331615, 44.0507822539932], [-69.5239486461196, 44.0504755214359], [-69.5241731496234, 44.0497452156317], [-69.5243368795336, 44.0490692069406], [-69.5244138076434, 44.0485916716576], [-69.5244334904647, 44.0482584547122], [-69.5243833042519, 44.048096625265], [-69.5242201353192, 44.0478632841573], [-69.5240326417815, 44.047702081759], [-69.5237918699502, 44.0475591310605], [-69.5234666546802, 44.0474840933454], [-69.5229515103958, 44.0473694087852], [-69.5223047726577, 44.0473723671551], [-69.5216969641493, 44.0473661397902], [-69.5211648257655, 44.0473595631481], [-69.5206481363674, 44.0473349103822], [-69.5202690595863, 44.0472556072807], [-69.5199060504702, 44.0471402134092], [-69.5196527162879, 44.0468532572459], [-69.5195513528653, 44.0465476008904], [-69.519313701555, 44.0462245589263], [-69.5191563405566, 44.0460722167348], [-69.5188686231812, 44.0460014963266], [-69.5184497019761, 44.0460484142683], [-69.5180749342327, 44.0461491528255], [-69.5177224819123, 44.0463488240125], [-69.5174927381206, 44.0464849135077], [-69.5171262329032, 44.0465496005237], [-69.516830094447, 44.0464969199523], [-69.5164680314499, 44.0463545014827], [-69.515723626752, 44.0458446705781], [-69.5152718578287, 44.0455676008859], [-69.5147675114211, 44.0452997724196], [-69.5144664652012, 44.0451300641655], [-69.5142197194659, 44.0448790780864], [-69.514065184341, 44.0446006699307], [-69.5139860870816, 44.0442949056209], [-69.5140012285687, 44.0438806806714], [-69.5140146523773, 44.0435384908568], [-69.5140729329753, 44.0431960964997], [-69.5142402664263, 44.0427901890975], [-69.5146253235156, 44.041987150849], [-69.5150425044793, 44.0411569542869], [-69.51539743314, 44.0407952173119], [-69.5158350402586, 44.0405681565832], [-69.5162932436224, 44.040467050087], [-69.5166438721867, 44.0404204497514], [-69.5174900689241, 44.0403085753976], [-69.517992573604, 44.0402342708253], [-69.5183903898845, 44.0400523996597], [-69.5187912385082, 44.0397714737448], [-69.5190927039606, 44.0394549842392], [-69.5192927743582, 44.0393190217396], [-69.5195681178621, 44.0391827193101], [-69.5202017989249, 44.0389907619378], [-69.5206450030673, 44.0388717011849], [-69.5215162682778, 44.0385976235864], [-69.5264201133489, 44.0371886051701], [-69.5266366815124, 44.036980528036], [-69.5268821152604, 44.0368173336734], [-69.5271893311265, 44.0366718615033], [-69.5275947417441, 44.0365169316705], [-69.5285491594286, 44.0362154069225], [-69.5290927636982, 44.0359878057606], [-69.5299130639449, 44.0356058605195], [-69.5302869541542, 44.0354600698382], [-69.5311676207535, 44.0351138473349], [-69.5315885980506, 44.0349138155132], [-69.5320709513213, 44.0346864842007], [-69.5324229093178, 44.0345317843], [-69.5328676679444, 44.0343316369252], [-69.5332285634279, 44.0340868602154], [-69.5335439240139, 44.0338963138663], [-69.5338520717625, 44.0335977608118], [-69.5341178287902, 44.0331823612031], [-69.5344295042582, 44.0327127254979], [-69.534618361485, 44.0323336954225], [-69.5347837526986, 44.0319907913374], [-69.5348860768962, 44.0317472201802], [-69.5349749806788, 44.0314857039647], [-69.5351327145434, 44.0311158239339], [-69.5352988635334, 44.0307278964386], [-69.5353927702269, 44.0305023711106], [-69.5357078674106, 44.0298526457714], [-69.5360435938245, 44.0293288710245], [-69.5364815571478, 44.0285975340457], [-69.5367235702518, 44.0281912420665], [-69.5370435316481, 44.0276945504537], [-69.5372765176225, 44.0273693298588], [-69.5375572849017, 44.0269808597946], [-69.5377734514835, 44.0267367501757], [-69.5380751418302, 44.026420208861], [-69.5384681517315, 44.0261122407519], [-69.538792305169, 44.0258226011131], [-69.5390608746442, 44.0255962478986], [-69.5395768275537, 44.0252156681637], [-69.5399547788049, 44.0249257711103], [-69.5404700036853, 44.0245091769088], [-69.5408242410897, 44.0242283934779], [-69.5411109408619, 44.023938924452], [-69.5413888934092, 44.0236314937236], [-69.5415827245152, 44.0233784746349], [-69.5418093508471, 44.0230442721513], [-69.542046092366, 44.0224939372421], [-69.542110489518, 44.0222865520991], [-69.5429991654358, 44.020454630931], [-69.5435888136631, 44.0187591737443], [-69.5440310572028, 44.0177036658085], [-69.5444086211824, 44.0164413789488], [-69.5448092745451, 44.0152330040123], [-69.5450211937582, 44.0142776260466], [-69.5451903417882, 44.0132504220206], [-69.5451592586426, 44.0128364113346], [-69.5449439328379, 44.012099152511], [-69.5447446079119, 44.0117039508806], [-69.5444987968337, 44.0114260147387], [-69.5441002760243, 44.0112028271427], [-69.5433702168459, 44.0107471257451], [-69.5428067464964, 44.0103896630283], [-69.5423847075609, 44.0101935879697], [-69.5418207591174, 44.0097821062352], [-69.5414547192156, 44.0094417082432], [-69.5412531682565, 44.0092265787233], [-69.5410159828381, 44.008822544438], [-69.5408943926691, 44.0083549398788], [-69.5408174288372, 44.00795014742], [-69.5407156056366, 44.0072123453769], [-69.5406711020633, 44.0066903519973], [-69.5407369000174, 44.005951756501], [-69.5407536354953, 44.0053484427086], [-69.5408326393228, 44.0046908176907], [-69.540891735916, 44.004330394758], [-69.5410598605514, 44.0033572226467], [-69.5414137205158, 44.0012487281418], [-69.541664704733, 44.0003021715538], [-69.5417146172634, 44.0000903527582], [-69.5418000210429, 43.9998378508082], [-69.5419977555862, 43.9995082835583], [-69.542164838736, 43.9991518545022], [-69.5423701590249, 43.9987997436293], [-69.5425300593626, 43.9985964039733], [-69.5427047081207, 43.9983434783917], [-69.5430165683443, 43.9980493811671], [-69.543776847339, 43.9973930134483], [-69.5449092037555, 43.9965953097688], [-69.5459658864191, 43.9959645229889], [-69.5470225917427, 43.9953382262177], [-69.5471192781181, 43.9952567326521], [-69.5477749974859, 43.9946818666047], [-69.5490980080524, 43.9935230675459], [-69.5500480041637, 43.9926181492834], [-69.5504434073563, 43.9922200889643], [-69.5506714135265, 43.9916742780384], [-69.5509073079319, 43.9907592864488], [-69.5511958531364, 43.9899340735708], [-69.5517202015902, 43.988860126666], [-69.5522827263264, 43.9879975707434], [-69.5526702439616, 43.9874689913533], [-69.553521617973, 43.9866185386979], [-69.5546160745155, 43.9857623999683], [-69.5564854242642, 43.9843487610105], [-69.5589244707996, 43.9826126834567], [-69.5611509751521, 43.9811206889687], [-69.5621011070637, 43.9804767693729], [-69.5624428988024, 43.980236493088], [-69.5626858424601, 43.9800507255594], [-69.5628758379547, 43.9798697183183], [-69.5629626938018, 43.9797837569063], [-69.5651100013862, 43.9808085634042], [-69.5683923549508, 43.9823949106313], [-69.5682707788752, 43.9825170629056], [-69.5682555265125, 43.982674703106], [-69.5681342072819, 43.982783344167], [-69.5681113371914, 43.9829185125128], [-69.5681871770059, 43.9830666917174], [-69.5684077047651, 43.9832276591696], [-69.5685140278775, 43.9833441750766], [-69.5685366190396, 43.9834250961618], [-69.5684001878288, 43.9835833365515], [-69.5681190800056, 43.9840979334731], [-69.5675723784199, 43.9842627147013], [-69.5674430938838, 43.9843533920286], [-69.5673141469466, 43.9844800825108], [-69.5672304462435, 43.9846110472939], [-69.5671622379719, 43.9848139668674], [-69.5670938644741, 43.9849178467055], [-69.5669949687433, 43.9850083726873], [-69.566668122127, 43.9851000275183], [-69.5665694382889, 43.985213061775], [-69.5665010998924, 43.9853619595694], [-69.5663719007543, 43.9854211211311], [-69.5662657260084, 43.9855251878324], [-69.5655820788443, 43.9862893720146], [-69.5653767072175, 43.9864119385855], [-69.5648146693743, 43.986482241923], [-69.5645788736261, 43.9864789046133], [-69.5644573057931, 43.9863984744855], [-69.5644803598446, 43.9862813157754], [-69.5644193981133, 43.9859754964443], [-69.5644040645953, 43.9857144701764], [-69.5644421364861, 43.9856197442708], [-69.5645559786306, 43.9855021370038], [-69.564571358123, 43.9854390372863], [-69.5645258464536, 43.9851601530823], [-69.5645257125339, 43.9848990516963], [-69.5644497151501, 43.984692344407], [-69.5643207934466, 43.9846164530957], [-69.5642219898312, 43.9846349480728], [-69.5640014663566, 43.9847620860837], [-69.5634697125782, 43.9847782149159], [-69.5631352933642, 43.9848113750146], [-69.5630820457734, 43.9847846304774], [-69.5627935296869, 43.9847680421963], [-69.5624593651386, 43.9848282069193], [-69.5623526615122, 43.9849592867594], [-69.5622084212702, 43.9850770414185], [-69.5620717853335, 43.9850507066861], [-69.562101939885, 43.9849425134155], [-69.5620565577899, 43.9847581627161], [-69.5619271887578, 43.9847587990193], [-69.5617600735759, 43.9849712034642], [-69.561676685162, 43.9849716134116], [-69.5614792299973, 43.9849005557286], [-69.5608410396958, 43.9852008061593], [-69.5604759682916, 43.985414180197], [-69.5604307400915, 43.9855359495423], [-69.5603395496817, 43.9855769135141], [-69.5602635910199, 43.9856628194173], [-69.5599973198581, 43.9862718612813], [-69.5598530718029, 43.9863896156823], [-69.5596783128757, 43.9864534955513], [-69.5594580234144, 43.9864410718023], [-69.5593289264728, 43.9863876800294], [-69.5591312356132, 43.9863751432222], [-69.5588809454742, 43.9865294266271], [-69.5586455653653, 43.9866116084489], [-69.5584858426348, 43.9866168919178], [-69.5578171064513, 43.986530122565], [-69.5576044705081, 43.9865446675282], [-69.5571639550731, 43.9867764043244], [-69.556829326655, 43.9870391375471], [-69.5565941206301, 43.9872653732449], [-69.5563963915069, 43.9875409425946], [-69.5562214292872, 43.9880009746172], [-69.5560391960083, 43.9879748492431], [-69.5560165487025, 43.988137023616], [-69.5561001384813, 43.9881996405189], [-69.556145486875, 43.9882984602591], [-69.5560770985225, 43.9885283827181], [-69.5560317067262, 43.9885916273168], [-69.5559328409628, 43.9886461294737], [-69.5556440597233, 43.9887285648971], [-69.5553261620018, 43.989031728982], [-69.5551593520065, 43.9891135703067], [-69.555045579813, 43.9891996582128], [-69.5548719306586, 43.9894255894413], [-69.5543791333442, 43.9897386017861], [-69.5543873761505, 43.9898285969126], [-69.5542205924783, 43.9899554560886], [-69.5541542217919, 43.9904869860712], [-69.5541332316982, 43.9908697343706], [-69.5542988944144, 43.9912920957948], [-69.5543367617107, 43.9916340472433], [-69.5544203727581, 43.9917821976673], [-69.5549292634838, 43.9922749211189], [-69.5549976789031, 43.9924231458035], [-69.5549523656886, 43.9924953939585], [-69.5548609893486, 43.9925183474011], [-69.5548608333707, 43.9927524429554], [-69.5547167253667, 43.9927621425793], [-69.5547165022077, 43.9930727637567], [-69.5547849795468, 43.9931444593412], [-69.5548383116181, 43.9933467810742], [-69.5548230456561, 43.9934233832071], [-69.5549824818424, 43.9934271115568], [-69.5552940692177, 43.9936146704144], [-69.5555753309857, 43.9935592821173], [-69.5558410090684, 43.993630018023], [-69.5559778014984, 43.9936293524835], [-69.5560766381443, 43.993696397803], [-69.5561376181518, 43.9939662070774], [-69.5560461188967, 43.9939756550022], [-69.5559930642633, 43.9940119272028], [-69.5558943495263, 43.9939583882805], [-69.5556890115501, 43.9939638870571], [-69.55562061997, 43.9940272459902], [-69.5555144359245, 43.994050269255], [-69.5553319620086, 43.9940421536687], [-69.5552254894614, 43.9941597157719], [-69.554807547423, 43.9942697888913], [-69.554518716262, 43.9944332549866], [-69.5540325148415, 43.9945796723388], [-69.5535691347502, 43.9945819182837], [-69.5532041563456, 43.9943946078645], [-69.5529309446918, 43.9943103970364], [-69.552391682874, 43.9942409773507], [-69.5522396365853, 43.9942777263436], [-69.5522393827468, 43.9943767679263], [-69.5524068803233, 43.9944930029157], [-69.5528396553828, 43.9945944500735], [-69.5530755371196, 43.9946878462226], [-69.5532425885924, 43.9948400961556], [-69.5532956534611, 43.9951819687498], [-69.5532194429035, 43.9957045454584], [-69.5531208136818, 43.9957860535823], [-69.5530978920148, 43.9959617355426], [-69.5529611673608, 43.9960119138698], [-69.5528548521216, 43.9960214327391], [-69.5527635438432, 43.9960939007245], [-69.5526874500046, 43.9962518301128], [-69.5525964062241, 43.9963107941308], [-69.5524521626978, 43.9963069889994], [-69.5523534055304, 43.9962489454935], [-69.552391322899, 43.9961767341701], [-69.5523990478119, 43.9960011285297], [-69.5523607540628, 43.9959067750823], [-69.5522315597264, 43.9959704258885], [-69.5521861815824, 43.9960786854263], [-69.5520872029757, 43.9961646987939], [-69.551958017569, 43.9961878298844], [-69.5517680934011, 43.9963012918791], [-69.5516085107906, 43.9963245720619], [-69.5513805429866, 43.9964967389276], [-69.550909221945, 43.996611554379], [-69.5507496941704, 43.996598819091], [-69.5507040881346, 43.9963874557208], [-69.5505902035021, 43.9963790028617], [-69.5504230528408, 43.9962582609253], [-69.5503396337872, 43.9962991767096], [-69.5501341505396, 43.996543260803], [-69.5498985108875, 43.9966029187768], [-69.5498608018225, 43.9966976379202], [-69.5499668760769, 43.9967466457565], [-69.5500049170889, 43.9968139889059], [-69.54994423577, 43.9969538352567], [-69.549989673806, 43.9970211401046], [-69.5500049301834, 43.997111104376], [-69.5499365717387, 43.9971789587652], [-69.5499212109257, 43.9973726088583], [-69.5492070259408, 43.9978217181032], [-69.5488649310671, 43.9980034301238], [-69.5477246013235, 43.9989902835852], [-69.5476108232295, 43.9991213805676], [-69.5474588212363, 43.9994192243879], [-69.5471848334398, 43.9998031854649], [-69.5472085295702, 44.0000911847695], [-69.54711198684, 44.0008254319898], [-69.547140817849, 44.0009513410622], [-69.5473064549969, 44.0010765966967], [-69.5473358005463, 44.0011304770937], [-69.5472891544897, 44.0012297407746], [-69.5473406272234, 44.0012745134858], [-69.5475692792406, 44.0013004248116], [-69.5476645652001, 44.0014890433051], [-69.547771480568, 44.001925200232], [-69.5479089940469, 44.0020010687824], [-69.547954707285, 44.0020548687209], [-69.5479249667257, 44.0021270419909], [-69.5478190953865, 44.002186073251], [-69.5477129388897, 44.0022135908534], [-69.547606449792, 44.0022050968798], [-69.5474309997026, 44.0021159044952], [-69.5474316441611, 44.0022284441694], [-69.5474777049562, 44.0022777471875], [-69.5476226252192, 44.0023535805874], [-69.5479881811136, 44.0024733724002], [-69.5480727509168, 44.0025990165622], [-69.5480284733051, 44.002954867778], [-69.5478881935272, 44.0031716252269], [-69.5476833540462, 44.0036587948978], [-69.5476882721047, 44.0038118297619], [-69.5476479976414, 44.004010100493], [-69.5474989967165, 44.0042539087953], [-69.5474574946062, 44.0044881965833], [-69.547346041356, 44.0048308640323], [-69.5470248573958, 44.0054266324232], [-69.5469011972369, 44.0055442688358], [-69.5469588180821, 44.0057060539926], [-69.5470718228991, 44.0057865461645], [-69.5477434707807, 44.006125462623], [-69.5478851041221, 44.0062238183087], [-69.5479777886187, 44.0066375360035], [-69.5480907174082, 44.0067090222316], [-69.5484253671684, 44.0066443929391], [-69.5485020173186, 44.0066710345585], [-69.5488240044006, 44.0069666034119], [-69.5490331478851, 44.0071996901402], [-69.549568285388, 44.0074852298506], [-69.549738510475, 44.0076824858141], [-69.5498503495477, 44.0078890250902], [-69.5500895177263, 44.0081219680519], [-69.5503460680782, 44.008210767446], [-69.5507651171356, 44.0082087482404], [-69.5510508434563, 44.0083334202402], [-69.5512599764604, 44.0085214836677], [-69.551449605696, 44.008498058997], [-69.5515555250425, 44.0084435268448], [-69.5516167974367, 44.0084927502043], [-69.5516020946855, 44.0085468420826], [-69.5514812082512, 44.0086689726385], [-69.5514525280076, 44.0089392164355], [-69.551371038135, 44.0092322219711], [-69.5512883522008, 44.0093541679591], [-69.5511749681187, 44.0094447524922], [-69.5510382667375, 44.0094589143748], [-69.5508211919303, 44.0094239489463], [-69.5505093368207, 44.0094254519347], [-69.550387487641, 44.0094440441188], [-69.5502883595068, 44.0095165494347], [-69.550025648774, 44.0102380928633], [-69.5498183389534, 44.0103741446491], [-69.5497685984075, 44.0106444874879], [-69.549540975227, 44.0111137625268], [-69.5494578909413, 44.0115733422092], [-69.5493542672888, 44.0118349413434], [-69.5490025745317, 44.0124218568803], [-69.5488438001616, 44.0129178108807], [-69.5489317819697, 44.0131154637882], [-69.5494260277761, 44.0135272489551], [-69.5497859007711, 44.0138676490144], [-69.5498446234755, 44.0140204245996], [-69.5497606182708, 44.0145070164216], [-69.5492547741644, 44.0152477340127], [-69.5488203044907, 44.0157810275139], [-69.5484568446045, 44.0161519150998], [-69.5483336642678, 44.0163235722721], [-69.5483344524427, 44.0164091005606], [-69.5484739591928, 44.0167820758806], [-69.548491165197, 44.0170836104222], [-69.5485373176848, 44.017141909608], [-69.5487807892936, 44.0172037665464], [-69.5489933032753, 44.0171217153081], [-69.549068788711, 44.01706282913], [-69.5492889139661, 44.0170032476369], [-69.5493573484403, 44.0170254281919], [-69.5493882583415, 44.0170793003871], [-69.5493512134691, 44.0172055252776], [-69.5492760037817, 44.0173364380685], [-69.5487364216384, 44.0173390307762], [-69.5485997845736, 44.0173621964901], [-69.5483634559234, 44.0173138118906], [-69.5482116923178, 44.0173460523066], [-69.5480819829148, 44.0172746441337], [-69.5478995215488, 44.017275519244], [-69.5475358702843, 44.0174573345815], [-69.5472715902357, 44.0176341683914], [-69.5463984848622, 44.0180435013775], [-69.5461676044018, 44.0182066685876], [-69.5460359185186, 44.0183873673504], [-69.545433156266, 44.0194526554688], [-69.5452447369807, 44.0198677133039], [-69.5452259119065, 44.0201108984979], [-69.5452234143597, 44.0202639684183], [-69.5452978434513, 44.020344643505], [-69.5454344142386, 44.0203980133152], [-69.545729955373, 44.0203966020841], [-69.5459215084119, 44.0203236583789], [-69.5463390991658, 44.0198984994973], [-69.5466612510572, 44.0196538650438], [-69.5468995442256, 44.0194906640954], [-69.5471680444514, 44.0193903386506], [-69.5474184932221, 44.0193621276909], [-69.5475558146258, 44.0193704740484], [-69.5477121759055, 44.0195407904558], [-69.5478103095579, 44.0196123477144], [-69.5479387464632, 44.0196297387732], [-69.5480368001311, 44.0196922963555], [-69.5480659285351, 44.0197641825584], [-69.5480644160506, 44.0198542226658], [-69.5479952070233, 44.0199175779825], [-69.5479327311051, 44.0200349235578], [-69.5479000549624, 44.020170132229], [-69.5479045272565, 44.0203591853397], [-69.5479758847936, 44.0206559574481], [-69.5478972812024, 44.0208003880272], [-69.5473887943167, 44.0212619991966], [-69.5472109565386, 44.0214699334075], [-69.5470918485358, 44.0217045947206], [-69.5467891223774, 44.0230880724713], [-69.5465962950018, 44.0232780695759], [-69.5466320719949, 44.023394945193], [-69.5467451101822, 44.0234754345676], [-69.5467965098551, 44.0236372517659], [-69.5468784706353, 44.0246632528697], [-69.5465927153116, 44.0249257196328], [-69.546496714944, 44.0252142912816], [-69.5458352882147, 44.0257576595306], [-69.545794864567, 44.0258568897558], [-69.5457930092842, 44.0260369686346], [-69.5457599934318, 44.0261361634559], [-69.5456448442208, 44.0262087410702], [-69.545257702781, 44.0261745754458], [-69.5448757199635, 44.0263204539166], [-69.5432330168037, 44.027318655131], [-69.5429656433868, 44.0274189658496], [-69.5429980707288, 44.0277249273583], [-69.5423813053024, 44.0283400916515], [-69.5423069120841, 44.0286915767044], [-69.5421900916672, 44.0288812063101], [-69.5418567031314, 44.0292699362922], [-69.5412961946003, 44.0296417346074], [-69.5410508679319, 44.029723929458], [-69.5408847311547, 44.0296796970199], [-69.5407779644387, 44.0296892076552], [-69.5406880586713, 44.0300947883949], [-69.5407161928408, 44.0302297060939], [-69.5409020124167, 44.030507933468], [-69.5409674372858, 44.0306696839946], [-69.5409501125925, 44.0308228264467], [-69.5408941166014, 44.0310121639642], [-69.5407849239373, 44.0311837454519], [-69.5401919972987, 44.0316817408306], [-69.5398397471196, 44.031800449621], [-69.5384613671364, 44.0319960281578], [-69.5382890505532, 44.0318302754559], [-69.5381443909848, 44.0318759705319], [-69.5380998999439, 44.0317861501095], [-69.5379992136996, 44.0313904734778], [-69.5380955946325, 44.031137922162], [-69.5380959493042, 44.0310478860104], [-69.5380147870643, 44.0309132164988], [-69.5378859342246, 44.0308958162835], [-69.5374896689496, 44.0309336931131], [-69.5372834930695, 44.0310337016717], [-69.537120573417, 44.0312595538865], [-69.5370284764196, 44.0312960005952], [-69.5368313798541, 44.0312789199348], [-69.5367979095717, 44.0314591470469], [-69.5368798364574, 44.0315487965805], [-69.5367722384057, 44.0316393348025], [-69.5367095657039, 44.0317386689436], [-69.536820771295, 44.0319182109435], [-69.5369099463549, 44.0319898222002], [-69.5374099963931, 44.0316543464179], [-69.5374706208646, 44.0317170844787], [-69.5375349674169, 44.0319328626934], [-69.5375549904956, 44.0320768236368], [-69.5375299335972, 44.0322390044608], [-69.5376531401364, 44.0325805548012], [-69.5375123166952, 44.0328783310969], [-69.5376268531577, 44.0332964523961], [-69.5375914176829, 44.0336477534652], [-69.5374894582332, 44.0338012935087], [-69.5373130749978, 44.0339191670033], [-69.536414922231, 44.0339639063734], [-69.5365485883632, 44.0336931718263], [-69.5364207238384, 44.0336127421185], [-69.53610362138, 44.0334791769932], [-69.5356728763798, 44.0333281387545], [-69.5356196685177, 44.0328331987192], [-69.5354528391129, 44.0328429850293], [-69.535430375119, 44.0332932616624], [-69.5353010658019, 44.033311874459], [-69.5352257038409, 44.0332582068474], [-69.5348684818123, 44.0332598796927], [-69.5345767600779, 44.0334323122278], [-69.534264935037, 44.0334517776626], [-69.5341020644745, 44.0336416087762], [-69.5336306354637, 44.0340849830314], [-69.5331383575682, 44.0344654221933], [-69.5329754000107, 44.0346462549349], [-69.5327295976358, 44.0348094614581], [-69.5326670799102, 44.0349267994925], [-69.5324523022483, 44.035026834871], [-69.5323443811914, 44.0351263774212], [-69.5322064969121, 44.0351900456748], [-69.5321682925765, 44.0352352390363], [-69.5322127773834, 44.035325069849], [-69.5321796532424, 44.0354152558571], [-69.5321111770329, 44.0354335816712], [-69.5319609355575, 44.0353802606332], [-69.5318987004376, 44.0353985572618], [-69.5318469666963, 44.0353267732574], [-69.5317476119297, 44.0353812536532], [-69.5316550578518, 44.035498728209], [-69.5313701151255, 44.0357341441398], [-69.5310623843888, 44.0359066402868], [-69.5306267910446, 44.0360437148349], [-69.5302321148731, 44.036045547129], [-69.5300165597181, 44.0361906023243], [-69.5299311745938, 44.0362810336917], [-69.5298089534537, 44.0363086117297], [-69.5297712136699, 44.0363628055678], [-69.5298888089111, 44.0365603368291], [-69.5298118413732, 44.0366327212823], [-69.52928229799, 44.0369502960002], [-69.5291227100548, 44.0369870489356], [-69.5289550854829, 44.0369518113399], [-69.5287134890409, 44.0368448874108], [-69.528684842688, 44.0367369786923], [-69.5286026807725, 44.0366203150293], [-69.5284883395732, 44.0366568577357], [-69.5280656507725, 44.0369739325055], [-69.5279243680871, 44.037226682603], [-69.5277789162928, 44.0373173871747], [-69.5277504291486, 44.0376236365777], [-69.5277807012801, 44.037650506159], [-69.5280469296102, 44.0376762872627], [-69.5283058811961, 44.0376300720859], [-69.5283963709371, 44.0376746717225], [-69.5283721305315, 44.0377558138694], [-69.5280344334249, 44.03798246101], [-69.5276823547599, 44.0380831272405], [-69.5268520410469, 44.0381769960968], [-69.5265256733582, 44.0381424814322], [-69.5264193502021, 44.038115961946], [-69.5263678597589, 44.0380711837852], [-69.5262393093488, 44.0380447638285], [-69.5259259842888, 44.0380732186442], [-69.5253794182884, 44.0380577263683], [-69.5249881168228, 44.0382666031998], [-69.5247205042385, 44.038348862579], [-69.5237942841887, 44.0387582672244], [-69.5232707207885, 44.0386976440234], [-69.5230651114245, 44.0387345992522], [-69.5226886116782, 44.038943400423], [-69.5217079683938, 44.038974891856], [-69.5212951860506, 44.0391388387151], [-69.5209030091117, 44.0393837192615], [-69.5205942920519, 44.0396282191017], [-69.5205026460518, 44.0397186710018], [-69.5204391660456, 44.0398630160438], [-69.5203807663543, 44.0401874048061], [-69.5203329620183, 44.0402956637416], [-69.5202252441727, 44.0403771869682], [-69.5200197020621, 44.0404231389358], [-69.5193891847139, 44.0403989975494], [-69.5194190651107, 44.0404258711148], [-69.519424841492, 44.0405068748634], [-69.5193930979279, 44.0405790466465], [-69.519301129069, 44.0406334834995], [-69.5184119534142, 44.0406465285053], [-69.5176255865879, 44.0408211581752], [-69.517145074391, 44.0409583847219], [-69.5165505962093, 44.0410421066496], [-69.5162822626939, 44.0411783700917], [-69.5161197697543, 44.0413321626029], [-69.5158363839315, 44.0418916543215], [-69.5155270100193, 44.0421991691631], [-69.5151189522502, 44.0425071245134], [-69.5144806047331, 44.0434283515814], [-69.5144316117211, 44.0436716647891], [-69.5145653945041, 44.0438511318386], [-69.5146331840245, 44.0438868402315], [-69.514915113064, 44.0438765656609], [-69.5156499639077, 44.0440083020317], [-69.5158468650161, 44.044088445869], [-69.5164938849942, 44.0444366565049], [-69.517337124857, 44.0449640418941], [-69.5179326738959, 44.045267461136], [-69.5183409936415, 44.045436676326], [-69.5185975029231, 44.0455075379284], [-69.5187880815139, 44.0454886658788], [-69.5192850886781, 44.0453603573759], [-69.5195575015791, 44.0453771275817], [-69.5198595792953, 44.0455288117625], [-69.5200017301878, 44.0456812249274], [-69.520006035192, 44.0458612720539], [-69.5199208116211, 44.0464198740824], [-69.5200195024183, 44.046419424938], [-69.5204170448816, 44.0463365822222], [-69.5205832924108, 44.0463448300799], [-69.5209344992628, 44.0462712019025], [-69.5216505718859, 44.0462139132977], [-69.5221770629067, 44.0460674534611], [-69.5224917485338, 44.0459219590976], [-69.5226538366753, 44.0457681604001], [-69.5227559325313, 44.0455786213686], [-69.5228500029989, 44.0449209398692], [-69.5231991242031, 44.0444781755287], [-69.5233615960064, 44.0443243713324], [-69.5236290787114, 44.044224108951], [-69.5239032786341, 44.0441778357109], [-69.5246401671886, 44.0442284749444], [-69.5247765405, 44.0442998742761], [-69.5249624812702, 44.0445511196653], [-69.5252589151972, 44.044504738312], [-69.5252858684409, 44.044288533927], [-69.5253561402823, 44.0442071781734], [-69.5258887792951, 44.044141702875], [-69.5260892351699, 44.0439607105678], [-69.5264174155037, 44.0439321895803], [-69.5266137767441, 44.0439943077871], [-69.5268160885857, 44.0441554377298], [-69.5269072816571, 44.04414601468], [-69.5269618802049, 44.0441007439308], [-69.526951435968, 44.0437586663174], [-69.5268678051061, 44.0433448897589], [-69.5268557489657, 44.0431288648425], [-69.5269048490207, 44.0429035553687], [-69.5269519564676, 44.0428493148308], [-69.527111793459, 44.0428395723006], [-69.5272930906658, 44.0428747503599], [-69.5275784216247, 44.0431165248808], [-69.5277490344368, 44.0433543296164], [-69.5278554475167, 44.0433898517519], [-69.5280985166437, 44.0433527147888], [-69.5282054594644, 44.0433162067144], [-69.5282373499941, 44.0432620386999], [-69.5285557165169, 44.0433145869061], [-69.5287161634833, 44.043241817104], [-69.5288397760324, 44.0431061935672], [-69.5289544399282, 44.0430606447218], [-69.5290272449308, 44.0428262175563], [-69.5291038307271, 44.0427538372753], [-69.5293031317731, 44.0427078933942], [-69.5296983916815, 44.0426790549005], [-69.5300630769905, 44.0426773635795], [-69.5303665388415, 44.0427209715618], [-69.5304436778988, 44.0426665901727], [-69.5306241814327, 44.0423506337388], [-69.5311329816587, 44.0418890946138], [-69.5311966663039, 44.0417267385749], [-69.5313328715502, 44.0417351077704], [-69.5316808184476, 44.041868539702], [-69.5318530887449, 44.0419847843209], [-69.5318130336492, 44.0421290256711], [-69.5318425394025, 44.0422009139759], [-69.5320657199052, 44.0424699786944], [-69.5320935440611, 44.0426589184558], [-69.5319265748362, 44.04309186417], [-69.5320604882428, 44.0432803126548], [-69.5320821977592, 44.0433522389892], [-69.532033640661, 44.0435055225049], [-69.531514367201, 44.0441922008388], [-69.5311893919721, 44.0445358406322], [-69.5308279551915, 44.0447716104675], [-69.5303692170928, 44.0449448059812], [-69.5299626791559, 44.0451537703366], [-69.5295473450221, 44.0454708160219], [-69.5290607286679, 44.0458872297632], [-69.5288666889743, 44.046131220598], [-69.5287882497865, 44.0463026478304], [-69.5287857785376, 44.0464197028881], [-69.5289518455873, 44.0469771464737], [-69.5289770409185, 44.0473101564923], [-69.5289345081394, 44.0475714526714], [-69.5288479588499, 44.0477969406835], [-69.5285912162458, 44.0481402579312], [-69.5283995486168, 44.0482131718942], [-69.5281776276128, 44.0483492484476], [-69.5278892174986, 44.0487737430669], [-69.5277459759722, 44.049116535689], [-69.5277982663082, 44.0492063265452], [-69.5279261555245, 44.0492867682643], [-69.5281582303598, 44.0495467948625], [-69.5282385597421, 44.0497625037627], [-69.5282120819679, 44.0499877134576], [-69.5282328585224, 44.0500866541097], [-69.5278737923285, 44.0506825392544], [-69.5271702793329, 44.0513250292173], [-69.5269661272405, 44.0522353178497], [-69.5267105974938, 44.0529837786829], [-69.526617690955, 44.053065236778], [-69.5261527708288, 44.0531214001479], [-69.5260158523383, 44.0531670485706], [-69.5259154521701, 44.0532395362783], [-69.5257751327029, 44.0534742717566], [-69.5255447607783, 44.0540695569374], [-69.5255315608233, 44.054429755053], [-69.5256096486816, 44.0547895314172], [-69.5255836119254, 44.0549337066786], [-69.5255058438878, 44.0550511078472], [-69.5253903837816, 44.0551416729613], [-69.5252411011458, 44.0554664812305], [-69.5252594759697, 44.0556914838164], [-69.5253331596428, 44.0558622116336], [-69.5253291487619, 44.0561143219469], [-69.5254048392052, 44.0566001597936], [-69.5253189633333, 44.0567716185378], [-69.525292857656, 44.0569518076335], [-69.525430412255, 44.0573743334907], [-69.5240755259591, 44.0597754668321], [-69.5243101017767, 44.0598734244265], [-69.5247311977534, 44.0592232461073], [-69.525153218521, 44.0585010346687], [-69.5252599600167, 44.0584825371752], [-69.5254810740789, 44.0583824838502], [-69.5256670708026, 44.0582375728428], [-69.525870352042, 44.0583266714367], [-69.5258638737722, 44.0587408570168], [-69.5256806124327, 44.0597680929869], [-69.5254758544102, 44.0601741835648], [-69.5257312862213, 44.0603800885455], [-69.5262412927893, 44.0603417269906], [-69.5267810374456, 44.0603572464662], [-69.5268629895469, 44.0604469026069], [-69.5268012804698, 44.0605282168801], [-69.5266553724574, 44.0605739056644], [-69.5263659529315, 44.0605842464125], [-69.526229176914, 44.0606478966838], [-69.5261747246906, 44.0607111730882], [-69.5260945532289, 44.0609546341385], [-69.5260219205781, 44.0610359982834], [-69.5260403910345, 44.0609188699187], [-69.5259615158348, 44.0606041139734], [-69.5256537254064, 44.0603894479193], [-69.5252838258266, 44.0602110802098], [-69.5240427669321, 44.05986564663], [-69.5215002072819, 44.059084982601], [-69.5194890197365, 44.0584278929017]], [[-69.5155420564387, 44.0413257683139], [-69.5154734901469, 44.041335080214], [-69.5154123338313, 44.0413443604467], [-69.5152258971755, 44.0415702871565], [-69.5150864236441, 44.0417689870422], [-69.5150694187562, 44.0418320913323], [-69.5151446955654, 44.0418767682132], [-69.515387450811, 44.0419386992551], [-69.5155163212663, 44.041956124726], [-69.5155858247461, 44.0419197973746], [-69.5156313779307, 44.0418655712069], [-69.5157102436361, 44.0417391663015], [-69.5157501826307, 44.0415769233323], [-69.5157302895016, 44.0414419625358], [-69.5156096887277, 44.0413434699869], [-69.5155420564387, 44.0413257683139]], [[-69.5452431409057, 44.0146727190609], [-69.5450982397835, 44.0147724504569], [-69.5450578246821, 44.0148716805682], [-69.5450638805652, 44.0149796942564], [-69.5451242484817, 44.0150154201467], [-69.5451853754661, 44.0150061232174], [-69.5452545818656, 44.0149427722632], [-69.5452946099067, 44.0148435394291], [-69.5453421049327, 44.0147082615482], [-69.5453362135931, 44.0146182540316], [-69.5452431409057, 44.0146727190609]], [[-69.5452548633585, 44.014420570358], [-69.5453611522639, 44.0144470698991], [-69.5454694626198, 44.0143115016617], [-69.545547228645, 44.0142030877858], [-69.5455488199498, 44.0141220525206], [-69.5455263501486, 44.0140951457816], [-69.5454577363061, 44.0140954733614], [-69.5453733262979, 44.0141589015205], [-69.5453191815953, 44.0142491928935], [-69.5452638690583, 44.0143394916135], [-69.5452567099774, 44.014366538001], [-69.5452705992035, 44.0143934812396], [-69.5452548633585, 44.014420570358]], [[-69.5263649015177, 44.05183293558], [-69.5263498372341, 44.0518059929312], [-69.5263046549462, 44.0517701874071], [-69.5262282751492, 44.0517795444419], [-69.526113747732, 44.0517980787108], [-69.526091200376, 44.0518071841508], [-69.5260369836132, 44.0518524526678], [-69.5260747532712, 44.0518882924288], [-69.5261110397706, 44.0519331415225], [-69.5261651152946, 44.0519599018504], [-69.5262334541835, 44.0519235752469], [-69.5262806453166, 44.0518783398999], [-69.5263649015177, 44.05183293558]]]}, "properties": {"OBJECTID": 3731, "TOWN": "Newcastle", "COUNTY": "Lincoln", "GEOCODE": "15110", "GEOCODENUM": 15110, "CNTYCODE": "15", "LAND": "n", "TAG": "n", "ISLAND": "n", "CIREG": " ", "LURC": "n", "BAXTER": "n", "ISLANDID": "0", "TYPE": "coast", "DOT_REGNUM": 2, "DOT_REGION": "MID-COAST", "GlobalID": "dd2ff2ba-5ae4-4a09-9d01-3341c4f1a48b", "created_user": "Emily.Pettit@maine.gov_maine", "created_date": 1709078788387, "last_edited_user": "Emily.Pettit@maine.gov_maine", "last_edited_date": 1709078788387, "Shape__Area": 3676764.5881347656, "Shape__Length": 30688.45615593201}}, {"type": "Feature", "id": 3778, "geometry": {"type": "Polygon", "coordinates": [[[-69.6113789522051, 44.0505813280653], [-69.6113706278937, 44.0506443956038], [-69.611346121677, 44.0506895447033], [-69.6112854583599, 44.0507078788163], [-69.6112170783013, 44.0507352512908], [-69.6111484229686, 44.0507356185582], [-69.6110879792627, 44.0506999282106], [-69.6110361379902, 44.05062817817], [-69.6110217438655, 44.0505562296434], [-69.6110445936324, 44.0505020869581], [-69.6110916261742, 44.0504478176264], [-69.6111526874866, 44.0504294814866], [-69.6112139302244, 44.0504291538722], [-69.6112810248618, 44.0504287949158], [-69.611335228288, 44.0504645185535], [-69.6113567546986, 44.0505094195367], [-69.6113559555143, 44.0505454374676], [-69.6113789522051, 44.0505813280653]]]}, "properties": {"OBJECTID": 3778, "TOWN": "Newcastle", "COUNTY": "Lincoln", "GEOCODE": "15110", "GEOCODENUM": 15110, "CNTYCODE": "15", "LAND": "y", "TAG": "n", "ISLAND": "y", "CIREG": "n", "LURC": "n", "BAXTER": "n", "ISLANDID": "65-1010", "TYPE": "coast", "DOT_REGNUM": 2, "DOT_REGION": "MID-COAST", "GlobalID": "dd9cc08d-96cc-4a44-9cd3-c7509ee81983", "created_user": "Emily.Pettit@maine.gov_maine", "created_date": 1709078788387, "last_edited_user": "Emily.Pettit@maine.gov_maine", "last_edited_date": 1709078788387, "Shape__Area": 769.513916015625, "Shape__Length": 101.30071218837368}}, {"type": "Feature", "id": 3796, "geometry": {"type": "Polygon", "coordinates": [[[-69.5263649015177, 44.05183293558], [-69.5262806453166, 44.0518783398999], [-69.5262334541835, 44.0519235752469], [-69.5261651152946, 44.0519599018504], [-69.5261110397706, 44.0519331415225], [-69.5260747532712, 44.0518882924288], [-69.5260369836132, 44.0518524526678], [-69.526091200376, 44.0518071841508], [-69.526113747732, 44.0517980787108], [-69.5262282751492, 44.0517795444419], [-69.5263046549462, 44.0517701874071], [-69.5263498372341, 44.0518059929312], [-69.5263649015177, 44.05183293558]]]}, "properties": {"OBJECTID": 3796, "TOWN": "Newcastle", "COUNTY": "Lincoln", "GEOCODE": "15110", "GEOCODENUM": 15110, "CNTYCODE": "15", "LAND": "y", "TAG": "n", "ISLAND": "y", "CIREG": "n", "LURC": "n", "BAXTER": "n", "ISLANDID": "65-1008", "TYPE": "coast", "DOT_REGNUM": 2, "DOT_REGION": "MID-COAST", "GlobalID": "d5df27fa-255e-437e-8627-66e078a673e2", "created_user": "Emily.Pettit@maine.gov_maine", "created_date": 1709078788387, "last_edited_user": "Emily.Pettit@maine.gov_maine", "last_edited_date": 1709078788387, "Shape__Area": 315.924072265625, "Shape__Length": 70.46149218802763}}, {"type": "Feature", "id": 3799, "geometry": {"type": "Polygon", "coordinates": [[[-69.6088916279223, 44.0506576340393], [-69.6086855686531, 44.0506497295089], [-69.6085184051807, 44.0506686267903], [-69.6084732692773, 44.0506418560393], [-69.608526639083, 44.0505965556263], [-69.6085658760057, 44.0505423261541], [-69.6086502693547, 44.0504788536028], [-69.6087875782411, 44.0504781220389], [-69.6088329010974, 44.0505228966971], [-69.6088542411961, 44.0505497941182], [-69.6088916279223, 44.0506576340393]]]}, "properties": {"OBJECTID": 3799, "TOWN": "Newcastle", "COUNTY": "Lincoln", "GEOCODE": "15110", "GEOCODENUM": 15110, "CNTYCODE": "15", "LAND": "y", "TAG": "n", "ISLAND": "y", "CIREG": "n", "LURC": "n", "BAXTER": "n", "ISLANDID": "65-013B", "TYPE": "coast", "DOT_REGNUM": 2, "DOT_REGION": "MID-COAST", "GlobalID": "17cb97d2-952b-414d-900f-0dc7034082d0", "created_user": "Emily.Pettit@maine.gov_maine", "created_date": 1709078788387, "last_edited_user": "Emily.Pettit@maine.gov_maine", "last_edited_date": 1709078788387, "Shape__Area": 476.748291015625, "Shape__Length": 90.8772936297103}}, {"type": "Feature", "id": 3995, "geometry": {"type": "Polygon", "coordinates": [[[-69.6135306717446, 44.0230913111402], [-69.6134611540335, 44.0231186938864], [-69.6133925343519, 44.0231190623002], [-69.6133086086693, 44.0231105102788], [-69.6132643835954, 44.0230567269269], [-69.6132652922642, 44.0229936960532], [-69.6132895964834, 44.0229305423015], [-69.6133124350922, 44.0228763989676], [-69.6134650727076, 44.0228935864324], [-69.6135396937957, 44.022983221215], [-69.6135306717446, 44.0230913111402]]]}, "properties": {"OBJECTID": 3995, "TOWN": "Newcastle", "COUNTY": "Lincoln", "GEOCODE": "15110", "GEOCODENUM": 15110, "CNTYCODE": "15", "LAND": "y", "TAG": "n", "ISLAND": "y", "CIREG": "n", "LURC": "n", "BAXTER": "n", "ISLANDID": "65-021", "TYPE": "coast", "DOT_REGNUM": 2, "DOT_REGION": "MID-COAST", "GlobalID": "9994ffab-c826-4cae-abca-af0e9f9cb40f", "created_user": "Emily.Pettit@maine.gov_maine", "created_date": 1709078788387, "last_edited_user": "Emily.Pettit@maine.gov_maine", "last_edited_date": 1709078788387, "Shape__Area": 484.0653076171875, "Shape__Length": 82.17681439172304}}, {"type": "Feature", "id": 4030, "geometry": {"type": "Polygon", "coordinates": [[[-69.6043943652018, 44.026246197151], [-69.6042734890854, 44.0262468365074], [-69.6041672447948, 44.0262293905608], [-69.6041443534795, 44.0262025030497], [-69.604152956644, 44.02616644375], [-69.6041912856226, 44.0261392289116], [-69.6042747298473, 44.0261387876195], [-69.6043810629977, 44.0261652373489], [-69.6044188631183, 44.0262010511974], [-69.6043943652018, 44.026246197151]]]}, "properties": {"OBJECTID": 4030, "TOWN": "Newcastle", "COUNTY": "Lincoln", "GEOCODE": "15110", "GEOCODENUM": 15110, "CNTYCODE": "15", "LAND": "y", "TAG": "n", "ISLAND": "y", "CIREG": "n", "LURC": "n", "BAXTER": "n", "ISLANDID": "65-1029", "TYPE": "coast", "DOT_REGNUM": 2, "DOT_REGION": "MID-COAST", "GlobalID": "60778b1f-8607-47ab-9752-43cac0462427", "created_user": "Emily.Pettit@maine.gov_maine", "created_date": 1709078788387, "last_edited_user": "Emily.Pettit@maine.gov_maine", "last_edited_date": 1709078788387, "Shape__Area": 208.172119140625, "Shape__Length": 56.38471453628829}}, {"type": "Feature", "id": 4040, "geometry": {"type": "Polygon", "coordinates": [[[-69.6247031257524, 44.0223735174296], [-69.6247403296281, 44.0223147906367], [-69.62474650924, 44.0221977128056], [-69.6247515892025, 44.0220131150546], [-69.6247272498936, 44.0219232126652], [-69.6246730783269, 44.0218514811923], [-69.624619770035, 44.0218247613618], [-69.6245661160629, 44.0218025478258], [-69.6245657852484, 44.021771037532], [-69.6245575582458, 44.0217305660433], [-69.6246025075803, 44.0217033090519], [-69.6247161779272, 44.0216486686426], [-69.624836444375, 44.0215534737848], [-69.6249649787323, 44.0215032526665], [-69.6253748756201, 44.0214379838247], [-69.625670530962, 44.0213733418663], [-69.625822114642, 44.0213274952893], [-69.6259055056668, 44.0213225367629], [-69.626104141145, 44.0213754718887], [-69.6262190912678, 44.0214423642539], [-69.6262582473652, 44.0215321851189], [-69.6262238615177, 44.0217844686103], [-69.6261427568056, 44.0219694857909], [-69.6260768096032, 44.0221499145215], [-69.6258714732906, 44.0221645464931], [-69.6257650801608, 44.0221696291766], [-69.6256821626464, 44.0222196040933], [-69.6255994816457, 44.0222920826954], [-69.6254387236498, 44.0222074299657], [-69.625332091336, 44.0221900067133], [-69.625164634878, 44.0221729161865], [-69.625058521743, 44.0222050106528], [-69.6248543829877, 44.0222961600282], [-69.6247031257524, 44.0223735174296]]]}, "properties": {"OBJECTID": 4040, "TOWN": "Newcastle", "COUNTY": "Lincoln", "GEOCODE": "15110", "GEOCODENUM": 15110, "CNTYCODE": "15", "LAND": "y", "TAG": "n", "ISLAND": "y", "CIREG": "n", "LURC": "n", "BAXTER": "n", "ISLANDID": "65-1033", "TYPE": "coast", "DOT_REGNUM": 2, "DOT_REGION": "MID-COAST", "GlobalID": "c09d2fff-ef22-4e9d-91eb-5942a4303268", "created_user": "Emily.Pettit@maine.gov_maine", "created_date": 1709078788387, "last_edited_user": "Emily.Pettit@maine.gov_maine", "last_edited_date": 1709078788387, "Shape__Area": 10357.9599609375, "Shape__Length": 433.5595410858771}}, {"type": "Feature", "id": 4092, "geometry": {"type": "Polygon", "coordinates": [[[-69.5452431409057, 44.0146727190609], [-69.5453362135931, 44.0146182540316], [-69.5453421049327, 44.0147082615482], [-69.5452946099067, 44.0148435394291], [-69.5452545818656, 44.0149427722632], [-69.5451853754661, 44.0150061232174], [-69.5451242484817, 44.0150154201467], [-69.5450638805652, 44.0149796942564], [-69.5450578246821, 44.0148716805682], [-69.5450982397835, 44.0147724504569], [-69.5452431409057, 44.0146727190609]]]}, "properties": {"OBJECTID": 4092, "TOWN": "Newcastle", "COUNTY": "Lincoln", "GEOCODE": "15110", "GEOCODENUM": 15110, "CNTYCODE": "15", "LAND": "y", "TAG": "n", "ISLAND": "y", "CIREG": "y", "LURC": "n", "BAXTER": "n", "ISLANDID": "65-023", "TYPE": "coast", "DOT_REGNUM": 2, "DOT_REGION": "MID-COAST", "GlobalID": "29475327-7123-4847-91c8-45f3b4f635c3", "created_user": "Emily.Pettit@maine.gov_maine", "created_date": 1709078788387, "last_edited_user": "Emily.Pettit@maine.gov_maine", "last_edited_date": 1709078788387, "Shape__Area": 585.287353515625, "Shape__Length": 106.3628740655837}}, {"type": "Feature", "id": 4101, "geometry": {"type": "Polygon", "coordinates": [[[-69.5452548633585, 44.014420570358], [-69.5452705992035, 44.0143934812396], [-69.5452567099774, 44.014366538001], [-69.5452638690583, 44.0143394916135], [-69.5453191815953, 44.0142491928935], [-69.5453733262979, 44.0141589015205], [-69.5454577363061, 44.0140954733614], [-69.5455263501486, 44.0140951457816], [-69.5455488199498, 44.0141220525206], [-69.545547228645, 44.0142030877858], [-69.5454694626198, 44.0143115016617], [-69.5453611522639, 44.0144470698991], [-69.5452548633585, 44.014420570358]]]}, "properties": {"OBJECTID": 4101, "TOWN": "Newcastle", "COUNTY": "Lincoln", "GEOCODE": "15110", "GEOCODENUM": 15110, "CNTYCODE": "15", "LAND": "y", "TAG": "n", "ISLAND": "y", "CIREG": "n", "LURC": "n", "BAXTER": "n", "ISLANDID": "65-023B", "TYPE": "coast", "DOT_REGNUM": 2, "DOT_REGION": "MID-COAST", "GlobalID": "60cde165-cc64-4624-82e4-5ebb4f0b9b13", "created_user": "Emily.Pettit@maine.gov_maine", "created_date": 1709078788387, "last_edited_user": "Emily.Pettit@maine.gov_maine", "last_edited_date": 1709078788387, "Shape__Area": 505.335205078125, "Shape__Length": 99.1204017432123}}, {"type": "Feature", "id": 6653, "geometry": {"type": "Polygon", "coordinates": [[[-69.5178311724803, 44.1010213706694], [-69.5178285006909, 44.1007152710312], [-69.5179280288338, 44.1002196352569], [-69.5181811401022, 44.0996062603236], [-69.5183615729789, 44.0993443448945], [-69.5185564451157, 44.0990823645319], [-69.5187339177334, 44.0989285020411], [-69.5191179857895, 44.0986926697405], [-69.5196166727222, 44.0984383082043], [-69.5207757278659, 44.097847815195], [-69.5220972234466, 44.0970855018938], [-69.5230737565711, 44.096477807309], [-69.5235975319917, 44.0961062735332], [-69.5239437657785, 44.0958345867047], [-69.5241847441612, 44.0955363708471], [-69.5244041631807, 44.0951842333379], [-69.5244951268105, 44.0947426516903], [-69.5245628324685, 44.0943642010744], [-69.5248155475904, 44.0938048327671], [-69.5249555736861, 44.0935701014331], [-69.5252269930905, 44.0933167592426], [-69.5255650959686, 44.0930991257649], [-69.525933874103, 44.0928633406667], [-69.5263571328679, 44.0925642808166], [-69.5266826263725, 44.0922026475541], [-69.5268504595295, 44.0917156908461], [-69.5269611115451, 44.0910759432841], [-69.5268754683753, 44.0907072007242], [-69.5264399888517, 44.090331068154], [-69.5262007434426, 44.0901160888696], [-69.525709254044, 44.0899382834717], [-69.5253836879505, 44.0898497475232], [-69.5249568031411, 44.0898697165173], [-69.5247140767285, 44.0898348181311], [-69.5242897536802, 44.0897467343871], [-69.5237907737446, 44.0895149349524], [-69.5234683063242, 44.0892463112805], [-69.5231236601517, 44.088941776608], [-69.5228931591645, 44.0886097075385], [-69.5227297283923, 44.0883583604641], [-69.5225830747122, 44.0880169055113], [-69.5224627019617, 44.087513267883], [-69.5224045361265, 44.0868923010602], [-69.5222187277381, 44.0861818858283], [-69.5222693500041, 44.085857531568], [-69.5224760805506, 44.085352396195], [-69.5225678962271, 44.0848747997715], [-69.5224247397966, 44.0843532602039], [-69.5223280922508, 44.0837054597586], [-69.522210057413, 44.0830667611845], [-69.5221270155103, 44.0828555615847], [-69.5221486953679, 44.0827024034498], [-69.5225797231763, 44.0822277558884], [-69.5228596972299, 44.0820193974506], [-69.5230486872881, 44.0818069532086], [-69.5233056563173, 44.0815131678696], [-69.5234942163048, 44.0812962222574], [-69.5236077728589, 44.0811606522278], [-69.5237969226456, 44.0810112304805], [-69.5238878536986, 44.0809657949005], [-69.5241010708717, 44.0809783220544], [-69.5245721560018, 44.0809761600525], [-69.524952840561, 44.0809474050062], [-69.525175679214, 44.0808563444819], [-69.525299602403, 44.0802165363142], [-69.5256037763832, 44.0784234652177], [-69.5261472135683, 44.0768993933571], [-69.5270223657149, 44.0754638235242], [-69.5280006189077, 44.0742618563208], [-69.5287767609795, 44.073330918476], [-69.5291528686123, 44.0726629268096], [-69.529305033767, 44.0722210525474], [-69.5294512377182, 44.071680175644], [-69.5295782120138, 44.0713464610061], [-69.5299851960186, 44.070642309706], [-69.5300822819575, 44.0703267407658], [-69.530123863061, 44.0696512946719], [-69.5301401908669, 44.0691200180891], [-69.5302719217853, 44.0684891695049], [-69.5303774141716, 44.0681105383474], [-69.5305738221743, 44.0677314830967], [-69.5307910928327, 44.0674603730606], [-69.5311698798285, 44.0670984760785], [-69.5316035614546, 44.0665922690281], [-69.5318226698102, 44.0662221102021], [-69.5319654566281, 44.0658703131081], [-69.5319803961945, 44.0654470858187], [-69.531841309167, 44.0650785941678], [-69.5307850480294, 44.0641201428388], [-69.529734695507, 44.0632516881591], [-69.5289031438671, 44.0625442712861], [-69.5286327839966, 44.0623294418549], [-69.5283766430507, 44.0621775653158], [-69.5279072403156, 44.0620446868914], [-69.5273751273195, 44.062011130719], [-69.5269342375321, 44.0620131649785], [-69.5264038231207, 44.0619075683446], [-69.5261486087223, 44.0616836598237], [-69.5259887191796, 44.061252233679], [-69.5260219205781, 44.0610359982834], [-69.5260945532289, 44.0609546341385], [-69.5261747246906, 44.0607111730882], [-69.526229176914, 44.0606478966838], [-69.5263659529315, 44.0605842464125], [-69.5266553724574, 44.0605739056644], [-69.5268012804698, 44.0605282168801], [-69.5268629895469, 44.0604469026069], [-69.5267810374456, 44.0603572464662], [-69.5262412927893, 44.0603417269906], [-69.5257312862213, 44.0603800885455], [-69.5254758544102, 44.0601741835648], [-69.5256806124327, 44.0597680929869], [-69.5258638737722, 44.0587408570168], [-69.525870352042, 44.0583266714367], [-69.5256670708026, 44.0582375728428], [-69.5254810740789, 44.0583824838502], [-69.5252599600167, 44.0584825371752], [-69.525153218521, 44.0585010346687], [-69.5247311977534, 44.0592232461073], [-69.5243101017767, 44.0598734244265], [-69.5240755259591, 44.0597754668321], [-69.525430412255, 44.0573743334907], [-69.525292857656, 44.0569518076335], [-69.5253189633333, 44.0567716185378], [-69.5254048392052, 44.0566001597936], [-69.5253291487619, 44.0561143219469], [-69.5253331596428, 44.0558622116336], [-69.5252594759697, 44.0556914838164], [-69.5252411011458, 44.0554664812305], [-69.5253903837816, 44.0551416729613], [-69.5255058438878, 44.0550511078472], [-69.5255836119254, 44.0549337066786], [-69.5256096486816, 44.0547895314172], [-69.5255315608233, 44.054429755053], [-69.5255447607783, 44.0540695569374], [-69.5257751327029, 44.0534742717566], [-69.5259154521701, 44.0532395362783], [-69.5260158523383, 44.0531670485706], [-69.5261527708288, 44.0531214001479], [-69.526617690955, 44.053065236778], [-69.5267105974938, 44.0529837786829], [-69.5269661272405, 44.0522353178497], [-69.5271702793329, 44.0513250292173], [-69.5278737923285, 44.0506825392544], [-69.5282328585224, 44.0500866541097], [-69.5282120819679, 44.0499877134576], [-69.5282385597421, 44.0497625037627], [-69.5281582303598, 44.0495467948625], [-69.5279261555245, 44.0492867682643], [-69.5277982663082, 44.0492063265452], [-69.5277459759722, 44.049116535689], [-69.5278892174986, 44.0487737430669], [-69.5281776276128, 44.0483492484476], [-69.5283995486168, 44.0482131718942], [-69.5285912162458, 44.0481402579312], [-69.5288479588499, 44.0477969406835], [-69.5289345081394, 44.0475714526714], [-69.5289770409185, 44.0473101564923], [-69.5289518455873, 44.0469771464737], [-69.5287857785376, 44.0464197028881], [-69.5287882497865, 44.0463026478304], [-69.5288666889743, 44.046131220598], [-69.5290607286679, 44.0458872297632], [-69.5295473450221, 44.0454708160219], [-69.5299626791559, 44.0451537703366], [-69.5303692170928, 44.0449448059812], [-69.5308279551915, 44.0447716104675], [-69.5311893919721, 44.0445358406322], [-69.531514367201, 44.0441922008388], [-69.532033640661, 44.0435055225049], [-69.5320821977592, 44.0433522389892], [-69.5320604882428, 44.0432803126548], [-69.5319265748362, 44.04309186417], [-69.5320935440611, 44.0426589184558], [-69.5320657199052, 44.0424699786944], [-69.5318425394025, 44.0422009139759], [-69.5318130336492, 44.0421290256711], [-69.5318530887449, 44.0419847843209], [-69.5316808184476, 44.041868539702], [-69.5313328715502, 44.0417351077704], [-69.5311966663039, 44.0417267385749], [-69.5311329816587, 44.0418890946138], [-69.5306241814327, 44.0423506337388], [-69.5304436778988, 44.0426665901727], [-69.5303665388415, 44.0427209715618], [-69.5300630769905, 44.0426773635795], [-69.5296983916815, 44.0426790549005], [-69.5293031317731, 44.0427078933942], [-69.5291038307271, 44.0427538372753], [-69.5290272449308, 44.0428262175563], [-69.5289544399282, 44.0430606447218], [-69.5288397760324, 44.0431061935672], [-69.5287161634833, 44.043241817104], [-69.5285557165169, 44.0433145869061], [-69.5282373499941, 44.0432620386999], [-69.5282054594644, 44.0433162067144], [-69.5280985166437, 44.0433527147888], [-69.5278554475167, 44.0433898517519], [-69.5277490344368, 44.0433543296164], [-69.5275784216247, 44.0431165248808], [-69.5272930906658, 44.0428747503599], [-69.527111793459, 44.0428395723006], [-69.5269519564676, 44.0428493148308], [-69.5269048490207, 44.0429035553687], [-69.5268557489657, 44.0431288648425], [-69.5268678051061, 44.0433448897589], [-69.526951435968, 44.0437586663174], [-69.5269618802049, 44.0441007439308], [-69.5269072816571, 44.04414601468], [-69.5268160885857, 44.0441554377298], [-69.5266137767441, 44.0439943077871], [-69.5264174155037, 44.0439321895803], [-69.5260892351699, 44.0439607105678], [-69.5258887792951, 44.044141702875], [-69.5253561402823, 44.0442071781734], [-69.5252858684409, 44.044288533927], [-69.5252589151972, 44.044504738312], [-69.5249624812702, 44.0445511196653], [-69.5247765405, 44.0442998742761], [-69.5246401671886, 44.0442284749444], [-69.5239032786341, 44.0441778357109], [-69.5236290787114, 44.044224108951], [-69.5233615960064, 44.0443243713324], [-69.5231991242031, 44.0444781755287], [-69.5228500029989, 44.0449209398692], [-69.5227559325313, 44.0455786213686], [-69.5226538366753, 44.0457681604001], [-69.5224917485338, 44.0459219590976], [-69.5221770629067, 44.0460674534611], [-69.5216505718859, 44.0462139132977], [-69.5209344992628, 44.0462712019025], [-69.5205832924108, 44.0463448300799], [-69.5204170448816, 44.0463365822222], [-69.5200195024183, 44.046419424938], [-69.5199208116211, 44.0464198740824], [-69.520006035192, 44.0458612720539], [-69.5200017301878, 44.0456812249274], [-69.5198595792953, 44.0455288117625], [-69.5195575015791, 44.0453771275817], [-69.5192850886781, 44.0453603573759], [-69.5187880815139, 44.0454886658788], [-69.5185975029231, 44.0455075379284], [-69.5183409936415, 44.045436676326], [-69.5179326738959, 44.045267461136], [-69.517337124857, 44.0449640418941], [-69.5164938849942, 44.0444366565049], [-69.5158468650161, 44.044088445869], [-69.5156499639077, 44.0440083020317], [-69.514915113064, 44.0438765656609], [-69.5146331840245, 44.0438868402315], [-69.5145653945041, 44.0438511318386], [-69.5144316117211, 44.0436716647891], [-69.5144806047331, 44.0434283515814], [-69.5151189522502, 44.0425071245134], [-69.5155270100193, 44.0421991691631], [-69.5158363839315, 44.0418916543215], [-69.5161197697543, 44.0413321626029], [-69.5162822626939, 44.0411783700917], [-69.5165505962093, 44.0410421066496], [-69.517145074391, 44.0409583847219], [-69.5176255865879, 44.0408211581752], [-69.5184119534142, 44.0406465285053], [-69.519301129069, 44.0406334834995], [-69.5193930979279, 44.0405790466465], [-69.519424841492, 44.0405068748634], [-69.5194190651107, 44.0404258711148], [-69.5193891847139, 44.0403989975494], [-69.5200197020621, 44.0404231389358], [-69.5202252441727, 44.0403771869682], [-69.5203329620183, 44.0402956637416], [-69.5203807663543, 44.0401874048061], [-69.5204391660456, 44.0398630160438], [-69.5205026460518, 44.0397186710018], [-69.5205942920519, 44.0396282191017], [-69.5209030091117, 44.0393837192615], [-69.5212951860506, 44.0391388387151], [-69.5217079683938, 44.038974891856], [-69.5226886116782, 44.038943400423], [-69.5230651114245, 44.0387345992522], [-69.5232707207885, 44.0386976440234], [-69.5237942841887, 44.0387582672244], [-69.5247205042385, 44.038348862579], [-69.5249881168228, 44.0382666031998], [-69.5253794182884, 44.0380577263683], [-69.5259259842888, 44.0380732186442], [-69.5262393093488, 44.0380447638285], [-69.5263678597589, 44.0380711837852], [-69.5264193502021, 44.038115961946], [-69.5265256733582, 44.0381424814322], [-69.5268520410469, 44.0381769960968], [-69.5276823547599, 44.0380831272405], [-69.5280344334249, 44.03798246101], [-69.5283721305315, 44.0377558138694], [-69.5283963709371, 44.0376746717225], [-69.5283058811961, 44.0376300720859], [-69.5280469296102, 44.0376762872627], [-69.5277807012801, 44.037650506159], [-69.5277504291486, 44.0376236365777], [-69.5277789162928, 44.0373173871747], [-69.5279243680871, 44.037226682603], [-69.5280656507725, 44.0369739325055], [-69.5284883395732, 44.0366568577357], [-69.5286026807725, 44.0366203150293], [-69.528684842688, 44.0367369786923], [-69.5287134890409, 44.0368448874108], [-69.5289550854829, 44.0369518113399], [-69.5291227100548, 44.0369870489356], [-69.52928229799, 44.0369502960002], [-69.5298118413732, 44.0366327212823], [-69.5298888089111, 44.0365603368291], [-69.5297712136699, 44.0363628055678], [-69.5298089534537, 44.0363086117297], [-69.5299311745938, 44.0362810336917], [-69.5300165597181, 44.0361906023243], [-69.5302321148731, 44.036045547129], [-69.5306267910446, 44.0360437148349], [-69.5310623843888, 44.0359066402868], [-69.5313701151255, 44.0357341441398], [-69.5316550578518, 44.035498728209], [-69.5317476119297, 44.0353812536532], [-69.5318469666963, 44.0353267732574], [-69.5318987004376, 44.0353985572618], [-69.5319609355575, 44.0353802606332], [-69.5321111770329, 44.0354335816712], [-69.5321796532424, 44.0354152558571], [-69.5322127773834, 44.035325069849], [-69.5321682925765, 44.0352352390363], [-69.5322064969121, 44.0351900456748], [-69.5323443811914, 44.0351263774212], [-69.5324523022483, 44.035026834871], [-69.5326670799102, 44.0349267994925], [-69.5327295976358, 44.0348094614581], [-69.5329754000107, 44.0346462549349], [-69.5331383575682, 44.0344654221933], [-69.5336306354637, 44.0340849830314], [-69.5341020644745, 44.0336416087762], [-69.534264935037, 44.0334517776626], [-69.5345767600779, 44.0334323122278], [-69.5348684818123, 44.0332598796927], [-69.5352257038409, 44.0332582068474], [-69.5353010658019, 44.033311874459], [-69.535430375119, 44.0332932616624], [-69.5354528391129, 44.0328429850293], [-69.5356196685177, 44.0328331987192], [-69.5356728763798, 44.0333281387545], [-69.53610362138, 44.0334791769932], [-69.5364207238384, 44.0336127421185], [-69.5365485883632, 44.0336931718263], [-69.536414922231, 44.0339639063734], [-69.5373130749978, 44.0339191670033], [-69.5374894582332, 44.0338012935087], [-69.5375914176829, 44.0336477534652], [-69.5376268531577, 44.0332964523961], [-69.5375123166952, 44.0328783310969], [-69.5376531401364, 44.0325805548012], [-69.5375299335972, 44.0322390044608], [-69.5375549904956, 44.0320768236368], [-69.5375349674169, 44.0319328626934], [-69.5374706208646, 44.0317170844787], [-69.5374099963931, 44.0316543464179], [-69.5369099463549, 44.0319898222002], [-69.536820771295, 44.0319182109435], [-69.5367095657039, 44.0317386689436], [-69.5367722384057, 44.0316393348025], [-69.5368798364574, 44.0315487965805], [-69.5367979095717, 44.0314591470469], [-69.5368313798541, 44.0312789199348], [-69.5370284764196, 44.0312960005952], [-69.537120573417, 44.0312595538865], [-69.5372834930695, 44.0310337016717], [-69.5374896689496, 44.0309336931131], [-69.5378859342246, 44.0308958162835], [-69.5380147870643, 44.0309132164988], [-69.5380959493042, 44.0310478860104], [-69.5380955946325, 44.031137922162], [-69.5379992136996, 44.0313904734778], [-69.5380998999439, 44.0317861501095], [-69.5381443909848, 44.0318759705319], [-69.5382890505532, 44.0318302754559], [-69.5384613671364, 44.0319960281578], [-69.5398397471196, 44.031800449621], [-69.5401919972987, 44.0316817408306], [-69.5407849239373, 44.0311837454519], [-69.5408941166014, 44.0310121639642], [-69.5409501125925, 44.0308228264467], [-69.5409674372858, 44.0306696839946], [-69.5409020124167, 44.030507933468], [-69.5407161928408, 44.0302297060939], [-69.5406880586713, 44.0300947883949], [-69.5407779644387, 44.0296892076552], [-69.5408847311547, 44.0296796970199], [-69.5410508679319, 44.029723929458], [-69.5412961946003, 44.0296417346074], [-69.5418567031314, 44.0292699362922], [-69.5421900916672, 44.0288812063101], [-69.5423069120841, 44.0286915767044], [-69.5423813053024, 44.0283400916515], [-69.5429980707288, 44.0277249273583], [-69.5429656433868, 44.0274189658496], [-69.5432330168037, 44.027318655131], [-69.5448757199635, 44.0263204539166], [-69.545257702781, 44.0261745754458], [-69.5456448442208, 44.0262087410702], [-69.5457599934318, 44.0261361634559], [-69.5457930092842, 44.0260369686346], [-69.545794864567, 44.0258568897558], [-69.5458352882147, 44.0257576595306], [-69.546496714944, 44.0252142912816], [-69.5465927153116, 44.0249257196328], [-69.5468784706353, 44.0246632528697], [-69.5467965098551, 44.0236372517659], [-69.5467451101822, 44.0234754345676], [-69.5466320719949, 44.023394945193], [-69.5465962950018, 44.0232780695759], [-69.5467891223774, 44.0230880724713], [-69.5470918485358, 44.0217045947206], [-69.5472109565386, 44.0214699334075], [-69.5473887943167, 44.0212619991966], [-69.5478972812024, 44.0208003880272], [-69.5479758847936, 44.0206559574481], [-69.5479045272565, 44.0203591853397], [-69.5479000549624, 44.020170132229], [-69.5479327311051, 44.0200349235578], [-69.5479952070233, 44.0199175779825], [-69.5480644160506, 44.0198542226658], [-69.5480659285351, 44.0197641825584], [-69.5480368001311, 44.0196922963555], [-69.5479387464632, 44.0196297387732], [-69.5478103095579, 44.0196123477144], [-69.5477121759055, 44.0195407904558], [-69.5475558146258, 44.0193704740484], [-69.5474184932221, 44.0193621276909], [-69.5471680444514, 44.0193903386506], [-69.5468995442256, 44.0194906640954], [-69.5466612510572, 44.0196538650438], [-69.5463390991658, 44.0198984994973], [-69.5459215084119, 44.0203236583789], [-69.545729955373, 44.0203966020841], [-69.5454344142386, 44.0203980133152], [-69.5452978434513, 44.020344643505], [-69.5452234143597, 44.0202639684183], [-69.5452259119065, 44.0201108984979], [-69.5452447369807, 44.0198677133039], [-69.545433156266, 44.0194526554688], [-69.5460359185186, 44.0183873673504], [-69.5461676044018, 44.0182066685876], [-69.5463984848622, 44.0180435013775], [-69.5472715902357, 44.0176341683914], [-69.5475358702843, 44.0174573345815], [-69.5478995215488, 44.017275519244], [-69.5480819829148, 44.0172746441337], [-69.5482116923178, 44.0173460523066], [-69.5483634559234, 44.0173138118906], [-69.5485997845736, 44.0173621964901], [-69.5487364216384, 44.0173390307762], [-69.5492760037817, 44.0173364380685], [-69.5493512134691, 44.0172055252776], [-69.5493882583415, 44.0170793003871], [-69.5493573484403, 44.0170254281919], [-69.5492889139661, 44.0170032476369], [-69.549068788711, 44.01706282913], [-69.5489933032753, 44.0171217153081], [-69.5487807892936, 44.0172037665464], [-69.5485373176848, 44.017141909608], [-69.548491165197, 44.0170836104222], [-69.5484739591928, 44.0167820758806], [-69.5483344524427, 44.0164091005606], [-69.5483336642678, 44.0163235722721], [-69.5484568446045, 44.0161519150998], [-69.5488203044907, 44.0157810275139], [-69.5492547741644, 44.0152477340127], [-69.5497606182708, 44.0145070164216], [-69.5498446234755, 44.0140204245996], [-69.5497859007711, 44.0138676490144], [-69.5494260277761, 44.0135272489551], [-69.5489317819697, 44.0131154637882], [-69.5488438001616, 44.0129178108807], [-69.5490025745317, 44.0124218568803], [-69.5493542672888, 44.0118349413434], [-69.5494578909413, 44.0115733422092], [-69.549540975227, 44.0111137625268], [-69.5497685984075, 44.0106444874879], [-69.5498183389534, 44.0103741446491], [-69.550025648774, 44.0102380928633], [-69.5502883595068, 44.0095165494347], [-69.550387487641, 44.0094440441188], [-69.5505093368207, 44.0094254519347], [-69.5508211919303, 44.0094239489463], [-69.5510382667375, 44.0094589143748], [-69.5511749681187, 44.0094447524922], [-69.5512883522008, 44.0093541679591], [-69.551371038135, 44.0092322219711], [-69.5514525280076, 44.0089392164355], [-69.5514812082512, 44.0086689726385], [-69.5516020946855, 44.0085468420826], [-69.5516167974367, 44.0084927502043], [-69.5515555250425, 44.0084435268448], [-69.551449605696, 44.008498058997], [-69.5512599764604, 44.0085214836677], [-69.5510508434563, 44.0083334202402], [-69.5507651171356, 44.0082087482404], [-69.5503460680782, 44.008210767446], [-69.5500895177263, 44.0081219680519], [-69.5498503495477, 44.0078890250902], [-69.549738510475, 44.0076824858141], [-69.549568285388, 44.0074852298506], [-69.5490331478851, 44.0071996901402], [-69.5488240044006, 44.0069666034119], [-69.5485020173186, 44.0066710345585], [-69.5484253671684, 44.0066443929391], [-69.5480907174082, 44.0067090222316], [-69.5479777886187, 44.0066375360035], [-69.5478851041221, 44.0062238183087], [-69.5477434707807, 44.006125462623], [-69.5470718228991, 44.0057865461645], [-69.5469588180821, 44.0057060539926], [-69.5469011972369, 44.0055442688358], [-69.5470248573958, 44.0054266324232], [-69.547346041356, 44.0048308640323], [-69.5474574946062, 44.0044881965833], [-69.5474989967165, 44.0042539087953], [-69.5476479976414, 44.004010100493], [-69.5476882721047, 44.0038118297619], [-69.5476833540462, 44.0036587948978], [-69.5478881935272, 44.0031716252269], [-69.5480284733051, 44.002954867778], [-69.5480727509168, 44.0025990165622], [-69.5479881811136, 44.0024733724002], [-69.5476226252192, 44.0023535805874], [-69.5474777049562, 44.0022777471875], [-69.5474316441611, 44.0022284441694], [-69.5474309997026, 44.0021159044952], [-69.547606449792, 44.0022050968798], [-69.5477129388897, 44.0022135908534], [-69.5478190953865, 44.002186073251], [-69.5479249667257, 44.0021270419909], [-69.547954707285, 44.0020548687209], [-69.5479089940469, 44.0020010687824], [-69.547771480568, 44.001925200232], [-69.5476645652001, 44.0014890433051], [-69.5475692792406, 44.0013004248116], [-69.5473406272234, 44.0012745134858], [-69.5472891544897, 44.0012297407746], [-69.5473358005463, 44.0011304770937], [-69.5473064549969, 44.0010765966967], [-69.547140817849, 44.0009513410622], [-69.54711198684, 44.0008254319898], [-69.5472085295702, 44.0000911847695], [-69.5471848334398, 43.9998031854649], [-69.5474588212363, 43.9994192243879], [-69.5476108232295, 43.9991213805676], [-69.5477246013235, 43.9989902835852], [-69.5488649310671, 43.9980034301238], [-69.5492070259408, 43.9978217181032], [-69.5499212109257, 43.9973726088583], [-69.5499365717387, 43.9971789587652], [-69.5500049301834, 43.997111104376], [-69.549989673806, 43.9970211401046], [-69.54994423577, 43.9969538352567], [-69.5500049170889, 43.9968139889059], [-69.5499668760769, 43.9967466457565], [-69.5498608018225, 43.9966976379202], [-69.5498985108875, 43.9966029187768], [-69.5501341505396, 43.996543260803], [-69.5503396337872, 43.9962991767096], [-69.5504230528408, 43.9962582609253], [-69.5505902035021, 43.9963790028617], [-69.5507040881346, 43.9963874557208], [-69.5507496941704, 43.996598819091], [-69.550909221945, 43.996611554379], [-69.5513805429866, 43.9964967389276], [-69.5516085107906, 43.9963245720619], [-69.5517680934011, 43.9963012918791], [-69.551958017569, 43.9961878298844], [-69.5520872029757, 43.9961646987939], [-69.5521861815824, 43.9960786854263], [-69.5522315597264, 43.9959704258885], [-69.5523607540628, 43.9959067750823], [-69.5523990478119, 43.9960011285297], [-69.552391322899, 43.9961767341701], [-69.5523534055304, 43.9962489454935], [-69.5524521626978, 43.9963069889994], [-69.5525964062241, 43.9963107941308], [-69.5526874500046, 43.9962518301128], [-69.5527635438432, 43.9960939007245], [-69.5528548521216, 43.9960214327391], [-69.5529611673608, 43.9960119138698], [-69.5530978920148, 43.9959617355426], [-69.5531208136818, 43.9957860535823], [-69.5532194429035, 43.9957045454584], [-69.5532956534611, 43.9951819687498], [-69.5532425885924, 43.9948400961556], [-69.5530755371196, 43.9946878462226], [-69.5528396553828, 43.9945944500735], [-69.5524068803233, 43.9944930029157], [-69.5522393827468, 43.9943767679263], [-69.5522396365853, 43.9942777263436], [-69.552391682874, 43.9942409773507], [-69.5529309446918, 43.9943103970364], [-69.5532041563456, 43.9943946078645], [-69.5535691347502, 43.9945819182837], [-69.5540325148415, 43.9945796723388], [-69.554518716262, 43.9944332549866], [-69.554807547423, 43.9942697888913], [-69.5552254894614, 43.9941597157719], [-69.5553319620086, 43.9940421536687], [-69.5555144359245, 43.994050269255], [-69.55562061997, 43.9940272459902], [-69.5556890115501, 43.9939638870571], [-69.5558943495263, 43.9939583882805], [-69.5559930642633, 43.9940119272028], [-69.5560461188967, 43.9939756550022], [-69.5561376181518, 43.9939662070774], [-69.5560766381443, 43.993696397803], [-69.5559778014984, 43.9936293524835], [-69.5558410090684, 43.993630018023], [-69.5555753309857, 43.9935592821173], [-69.5552940692177, 43.9936146704144], [-69.5549824818424, 43.9934271115568], [-69.5548230456561, 43.9934233832071], [-69.5548383116181, 43.9933467810742], [-69.5547849795468, 43.9931444593412], [-69.5547165022077, 43.9930727637567], [-69.5547167253667, 43.9927621425793], [-69.5548608333707, 43.9927524429554], [-69.5548609893486, 43.9925183474011], [-69.5549523656886, 43.9924953939585], [-69.5549976789031, 43.9924231458035], [-69.5549292634838, 43.9922749211189], [-69.5544203727581, 43.9917821976673], [-69.5543367617107, 43.9916340472433], [-69.5542988944144, 43.9912920957948], [-69.5541332316982, 43.9908697343706], [-69.5541542217919, 43.9904869860712], [-69.5542205924783, 43.9899554560886], [-69.5543873761505, 43.9898285969126], [-69.5543791333442, 43.9897386017861], [-69.5548719306586, 43.9894255894413], [-69.555045579813, 43.9891996582128], [-69.5551593520065, 43.9891135703067], [-69.5553261620018, 43.989031728982], [-69.5556440597233, 43.9887285648971], [-69.5559328409628, 43.9886461294737], [-69.5560317067262, 43.9885916273168], [-69.5560770985225, 43.9885283827181], [-69.556145486875, 43.9882984602591], [-69.5561001384813, 43.9881996405189], [-69.5560165487025, 43.988137023616], [-69.5560391960083, 43.9879748492431], [-69.5562214292872, 43.9880009746172], [-69.5563963915069, 43.9875409425946], [-69.5565941206301, 43.9872653732449], [-69.556829326655, 43.9870391375471], [-69.5571639550731, 43.9867764043244], [-69.5576044705081, 43.9865446675282], [-69.5578171064513, 43.986530122565], [-69.5584858426348, 43.9866168919178], [-69.5586455653653, 43.9866116084489], [-69.5588809454742, 43.9865294266271], [-69.5591312356132, 43.9863751432222], [-69.5593289264728, 43.9863876800294], [-69.5594580234144, 43.9864410718023], [-69.5596783128757, 43.9864534955513], [-69.5598530718029, 43.9863896156823], [-69.5599973198581, 43.9862718612813], [-69.5602635910199, 43.9856628194173], [-69.5603395496817, 43.9855769135141], [-69.5604307400915, 43.9855359495423], [-69.5604759682916, 43.985414180197], [-69.5608410396958, 43.9852008061593], [-69.5614792299973, 43.9849005557286], [-69.561676685162, 43.9849716134116], [-69.5617600735759, 43.9849712034642], [-69.5619271887578, 43.9847587990193], [-69.5620565577899, 43.9847581627161], [-69.562101939885, 43.9849425134155], [-69.5620717853335, 43.9850507066861], [-69.5622084212702, 43.9850770414185], [-69.5623526615122, 43.9849592867594], [-69.5624593651386, 43.9848282069193], [-69.5627935296869, 43.9847680421963], [-69.5630820457734, 43.9847846304774], [-69.5631352933642, 43.9848113750146], [-69.5634697125782, 43.9847782149159], [-69.5640014663566, 43.9847620860837], [-69.5642219898312, 43.9846349480728], [-69.5643207934466, 43.9846164530957], [-69.5644497151501, 43.984692344407], [-69.5645257125339, 43.9848990516963], [-69.5645258464536, 43.9851601530823], [-69.564571358123, 43.9854390372863], [-69.5645559786306, 43.9855021370038], [-69.5644421364861, 43.9856197442708], [-69.5644040645953, 43.9857144701764], [-69.5644193981133, 43.9859754964443], [-69.5644803598446, 43.9862813157754], [-69.5644573057931, 43.9863984744855], [-69.5645788736261, 43.9864789046133], [-69.5648146693743, 43.986482241923], [-69.5653767072175, 43.9864119385855], [-69.5655820788443, 43.9862893720146], [-69.5662657260084, 43.9855251878324], [-69.5663719007543, 43.9854211211311], [-69.5665010998924, 43.9853619595694], [-69.5665694382889, 43.985213061775], [-69.566668122127, 43.9851000275183], [-69.5669949687433, 43.9850083726873], [-69.5670938644741, 43.9849178467055], [-69.5671622379719, 43.9848139668674], [-69.5672304462435, 43.9846110472939], [-69.5673141469466, 43.9844800825108], [-69.5674430938838, 43.9843533920286], [-69.5675723784199, 43.9842627147013], [-69.5681190800056, 43.9840979334731], [-69.5684001878288, 43.9835833365515], [-69.5685366190396, 43.9834250961618], [-69.5685140278775, 43.9833441750766], [-69.5684077047651, 43.9832276591696], [-69.5681871770059, 43.9830666917174], [-69.5681113371914, 43.9829185125128], [-69.5681342072819, 43.982783344167], [-69.5682555265125, 43.982674703106], [-69.5682707788752, 43.9825170629056], [-69.5683923549508, 43.9823949106313], [-69.5685524913554, 43.9824751447216], [-69.5698063318437, 43.9830766365728], [-69.5745032346462, 43.985367021585], [-69.5787896674066, 43.9874071931547], [-69.5837760835106, 43.9898217781006], [-69.5887328464974, 43.9922317952885], [-69.5936130445155, 43.994583469502], [-69.5947611447834, 43.9951222108243], [-69.6001065226099, 43.9976782643411], [-69.605248951334, 44.0000865858613], [-69.6114418645733, 44.003060777686], [-69.6182529846276, 44.0063464104376], [-69.6244913720901, 44.0093691668956], [-69.6248904723104, 44.0095830691888], [-69.6262047477653, 44.0101881100013], [-69.6270660099435, 44.0106785757871], [-69.6280314447639, 44.0112494955431], [-69.6305824076745, 44.0127750408495], [-69.6341446211675, 44.0149026519741], [-69.6343254920249, 44.0150096904728], [-69.6341070777078, 44.01503791236], [-69.6337582384216, 44.0151208799566], [-69.6335000055767, 44.0151448189086], [-69.6322723532696, 44.015444233618], [-69.6318635651007, 44.0155725417914], [-69.6314854705589, 44.0157276901629], [-69.6310080651777, 44.0158563771946], [-69.6301249750998, 44.0163339328667], [-69.6294926570489, 44.0167830908276], [-69.6286728558847, 44.0174223497612], [-69.6284480349427, 44.0176576748489], [-69.6285024924858, 44.0177564152029], [-69.6284812665552, 44.0178510665304], [-69.62820169291, 44.0179966603469], [-69.6272369770061, 44.0186141959798], [-69.6270869279788, 44.0187680748775], [-69.6270044907014, 44.0188630672571], [-69.6270215576734, 44.019002527259], [-69.6271000710641, 44.0191641595725], [-69.6270269112333, 44.0193626381478], [-69.6268178528714, 44.0196518942147], [-69.6267142793612, 44.0198505394225], [-69.6267148483847, 44.0199045570651], [-69.6268314199824, 44.020088487624], [-69.6269337920314, 44.0203310166625], [-69.626890996588, 44.0205248285647], [-69.6266268461271, 44.0206928424906], [-69.6260900936904, 44.020929875861], [-69.6257740146338, 44.0211656964888], [-69.625372970893, 44.0212939407167], [-69.6247204431961, 44.0214235543654], [-69.6246370059049, 44.0214240105506], [-69.6244911161084, 44.021343780518], [-69.6243611380217, 44.0213309865856], [-69.6237210830635, 44.0214605308688], [-69.6233650315948, 44.0214174558137], [-69.6231459365543, 44.0213466223966], [-69.6227842993424, 44.0211055017018], [-69.6225877144606, 44.0210615539854], [-69.6224644937779, 44.0210982445985], [-69.6223472474783, 44.0213329687256], [-69.6222782105381, 44.0214053724171], [-69.6221177461074, 44.0214602679076], [-69.6219195741283, 44.0214883580549], [-69.6216340647793, 44.0212558209732], [-69.6213352349032, 44.0209423253745], [-69.6210855566269, 44.0208176344537], [-69.6205696534794, 44.0207754213137], [-69.6203973782782, 44.0206323006288], [-69.6200334539246, 44.0205442415309], [-69.6198301644444, 44.0204553090473], [-69.6194582269196, 44.0204213123461], [-69.6188453864799, 44.0205056662824], [-69.6184328524464, 44.0202422978805], [-69.6184015978006, 44.0201614341026], [-69.6184076792207, 44.0199588242181], [-69.6182364428236, 44.0194645596294], [-69.6182361621741, 44.0194375516628], [-69.618274184676, 44.0194193389931], [-69.6184037949654, 44.0194726592266], [-69.6186776187009, 44.0195206949759], [-69.6188064495618, 44.0194614739003], [-69.6188287508817, 44.0193938280511], [-69.6187599605263, 44.0193401789398], [-69.6186457864805, 44.0193092859852], [-69.6185158943222, 44.0192289589648], [-69.6182323299014, 44.0189558862703], [-69.6182164224162, 44.0188884463741], [-69.6182300680399, 44.0186632868677], [-69.6182674326808, 44.0185820544161], [-69.6186156233528, 44.0183955969343], [-69.6187428134006, 44.0181788241897], [-69.6187723032069, 44.0180526186929], [-69.6187338283451, 44.0179898010052], [-69.6186118619744, 44.0179589502062], [-69.6184610758665, 44.0179687708691], [-69.6183529560154, 44.0180323821155], [-69.6182673098432, 44.0181949061512], [-69.6180693465099, 44.0182049788746], [-69.6177192045732, 44.0182789010521], [-69.617557861844, 44.0183608053053], [-69.6171900973984, 44.018614888575], [-69.6170487219899, 44.0189307733778], [-69.6169092651741, 44.0190935887699], [-69.6167619781236, 44.0193284748538], [-69.6166205054642, 44.0196353552522], [-69.6162875636132, 44.0200152960833], [-69.6162632138133, 44.0201864949804], [-69.6163789510053, 44.0205189987055], [-69.6164615379203, 44.0206626067016], [-69.616568873867, 44.0210491762912], [-69.6165428382365, 44.0212834076278], [-69.6164482555425, 44.0215630251988], [-69.6162478751123, 44.0217171640423], [-69.6161260058395, 44.0217718429429], [-69.6159462964921, 44.0221149441984], [-69.6158143349327, 44.0222867203184], [-69.6155703301686, 44.0223330515861], [-69.6154642797223, 44.0223336229029], [-69.6153886762649, 44.0222620024747], [-69.6137686013091, 44.0223427445202], [-69.6135248769843, 44.0224160820862], [-69.613418729782, 44.0224076494666], [-69.6129268621739, 44.0222392216748], [-69.6128813222686, 44.0217172653914], [-69.6127775001422, 44.0215557618043], [-69.6126751834545, 44.0213132153114], [-69.6125098731798, 44.0211250289934], [-69.6124143501932, 44.020936469288], [-69.6123996362684, 44.0203783336166], [-69.6120556787308, 44.0205242329532], [-69.6118776998435, 44.020696251078], [-69.6118152569268, 44.0208046278872], [-69.6115563300358, 44.020878041777], [-69.6108516894547, 44.0212509530693], [-69.6107674320231, 44.0213234293844], [-69.6106460053509, 44.0212700576663], [-69.6105579952454, 44.021090460618], [-69.6103325565961, 44.0208935880771], [-69.6100313646899, 44.0207241308516], [-69.6099401290934, 44.0207246179393], [-69.6100736274524, 44.0209669986184], [-69.6107245656312, 44.0216297770344], [-69.6107615477396, 44.0217376217551], [-69.6107217170144, 44.0218458761701], [-69.6106366554191, 44.0219543705136], [-69.6105481024756, 44.0222159440368], [-69.6104724408772, 44.022252362158], [-69.6102059125796, 44.0223078066709], [-69.6102110108804, 44.0224248261936], [-69.6102555097591, 44.0225056160434], [-69.6102001365832, 44.0226949861928], [-69.6100604688526, 44.0228397909432], [-69.6098385285196, 44.0229850292783], [-69.609799310667, 44.023039259338], [-69.6078165702803, 44.0230048052745], [-69.607717835357, 44.0229963288274], [-69.6075787340011, 44.0231591308384], [-69.6074765134476, 44.023420774612], [-69.6073987644067, 44.0235202250827], [-69.6072994072757, 44.0235657696182], [-69.6069358512831, 44.0235136807099], [-69.6067016745008, 44.0234158873247], [-69.6066593097888, 44.0232000284201], [-69.6067309951642, 44.0218941473087], [-69.6068280490224, 44.0210112919623], [-69.6068408430067, 44.0206600890575], [-69.6068040329, 44.0206062655964], [-69.6068662973661, 44.0204798864454], [-69.6069590440596, 44.0203983608358], [-69.6070064947665, 44.0202720620989], [-69.6070086277601, 44.0201369970464], [-69.6071248589837, 44.0199112929425], [-69.6072378925032, 44.0194875295368], [-69.6076908694145, 44.0186387974606], [-69.6077276915688, 44.0181974309692], [-69.6078424143267, 44.0177106345016], [-69.6082229079732, 44.0170963739742], [-69.6083708690287, 44.0169245185723], [-69.609180962832, 44.0155066587609], [-69.6093992814451, 44.0150868332377], [-69.609481233059, 44.0148658120105], [-69.6096050986888, 44.014207896089], [-69.6095958717077, 44.013991863822], [-69.6094398832364, 44.0134930024105], [-69.6091566132621, 44.0132424149001], [-69.6086294632643, 44.0128940905566], [-69.6081186549509, 44.012694231387], [-69.6073783276763, 44.0125811250572], [-69.6073246207543, 44.0125904122188], [-69.6072448606983, 44.0123387406968], [-69.6072620991456, 44.0121945925976], [-69.6074002866125, 44.0120588068526], [-69.6074480974923, 44.0119685179336], [-69.6076090718622, 44.0118506150293], [-69.6079525574816, 44.0117767618837], [-69.6082649725819, 44.0116760590935], [-69.608449151544, 44.0115400272159], [-69.6085786869585, 44.0115123260044], [-69.609264141165, 44.0119408388033], [-69.6093778814336, 44.0119312296616], [-69.6097217999584, 44.0117853410955], [-69.6099283411617, 44.0117392204443], [-69.6101640962994, 44.0117289591104], [-69.6103153310018, 44.0117641652691], [-69.6104508381379, 44.0118624786769], [-69.6106010854764, 44.0119156966798], [-69.6107608035749, 44.0119418525363], [-69.6113465583618, 44.0118846990244], [-69.6120731762316, 44.0115746916106], [-69.6121491199248, 44.0115292664812], [-69.6122124424737, 44.0113938759823], [-69.6121436485912, 44.0113762376252], [-69.6118000186018, 44.0115491432678], [-69.6115107429688, 44.0115867057602], [-69.6111600404993, 44.0116786169565], [-69.611092230567, 44.011642965755], [-69.6110566714575, 44.0114450839947], [-69.6109829627863, 44.011328428498], [-69.6108463562286, 44.011275138065], [-69.6105073279203, 44.0110608684933], [-69.6103942768325, 44.0110614725032], [-69.6099213555806, 44.0111720397209], [-69.6097393078645, 44.0111730113778], [-69.6092278829829, 44.0112927837696], [-69.6091451459022, 44.0112842205267], [-69.6091610591925, 44.0112391192103], [-69.6093744482219, 44.011138943996], [-69.6096592425693, 44.0109303429859], [-69.6099986882749, 44.0105773956804], [-69.6100567547681, 44.0102709683592], [-69.6099969896125, 44.0101452387758], [-69.6098920965752, 44.0100287535329], [-69.609681471244, 44.0099038289572], [-69.6094353659615, 44.0096260341232], [-69.6092922523689, 44.0095457669887], [-69.6091925550515, 44.0095553011742], [-69.6091692363298, 44.0096004437916], [-69.6092204231589, 44.0097262177603], [-69.6094811838929, 44.010102974925], [-69.6096611999122, 44.0102460683504], [-69.6096296740818, 44.0103272687548], [-69.6095138084765, 44.0104719434346], [-69.6093684562596, 44.0105537491249], [-69.6092100693194, 44.0109237362604], [-69.6090419696911, 44.0110686889446], [-69.6086447829037, 44.0111518358267], [-69.6082953156642, 44.0111356899527], [-69.6082047600043, 44.0111631860572], [-69.6081872455537, 44.0112803208654], [-69.6081405131956, 44.0113615999879], [-69.6079567684639, 44.0114256066642], [-69.6077211022722, 44.0114448646446], [-69.6075382295781, 44.0115178631813], [-69.6075205299508, 44.0116169964176], [-69.60745256672, 44.0116803811912], [-69.60714588214, 44.0118080608322], [-69.6069534646471, 44.0120161621625], [-69.6068413361928, 44.0124129124053], [-69.6068152668696, 44.0126471393683], [-69.6067835303029, 44.0127463479211], [-69.606697397222, 44.0128638495645], [-69.6064462033708, 44.0129282065275], [-69.6060966332929, 44.0129030528107], [-69.6058749735413, 44.0129582492718], [-69.605531407648, 44.0131401382556], [-69.605233111019, 44.013249760435], [-69.6049445584836, 44.0132062721147], [-69.6047752486266, 44.0133872387666], [-69.6040954927567, 44.0136339285313], [-69.6029948446594, 44.0140899152422], [-69.6021852466913, 44.0143372787934], [-69.6009886166558, 44.0145956774164], [-69.6003697142631, 44.0148870404171], [-69.6001790521033, 44.0149240568897], [-69.5998522644601, 44.0149167704422], [-69.5995410986188, 44.0148733845068], [-69.5982847907159, 44.0145108275806], [-69.5979602494736, 44.0143774753646], [-69.5975515638875, 44.0142895787775], [-69.5969043914674, 44.0138247810839], [-69.596747097529, 44.0136905515388], [-69.5966950341328, 44.0135917834526], [-69.5967132040883, 44.0134206261856], [-69.5968225029467, 44.0132399822567], [-69.5979530838864, 44.012306713268], [-69.5982234610634, 44.0120171885692], [-69.5983403413043, 44.0118545131031], [-69.5984036334902, 44.0116741112354], [-69.5985659705784, 44.0114571792945], [-69.5985231092695, 44.011304342941], [-69.5984179082622, 44.0112328679724], [-69.5984082367516, 44.01120140466], [-69.5982018562136, 44.011224994961], [-69.5980609178176, 44.011243739722], [-69.5980395136589, 44.011324882139], [-69.5974792232217, 44.0117059584921], [-69.5972396053597, 44.011914292994], [-69.5970927969067, 44.0120861263133], [-69.5969482566732, 44.0120958859483], [-69.596683826886, 44.012007229741], [-69.5965842086101, 44.0120257595858], [-69.5963923845732, 44.0121798191905], [-69.5964807032932, 44.0123954424381], [-69.5964260991004, 44.0124317413848], [-69.5962440445838, 44.0124326915747], [-69.5960989682254, 44.0125054763509], [-69.5958365202108, 44.0127319321381], [-69.5957284180663, 44.0128765496051], [-69.5957421559945, 44.0130025266023], [-69.5957013763056, 44.0131738052128], [-69.5957208112416, 44.0133627786133], [-69.5956811137677, 44.0135250462902], [-69.5956112372093, 44.0136334522416], [-69.5954579999043, 44.0136702657438], [-69.5952208869769, 44.0137795428992], [-69.5943796826669, 44.014612242345], [-69.5942166653335, 44.0148021622545], [-69.5941303242885, 44.0150186954476], [-69.5940136073392, 44.0151993699141], [-69.5939263656228, 44.0154429171296], [-69.5938411615226, 44.0160465933339], [-69.5938991519039, 44.0167395580572], [-69.5939910642011, 44.0171982579887], [-69.5940079466379, 44.0176393427765], [-69.5941032224942, 44.0178099105574], [-69.5941397494394, 44.0179537760718], [-69.5940536737676, 44.018080273057], [-69.5936914778125, 44.0184332907979], [-69.5930063594149, 44.0190130704509], [-69.5927046382239, 44.0194107875376], [-69.5924382422737, 44.0198713457783], [-69.5922648150915, 44.0203494293044], [-69.5921831362041, 44.0206829807555], [-69.5915895787387, 44.0217304561376], [-69.5915174037762, 44.0220009327093], [-69.5915139445192, 44.0221630128856], [-69.5915717873273, 44.0224508258987], [-69.5915452907916, 44.0226490373724], [-69.5917009478564, 44.0228913265408], [-69.5919136221381, 44.0234574436811], [-69.5920070470445, 44.0243032827495], [-69.5919864012129, 44.0246185106669], [-69.5917844693801, 44.0248986638586], [-69.5915927707631, 44.0250707222409], [-69.5907487749218, 44.025525260999], [-69.5901213384905, 44.0257986079106], [-69.5898234791983, 44.0259622063112], [-69.58946648179, 44.0264142231457], [-69.5889680663581, 44.0267229117754], [-69.5888286925141, 44.0269036973829], [-69.5887099400668, 44.0272374370394], [-69.5886490997021, 44.0276699179605], [-69.5887377704617, 44.027921556802], [-69.5889453393186, 44.0282085983454], [-69.589078044914, 44.0284960255033], [-69.5891502481446, 44.0287387436403], [-69.5891625295876, 44.0289547639833], [-69.5890156574009, 44.029126585868], [-69.5882260312803, 44.029526807408], [-69.5876902137551, 44.0297636525818], [-69.5871999808164, 44.0300362783559], [-69.5868913030658, 44.0303709918907], [-69.5867822472263, 44.0305426166082], [-69.5867421553632, 44.0306688716503], [-69.5867993644633, 44.0308936630929], [-69.5867209284897, 44.031047123581], [-69.5867196558278, 44.0311551723622], [-69.5870001509673, 44.032153116667], [-69.5869963984618, 44.032405230566], [-69.5868963745713, 44.0325047813842], [-69.5868046619418, 44.0325772808987], [-69.5863850747548, 44.0326604651962], [-69.5860277744753, 44.0326532958605], [-69.5854709121481, 44.032737180823], [-69.5851977216186, 44.0327565872872], [-69.5850527747868, 44.0327303201684], [-69.5850092905988, 44.0326315031516], [-69.5850250518838, 44.0325684001472], [-69.5857572710105, 44.0319164006148], [-69.5860528619718, 44.0315187314419], [-69.586061846385, 44.0314016414735], [-69.585939943335, 44.0309430900886], [-69.5858212524126, 44.0306916040328], [-69.5851845081452, 44.0301456559169], [-69.5846335259644, 44.0298333559307], [-69.5842768065519, 44.0298441850318], [-69.5836872871771, 44.0300542774934], [-69.5835139662073, 44.0300371559042], [-69.5833366896571, 44.0301731119499], [-69.5828882419287, 44.0306525833358], [-69.582673480681, 44.0307437141369], [-69.5825609056953, 44.0307172760501], [-69.5825812542541, 44.0303660378791], [-69.5824505845299, 44.0299255351736], [-69.5825209777556, 44.029826139276], [-69.5826051594985, 44.0297806937108], [-69.5835492154012, 44.0296948430681], [-69.5838256603414, 44.0295313705443], [-69.5838948778064, 44.0294319771013], [-69.5839124488096, 44.0293148433761], [-69.5838751198693, 44.0292069927621], [-69.5835552895265, 44.0288034706399], [-69.5833916818138, 44.028543206114], [-69.5832449160181, 44.0282108277676], [-69.582954387061, 44.027852174264], [-69.5829026219927, 44.0276633659004], [-69.5831743530067, 44.0268606702683], [-69.5834076348325, 44.0264723308643], [-69.5837875109342, 44.0260022109461], [-69.5839878136145, 44.0258301226017], [-69.5840420840775, 44.025757817567], [-69.5840280849822, 44.0257218753098], [-69.5839669532577, 44.0257311894285], [-69.5837597960495, 44.0258402903851], [-69.5835383320145, 44.0259224536736], [-69.5834072930518, 44.0260401677549], [-69.5831577253659, 44.0264375946643], [-69.5828137057879, 44.0271056037028], [-69.5827346294603, 44.0273130882345], [-69.5826740453762, 44.0277365576251], [-69.5828500683583, 44.0281498203415], [-69.5830899755743, 44.0284367048483], [-69.583133449697, 44.0285355227214], [-69.5831017016065, 44.0285987079999], [-69.5828118608476, 44.0287082282345], [-69.5824535184573, 44.0287910884165], [-69.5822942812461, 44.0287378766754], [-69.5821045024532, 44.0287118342687], [-69.5813217754121, 44.0291839978737], [-69.5802975291417, 44.0296033650213], [-69.5800832791055, 44.0296674762288], [-69.5798926826495, 44.029677446296], [-69.5797013136145, 44.0297684518975], [-69.5795401476672, 44.0298773117764], [-69.579250509254, 44.0299688150348], [-69.5790224749206, 44.0299789734473], [-69.5788632375814, 44.0299257614375], [-69.5783138501287, 44.0296134228684], [-69.5781154507556, 44.029623429466], [-69.5777818228845, 44.0295620938585], [-69.5776983326828, 44.0295985298281], [-69.5776813938983, 44.0296616387108], [-69.577718449553, 44.0297424814813], [-69.577816634745, 44.0298140125591], [-69.5780957201915, 44.0299206430834], [-69.5787015098967, 44.0300976462094], [-69.5790273850646, 44.030123003724], [-69.579521282144, 44.0301024927571], [-69.5805349646523, 44.0299172795207], [-69.5809413122817, 44.0297171373692], [-69.5810724471487, 44.029608429147], [-69.5811817349538, 44.0294188017698], [-69.5813880078702, 44.0293367194943], [-69.5822495918071, 44.0291522648828], [-69.5827239177308, 44.0290057906205], [-69.5830512456295, 44.028941097466], [-69.5832480929254, 44.0290121158589], [-69.583427622669, 44.0291462554875], [-69.5834641298167, 44.0292901224392], [-69.5834014544674, 44.02938047697], [-69.5832868591305, 44.0294260810955], [-69.5827009045578, 44.0294830916659], [-69.5823349333749, 44.0295839945684], [-69.5821202594683, 44.0296841255475], [-69.5820193769548, 44.0298557068019], [-69.5819465322866, 44.0300631571461], [-69.5820661342761, 44.0301705892677], [-69.5821779521074, 44.0303590919485], [-69.5822396831792, 44.03080894881], [-69.5824123718984, 44.0309611263423], [-69.5825327943071, 44.0310325399925], [-69.5826774725463, 44.0310318022511], [-69.5830671506315, 44.030921772948], [-69.5833352001131, 44.0307763513792], [-69.5833757620406, 44.0305780675609], [-69.5839955693682, 44.0303138012344], [-69.5845281088876, 44.0302570573142], [-69.5846944598123, 44.0303192293669], [-69.5853310069254, 44.0309642182123], [-69.5854869540933, 44.0311975096661], [-69.585559238513, 44.0314492365931], [-69.5855425759924, 44.0315393546365], [-69.5854653475268, 44.031656796981], [-69.5848487919019, 44.032173149211], [-69.5846708739374, 44.032363133924], [-69.5845311402265, 44.03258893498], [-69.584475194354, 44.0327692882499], [-69.5839735696466, 44.0332760478287], [-69.5840165881198, 44.0334468924446], [-69.5839304725073, 44.0335733816829], [-69.5836623248519, 44.033709802542], [-69.5834752307919, 44.0339988691732], [-69.5832899847802, 44.0341978889412], [-69.5830125760168, 44.0344243908472], [-69.5829429219224, 44.034559799661], [-69.583018059716, 44.0345864256914], [-69.5831102240016, 44.034558945936], [-69.5833479979404, 44.0343866650114], [-69.5836877317046, 44.0340337930344], [-69.5838566687815, 44.0339609068372], [-69.5839945274617, 44.0338611626204], [-69.5841947698285, 44.0336800719056], [-69.584520490857, 44.0332912579927], [-69.5845834578086, 44.0331108660926], [-69.5847138704622, 44.033047175563], [-69.584842648821, 44.0330555189892], [-69.584948173326, 44.0331180019802], [-69.5851456395469, 44.0331710114944], [-69.5852818283819, 44.0331793191738], [-69.5854426210103, 44.0331514832523], [-69.5864616591844, 44.033110243351], [-69.5868095336891, 44.0331894899782], [-69.5871353239167, 44.0333228669856], [-69.5873146111797, 44.0334299868164], [-69.587428167906, 44.0335554521141], [-69.5876567100446, 44.0339504273697], [-69.5877375310913, 44.034157089882], [-69.5878297827612, 44.0346518054026], [-69.5878253106594, 44.0349489419179], [-69.5877644565351, 44.0353814191632], [-69.5875620963096, 44.0357425993373], [-69.5872623814294, 44.0359602209692], [-69.5871152149775, 44.0361050332105], [-69.5870217817995, 44.0362405639586], [-69.5870353257093, 44.0363485356185], [-69.5871391933696, 44.0365190690051], [-69.5871364704551, 44.0367171568066], [-69.5872166337199, 44.0368968144592], [-69.5872659834925, 44.037193674203], [-69.5872029113789, 44.0372840336358], [-69.5870188710265, 44.0374470411979], [-69.5868551283022, 44.0376909751205], [-69.5868303315584, 44.0378261531094], [-69.5869622862922, 44.0381946161058], [-69.5869307187252, 44.0382758082837], [-69.586663104514, 44.0383492111017], [-69.5866772846764, 44.0384031588937], [-69.5870696752482, 44.0385632060551], [-69.5871317223087, 44.0385268734863], [-69.5872737642116, 44.0381389948996], [-69.5876521932566, 44.0372817236837], [-69.5880089268266, 44.0358483418488], [-69.5882241514724, 44.0351719752046], [-69.5882599450324, 44.0348476680072], [-69.5882583648451, 44.0344515229909], [-69.5882233240039, 44.0341816019906], [-69.5880586325706, 44.0335792183171], [-69.5879765445688, 44.0334806038323], [-69.5878627037933, 44.0334451749577], [-69.5876667721641, 44.0333111321739], [-69.5877823616261, 44.033247511686], [-69.587874218774, 44.0332290349055], [-69.5882275997551, 44.0334703063298], [-69.5883336705901, 44.033469760184], [-69.5883733715697, 44.0333435093594], [-69.5883148867922, 44.033226766678], [-69.5875863982531, 44.0326362837625], [-69.5875655282152, 44.0325373568185], [-69.5875759600475, 44.0323302239748], [-69.5876241856883, 44.0321589087252], [-69.5876185982887, 44.0319878720281], [-69.5874787486474, 44.0317274922175], [-69.587340120295, 44.031314047381], [-69.5872264348347, 44.0308194413382], [-69.587288293463, 44.0307651027152], [-69.5875322975337, 44.0306738128701], [-69.587413319211, 44.0305123671018], [-69.5875127921772, 44.0304758364537], [-69.5880732855223, 44.0301308237721], [-69.5884028220217, 44.0298950366338], [-69.588609472089, 44.0298129420886], [-69.5890672876044, 44.0296935387103], [-69.5892901717829, 44.0295573376451], [-69.5896363510085, 44.0292314266076], [-69.5897998807991, 44.0289694825551], [-69.5898589697154, 44.0286360499057], [-69.5898382856598, 44.0284380799041], [-69.5896476425336, 44.027970885447], [-69.5894852689912, 44.0277196257999], [-69.5892793903912, 44.0272885230779], [-69.5893193854641, 44.0271532650222], [-69.5894040099202, 44.0270357845333], [-69.5898728589941, 44.0266552190494], [-69.5902414514535, 44.0264282291844], [-69.5914591704924, 44.0257916902457], [-69.5920579310019, 44.0254194474949], [-69.592374439704, 44.0250936834877], [-69.5925539297544, 44.0248316525639], [-69.5926628318068, 44.0241378207491], [-69.5926614345102, 44.0237236699061], [-69.5924596064958, 44.0229954348068], [-69.5921883156645, 44.0223395869764], [-69.5921926773379, 44.0220334485613], [-69.5923210316336, 44.0216096224184], [-69.592665988605, 44.0209325722413], [-69.5928715369453, 44.0203912990513], [-69.5931990316971, 44.019840387116], [-69.5933862103968, 44.0195693121714], [-69.5936628506997, 44.0193157772351], [-69.5946975386749, 44.0182119746593], [-69.5948933739878, 44.0178328105278], [-69.5948799966836, 44.0177428455201], [-69.5948063129539, 44.0176261822762], [-69.5947557178302, 44.0174013590022], [-69.5947660325123, 44.0167170418195], [-69.5947321386952, 44.0164471160197], [-69.5946666170664, 44.0162493798594], [-69.5946706029444, 44.0160242724037], [-69.5948077728947, 44.0155103597587], [-69.595113534673, 44.0148965316314], [-69.5953309515171, 44.0145712758509], [-69.5955992829319, 44.0144258209642], [-69.5958121722486, 44.0143886971254], [-69.5959184831339, 44.01441515221], [-69.5964012146803, 44.0146557289561], [-69.5974121499253, 44.0150826132223], [-69.5980103460774, 44.0152505497912], [-69.5986784137353, 44.015310076399], [-69.5990125181974, 44.015308325274], [-69.5992780480984, 44.0153879631927], [-69.5996715674964, 44.0154399193068], [-69.6003176510969, 44.015445529091], [-69.601033685863, 44.0153517300108], [-69.602853641233, 44.0150450273253], [-69.6034860558745, 44.0149336489101], [-69.6040363287017, 44.014795687269], [-69.6052128184821, 44.0143212819309], [-69.6060932581572, 44.0139114577789], [-69.6063386602815, 44.0137751045661], [-69.6068100043647, 44.0137365883661], [-69.6073725472843, 44.013733599342], [-69.607653510047, 44.0137591149467], [-69.6078193346221, 44.0138482649273], [-69.6079457420626, 44.0140096584773], [-69.6080270173503, 44.0141802937373], [-69.6080224613072, 44.014459422866], [-69.6077728659922, 44.0154061151318], [-69.6075025203351, 44.0156956647807], [-69.6073858416136, 44.0158763553694], [-69.6073152563, 44.016065803406], [-69.607068132757, 44.0163012050535], [-69.6065736324424, 44.0168620481314], [-69.6064234217593, 44.0171959719397], [-69.6063032511927, 44.0176467847789], [-69.6063531066176, 44.0178716059375], [-69.6063198542968, 44.0180518525997], [-69.606445830562, 44.0182852722908], [-69.6062431849602, 44.0186014689559], [-69.6059849716515, 44.0190890257784], [-69.6058248685621, 44.0191799067446], [-69.6055272494996, 44.0192445131834], [-69.6053352425112, 44.0193805816543], [-69.6049769530357, 44.0199587009235], [-69.6047787420029, 44.0204819501303], [-69.6048365310743, 44.0206437074222], [-69.605069199912, 44.0209395896988], [-69.6050966955963, 44.0210744950873], [-69.6047418689832, 44.0219947274539], [-69.6048214513213, 44.0222283970254], [-69.6047662196036, 44.022318722168], [-69.6046455344868, 44.0223373678205], [-69.604446982611, 44.0223294158381], [-69.6042800801368, 44.0223663134164], [-69.604191975552, 44.0226368812912], [-69.6042791445978, 44.02288851801], [-69.6041718482522, 44.0229971278211], [-69.6040179716884, 44.0230879759742], [-69.603870531192, 44.0233138417537], [-69.6036924301312, 44.0234768451461], [-69.6035023108155, 44.0235318684629], [-69.6032900188179, 44.0235149826915], [-69.6030580315918, 44.0237863119799], [-69.6030873401174, 44.02383117366], [-69.6039046497451, 44.0236017702271], [-69.6042787615664, 44.023464741273], [-69.6044164701102, 44.0233559686912], [-69.6045197429341, 44.023580510535], [-69.6045100842461, 44.0237426247478], [-69.6044146366436, 44.0240582506588], [-69.6044422251017, 44.0242021599966], [-69.6043240969987, 44.0244728849162], [-69.6043687724937, 44.024571691111], [-69.6043474728271, 44.0249319401505], [-69.6042197746715, 44.0253737856675], [-69.6041835443238, 44.0257611257436], [-69.604090347807, 44.025914676327], [-69.6037482003343, 44.0258984779178], [-69.6036553493419, 44.0259709970462], [-69.603430440379, 44.0262873059404], [-69.6033833464581, 44.0264496149879], [-69.6034570580659, 44.0265662723631], [-69.6036885319038, 44.0267811350927], [-69.6038787917934, 44.0268161416611], [-69.6039827807777, 44.0269956592129], [-69.6040402316535, 44.0272384504659], [-69.6037642927161, 44.0273299416667], [-69.6033970097823, 44.0275659698405], [-69.6031625917339, 44.0279453542883], [-69.6031295311537, 44.0281075909015], [-69.6031434712165, 44.028251573399], [-69.6031787408432, 44.0284224545355], [-69.6032534385882, 44.0285210971972], [-69.6035361562999, 44.0283665436966], [-69.6037026379118, 44.0284016779508], [-69.6035145986036, 44.0288168317914], [-69.6034678677566, 44.028862094963], [-69.6032850327504, 44.0289440879421], [-69.603130695748, 44.0291069684268], [-69.6029932951243, 44.0295938789105], [-69.6027156351307, 44.0299014620477], [-69.602897297557, 44.0299725320673], [-69.6030696786632, 44.0300886662169], [-69.6032184237573, 44.0302589455703], [-69.6033303073292, 44.0304474271727], [-69.6033883802257, 44.030636194652], [-69.6034081211236, 44.0308521712769], [-69.6033684285305, 44.0310144438033], [-69.6031377722744, 44.0311507124171], [-69.6030617296019, 44.0311511138142], [-69.6029299822511, 44.0313498858073], [-69.6028807221534, 44.0315302155268], [-69.6027874233859, 44.0316747628945], [-69.6027449676923, 44.0320261193662], [-69.6026819245798, 44.0321164863614], [-69.6025902576038, 44.0321529836327], [-69.6024541601503, 44.0321537013463], [-69.6023326053473, 44.0321273328034], [-69.6023018664901, 44.0321725111646], [-69.6022998138465, 44.0323165779698], [-69.6024389213987, 44.0326129581678], [-69.602459997373, 44.0327298908831], [-69.6024124361753, 44.0328471882082], [-69.6021047321494, 44.0331549280991], [-69.6019632401768, 44.0334707913948], [-69.60186305625, 44.033552351952], [-69.6015861636193, 44.0337068678123], [-69.6015170833345, 44.0337792599468], [-69.6017183462609, 44.0345524941939], [-69.6016700683096, 44.0347148103428], [-69.6015702461926, 44.0348323797753], [-69.6015686111467, 44.0349404305486], [-69.601685934598, 44.0351649032191], [-69.6016841137641, 44.0352549426878], [-69.601580694931, 44.0356336334542], [-69.6014790763432, 44.0358052328716], [-69.6012642989744, 44.0359324123678], [-69.6011981028272, 44.0357887048134], [-69.6011592846433, 44.0358069159409], [-69.6010806264862, 44.0360504225838], [-69.6010541573905, 44.0362486401417], [-69.6012261704399, 44.0364818208475], [-69.6013662736412, 44.0367601918252], [-69.6013196033285, 44.0368504700179], [-69.6011353302089, 44.0369864930371], [-69.6009488474198, 44.0372125599292], [-69.6008652056438, 44.0371949929661], [-69.6007954071773, 44.0373124037733], [-69.6006884026739, 44.0373759913445], [-69.6003367256831, 44.0375038860325], [-69.6000200397848, 44.0377756535304], [-69.6001857128142, 44.0378828254624], [-69.6004593799318, 44.0379083960332], [-69.6005346218917, 44.0379440152103], [-69.6004096368293, 44.0381967691291], [-69.6004452941734, 44.0383676460764], [-69.6004107640902, 44.0386559382983], [-69.6005911940407, 44.0387180131107], [-69.6007290123706, 44.0386542654342], [-69.6007681564446, 44.0385910346827], [-69.6008256703034, 44.0383386370215], [-69.6011710700388, 44.0375895315286], [-69.6012404497637, 44.0375081391407], [-69.6014852396511, 44.0374168154647], [-69.6017392588916, 44.0372354083059], [-69.6018830520258, 44.0372616630053], [-69.601919426691, 44.0373875194668], [-69.6020960499039, 44.0377287184387], [-69.6021867793574, 44.0377912634127], [-69.6023088521151, 44.037790619948], [-69.6024317501302, 44.0377179445285], [-69.6025395578385, 44.0376183409569], [-69.6026327788562, 44.037464789112], [-69.6027408667204, 44.0368159716234], [-69.6027962047645, 44.0367346496556], [-69.6032976745303, 44.0366869847461], [-69.6034931251019, 44.0368840290166], [-69.6034572283224, 44.0371903336155], [-69.60346992556, 44.0374423636247], [-69.6035722332473, 44.0376849159326], [-69.6036993928678, 44.0378012878521], [-69.603828279146, 44.0378186136299], [-69.6039123604858, 44.0377641486259], [-69.6041988369632, 44.0374385112971], [-69.6045591095648, 44.0372745437005], [-69.6046975402568, 44.0371567664736], [-69.6048987368395, 44.0369216112311], [-69.6050288609545, 44.0368308878801], [-69.6053868763227, 44.0368289914508], [-69.6055237895244, 44.036792252175], [-69.6057387442421, 44.0366830733245], [-69.6064384215892, 44.0366433479551], [-69.6072887716833, 44.036692851889], [-69.6080018272893, 44.0367790921307], [-69.6084908674955, 44.0371186200802], [-69.608587205419, 44.0372711653521], [-69.6093159533376, 44.0368711310169], [-69.6096070519419, 44.0372657284416], [-69.6098088550511, 44.0374717296173], [-69.6096311899382, 44.0376797567195], [-69.6094473443081, 44.0377797771041], [-69.6091586683135, 44.0377362976183], [-69.609050893335, 44.0377998980224], [-69.6083217976766, 44.0377857754223], [-69.6081751122497, 44.0378585837982], [-69.6080762830846, 44.0379581466958], [-69.6079578687892, 44.038201869555], [-69.6077795740551, 44.0384639168011], [-69.6076092201595, 44.0386628993021], [-69.6076460386232, 44.0387167240864], [-69.6078913048821, 44.0386343849031], [-69.6080614588096, 44.0384534153127], [-69.6082984615073, 44.0383261047677], [-69.608748479961, 44.0382426779323], [-69.608989417384, 44.0383854470744], [-69.6090622442925, 44.038565128424], [-69.6091333134523, 44.0389158834013], [-69.6091641516331, 44.0393748948953], [-69.6092217208806, 44.0396266822059], [-69.6091733709955, 44.0397800001298], [-69.6091290447403, 44.04021240021], [-69.6090442527438, 44.0403118890665], [-69.6089462891528, 44.0407625845055], [-69.6088680883956, 44.0409340637219], [-69.6088062366701, 44.0409884165941], [-69.6087566469938, 44.0412497802523], [-69.6086936542301, 44.0414211801044], [-69.6086075799463, 44.0415476866322], [-69.6083486498381, 44.0416300955692], [-69.6081512062968, 44.0416221450754], [-69.6079973974077, 44.0416859867673], [-69.607943326005, 44.0417763087716], [-69.6079651228629, 44.0418482202073], [-69.6080543084007, 44.0419107686874], [-69.6081919634364, 44.0419460497128], [-69.6084195343756, 44.0419628449327], [-69.608577546479, 44.0420430360219], [-69.6086446811826, 44.042123708346], [-69.6090132794141, 44.042923049104], [-69.6091053470905, 44.0433817329989], [-69.6090279688799, 44.0439763715077], [-69.609150075823, 44.0439397068505], [-69.6092048555051, 44.0438043643115], [-69.6092079724939, 44.0436512894769], [-69.6093157756485, 44.0435516760367], [-69.6094609109693, 44.0434788736318], [-69.6095696084307, 44.0433522458044], [-69.6096084704105, 44.0432620060089], [-69.6096040079776, 44.0430549492371], [-69.6097022873385, 44.0425592381996], [-69.6098040032829, 44.0423606190742], [-69.6099959726507, 44.0417203518951], [-69.6101764831312, 44.0413322406129], [-69.6100524353835, 44.0410267855687], [-69.6100327564449, 44.0408198117818], [-69.6100653057214, 44.0406845874518], [-69.610296225431, 44.0404582684679], [-69.6104362709883, 44.040232432771], [-69.610472633638, 44.0398991115736], [-69.6102643654141, 44.0395580947328], [-69.6103553476417, 44.0395305993376], [-69.6105074529643, 44.0395297866696], [-69.6107907755273, 44.0393932191291], [-69.6109445022815, 44.0392843560373], [-69.6110823969822, 44.0392295998045], [-69.6111056355853, 44.0391754549224], [-69.6108346584675, 44.0390328490715], [-69.6108894336422, 44.0388975047363], [-69.6111446597817, 44.0386080290809], [-69.6113390388224, 44.0383188784348], [-69.6113681357543, 44.0378865588545], [-69.6114701160681, 44.0377149478765], [-69.6115468771336, 44.0376695189659], [-69.6118746084827, 44.0376047411609], [-69.6124779423059, 44.0374124363493], [-69.6124449764909, 44.0376196920444], [-69.6125261305281, 44.0377363007336], [-69.6123846859486, 44.0380521791143], [-69.6124674410952, 44.0380967544919], [-69.6125911267915, 44.0379880492966], [-69.6126845079011, 44.0378524979789], [-69.6129766948123, 44.0371396576699], [-69.6129652376784, 44.0368606126622], [-69.6130418108669, 44.0367971786799], [-69.6132917769553, 44.0368318518206], [-69.6133996384963, 44.0367772512782], [-69.6136533396555, 44.0365688108264], [-69.6138507682866, 44.0365767519045], [-69.614009756659, 44.0366389234426], [-69.6141636538942, 44.0365480619267], [-69.6145497763958, 44.0360958121083], [-69.6145744163318, 44.0359516263944], [-69.6149233712031, 44.0355265864004], [-69.6148980135914, 44.035148577613], [-69.6145042122667, 44.0330078787007], [-69.6144647439474, 44.0325849292355], [-69.6147214006678, 44.0316832035111], [-69.6149970595204, 44.0315646761916], [-69.6151727942902, 44.0314376810214], [-69.6152757053509, 44.0317342404954], [-69.6154319541825, 44.0319854962568], [-69.6155376017984, 44.0320569546729], [-69.6155757404226, 44.0320117310847], [-69.6155965044061, 44.0316064660923], [-69.6155464118595, 44.0313636412121], [-69.6154147618248, 44.0310402273343], [-69.6155330420893, 44.0307874928379], [-69.6156765805261, 44.0303005343388], [-69.6158083596075, 44.0301467655834], [-69.6162498035998, 44.0301083716504], [-69.6164402241004, 44.0300443212088], [-69.6168752384282, 44.0299879526581], [-69.6170951548626, 44.0300227761657], [-69.6172529597489, 44.0300849496588], [-69.6173737021627, 44.0301833342861], [-69.6174236141633, 44.0304081506978], [-69.6174987656392, 44.0304347557927], [-69.6179038950557, 44.0302795051468], [-69.6181094954422, 44.030287398289], [-69.618359534307, 44.0303310634415], [-69.6185327348566, 44.0304111560264], [-69.6186997284937, 44.0304192544023], [-69.6192097092696, 44.0303714753341], [-69.6200821794442, 44.0304927927016], [-69.6201341076284, 44.0305735409631], [-69.6204436717115, 44.0307159154371], [-69.6208633047776, 44.0306055945672], [-69.6209461497669, 44.0306591650176], [-69.6209368581685, 44.0307402456113], [-69.6208839024014, 44.0307855524185], [-69.6203258857805, 44.0310136686464], [-69.620013496385, 44.0315735777706], [-69.6200279002613, 44.0316455244458], [-69.6200036936812, 44.0317176887491], [-69.6198960350599, 44.0317902986515], [-69.6198869295561, 44.0318893850194], [-69.6199540641687, 44.0319700508389], [-69.62007551854, 44.0320234124024], [-69.6200290819825, 44.032095691948], [-69.6200547339628, 44.0323116362406], [-69.6199636406541, 44.0324021658825], [-69.6198666133013, 44.0322226225981], [-69.6197535540246, 44.0321512083932], [-69.6197213267979, 44.0322774313853], [-69.6197179982468, 44.0325565561246], [-69.6195793267184, 44.0326473426127], [-69.6194738645408, 44.0325938938208], [-69.6193524890021, 44.0325855475019], [-69.6195697066484, 44.0328094576183], [-69.6203579526843, 44.0334894418996], [-69.6205128605679, 44.0337587029839], [-69.6204742091264, 44.0338669541644], [-69.6205908884919, 44.0341724391806], [-69.6205961963877, 44.0343074610274], [-69.6205258643384, 44.0344068799531], [-69.6202851556769, 44.0353715548369], [-69.6202067104567, 44.0355160365784], [-69.6199605575481, 44.0356974412439], [-69.6198422726349, 44.0359861920732], [-69.6198604899086, 44.036274204081], [-69.6197903357816, 44.0363916284265], [-69.6195601683681, 44.0365729463863], [-69.6196489330424, 44.0367075183323], [-69.619625005375, 44.0368066822806], [-69.6194924120631, 44.0370324871517], [-69.6194443683748, 44.0372128172217], [-69.6195759289487, 44.0380854386959], [-69.619553508249, 44.0385537378531], [-69.6194660387992, 44.0388063073215], [-69.6187123281267, 44.0404760259502], [-69.6187025173065, 44.0406201375403], [-69.6187464355846, 44.0407549475328], [-69.618713904797, 44.0408901742267], [-69.6186514573283, 44.0409985544202], [-69.6187001059335, 44.0412503878708], [-69.6186916676534, 44.0413764815518], [-69.6186132095119, 44.0415209594221], [-69.6186153189497, 44.041836067947], [-69.618422036185, 44.0421162205267], [-69.6184197440698, 44.0422332792755], [-69.6182416747507, 44.0425133491842], [-69.6181882092264, 44.043035836253], [-69.6181033348998, 44.0431263306013], [-69.6177579810784, 44.0432992626026], [-69.6176270671747, 44.0434260192154], [-69.6175170753333, 44.0436516984613], [-69.6173634429994, 44.0437695723275], [-69.6168969846434, 44.0439251518871], [-69.6163778316053, 44.0441530394183], [-69.6163002710349, 44.0442344877303], [-69.616351783593, 44.0443872671415], [-69.6164857835333, 44.0445576110141], [-69.616561533135, 44.0450163749942], [-69.6168511115219, 44.0455190035267], [-69.6168268955608, 44.0455911616354], [-69.616713298626, 44.0455827723468], [-69.6164385735739, 44.0456472779793], [-69.6162173656611, 44.0457565132245], [-69.616070339459, 44.045910363364], [-69.6159919624017, 44.0460638459097], [-69.61598144237, 44.0462529744519], [-69.6162434722546, 44.0470708717028], [-69.6164051804037, 44.0474301352186], [-69.6164525117854, 44.0477810131476], [-69.6163984638077, 44.0478353252588], [-69.6163226813149, 44.0478627461392], [-69.6162391134521, 44.047854194391], [-69.6159745082615, 44.0477295707327], [-69.6156038099488, 44.0476055226517], [-69.615165868974, 44.0473917985547], [-69.6150015538295, 44.0471946070493], [-69.6150189714676, 44.0470684672301], [-69.6151528285535, 44.0467346200937], [-69.6151709493779, 44.0465634557562], [-69.6150433248713, 44.0459158966084], [-69.6149278729298, 44.0455023615879], [-69.6145149193926, 44.0446852729402], [-69.6140232295227, 44.0439856485649], [-69.6140324394198, 44.0438955648304], [-69.6139644978537, 44.0438509137324], [-69.613781176985, 44.0438518987056], [-69.6135382555174, 44.0438982196755], [-69.6130226369109, 44.0442431183911], [-69.6128382607843, 44.0444061673312], [-69.6128285242094, 44.0445592777476], [-69.6127076437124, 44.0450551143006], [-69.612501391337, 44.0456324391817], [-69.6124254572057, 44.0461370396025], [-69.612469085959, 44.0462448449749], [-69.6123025786718, 44.0467049127601], [-69.6120827271895, 44.0471742676782], [-69.6119278468722, 44.04740018458], [-69.6117733948628, 44.0475540698238], [-69.6117794869209, 44.0476530739027], [-69.6110884812292, 44.0485481093279], [-69.6108082617412, 44.0489907760706], [-69.6107302371052, 44.0491802640093], [-69.6106737569294, 44.0493786419522], [-69.6106550833082, 44.0496488433179], [-69.6105683805759, 44.0498293749929], [-69.6105887718686, 44.0499913283827], [-69.610806021003, 44.0502152525039], [-69.6107568442035, 44.0504405998482], [-69.6102283619908, 44.0506414997384], [-69.6100672848944, 44.0507594034253], [-69.6099312585676, 44.0507331212411], [-69.6098415808587, 44.050661571741], [-69.6098892022141, 44.0504362331011], [-69.6098307504802, 44.0503285032405], [-69.6097099804217, 44.0502301111442], [-69.6096349907026, 44.0502215069909], [-69.6095967449001, 44.0502577247165], [-69.6095702770548, 44.0504919555975], [-69.6094707844364, 44.0505285000344], [-69.609382545183, 44.0503308947023], [-69.60921663621, 44.0502057316887], [-69.6090125512257, 44.0501618062634], [-69.6081570834388, 44.0503554311762], [-69.6081181226178, 44.050436668382], [-69.6081777409994, 44.0505443929077], [-69.608161109033, 44.0506345155778], [-69.6079997515455, 44.0507254112047], [-69.6078777481455, 44.0507350602021], [-69.6078645261827, 44.0506631032404], [-69.6076975243956, 44.0505829618105], [-69.6074122960978, 44.0503864025572], [-69.6072606671111, 44.0503601992398], [-69.6072432308852, 44.0504863406106], [-69.6073022527811, 44.0506120728897], [-69.6074227448712, 44.0506834596633], [-69.6068877306053, 44.0508573694847], [-69.6066614736819, 44.0507055112718], [-69.6064801106908, 44.0506704604856], [-69.6063651262562, 44.0506800751107], [-69.6060074345343, 44.050799016393], [-69.6057689125813, 44.0509353324985], [-69.6057169594927, 44.0513497658425], [-69.6054143578583, 44.0517835308054], [-69.6052494130606, 44.0521355404796], [-69.6052442235272, 44.0524686941856], [-69.6053931270052, 44.0526479743937], [-69.6053911733862, 44.0528010418242], [-69.6055647694473, 44.0529531789239], [-69.6055933835506, 44.0530430622591], [-69.605515593141, 44.0531425111717], [-69.6054760076344, 44.0532777739092], [-69.6054656328052, 44.0534849064083], [-69.6055774344853, 44.0535833504722], [-69.60549351594, 44.0536558234156], [-69.6054375455075, 44.0537911702601], [-69.6056815000034, 44.0537268542824], [-69.6056096272511, 44.0540243477666], [-69.6054925935702, 44.054178025106], [-69.6052253898496, 44.0542964869865], [-69.6053753030262, 44.0544217386624], [-69.6053433628194, 44.0545029394678], [-69.604606223703, 44.0560194141168], [-69.6040435682756, 44.0570487801787], [-69.6039077440063, 44.0574276393471], [-69.6037443035361, 44.0586979846644], [-69.603647374105, 44.0591036498781], [-69.6035056496907, 44.0594015108087], [-69.6032816023264, 44.0596998062704], [-69.6029904784047, 44.0598093821242], [-69.6027319077112, 44.0598197508103], [-69.6025427304568, 44.059748721464], [-69.6022865973815, 44.0596150218896], [-69.6017620990288, 44.0589875476082], [-69.6016503870104, 44.0588981010327], [-69.6014542238925, 44.0587910930536], [-69.6011137970213, 44.0586938481498], [-69.6008467362633, 44.0587132597394], [-69.6004419887233, 44.0588144241077], [-69.6001115389202, 44.0590862632305], [-69.5999018403272, 44.0593394579143], [-69.599807751298, 44.0595650369208], [-69.5994071037783, 44.0599182721808], [-69.5984951795174, 44.0603732246388], [-69.5983028430969, 44.0604912735027], [-69.5980868956744, 44.0607445002225], [-69.5979918027456, 44.0609880915337], [-69.5979564426128, 44.0613123953227], [-69.5980429234021, 44.0616090592856], [-69.5979648726137, 44.0617625228612], [-69.5977957604429, 44.061862447], [-69.5965499609259, 44.0622561046741], [-69.596295822075, 44.0624375001764], [-69.5962333075933, 44.062545865383], [-69.5961672669849, 44.0629243535134], [-69.5961716823271, 44.0631314085573], [-69.5958420668363, 44.0637633656523], [-69.5956693515654, 44.0642054325512], [-69.5956180371432, 44.0645748373841], [-69.5960415391213, 44.065716060406], [-69.5960160327897, 44.0658962612812], [-69.5959079839046, 44.0659778545086], [-69.595181726958, 44.0662427385381], [-69.5948192460007, 44.0665957584918], [-69.5947481113194, 44.0667401839469], [-69.5948565916104, 44.0670907513511], [-69.5948900612373, 44.0674327022397], [-69.5947958769683, 44.0676132639712], [-69.5943354747057, 44.0679307785059], [-69.5942181145189, 44.0680574363824], [-69.594140313244, 44.0682379096442], [-69.5941446345329, 44.0684359598795], [-69.5942260695294, 44.0685795914402], [-69.5942765573867, 44.068750392274], [-69.5942459701688, 44.0688135768738], [-69.5939386662192, 44.0689502247237], [-69.5937796413813, 44.0689690580902], [-69.5933996996649, 44.0689440228353], [-69.5931652451501, 44.0688732132354], [-69.5928982558164, 44.0688655947987], [-69.5926625365124, 44.0689028313616], [-69.5925244624799, 44.0689485653566], [-69.5923783992893, 44.06909337515], [-69.5923083701764, 44.0691927799682], [-69.5922830940632, 44.069318953899], [-69.5923052720495, 44.0693908660058], [-69.5925430230332, 44.0697137541432], [-69.5926371157239, 44.0701094168164], [-69.5924575774645, 44.0703804503933], [-69.5922184903876, 44.0705887668818], [-69.592063116367, 44.0707786432113], [-69.5919753978649, 44.0710221881878], [-69.5918680826602, 44.0711397899567], [-69.5917458231523, 44.0711674325014], [-69.5916473961031, 44.0711589397711], [-69.5911239352324, 44.0710265968005], [-69.5903527581147, 44.0707064642558], [-69.5901863443099, 44.0706893172639], [-69.5897112825223, 44.0708718361931], [-69.5893448843597, 44.0709547581536], [-69.5890849877484, 44.0710731424839], [-69.5889689962363, 44.0711817810831], [-69.5889676045679, 44.071316838094], [-69.5890570802745, 44.0714064133272], [-69.589533646195, 44.0716110303035], [-69.5899647163638, 44.0717528601549], [-69.5908472956681, 44.072207471704], [-69.5910125894658, 44.0723866852736], [-69.5910344733317, 44.0724676015906], [-69.5909038881201, 44.0725222973407], [-69.5903415990122, 44.072489190622], [-69.5897123748802, 44.0723573903615], [-69.5895305941119, 44.0722863014537], [-69.589342212712, 44.0721792318802], [-69.5892135326364, 44.0720718550151], [-69.5888947525555, 44.0720374850742], [-69.5887193835865, 44.0721014134405], [-69.588573157601, 44.0721921961476], [-69.5885334030451, 44.0723544653994], [-69.5884962280684, 44.0727778157731], [-69.5885157508365, 44.0729757904693], [-69.5886115488517, 44.0731913762695], [-69.5887010256121, 44.0732809499455], [-69.5888527053142, 44.0733071793123], [-69.5889599293013, 44.0732976223394], [-69.5898307460952, 44.073077049723], [-69.5899962291819, 44.0731572247856], [-69.5900106930976, 44.0732381796054], [-69.5897319490405, 44.0735817489692], [-69.5894505504715, 44.0740513759221], [-69.5894142334216, 44.0744026950217], [-69.5895078303172, 44.0747893600357], [-69.5896540257634, 44.0751667447129], [-69.5903157672787, 44.0761717064213], [-69.5904930999754, 44.0765399265692], [-69.5905720651311, 44.0768276272768], [-69.5907064565179, 44.0769979957026], [-69.5908407590734, 44.0777085694858], [-69.5910265140073, 44.0779416945717], [-69.59128894243, 44.0781924319957], [-69.5913186317866, 44.0782733077783], [-69.5912559711841, 44.0784086844435], [-69.5911481931246, 44.0784812673295], [-69.5909728114158, 44.0785452000557], [-69.5903557011474, 44.0785393853334], [-69.589991911931, 44.0784962486008], [-69.5898083619708, 44.078524205536], [-69.5896706185785, 44.0786059486913], [-69.5896295982747, 44.0787592168046], [-69.5896528914053, 44.0792182666734], [-69.5897489709268, 44.079460863538], [-69.5898306865367, 44.0795144646129], [-69.5900137850464, 44.079558532431], [-69.5903172094204, 44.0795749726944], [-69.5904464488578, 44.0796193225945], [-69.5908929887776, 44.0802112363077], [-69.591005018774, 44.0804087291334], [-69.5910267202328, 44.0804716422467], [-69.590964360468, 44.0805980119765], [-69.5907927437384, 44.0808059770099], [-69.5906476736816, 44.0808967607657], [-69.5898133001527, 44.0812612050853], [-69.5897061526111, 44.0812797649229], [-69.5896470522606, 44.0811450203584], [-69.589657116855, 44.0810189203748], [-69.5897969786571, 44.080757101685], [-69.5897080318694, 44.0806045035793], [-69.5895654076591, 44.0804701873436], [-69.5893916759355, 44.0804260677923], [-69.589239254349, 44.0804448616476], [-69.5876122720195, 44.0813715829298], [-69.5872969249859, 44.0815712793778], [-69.5871201651286, 44.0817342493725], [-69.5870414886798, 44.0818697032522], [-69.5870785903356, 44.0819505392987], [-69.5871841118311, 44.0820040199115], [-69.5876024218648, 44.0819928667602], [-69.5883582174973, 44.0818899409297], [-69.5885321626804, 44.081916054209], [-69.5886452838776, 44.0819874983534], [-69.5887048100387, 44.0820862277608], [-69.5886949218197, 44.0822303334597], [-69.5886174512003, 44.0823297687382], [-69.5884794006903, 44.082420514454], [-69.587958186182, 44.082603265275], [-69.5874532028112, 44.0828489538067], [-69.5874439804835, 44.0829030214127], [-69.5875496859492, 44.0829745056599], [-69.5879798959899, 44.0831793688623], [-69.5880246799649, 44.0832871796378], [-69.5879922732055, 44.0834043892538], [-69.5875639753143, 44.084063839136], [-69.5873173505978, 44.0847403584764], [-69.5871406496651, 44.0848313003231], [-69.5868898559138, 44.0848505956425], [-69.5867995486895, 44.0847970393449], [-69.5865480983854, 44.0847893263019], [-69.5862958519519, 44.0848986613886], [-69.5861390251175, 44.0852235888778], [-69.5861572707215, 44.0855296077254], [-69.5860933303514, 44.0856559837006], [-69.5857621141509, 44.0859908066757], [-69.5856008078987, 44.0860996739106], [-69.5854095492237, 44.0861006540849], [-69.5853490858634, 44.0860649504469], [-69.5853131050536, 44.0859390895554], [-69.5853501828848, 44.0855427508537], [-69.5852776535487, 44.0852730207196], [-69.5851894379864, 44.0850753977625], [-69.5851226792505, 44.084994710338], [-69.585000757343, 44.0849413136294], [-69.5848422899804, 44.0849421249422], [-69.5846965799576, 44.0849698826311], [-69.5845597226676, 44.0850246031214], [-69.5843280507615, 44.0852418671174], [-69.5841970589444, 44.0857737361711], [-69.5840967379498, 44.0863684708381], [-69.5839953402426, 44.0865760664471], [-69.5838865971561, 44.086711671731], [-69.5837410569128, 44.0867574331433], [-69.5836289294676, 44.0866679724093], [-69.5835150812133, 44.0866415447641], [-69.5834000256971, 44.0866511348042], [-69.5832700215992, 44.0867688440501], [-69.5831531328125, 44.0869495061088], [-69.5830453281361, 44.0870220831882], [-69.5828997889547, 44.0870678417206], [-69.582777313172, 44.0870774707922], [-69.5821515101412, 44.0867115236004], [-69.5818192798385, 44.0865871689774], [-69.5813561653683, 44.0864904904475], [-69.5808168640207, 44.0864662215563], [-69.5806410914904, 44.0864941268957], [-69.5804269025964, 44.0865852488541], [-69.5801813236014, 44.0867395524321], [-69.5800190948376, 44.0868754265361], [-69.5800333740085, 44.0869383784515], [-69.5801090207045, 44.0870100167354], [-69.5806008935785, 44.0871335678424], [-69.5807514856528, 44.0872048302078], [-69.580900412329, 44.0874651695518], [-69.5812368045408, 44.0878145895814], [-69.5817799838585, 44.0881539542148], [-69.5819842343021, 44.0882429456975], [-69.5821969326126, 44.0882778754279], [-69.582914639622, 44.0881031520307], [-69.5830972001591, 44.0881697455978], [-69.5831892020221, 44.088236801174], [-69.5832352316823, 44.0883130956291], [-69.5831903603955, 44.088394353992], [-69.582924244978, 44.0884452296549], [-69.5825283562587, 44.0884382464492], [-69.5823142868067, 44.0885023630412], [-69.5820390794749, 44.08862080815], [-69.5814545436896, 44.0890019246176], [-69.5808645978072, 44.0892300094497], [-69.5804730818246, 44.0895111033377], [-69.5804267325333, 44.0896013723639], [-69.5804311865055, 44.0898174311327], [-69.5808118358548, 44.090220647531], [-69.5809160831618, 44.0903821787666], [-69.5809743218222, 44.0905889597389], [-69.5809982833929, 44.0910029911916], [-69.5808490413289, 44.0913098649144], [-69.5807252752074, 44.0914275367585], [-69.5807498772784, 44.0917875448435], [-69.580731905304, 44.0919857108119], [-69.5806384577529, 44.0921302393831], [-69.579930281868, 44.0926470281866], [-69.5796140018997, 44.0929997620339], [-69.5791738838632, 44.0933441221992], [-69.5789182723794, 44.0936335239716], [-69.5788632871752, 44.0937598494518], [-69.5789529575602, 44.0938674361506], [-69.5789902266123, 44.0939662832042], [-69.5789945892628, 44.0941733398827], [-69.579187602236, 44.0944694719935], [-69.5792712307396, 44.0944780504458], [-69.579257507043, 44.0943520722743], [-69.5791614161488, 44.0942265143792], [-69.5791421207991, 44.0939294999329], [-69.5790740597458, 44.0938758266434], [-69.5790685820708, 44.0937948224781], [-69.5791611291588, 44.0936773107394], [-69.5792464861161, 44.0936228579142], [-69.579378362365, 44.093415113104], [-69.5795406944937, 44.0932882419814], [-69.5807830168232, 44.0921024936493], [-69.5809466294578, 44.0918675764873], [-69.5809420852548, 44.0916425158246], [-69.581123412289, 44.0912634510887], [-69.5812139464305, 44.0908218263051], [-69.5811740270524, 44.0904528919271], [-69.5809363700534, 44.0900219396821], [-69.5806569959861, 44.0899153196833], [-69.580589844376, 44.0898346289733], [-69.580593154318, 44.0896545468741], [-69.5806642635834, 44.0895011293616], [-69.5808636667967, 44.0893740678575], [-69.5814217405723, 44.0892001662704], [-69.582181439094, 44.0887281239723], [-69.5824653261518, 44.0886186358264], [-69.5827350049136, 44.0886127589363], [-69.583063213694, 44.0887236272389], [-69.5832836612637, 44.0886729835171], [-69.5834723307472, 44.0884874504318], [-69.5835248351685, 44.0883881462614], [-69.5835016190842, 44.088329742122], [-69.5833714820916, 44.0881953572594], [-69.5830354607348, 44.0880440154976], [-69.5826616278307, 44.0879378823708], [-69.5824818329561, 44.0880333326234], [-69.5821988906391, 44.0880797934114], [-69.5820694408618, 44.0881344731438], [-69.5819326849817, 44.0880811496668], [-69.5815642049653, 44.0878039219039], [-69.580905563209, 44.0871140124079], [-69.5802860795785, 44.0868740707843], [-69.5802717121415, 44.0868021159897], [-69.5803561027918, 44.0867296604646], [-69.5806319973852, 44.0866022134218], [-69.5809979471405, 44.0865823462854], [-69.5812477191768, 44.0866170892544], [-69.5816346320958, 44.0867051492278], [-69.5819150761068, 44.0868027625935], [-69.5821637778523, 44.0869275425928], [-69.5823062244062, 44.087043859407], [-69.5826161752205, 44.0872043405528], [-69.5829969579432, 44.087184391371], [-69.5831348188599, 44.0871116609325], [-69.5833821486816, 44.086858303336], [-69.5836019903488, 44.0868661848096], [-69.5837540568004, 44.086928430529], [-69.5838761424219, 44.0869188042048], [-69.5840998387493, 44.0866835725436], [-69.5842493536699, 44.086367690483], [-69.5844063596132, 44.085583596077], [-69.5844939490542, 44.0853220505486], [-69.584618425763, 44.0851593522624], [-69.5848314865043, 44.0851132441066], [-69.5849447793626, 44.0852026977179], [-69.5850632280403, 44.0854181727613], [-69.5850869481921, 44.0858051957764], [-69.5850613658514, 44.0860214065188], [-69.5851629590339, 44.086308994616], [-69.5853225274711, 44.0863802040884], [-69.5855114106453, 44.0864152496695], [-69.5859278971067, 44.0860979968815], [-69.5862985173689, 44.0856819418857], [-69.5864089711063, 44.0854833001813], [-69.5863721527909, 44.085312426207], [-69.5865058816991, 44.0850596447699], [-69.586652443037, 44.0849598562151], [-69.5867822376302, 44.084941182937], [-69.5871152868051, 44.08502950551], [-69.5873069068466, 44.0849474894736], [-69.5874071077646, 44.084856939822], [-69.5875639863388, 44.0845770289172], [-69.5877769406508, 44.0840087235087], [-69.5880644544889, 44.0836381060877], [-69.5881748094007, 44.0834304633555], [-69.5883130224647, 44.083276690039], [-69.5882923159369, 44.0831957672905], [-69.5877718656856, 44.0828653215592], [-69.5878337812625, 44.0828109828199], [-69.5880629523088, 44.0827377765368], [-69.5885530644974, 44.082528175376], [-69.5887078455708, 44.0823923283392], [-69.5888171149552, 44.0821936903008], [-69.5888289113037, 44.0818875159743], [-69.5887008721608, 44.0818071446146], [-69.5883975035334, 44.081718675554], [-69.5881627588304, 44.0817018748517], [-69.5877033382837, 44.0818572980954], [-69.5873300967207, 44.0818862266682], [-69.5872330133629, 44.0817786844222], [-69.5872648739531, 44.0817245031598], [-69.5876720085407, 44.0814523077727], [-69.5882923237685, 44.0811880176723], [-69.5887072231336, 44.0809517920599], [-69.5890990347116, 44.0806706680438], [-69.5892905511147, 44.0805796466909], [-69.5893969754545, 44.0806061087118], [-69.5894940034436, 44.0806686307867], [-69.5895151576965, 44.0807945696807], [-69.589440522339, 44.0812181130268], [-69.5895436665732, 44.0814246582631], [-69.5896353459198, 44.0814601986095], [-69.5898026917224, 44.0814503323506], [-69.5902995725714, 44.0812947071125], [-69.5909745509413, 44.0808770636572], [-69.591137129109, 44.0807411702603], [-69.5912080821432, 44.0804977121906], [-69.5912114505695, 44.0803266343691], [-69.5911084855011, 44.0801380946097], [-69.5906765095752, 44.0795190945268], [-69.5905624891317, 44.0794746662187], [-69.5900394032669, 44.0793873370073], [-69.5899327994441, 44.0793428715666], [-69.5898886424608, 44.0792980818172], [-69.5898362647003, 44.0791723041627], [-69.5898169129556, 44.0789923411675], [-69.589865259256, 44.0788300272973], [-69.5900421242226, 44.0786400441241], [-69.5909694348818, 44.0787162806663], [-69.5911603110138, 44.0786792796877], [-69.5913607682021, 44.0785071782352], [-69.5914315662208, 44.0783267443348], [-69.591449943485, 44.0781735918865], [-69.5912777564728, 44.0779313930092], [-69.5910985721995, 44.0777702586133], [-69.5909867573563, 44.0775547552281], [-69.590968126038, 44.0773297672862], [-69.5908887986723, 44.0770060579594], [-69.5904610319039, 44.0761799582327], [-69.5901704959611, 44.0757312915573], [-69.5896669294934, 44.0748155455278], [-69.589594183383, 44.0745638282077], [-69.5895928919236, 44.0741586828821], [-69.5898047621037, 44.0737614388717], [-69.5901235272861, 44.0732826155445], [-69.5901811184191, 44.073030222535], [-69.5901589415946, 44.0729583100548], [-69.5900010503157, 44.0728961027798], [-69.5898179072435, 44.0729240567496], [-69.5892751414661, 44.0730889192479], [-69.5890541464668, 44.0731170681194], [-69.5888867322318, 44.0731179311611], [-69.5887424969546, 44.0730556517588], [-69.5886979911061, 44.0729748515775], [-69.5887008088949, 44.0723536029193], [-69.588861259355, 44.0722807480966], [-69.589113080145, 44.0722524415505], [-69.5896795863376, 44.0724746026462], [-69.5902106520729, 44.0726249169713], [-69.5908480499539, 44.0726756435891], [-69.5911762660923, 44.0726379322073], [-69.59137508012, 44.0725378661017], [-69.5913763444097, 44.0724298189927], [-69.591242356188, 44.0722594491302], [-69.590835445357, 44.0720364696493], [-69.5901104270199, 44.0716890848664], [-69.5894067188641, 44.0714046100985], [-69.589287197274, 44.0713151901166], [-69.5892960961479, 44.0711890968626], [-69.5900689626566, 44.070933014012], [-69.5903431389896, 44.0708775800392], [-69.5910012185849, 44.071126270676], [-69.591416346312, 44.0713131935403], [-69.5917043619784, 44.0713927335958], [-69.5918943992712, 44.0713917492251], [-69.5920700306656, 44.0713548211642], [-69.5923182514838, 44.0710834366835], [-69.5923979846382, 44.0708219251858], [-69.5928471085179, 44.0702703855566], [-69.5929060366927, 44.0699189504831], [-69.5928167427708, 44.0697303436705], [-69.5925568992221, 44.0693445451924], [-69.5925977248087, 44.0691732700212], [-69.5929950494086, 44.0690631669367], [-69.5937228793481, 44.0691854379357], [-69.5941170809706, 44.0691923884894], [-69.5942255897526, 44.0691558106334], [-69.59440229292, 44.068992829604], [-69.5945123348155, 44.0687581708091], [-69.5945005051086, 44.0685511544826], [-69.5944348273293, 44.0683444165274], [-69.5944838708426, 44.0681370834487], [-69.5945847520245, 44.0680015085761], [-69.5950935368328, 44.0675666979002], [-69.5952421369998, 44.0672868187592], [-69.5951983431073, 44.0671609985786], [-69.5950567312591, 44.0670086795268], [-69.5949820205274, 44.0668740132887], [-69.5949915919858, 44.0667389162079], [-69.5952556282485, 44.0664134197356], [-69.5954396763652, 44.0663224267791], [-69.5959896894609, 44.066148492732], [-69.5961123837382, 44.0660488135352], [-69.596268179483, 44.0657869022263], [-69.5962374324872, 44.0653278915508], [-69.5959105612868, 44.0648344121801], [-69.5958696696054, 44.0644924956457], [-69.5960624861778, 44.0637982294777], [-69.5963927258313, 44.0631122481246], [-69.5964296266688, 44.0627069018145], [-69.5964159650573, 44.0625899298909], [-69.5964703500586, 44.062526621305], [-69.5965395524992, 44.0624632371275], [-69.596699970386, 44.0623903713536], [-69.5972879385286, 44.0622702557945], [-69.5977150739962, 44.0621419744388], [-69.598138109912, 44.0618786619987], [-69.5982538264423, 44.0617069897886], [-69.5982578943534, 44.0614908887589], [-69.5983602102521, 44.0607250641355], [-69.5985523658551, 44.0605890048279], [-69.598858328895, 44.0604793607135], [-69.5998011912384, 44.059997236352], [-69.5999477216239, 44.0598254006005], [-69.6002832515323, 44.0592834341833], [-69.6004611952802, 44.0590934285998], [-69.6006533408238, 44.0589573684774], [-69.6010872049625, 44.058919072188], [-69.6012773842541, 44.0589360782769], [-69.6013829721225, 44.0589985454491], [-69.601942022542, 44.0597248786347], [-69.6021666862304, 44.0599487824413], [-69.6024012728528, 44.0600735906848], [-69.6025752562837, 44.0601086849994], [-69.6027801741278, 44.0601166083485], [-69.6032159530174, 44.0599972650852], [-69.6034839915798, 44.059842790003], [-69.603708056685, 44.0596615400573], [-69.6038931306199, 44.059444479467], [-69.6040740316321, 44.0590473744217], [-69.6040837107609, 44.0584260876619], [-69.6042492999828, 44.0580200580251], [-69.6042510269042, 44.0579210123658], [-69.604148221714, 44.0576334435481], [-69.6041673449021, 44.0573272303188], [-69.6043632470359, 44.0569480503521], [-69.6049231176609, 44.0561437843801], [-69.6054885472436, 44.0550063609501], [-69.6057011162967, 44.0544650297752], [-69.6061471472883, 44.0536343498069], [-69.6062502265172, 44.0533366912799], [-69.6062378987673, 44.0526254881974], [-69.6061953325823, 44.0523916244709], [-69.6062281696583, 44.0522834084061], [-69.606374864619, 44.0520935591997], [-69.6066595897532, 44.0518579599038], [-69.606983108886, 44.0516401588194], [-69.6073506877268, 44.0514581371532], [-69.6079692763301, 44.0512927847988], [-69.6085262999863, 44.0511727758792], [-69.6095149410892, 44.0510684692728], [-69.6097668664298, 44.0510221061482], [-69.6099707528131, 44.0510840435062], [-69.609961398677, 44.0512371532628], [-69.6100814636638, 44.0513805650018], [-69.6101229604001, 44.052154636821], [-69.6102713396359, 44.0534593379219], [-69.6103348800689, 44.0537200973625], [-69.6104388973814, 44.0539716379892], [-69.6102366927481, 44.0547200001186], [-69.6102760562106, 44.0551339456772], [-69.6104135778107, 44.0556464060658], [-69.6105543810116, 44.0558707388425], [-69.6107007545887, 44.0562571056494], [-69.6106760035757, 44.0563922854146], [-69.6106218281242, 44.0564736074119], [-69.6104680591335, 44.0565824681868], [-69.6100000632201, 44.0568280615403], [-69.6086903838874, 44.0572897184469], [-69.6080688447657, 44.0575541267916], [-69.6079557354769, 44.0576717720633], [-69.6076251032328, 44.0582272392915], [-69.6074897283168, 44.0583810188102], [-69.6074903961515, 44.0584845543762], [-69.6076367540761, 44.0587943925133], [-69.6075725502366, 44.0590018121769], [-69.6076180603954, 44.0590645921533], [-69.6077310647093, 44.0591270167124], [-69.6077062150158, 44.0592531973962], [-69.6077649481383, 44.0593879350773], [-69.607890310245, 44.0596663735284], [-69.6081785303869, 44.0601510222942], [-69.6080914708926, 44.0604125842536], [-69.6082271083193, 44.0604748896415], [-69.6082087534463, 44.0606640560134], [-69.6082694821647, 44.0607267555953], [-69.6084284374575, 44.0607799295947], [-69.6085535290473, 44.0610313620983], [-69.6086172098965, 44.0613821526708], [-69.6086214864838, 44.0615712012189], [-69.6085506717343, 44.0617426420635], [-69.6082932743645, 44.062212191177], [-69.6078431847575, 44.0627637919627], [-69.6064234528449, 44.0641938735966], [-69.6052517201233, 44.0657666761685], [-69.6046096909347, 44.0664813442606], [-69.6036851185703, 44.067233514592], [-69.602285746879, 44.068267287201], [-69.6010627182913, 44.0696872595389], [-69.6006462577445, 44.0701036045218], [-69.6002669487292, 44.0705287597548], [-69.5993799713517, 44.0713437191006], [-69.5987837627128, 44.0720491091317], [-69.5986807017219, 44.0722387202211], [-69.5986330212138, 44.0724640536676], [-69.5986595449387, 44.0727340178832], [-69.5988048047129, 44.0731294035267], [-69.5991601901025, 44.0738117979846], [-69.5993603487191, 44.0741168611513], [-69.5999431388073, 44.0748250708708], [-69.6010699313835, 44.0758365297392], [-69.6012098551849, 44.0760878870901], [-69.6012336910929, 44.0765919469889], [-69.6011468667243, 44.0772676613375], [-69.6009577893193, 44.0782140100784], [-69.6009464111256, 44.0784391532958], [-69.6009973789041, 44.0786549669841], [-69.6012468342305, 44.0792388726013], [-69.6014940936862, 44.0794896663355], [-69.6016827025884, 44.079614720357], [-69.6018770266607, 44.079802767535], [-69.6021235737037, 44.0800985795726], [-69.6024842380005, 44.0804478095308], [-69.6029718948955, 44.0808864000318], [-69.6035129512613, 44.0812796922179], [-69.6036969723569, 44.0817198857993], [-69.6040386556888, 44.0827714716427], [-69.6047961867528, 44.0840279347666], [-69.6050052034647, 44.0843149365642], [-69.6057968544168, 44.0867686595504], [-69.6058522355384, 44.0871465059706], [-69.6058486552765, 44.0874076222935], [-69.6057684771612, 44.0876601423152], [-69.6056909414138, 44.0877505869602], [-69.605627500972, 44.0879219870324], [-69.6055859921269, 44.0881382857898], [-69.6055767099803, 44.0883003953806], [-69.6056121160033, 44.0884802756977], [-69.605578388726, 44.0887325493], [-69.6054448250144, 44.0889943544535], [-69.6052068068775, 44.0891576741286], [-69.6050611880973, 44.0891944588415], [-69.6050248370829, 44.0895727939878], [-69.6049172394195, 44.0896633972752], [-69.604771596441, 44.0897361933544], [-69.6046631016272, 44.0898538130075], [-69.604585231197, 44.0904484463497], [-69.60447710149, 44.0906020745844], [-69.6043242180207, 44.0906929168944], [-69.6040940496378, 44.090784168577], [-69.6037476651138, 44.091002078217], [-69.6032941300232, 44.0913556020238], [-69.6026403779606, 44.0917912176562], [-69.6021248344158, 44.0921900823933], [-69.6014802792157, 44.0925716173667], [-69.600015386146, 44.0933265999214], [-69.5989018463021, 44.0940076919215], [-69.5983943962954, 44.0948656687708], [-69.5980765731107, 44.0953265062791], [-69.5974870239197, 44.0960588591619], [-69.5969304823085, 44.0966199774568], [-69.5956349660655, 44.0977341482944], [-69.5952628672058, 44.0981592455561], [-69.5951153014717, 44.0983940993628], [-69.5951035352114, 44.0987002750931], [-69.5950879344004, 44.0987408722822], [-69.5934243131964, 44.1004556590753], [-69.590608330563, 44.1034593582864], [-69.5873352183204, 44.1068974955248], [-69.5837222869212, 44.1106433885545], [-69.5805805239385, 44.1139366057943], [-69.5790162870819, 44.1156371693555], [-69.5760099424962, 44.1142298428494], [-69.5704641381952, 44.1116377021625], [-69.5629938340509, 44.1080734302437], [-69.5581002510601, 44.1057475719406], [-69.5544541655438, 44.1039646588143], [-69.5508201400095, 44.1036671207985], [-69.5453265608833, 44.1032163001718], [-69.5385167970574, 44.1026723866048], [-69.5295110859488, 44.1019311909435], [-69.5224888272723, 44.1014323267166], [-69.5178311724803, 44.1010213706694]]]}, "properties": {"OBJECTID": 6653, "TOWN": "Newcastle", "COUNTY": "Lincoln", "GEOCODE": "15110", "GEOCODENUM": 15110, "CNTYCODE": "15", "LAND": "y", "TAG": "y", "ISLAND": "n", "CIREG": " ", "LURC": "n", "BAXTER": "n", "ISLANDID": "0", "TYPE": " ", "DOT_REGNUM": 2, "DOT_REGION": "MID-COAST", "GlobalID": "da6a82b7-04b9-4728-ac6a-23ddf7af5597", "created_user": "Emily.Pettit@maine.gov_maine", "created_date": 1709078788387, "last_edited_user": "Emily.Pettit@maine.gov_maine", "last_edited_date": 1709078788387, "Shape__Area": 76398826.29260254, "Shape__Length": 93265.09991707023}}, {"type": "Feature", "id": 6654, "geometry": {"type": "Polygon", "coordinates": [[[-69.6078165702803, 44.0230048052745], [-69.609799310667, 44.023039259338], [-69.6098372978581, 44.0230930773276], [-69.6099817714374, 44.0230742991946], [-69.6101645828292, 44.0229922901494], [-69.6102574199797, 44.0229197666725], [-69.6103200526812, 44.022829399354], [-69.6104720228986, 44.0228195831119], [-69.6107463941546, 44.0226920675008], [-69.6108332533687, 44.0224935289043], [-69.6110641965153, 44.022276212815], [-69.6113552148335, 44.0221756161712], [-69.6115144093206, 44.0221477529704], [-69.6117573670657, 44.0222274825797], [-69.6118842314283, 44.0223168378166], [-69.6119133942031, 44.0224607378561], [-69.6118960692148, 44.0225958816023], [-69.6119455608497, 44.0228207047663], [-69.6119286050397, 44.0229918612588], [-69.6119798107886, 44.023117635391], [-69.6122344883722, 44.0233503617515], [-69.612612436913, 44.0234743824761], [-69.6131774323609, 44.0238134820991], [-69.6133488993166, 44.0239926317544], [-69.6136100497664, 44.024360371179], [-69.6138444663203, 44.0249713468635], [-69.6139202994531, 44.0255561647626], [-69.6139005820442, 44.0257993639209], [-69.6139433830833, 44.0259792011787], [-69.6140693133943, 44.0262036125204], [-69.6140366552555, 44.0264018621682], [-69.6140367890122, 44.0269060564953], [-69.6136225943216, 44.027655567182], [-69.6135233280284, 44.0277101218605], [-69.6134985030267, 44.0278363034502], [-69.6135916249454, 44.0281689309897], [-69.6135652389524, 44.0284841933775], [-69.6136322541826, 44.0285918703478], [-69.6140222364837, 44.0288958960012], [-69.6140086862521, 44.029283117943], [-69.6140725478748, 44.0296519160321], [-69.6140472047092, 44.029841123704], [-69.6139681385753, 44.0300396226132], [-69.6137114425104, 44.0304461576679], [-69.6137168158163, 44.0306261986007], [-69.6134262724294, 44.0312309905455], [-69.6133622103654, 44.0314474153184], [-69.6133437548542, 44.0316996117023], [-69.6133671145863, 44.032149657529], [-69.6133043840633, 44.032231027058], [-69.6132645369121, 44.0323752942184], [-69.6132767174093, 44.0325733081581], [-69.6131882874039, 44.0329609280612], [-69.6131090287486, 44.0331414231239], [-69.6129471160227, 44.0332863451143], [-69.6128709610241, 44.0333137648657], [-69.6128267249106, 44.0332599815018], [-69.6128121499825, 44.0331700252707], [-69.612760507684, 44.0331162807029], [-69.6126157324395, 44.0331080554223], [-69.6125313678083, 44.0331715309292], [-69.6124318131948, 44.0331990758348], [-69.6123124842669, 44.0330106413502], [-69.61223715019, 44.032966028753], [-69.6121686982488, 44.0329844024189], [-69.6121374421619, 44.0330926120753], [-69.6121428259058, 44.0332366364818], [-69.6120093205752, 44.0334894489236], [-69.6118778022294, 44.0336702230383], [-69.611876277294, 44.033787275023], [-69.6118221224726, 44.0338685950887], [-69.6115398328709, 44.0339511382405], [-69.6112885180091, 44.0338984624815], [-69.611130530323, 44.0338182775918], [-69.6107357819804, 44.0338113840334], [-69.6101561440982, 44.0338775041551], [-69.6099470343274, 44.0336805468073], [-69.6098249701794, 44.0336811983847], [-69.6097272018895, 44.0336547080559], [-69.6093460601054, 44.0337197673032], [-69.6092928605384, 44.0336660294774], [-69.6092094058299, 44.0336664744941], [-69.6090557862377, 44.0337843382217], [-69.6089944646843, 44.0337756625539], [-69.6089220152572, 44.0336319927583], [-69.6087124496287, 44.0333900174669], [-69.6084321023194, 44.0333194823086], [-69.6081479099685, 44.0334830581854], [-69.608067152692, 44.0338616315973], [-69.6076660007999, 44.0338007426729], [-69.6074241917977, 44.0336849846716], [-69.6073169479019, 44.0336855547773], [-69.6072160396998, 44.0338481512317], [-69.6071023720509, 44.0338307483958], [-69.6070473325529, 44.0334438920086], [-69.6069819446684, 44.0312023822573], [-69.6074093721962, 44.0305158489325], [-69.6073657632291, 44.0304080439211], [-69.6073053437623, 44.0303723459062], [-69.6072533374603, 44.0302825905742], [-69.6073619276157, 44.0301469598885], [-69.6073408214091, 44.0300660419726], [-69.6072652139903, 44.0299944153856], [-69.6074183159142, 44.0294443931114], [-69.6074954992882, 44.0293269361394], [-69.6074263673996, 44.0283999512788], [-69.6074502201947, 44.0282917803808], [-69.6076571605294, 44.0281646334846], [-69.6077583339963, 44.0280290418191], [-69.6078398906315, 44.027614450193], [-69.6078295370863, 44.0273263939766], [-69.6078688702937, 44.0272451518666], [-69.6082345802561, 44.0271621781436], [-69.6082583390494, 44.0270450050047], [-69.6082541593897, 44.0268649600429], [-69.6081884814943, 44.026658228498], [-69.6080685623927, 44.0265238150066], [-69.6079329109868, 44.0264525092572], [-69.6069554747204, 44.0262776386397], [-69.606880767454, 44.026178995711], [-69.6068172286529, 44.025837203804], [-69.6066429050358, 44.0252619085281], [-69.6066197285675, 44.0238304805086], [-69.6066505554565, 44.0237943048117], [-69.6067573161355, 44.0237487197246], [-69.6071435838625, 44.0238096910674], [-69.6075859683022, 44.0237533204771], [-69.6076926462012, 44.0236987324006], [-69.6077174818935, 44.0235725510204], [-69.6076962188369, 44.0234376131742], [-69.6078234539555, 44.023067794653], [-69.6078165702803, 44.0230048052745]]]}, "properties": {"OBJECTID": 6654, "TOWN": "Newcastle", "COUNTY": "Lincoln", "GEOCODE": "15110", "GEOCODENUM": 15110, "CNTYCODE": "15", "LAND": "y", "TAG": "n", "ISLAND": "y", "CIREG": "y", "LURC": "n", "BAXTER": "n", "ISLANDID": "65-016A", "TYPE": "coast", "DOT_REGNUM": 2, "DOT_REGION": "MID-COAST", "GlobalID": "f77b4261-4483-491a-b476-dadc92c6a9fe", "created_user": "Emily.Pettit@maine.gov_maine", "created_date": 1709078788387, "last_edited_user": "Emily.Pettit@maine.gov_maine", "last_edited_date": 1709078788387, "Shape__Area": 605763.0563964844, "Shape__Length": 3808.3123454908127}}, {"type": "Feature", "id": 7027, "geometry": {"type": "Polygon", "coordinates": [[[-69.6046963030883, 44.083150637457], [-69.6048048069167, 44.0832265898965], [-69.6049512491937, 44.0833757196575], [-69.6050519560895, 44.0835403989648], [-69.6052435227628, 44.0839535407293], [-69.6056524503514, 44.0845906113925], [-69.6057034503864, 44.0846963429851], [-69.6056900805724, 44.0847209615289], [-69.6056323829056, 44.0847662833027], [-69.6054825978288, 44.0846995520176], [-69.6054063492159, 44.0845333957179], [-69.6053214002189, 44.0843177642732], [-69.6051862618634, 44.0840798893235], [-69.6050431619804, 44.0838645656723], [-69.6048919541667, 44.083658291725], [-69.6047739695883, 44.0834563415875], [-69.6046481977383, 44.0832949440655], [-69.6046383310829, 44.0831689510044], [-69.6046963030883, 44.083150637457]]]}, "properties": {"OBJECTID": 7027, "TOWN": "Newcastle", "COUNTY": "Lincoln", "GEOCODE": "15110", "GEOCODENUM": 15110, "CNTYCODE": "15", "LAND": "y", "TAG": "n", "ISLAND": "y", "CIREG": "y", "LURC": "n", "BAXTER": "n", "ISLANDID": "65-011", "TYPE": "coast", "DOT_REGNUM": 2, "DOT_REGION": "MID-COAST", "GlobalID": "aa7741d9-7f52-4b2b-9970-bc939f733a3f", "created_user": "Emily.Pettit@maine.gov_maine", "created_date": 1709078788387, "last_edited_user": "Emily.Pettit@maine.gov_maine", "last_edited_date": 1709078788387, "Shape__Area": 2595.49853515625, "Shape__Length": 404.3499013610471}}, {"type": "Feature", "id": 7030, "geometry": {"type": "Polygon", "coordinates": [[[-69.6060808469073, 44.051608935039], [-69.6061629973127, 44.0516310086502], [-69.6061337609132, 44.0516716773144], [-69.6060822700687, 44.0517484803775], [-69.6060021627493, 44.0518884581872], [-69.6059588406851, 44.0520012342113], [-69.6059080823739, 44.0521500560966], [-69.6058724440022, 44.0522897979662], [-69.6057756328873, 44.0522452951553], [-69.6057527989554, 44.0521868931473], [-69.6057368541803, 44.0521149521934], [-69.6057358447473, 44.0520159191179], [-69.605734881202, 44.0519213875032], [-69.6057639989635, 44.0518311981054], [-69.6058226968186, 44.0517723664966], [-69.6059777718648, 44.0516770073749], [-69.6060808469073, 44.051608935039]]]}, "properties": {"OBJECTID": 7030, "TOWN": "Newcastle", "COUNTY": "Lincoln", "GEOCODE": "15110", "GEOCODENUM": 15110, "CNTYCODE": "15", "LAND": "y", "TAG": "n", "ISLAND": "y", "CIREG": "y", "LURC": "n", "BAXTER": "n", "ISLANDID": "65-013", "TYPE": "coast", "DOT_REGNUM": 2, "DOT_REGION": "MID-COAST", "GlobalID": "8649473c-3a37-48ea-a85e-0a5427588392", "created_user": "Emily.Pettit@maine.gov_maine", "created_date": 1709078788387, "last_edited_user": "Emily.Pettit@maine.gov_maine", "last_edited_date": 1709078788387, "Shape__Area": 1146.488525390625, "Shape__Length": 175.59415424588744}}, {"type": "Feature", "id": 7031, "geometry": {"type": "Polygon", "coordinates": [[[-69.6078165702803, 44.0230048052745], [-69.6078234539555, 44.023067794653], [-69.6076962188369, 44.0234376131742], [-69.6077174818935, 44.0235725510204], [-69.6076926462012, 44.0236987324006], [-69.6075859683022, 44.0237533204771], [-69.6071435838625, 44.0238096910674], [-69.6067573161355, 44.0237487197246], [-69.6066505554565, 44.0237943048117], [-69.6066197285675, 44.0238304805086], [-69.6066429050358, 44.0252619085281], [-69.6068172286529, 44.025837203804], [-69.606880767454, 44.026178995711], [-69.6069554747204, 44.0262776386397], [-69.6079329109868, 44.0264525092572], [-69.6080685623927, 44.0265238150066], [-69.6081884814943, 44.026658228498], [-69.6082541593897, 44.0268649600429], [-69.6082583390494, 44.0270450050047], [-69.6082345802561, 44.0271621781436], [-69.6078688702937, 44.0272451518666], [-69.6078295370863, 44.0273263939766], [-69.6078398906315, 44.027614450193], [-69.6077583339963, 44.0280290418191], [-69.6076571605294, 44.0281646334846], [-69.6074502201947, 44.0282917803808], [-69.6074263673996, 44.0283999512788], [-69.6074954992882, 44.0293269361394], [-69.6074183159142, 44.0294443931114], [-69.6072652139903, 44.0299944153856], [-69.6073408214091, 44.0300660419726], [-69.6073619276157, 44.0301469598885], [-69.6072533374603, 44.0302825905742], [-69.6073053437623, 44.0303723459062], [-69.6073657632291, 44.0304080439211], [-69.6074093721962, 44.0305158489325], [-69.6069819446684, 44.0312023822573], [-69.6070473325529, 44.0334438920086], [-69.6071023720509, 44.0338307483958], [-69.6072160396998, 44.0338481512317], [-69.6073169479019, 44.0336855547773], [-69.6074241917977, 44.0336849846716], [-69.6076660007999, 44.0338007426729], [-69.608067152692, 44.0338616315973], [-69.6081479099685, 44.0334830581854], [-69.6084321023194, 44.0333194823086], [-69.6087124496287, 44.0333900174669], [-69.6089220152572, 44.0336319927583], [-69.6089944646843, 44.0337756625539], [-69.6090557862377, 44.0337843382217], [-69.6092094058299, 44.0336664744941], [-69.6092928605384, 44.0336660294774], [-69.6093460601054, 44.0337197673032], [-69.6097272018895, 44.0336547080559], [-69.6098249701794, 44.0336811983847], [-69.6099470343274, 44.0336805468073], [-69.6101561440982, 44.0338775041551], [-69.6107357819804, 44.0338113840334], [-69.611130530323, 44.0338182775918], [-69.6112885180091, 44.0338984624815], [-69.6115398328709, 44.0339511382405], [-69.6118221224726, 44.0338685950887], [-69.611876277294, 44.033787275023], [-69.6118778022294, 44.0336702230383], [-69.6120093205752, 44.0334894489236], [-69.6121428259058, 44.0332366364818], [-69.6121374421619, 44.0330926120753], [-69.6121686982488, 44.0329844024189], [-69.61223715019, 44.032966028753], [-69.6123124842669, 44.0330106413502], [-69.6124318131948, 44.0331990758348], [-69.6125313678083, 44.0331715309292], [-69.6126157324395, 44.0331080554223], [-69.612760507684, 44.0331162807029], [-69.6128121499825, 44.0331700252707], [-69.6128267249106, 44.0332599815018], [-69.6128709610241, 44.0333137648657], [-69.6129471160227, 44.0332863451143], [-69.6131090287486, 44.0331414231239], [-69.6131882874039, 44.0329609280612], [-69.6132767174093, 44.0325733081581], [-69.6132645369121, 44.0323752942184], [-69.6133043840633, 44.032231027058], [-69.6133671145863, 44.032149657529], [-69.6133437548542, 44.0316996117023], [-69.6133622103654, 44.0314474153184], [-69.6134262724294, 44.0312309905455], [-69.6137168158163, 44.0306261986007], [-69.6137114425104, 44.0304461576679], [-69.6139681385753, 44.0300396226132], [-69.6140472047092, 44.029841123704], [-69.6140725478748, 44.0296519160321], [-69.6140086862521, 44.029283117943], [-69.6140222364837, 44.0288958960012], [-69.6136322541826, 44.0285918703478], [-69.6135652389524, 44.0284841933775], [-69.6135916249454, 44.0281689309897], [-69.6134985030267, 44.0278363034502], [-69.6135233280284, 44.0277101218605], [-69.6136225943216, 44.027655567182], [-69.6140367890122, 44.0269060564953], [-69.6140366552555, 44.0264018621682], [-69.6140693133943, 44.0262036125204], [-69.6139433830833, 44.0259792011787], [-69.6139005820442, 44.0257993639209], [-69.6139202994531, 44.0255561647626], [-69.6138444663203, 44.0249713468635], [-69.6136100497664, 44.024360371179], [-69.6133488993166, 44.0239926317544], [-69.6131774323609, 44.0238134820991], [-69.612612436913, 44.0234743824761], [-69.6122344883722, 44.0233503617515], [-69.6119798107886, 44.023117635391], [-69.6119286050397, 44.0229918612588], [-69.6119455608497, 44.0228207047663], [-69.6118960692148, 44.0225958816023], [-69.6119133942031, 44.0224607378561], [-69.6118842314283, 44.0223168378166], [-69.6117573670657, 44.0222274825797], [-69.6115144093206, 44.0221477529704], [-69.6113552148335, 44.0221756161712], [-69.6110641965153, 44.022276212815], [-69.6108332533687, 44.0224935289043], [-69.6107463941546, 44.0226920675008], [-69.6104720228986, 44.0228195831119], [-69.6103200526812, 44.022829399354], [-69.6102574199797, 44.0229197666725], [-69.6101645828292, 44.0229922901494], [-69.6099817714374, 44.0230742991946], [-69.6098372978581, 44.0230930773276], [-69.609799310667, 44.023039259338], [-69.6098385285196, 44.0229850292783], [-69.6100604688526, 44.0228397909432], [-69.6102001365832, 44.0226949861928], [-69.6102555097591, 44.0225056160434], [-69.6102110108804, 44.0224248261936], [-69.6102059125796, 44.0223078066709], [-69.6104724408772, 44.022252362158], [-69.6105481024756, 44.0222159440368], [-69.6106366554191, 44.0219543705136], [-69.6107217170144, 44.0218458761701], [-69.6107615477396, 44.0217376217551], [-69.6107245656312, 44.0216297770344], [-69.6100736274524, 44.0209669986184], [-69.6099401290934, 44.0207246179393], [-69.6100313646899, 44.0207241308516], [-69.6103325565961, 44.0208935880771], [-69.6105579952454, 44.021090460618], [-69.6106460053509, 44.0212700576663], [-69.6107674320231, 44.0213234293844], [-69.6108516894547, 44.0212509530693], [-69.6115563300358, 44.020878041777], [-69.6118152569268, 44.0208046278872], [-69.6118776998435, 44.020696251078], [-69.6120556787308, 44.0205242329532], [-69.6123996362684, 44.0203783336166], [-69.6124143501932, 44.020936469288], [-69.6125098731798, 44.0211250289934], [-69.6126751834545, 44.0213132153114], [-69.6127775001422, 44.0215557618043], [-69.6128813222686, 44.0217172653914], [-69.6129268621739, 44.0222392216748], [-69.613418729782, 44.0224076494666], [-69.6135248769843, 44.0224160820862], [-69.6137686013091, 44.0223427445202], [-69.6153886762649, 44.0222620024747], [-69.6154642797223, 44.0223336229029], [-69.6155703301686, 44.0223330515861], [-69.6158143349327, 44.0222867203184], [-69.6159462964921, 44.0221149441984], [-69.6161260058395, 44.0217718429429], [-69.6162478751123, 44.0217171640423], [-69.6164482555425, 44.0215630251988], [-69.6165428382365, 44.0212834076278], [-69.616568873867, 44.0210491762912], [-69.6164615379203, 44.0206626067016], [-69.6163789510053, 44.0205189987055], [-69.6162632138133, 44.0201864949804], [-69.6162875636132, 44.0200152960833], [-69.6166205054642, 44.0196353552522], [-69.6167619781236, 44.0193284748538], [-69.6169092651741, 44.0190935887699], [-69.6170487219899, 44.0189307733778], [-69.6171900973984, 44.018614888575], [-69.617557861844, 44.0183608053053], [-69.6177192045732, 44.0182789010521], [-69.6180693465099, 44.0182049788746], [-69.6182673098432, 44.0181949061512], [-69.6183529560154, 44.0180323821155], [-69.6184610758665, 44.0179687708691], [-69.6186118619744, 44.0179589502062], [-69.6187338283451, 44.0179898010052], [-69.6187723032069, 44.0180526186929], [-69.6187428134006, 44.0181788241897], [-69.6186156233528, 44.0183955969343], [-69.6182674326808, 44.0185820544161], [-69.6182300680399, 44.0186632868677], [-69.6182164224162, 44.0188884463741], [-69.6182323299014, 44.0189558862703], [-69.6185158943222, 44.0192289589648], [-69.6186457864805, 44.0193092859852], [-69.6187599605263, 44.0193401789398], [-69.6188287508817, 44.0193938280511], [-69.6188064495618, 44.0194614739003], [-69.6186776187009, 44.0195206949759], [-69.6184037949654, 44.0194726592266], [-69.618274184676, 44.0194193389931], [-69.6182361621741, 44.0194375516628], [-69.6182364428236, 44.0194645596294], [-69.6184076792207, 44.0199588242181], [-69.6184015978006, 44.0201614341026], [-69.6184328524464, 44.0202422978805], [-69.6188453864799, 44.0205056662824], [-69.6194582269196, 44.0204213123461], [-69.6198301644444, 44.0204553090473], [-69.6200334539246, 44.0205442415309], [-69.6203973782782, 44.0206323006288], [-69.6205696534794, 44.0207754213137], [-69.6210855566269, 44.0208176344537], [-69.6213352349032, 44.0209423253745], [-69.6216340647793, 44.0212558209732], [-69.6219195741283, 44.0214883580549], [-69.6221177461074, 44.0214602679076], [-69.6222782105381, 44.0214053724171], [-69.6223472474783, 44.0213329687256], [-69.6224644937779, 44.0210982445985], [-69.6225877144606, 44.0210615539854], [-69.6227842993424, 44.0211055017018], [-69.6231459365543, 44.0213466223966], [-69.6233650315948, 44.0214174558137], [-69.6237210830635, 44.0214605308688], [-69.6243611380217, 44.0213309865856], [-69.6244911161084, 44.021343780518], [-69.6246370059049, 44.0214240105506], [-69.6247204431961, 44.0214235543654], [-69.625372970893, 44.0212939407167], [-69.6257740146338, 44.0211656964888], [-69.6260900936904, 44.020929875861], [-69.6266268461271, 44.0206928424906], [-69.626890996588, 44.0205248285647], [-69.6269337920314, 44.0203310166625], [-69.6268314199824, 44.020088487624], [-69.6267148483847, 44.0199045570651], [-69.6267142793612, 44.0198505394225], [-69.6268178528714, 44.0196518942147], [-69.6270269112333, 44.0193626381478], [-69.6271000710641, 44.0191641595725], [-69.6270215576734, 44.019002527259], [-69.6270044907014, 44.0188630672571], [-69.6270869279788, 44.0187680748775], [-69.6272369770061, 44.0186141959798], [-69.62820169291, 44.0179966603469], [-69.6284812665552, 44.0178510665304], [-69.6285024924858, 44.0177564152029], [-69.6284480349427, 44.0176576748489], [-69.6286728558847, 44.0174223497612], [-69.6294926570489, 44.0167830908276], [-69.6301249750998, 44.0163339328667], [-69.6310080651777, 44.0158563771946], [-69.6314854705589, 44.0157276901629], [-69.6318635651007, 44.0155725417914], [-69.6322723532696, 44.015444233618], [-69.6335000055767, 44.0151448189086], [-69.6337582384216, 44.0151208799566], [-69.6341070777078, 44.01503791236], [-69.6343254920249, 44.0150096904728], [-69.6366944350363, 44.0164370668524], [-69.6378261265553, 44.017115018169], [-69.6377332839689, 44.0171830597013], [-69.6374250284517, 44.0173423431796], [-69.6370503565692, 44.0174164605505], [-69.6367164417195, 44.0174003149327], [-69.6363561785214, 44.0172177519066], [-69.6359514798337, 44.0169994212184], [-69.6354557050846, 44.0167590842981], [-69.6351243389754, 44.0166528869979], [-69.6349050987198, 44.0166045846418], [-69.6346236136873, 44.0166061484749], [-69.6342423754096, 44.0166487818904], [-69.6338679504327, 44.0167093831654], [-69.6333470694409, 44.016856327166], [-69.6328563459215, 44.0170166069493], [-69.6325336146949, 44.017135440928], [-69.6321409840632, 44.0173176813956], [-69.6316382837536, 44.0176355828195], [-69.6310418389659, 44.0180485352769], [-69.6303805895747, 44.0186013976281], [-69.6298524020069, 44.0190184689294], [-69.6297351668477, 44.0191406609808], [-69.6289180288164, 44.02010853215], [-69.6282059591546, 44.0211703577926], [-69.627786564871, 44.0217758928574], [-69.6274814326632, 44.0220881901114], [-69.6270748454814, 44.0225045804531], [-69.6267927618673, 44.0228212492568], [-69.6265665508303, 44.0230385738483], [-69.6262619486129, 44.0233283535365], [-69.6259582819453, 44.0235956195368], [-69.6257231307378, 44.0238535051556], [-69.6255476775685, 44.0241515798907], [-69.6252470141836, 44.0245943957655], [-69.6250064894767, 44.0250458835085], [-69.6248277662911, 44.0254790285491], [-69.6246162646676, 44.0259843773883], [-69.6244912288858, 44.0263316937373], [-69.6243848500434, 44.0265618631199], [-69.6242821309522, 44.026769503773], [-69.6241934963262, 44.0271301269244], [-69.6239870456042, 44.0276714615591], [-69.6237803587049, 44.0283028315379], [-69.6236433167568, 44.0288077717928], [-69.6236091849375, 44.0291230787237], [-69.623593415352, 44.0296273577689], [-69.6235250946817, 44.030140927915], [-69.6234802775594, 44.0306273575866], [-69.623355252907, 44.031312301479], [-69.6232186064905, 44.0323394384295], [-69.6230819638566, 44.0333305639565], [-69.6229456289617, 44.0342766684811], [-69.6228384613964, 44.0348804812788], [-69.6228105656762, 44.0351957536462], [-69.62264248855, 44.035718869051], [-69.6224071428175, 44.0362243455649], [-69.6221334542905, 44.0367930507825], [-69.6219363313304, 44.0372623043631], [-69.6218204640265, 44.0378931753547], [-69.6215936432425, 44.0387677425098], [-69.6213536780836, 44.0395793547581], [-69.6210436623663, 44.0404813841748], [-69.6207418406727, 44.0413473543848], [-69.6205278918891, 44.0418887222014], [-69.6200390882827, 44.0431158418297], [-69.6198978079805, 44.043332686146], [-69.6195554136456, 44.0439017626652], [-69.6192429543491, 44.044461668838], [-69.6189228001923, 44.0449946064235], [-69.6187037982566, 44.0454279559131], [-69.618498634299, 44.0458792368821], [-69.61829432496, 44.0463755317231], [-69.6180941314094, 44.0470428679483], [-69.6178179986127, 44.0476475913903], [-69.617504379137, 44.0483245422496], [-69.6172937661143, 44.0487038229575], [-69.6170789728562, 44.0488310310904], [-69.616781128543, 44.0488866607664], [-69.6166680372667, 44.0488152429981], [-69.6165248165957, 44.0487349860893], [-69.6163599796697, 44.0486008251179], [-69.6161065665513, 44.0483140817046], [-69.6158654783944, 44.0481623243362], [-69.6155171016114, 44.0480471554756], [-69.6149708571349, 44.0479600646136], [-69.6145769219569, 44.0478901569822], [-69.6141816147313, 44.0478382622022], [-69.6139300958174, 44.0478846292958], [-69.6137003789216, 44.0480029096703], [-69.6134095211706, 44.048130520374], [-69.6130872130666, 44.0483483305738], [-69.6128409649429, 44.048565734602], [-69.6127075398891, 44.0487915356191], [-69.6125967957061, 44.0490982438056], [-69.6125757281326, 44.0494765020153], [-69.6125199007934, 44.0501160419699], [-69.6123550954701, 44.050477063753], [-69.6122052239674, 44.0508109932162], [-69.612033895239, 44.0511450374101], [-69.6117216631273, 44.0516238886257], [-69.6114158873048, 44.052237757366], [-69.6112901200167, 44.0525265403824], [-69.6111864533381, 44.0528782279913], [-69.6110662159534, 44.0532119972948], [-69.6110829591806, 44.0536260645629], [-69.6111766855284, 44.0539766961536], [-69.6112686990716, 44.0544263733929], [-69.6114046291454, 44.0550108684172], [-69.611534895299, 44.0554243270246], [-69.6116330055119, 44.05597301048], [-69.6116200454557, 44.0563062058385], [-69.6115029688067, 44.0565679312513], [-69.6112238736069, 44.056857534531], [-69.6109858887934, 44.0570478789373], [-69.6106249927572, 44.0572748925307], [-69.6102418026757, 44.0574209952313], [-69.6098140444728, 44.057558329331], [-69.6091119782933, 44.0577691527079], [-69.6085062515763, 44.0580154714045], [-69.6082225159127, 44.0581970511818], [-69.6080691962734, 44.0583509242149], [-69.6080355580728, 44.0584951585638], [-69.6080878646592, 44.0586119234957], [-69.6081224793175, 44.0587918081786], [-69.6082017994483, 44.0589939615701], [-69.6084171735625, 44.0592989313576], [-69.6087095936721, 44.0596980250538], [-69.6089254101665, 44.0600840211766], [-69.6090726767523, 44.0604433712312], [-69.6091361280209, 44.0607716587806], [-69.6091237563932, 44.0610868436521], [-69.6090574443945, 44.0613933117711], [-69.6088482528377, 44.061844595678], [-69.6085621686487, 44.0622557752883], [-69.6082233406101, 44.0626987468354], [-69.6076588156542, 44.0632779670828], [-69.6072572701096, 44.0636942572664], [-69.6068017878155, 44.0641018308982], [-69.6064296566079, 44.0645719822413], [-69.6060114547464, 44.0650783929814], [-69.6057084230086, 44.065476150935], [-69.6053968685679, 44.0659189665681], [-69.6049715130527, 44.0664524178617], [-69.6046769792083, 44.0668051092484], [-69.6043386093541, 44.0670679978588], [-69.6038926968582, 44.067385471572], [-69.6033930951101, 44.0677572528181], [-69.6027763467085, 44.0682376888147], [-69.6024599700854, 44.0685544760801], [-69.6018969399313, 44.0690616323445], [-69.6016486555151, 44.0693600518041], [-69.6013936170578, 44.0696855182153], [-69.6011290693481, 44.0700740559587], [-69.6005417703348, 44.0706533610718], [-69.6000001423113, 44.0711964088441], [-69.5996456440575, 44.0715674095486], [-69.5993356559448, 44.0719021612221], [-69.59916401217, 44.0722181798331], [-69.5990845688852, 44.0723896597584], [-69.5991117234692, 44.072605599385], [-69.5992058275214, 44.072920224158], [-69.5993663759617, 44.0733605457803], [-69.5995505452739, 44.0737827382335], [-69.5996831297086, 44.074043140341], [-69.5999510811037, 44.0743748585328], [-69.600237427618, 44.0746344524219], [-69.6006351530526, 44.0749474803453], [-69.6010782151145, 44.0753052861307], [-69.6013470255366, 44.0756820124251], [-69.6014695821526, 44.0760685105895], [-69.6015394576494, 44.0764552904846], [-69.6015350519822, 44.0767524250029], [-69.601497256929, 44.0772207984773], [-69.6013364251064, 44.0778338744045], [-69.6013229655952, 44.0782390969486], [-69.601349767728, 44.0784190241926], [-69.6014282561936, 44.0787697424812], [-69.6015383142983, 44.079039263253], [-69.6017773493442, 44.0793261131618], [-69.6020028048754, 44.0795049936851], [-69.6024385848492, 44.0798718347342], [-69.6029099324787, 44.0803195158118], [-69.6033761438348, 44.080722207], [-69.6036234147072, 44.080972993294], [-69.6037567495545, 44.081188370441], [-69.6039927447334, 44.0816733039044], [-69.6040791984999, 44.0819609563027], [-69.6042715568759, 44.0823380794708], [-69.604577175318, 44.0827596207156], [-69.6047995027839, 44.0831275818835], [-69.6049512491937, 44.0833757196575], [-69.6048048069167, 44.0832265898965], [-69.6046963030883, 44.083150637457], [-69.6046383310829, 44.0831689510044], [-69.6046481977383, 44.0832949440655], [-69.6047739695883, 44.0834563415875], [-69.6048919541667, 44.083658291725], [-69.6050431619804, 44.0838645656723], [-69.6051862618634, 44.0840798893235], [-69.6053214002189, 44.0843177642732], [-69.6054063492159, 44.0845333957179], [-69.6054825978288, 44.0846995520176], [-69.6056323829056, 44.0847662833027], [-69.6056900805724, 44.0847209615289], [-69.6057034503864, 44.0846963429851], [-69.6059686796036, 44.0852461807461], [-69.6061213615027, 44.0857495589377], [-69.6062208998526, 44.0862082020925], [-69.6063191082039, 44.086765889112], [-69.606318998253, 44.0872520700645], [-69.6062683747676, 44.0875314427587], [-69.6062255111656, 44.0878828010859], [-69.6061140647034, 44.0882075122818], [-69.605970469769, 44.088595418253], [-69.605744606523, 44.0889927653925], [-69.6055886998052, 44.0892456840096], [-69.605278835289, 44.0895984577538], [-69.6051145022459, 44.0899054431562], [-69.6050406991505, 44.0902479605126], [-69.6049456793808, 44.0905005584336], [-69.6048059365506, 44.0906543543669], [-69.6045661194785, 44.0908717049929], [-69.6040671272622, 44.0912074684128], [-69.6034370155157, 44.0916249515136], [-69.6030682574147, 44.0918699890852], [-69.602475420933, 44.092269263373], [-69.6016395127839, 44.0927598510473], [-69.601094065125, 44.093059832623], [-69.6000967846135, 44.0935782643128], [-69.599628797089, 44.0938958386524], [-69.5994126326702, 44.0940230198429], [-69.5990584455559, 44.0943219880057], [-69.5988643066942, 44.0946201162201], [-69.5985076549276, 44.0950631526836], [-69.5981726242394, 44.0955600894616], [-69.5976995739874, 44.0960757540568], [-69.5969881559846, 44.0968807730227], [-69.5961772202831, 44.0976142773859], [-69.5950879344004, 44.0987408722822], [-69.5951035352114, 44.0987002750931], [-69.5951153014717, 44.0983940993628], [-69.5952628672058, 44.0981592455561], [-69.5956349660655, 44.0977341482944], [-69.5969304823085, 44.0966199774568], [-69.5974870239197, 44.0960588591619], [-69.5980765731107, 44.0953265062791], [-69.5983943962954, 44.0948656687708], [-69.5989018463021, 44.0940076919215], [-69.600015386146, 44.0933265999214], [-69.6014802792157, 44.0925716173667], [-69.6021248344158, 44.0921900823933], [-69.6026403779606, 44.0917912176562], [-69.6032941300232, 44.0913556020238], [-69.6037476651138, 44.091002078217], [-69.6040940496378, 44.090784168577], [-69.6043242180207, 44.0906929168944], [-69.60447710149, 44.0906020745844], [-69.604585231197, 44.0904484463497], [-69.6046631016272, 44.0898538130075], [-69.604771596441, 44.0897361933544], [-69.6049172394195, 44.0896633972752], [-69.6050248370829, 44.0895727939878], [-69.6050611880973, 44.0891944588415], [-69.6052068068775, 44.0891576741286], [-69.6054448250144, 44.0889943544535], [-69.605578388726, 44.0887325493], [-69.6056121160033, 44.0884802756977], [-69.6055767099803, 44.0883003953806], [-69.6055859921269, 44.0881382857898], [-69.605627500972, 44.0879219870324], [-69.6056909414138, 44.0877505869602], [-69.6057684771612, 44.0876601423152], [-69.6058486552765, 44.0874076222935], [-69.6058522355384, 44.0871465059706], [-69.6057968544168, 44.0867686595504], [-69.6050052034647, 44.0843149365642], [-69.6047961867528, 44.0840279347666], [-69.6040386556888, 44.0827714716427], [-69.6036969723569, 44.0817198857993], [-69.6035129512613, 44.0812796922179], [-69.6029718948955, 44.0808864000318], [-69.6024842380005, 44.0804478095308], [-69.6021235737037, 44.0800985795726], [-69.6018770266607, 44.079802767535], [-69.6016827025884, 44.079614720357], [-69.6014940936862, 44.0794896663355], [-69.6012468342305, 44.0792388726013], [-69.6009973789041, 44.0786549669841], [-69.6009464111256, 44.0784391532958], [-69.6009577893193, 44.0782140100784], [-69.6011468667243, 44.0772676613375], [-69.6012336910929, 44.0765919469889], [-69.6012098551849, 44.0760878870901], [-69.6010699313835, 44.0758365297392], [-69.5999431388073, 44.0748250708708], [-69.5993603487191, 44.0741168611513], [-69.5991601901025, 44.0738117979846], [-69.5988048047129, 44.0731294035267], [-69.5986595449387, 44.0727340178832], [-69.5986330212138, 44.0724640536676], [-69.5986807017219, 44.0722387202211], [-69.5987837627128, 44.0720491091317], [-69.5993799713517, 44.0713437191006], [-69.6002669487292, 44.0705287597548], [-69.6006462577445, 44.0701036045218], [-69.6010627182913, 44.0696872595389], [-69.602285746879, 44.068267287201], [-69.6036851185703, 44.067233514592], [-69.6046096909347, 44.0664813442606], [-69.6052517201233, 44.0657666761685], [-69.6064234528449, 44.0641938735966], [-69.6078431847575, 44.0627637919627], [-69.6082932743645, 44.062212191177], [-69.6085506717343, 44.0617426420635], [-69.6086214864838, 44.0615712012189], [-69.6086172098965, 44.0613821526708], [-69.6085535290473, 44.0610313620983], [-69.6084284374575, 44.0607799295947], [-69.6082694821647, 44.0607267555953], [-69.6082087534463, 44.0606640560134], [-69.6082271083193, 44.0604748896415], [-69.6080914708926, 44.0604125842536], [-69.6081785303869, 44.0601510222942], [-69.607890310245, 44.0596663735284], [-69.6077649481383, 44.0593879350773], [-69.6077062150158, 44.0592531973962], [-69.6077310647093, 44.0591270167124], [-69.6076180603954, 44.0590645921533], [-69.6075725502366, 44.0590018121769], [-69.6076367540761, 44.0587943925133], [-69.6074903961515, 44.0584845543762], [-69.6074897283168, 44.0583810188102], [-69.6076251032328, 44.0582272392915], [-69.6079557354769, 44.0576717720633], [-69.6080688447657, 44.0575541267916], [-69.6086903838874, 44.0572897184469], [-69.6100000632201, 44.0568280615403], [-69.6104680591335, 44.0565824681868], [-69.6106218281242, 44.0564736074119], [-69.6106760035757, 44.0563922854146], [-69.6107007545887, 44.0562571056494], [-69.6105543810116, 44.0558707388425], [-69.6104135778107, 44.0556464060658], [-69.6102760562106, 44.0551339456772], [-69.6102366927481, 44.0547200001186], [-69.6104388973814, 44.0539716379892], [-69.6103348800689, 44.0537200973625], [-69.6102713396359, 44.0534593379219], [-69.6101229604001, 44.052154636821], [-69.6100814636638, 44.0513805650018], [-69.609961398677, 44.0512371532628], [-69.6099707528131, 44.0510840435062], [-69.6097668664298, 44.0510221061482], [-69.6095149410892, 44.0510684692728], [-69.6085262999863, 44.0511727758792], [-69.6079692763301, 44.0512927847988], [-69.6073506877268, 44.0514581371532], [-69.606983108886, 44.0516401588194], [-69.6066595897532, 44.0518579599038], [-69.606374864619, 44.0520935591997], [-69.6062281696583, 44.0522834084061], [-69.6061953325823, 44.0523916244709], [-69.6062378987673, 44.0526254881974], [-69.6062502265172, 44.0533366912799], [-69.6061471472883, 44.0536343498069], [-69.6057011162967, 44.0544650297752], [-69.6054885472436, 44.0550063609501], [-69.6049231176609, 44.0561437843801], [-69.6043632470359, 44.0569480503521], [-69.6041673449021, 44.0573272303188], [-69.604148221714, 44.0576334435481], [-69.6042510269042, 44.0579210123658], [-69.6042492999828, 44.0580200580251], [-69.6040837107609, 44.0584260876619], [-69.6040740316321, 44.0590473744217], [-69.6038931306199, 44.059444479467], [-69.603708056685, 44.0596615400573], [-69.6034839915798, 44.059842790003], [-69.6032159530174, 44.0599972650852], [-69.6027801741278, 44.0601166083485], [-69.6025752562837, 44.0601086849994], [-69.6024012728528, 44.0600735906848], [-69.6021666862304, 44.0599487824413], [-69.601942022542, 44.0597248786347], [-69.6013829721225, 44.0589985454491], [-69.6012773842541, 44.0589360782769], [-69.6010872049625, 44.058919072188], [-69.6006533408238, 44.0589573684774], [-69.6004611952802, 44.0590934285998], [-69.6002832515323, 44.0592834341833], [-69.5999477216239, 44.0598254006005], [-69.5998011912384, 44.059997236352], [-69.598858328895, 44.0604793607135], [-69.5985523658551, 44.0605890048279], [-69.5983602102521, 44.0607250641355], [-69.5982578943534, 44.0614908887589], [-69.5982538264423, 44.0617069897886], [-69.598138109912, 44.0618786619987], [-69.5977150739962, 44.0621419744388], [-69.5972879385286, 44.0622702557945], [-69.596699970386, 44.0623903713536], [-69.5965395524992, 44.0624632371275], [-69.5964703500586, 44.062526621305], [-69.5964159650573, 44.0625899298909], [-69.5964296266688, 44.0627069018145], [-69.5963927258313, 44.0631122481246], [-69.5960624861778, 44.0637982294777], [-69.5958696696054, 44.0644924956457], [-69.5959105612868, 44.0648344121801], [-69.5962374324872, 44.0653278915508], [-69.596268179483, 44.0657869022263], [-69.5961123837382, 44.0660488135352], [-69.5959896894609, 44.066148492732], [-69.5954396763652, 44.0663224267791], [-69.5952556282485, 44.0664134197356], [-69.5949915919858, 44.0667389162079], [-69.5949820205274, 44.0668740132887], [-69.5950567312591, 44.0670086795268], [-69.5951983431073, 44.0671609985786], [-69.5952421369998, 44.0672868187592], [-69.5950935368328, 44.0675666979002], [-69.5945847520245, 44.0680015085761], [-69.5944838708426, 44.0681370834487], [-69.5944348273293, 44.0683444165274], [-69.5945005051086, 44.0685511544826], [-69.5945123348155, 44.0687581708091], [-69.59440229292, 44.068992829604], [-69.5942255897526, 44.0691558106334], [-69.5941170809706, 44.0691923884894], [-69.5937228793481, 44.0691854379357], [-69.5929950494086, 44.0690631669367], [-69.5925977248087, 44.0691732700212], [-69.5925568992221, 44.0693445451924], [-69.5928167427708, 44.0697303436705], [-69.5929060366927, 44.0699189504831], [-69.5928471085179, 44.0702703855566], [-69.5923979846382, 44.0708219251858], [-69.5923182514838, 44.0710834366835], [-69.5920700306656, 44.0713548211642], [-69.5918943992712, 44.0713917492251], [-69.5917043619784, 44.0713927335958], [-69.591416346312, 44.0713131935403], [-69.5910012185849, 44.071126270676], [-69.5903431389896, 44.0708775800392], [-69.5900689626566, 44.070933014012], [-69.5892960961479, 44.0711890968626], [-69.589287197274, 44.0713151901166], [-69.5894067188641, 44.0714046100985], [-69.5901104270199, 44.0716890848664], [-69.590835445357, 44.0720364696493], [-69.591242356188, 44.0722594491302], [-69.5913763444097, 44.0724298189927], [-69.59137508012, 44.0725378661017], [-69.5911762660923, 44.0726379322073], [-69.5908480499539, 44.0726756435891], [-69.5902106520729, 44.0726249169713], [-69.5896795863376, 44.0724746026462], [-69.589113080145, 44.0722524415505], [-69.588861259355, 44.0722807480966], [-69.5887008088949, 44.0723536029193], [-69.5886979911061, 44.0729748515775], [-69.5887424969546, 44.0730556517588], [-69.5888867322318, 44.0731179311611], [-69.5890541464668, 44.0731170681194], [-69.5892751414661, 44.0730889192479], [-69.5898179072435, 44.0729240567496], [-69.5900010503157, 44.0728961027798], [-69.5901589415946, 44.0729583100548], [-69.5901811184191, 44.073030222535], [-69.5901235272861, 44.0732826155445], [-69.5898047621037, 44.0737614388717], [-69.5895928919236, 44.0741586828821], [-69.589594183383, 44.0745638282077], [-69.5896669294934, 44.0748155455278], [-69.5901704959611, 44.0757312915573], [-69.5904610319039, 44.0761799582327], [-69.5908887986723, 44.0770060579594], [-69.590968126038, 44.0773297672862], [-69.5909867573563, 44.0775547552281], [-69.5910985721995, 44.0777702586133], [-69.5912777564728, 44.0779313930092], [-69.591449943485, 44.0781735918865], [-69.5914315662208, 44.0783267443348], [-69.5913607682021, 44.0785071782352], [-69.5911603110138, 44.0786792796877], [-69.5909694348818, 44.0787162806663], [-69.5900421242226, 44.0786400441241], [-69.589865259256, 44.0788300272973], [-69.5898169129556, 44.0789923411675], [-69.5898362647003, 44.0791723041627], [-69.5898886424608, 44.0792980818172], [-69.5899327994441, 44.0793428715666], [-69.5900394032669, 44.0793873370073], [-69.5905624891317, 44.0794746662187], [-69.5906765095752, 44.0795190945268], [-69.5911084855011, 44.0801380946097], [-69.5912114505695, 44.0803266343691], [-69.5912080821432, 44.0804977121906], [-69.591137129109, 44.0807411702603], [-69.5909745509413, 44.0808770636572], [-69.5902995725714, 44.0812947071125], [-69.5898026917224, 44.0814503323506], [-69.5896353459198, 44.0814601986095], [-69.5895436665732, 44.0814246582631], [-69.589440522339, 44.0812181130268], [-69.5895151576965, 44.0807945696807], [-69.5894940034436, 44.0806686307867], [-69.5893969754545, 44.0806061087118], [-69.5892905511147, 44.0805796466909], [-69.5890990347116, 44.0806706680438], [-69.5887072231336, 44.0809517920599], [-69.5882923237685, 44.0811880176723], [-69.5876720085407, 44.0814523077727], [-69.5872648739531, 44.0817245031598], [-69.5872330133629, 44.0817786844222], [-69.5873300967207, 44.0818862266682], [-69.5877033382837, 44.0818572980954], [-69.5881627588304, 44.0817018748517], [-69.5883975035334, 44.081718675554], [-69.5887008721608, 44.0818071446146], [-69.5888289113037, 44.0818875159743], [-69.5888171149552, 44.0821936903008], [-69.5887078455708, 44.0823923283392], [-69.5885530644974, 44.082528175376], [-69.5880629523088, 44.0827377765368], [-69.5878337812625, 44.0828109828199], [-69.5877718656856, 44.0828653215592], [-69.5882923159369, 44.0831957672905], [-69.5883130224647, 44.083276690039], [-69.5881748094007, 44.0834304633555], [-69.5880644544889, 44.0836381060877], [-69.5877769406508, 44.0840087235087], [-69.5875639863388, 44.0845770289172], [-69.5874071077646, 44.084856939822], [-69.5873069068466, 44.0849474894736], [-69.5871152868051, 44.08502950551], [-69.5867822376302, 44.084941182937], [-69.586652443037, 44.0849598562151], [-69.5865058816991, 44.0850596447699], [-69.5863721527909, 44.085312426207], [-69.5864089711063, 44.0854833001813], [-69.5862985173689, 44.0856819418857], [-69.5859278971067, 44.0860979968815], [-69.5855114106453, 44.0864152496695], [-69.5853225274711, 44.0863802040884], [-69.5851629590339, 44.086308994616], [-69.5850613658514, 44.0860214065188], [-69.5850869481921, 44.0858051957764], [-69.5850632280403, 44.0854181727613], [-69.5849447793626, 44.0852026977179], [-69.5848314865043, 44.0851132441066], [-69.584618425763, 44.0851593522624], [-69.5844939490542, 44.0853220505486], [-69.5844063596132, 44.085583596077], [-69.5842493536699, 44.086367690483], [-69.5840998387493, 44.0866835725436], [-69.5838761424219, 44.0869188042048], [-69.5837540568004, 44.086928430529], [-69.5836019903488, 44.0868661848096], [-69.5833821486816, 44.086858303336], [-69.5831348188599, 44.0871116609325], [-69.5829969579432, 44.087184391371], [-69.5826161752205, 44.0872043405528], [-69.5823062244062, 44.087043859407], [-69.5821637778523, 44.0869275425928], [-69.5819150761068, 44.0868027625935], [-69.5816346320958, 44.0867051492278], [-69.5812477191768, 44.0866170892544], [-69.5809979471405, 44.0865823462854], [-69.5806319973852, 44.0866022134218], [-69.5803561027918, 44.0867296604646], [-69.5802717121415, 44.0868021159897], [-69.5802860795785, 44.0868740707843], [-69.580905563209, 44.0871140124079], [-69.5815642049653, 44.0878039219039], [-69.5819326849817, 44.0880811496668], [-69.5820694408618, 44.0881344731438], [-69.5821988906391, 44.0880797934114], [-69.5824818329561, 44.0880333326234], [-69.5826616278307, 44.0879378823708], [-69.5830354607348, 44.0880440154976], [-69.5833714820916, 44.0881953572594], [-69.5835016190842, 44.088329742122], [-69.5835248351685, 44.0883881462614], [-69.5834723307472, 44.0884874504318], [-69.5832836612637, 44.0886729835171], [-69.583063213694, 44.0887236272389], [-69.5827350049136, 44.0886127589363], [-69.5824653261518, 44.0886186358264], [-69.582181439094, 44.0887281239723], [-69.5814217405723, 44.0892001662704], [-69.5808636667967, 44.0893740678575], [-69.5806642635834, 44.0895011293616], [-69.580593154318, 44.0896545468741], [-69.580589844376, 44.0898346289733], [-69.5806569959861, 44.0899153196833], [-69.5809363700534, 44.0900219396821], [-69.5811740270524, 44.0904528919271], [-69.5812139464305, 44.0908218263051], [-69.581123412289, 44.0912634510887], [-69.5809420852548, 44.0916425158246], [-69.5809466294578, 44.0918675764873], [-69.5807830168232, 44.0921024936493], [-69.5795406944937, 44.0932882419814], [-69.579378362365, 44.093415113104], [-69.5792464861161, 44.0936228579142], [-69.5791611291588, 44.0936773107394], [-69.5790685820708, 44.0937948224781], [-69.5790740597458, 44.0938758266434], [-69.5791421207991, 44.0939294999329], [-69.5791614161488, 44.0942265143792], [-69.579257507043, 44.0943520722743], [-69.5792712307396, 44.0944780504458], [-69.579187602236, 44.0944694719935], [-69.5789945892628, 44.0941733398827], [-69.5789902266123, 44.0939662832042], [-69.5789529575602, 44.0938674361506], [-69.5788632871752, 44.0937598494518], [-69.5789182723794, 44.0936335239716], [-69.5791738838632, 44.0933441221992], [-69.5796140018997, 44.0929997620339], [-69.579930281868, 44.0926470281866], [-69.5806384577529, 44.0921302393831], [-69.580731905304, 44.0919857108119], [-69.5807498772784, 44.0917875448435], [-69.5807252752074, 44.0914275367585], [-69.5808490413289, 44.0913098649144], [-69.5809982833929, 44.0910029911916], [-69.5809743218222, 44.0905889597389], [-69.5809160831618, 44.0903821787666], [-69.5808118358548, 44.090220647531], [-69.5804311865055, 44.0898174311327], [-69.5804267325333, 44.0896013723639], [-69.5804730818246, 44.0895111033377], [-69.5808645978072, 44.0892300094497], [-69.5814545436896, 44.0890019246176], [-69.5820390794749, 44.08862080815], [-69.5823142868067, 44.0885023630412], [-69.5825283562587, 44.0884382464492], [-69.582924244978, 44.0884452296549], [-69.5831903603955, 44.088394353992], [-69.5832352316823, 44.0883130956291], [-69.5831892020221, 44.088236801174], [-69.5830972001591, 44.0881697455978], [-69.582914639622, 44.0881031520307], [-69.5821969326126, 44.0882778754279], [-69.5819842343021, 44.0882429456975], [-69.5817799838585, 44.0881539542148], [-69.5812368045408, 44.0878145895814], [-69.580900412329, 44.0874651695518], [-69.5807514856528, 44.0872048302078], [-69.5806008935785, 44.0871335678424], [-69.5801090207045, 44.0870100167354], [-69.5800333740085, 44.0869383784515], [-69.5800190948376, 44.0868754265361], [-69.5801813236014, 44.0867395524321], [-69.5804269025964, 44.0865852488541], [-69.5806410914904, 44.0864941268957], [-69.5808168640207, 44.0864662215563], [-69.5813561653683, 44.0864904904475], [-69.5818192798385, 44.0865871689774], [-69.5821515101412, 44.0867115236004], [-69.582777313172, 44.0870774707922], [-69.5828997889547, 44.0870678417206], [-69.5830453281361, 44.0870220831882], [-69.5831531328125, 44.0869495061088], [-69.5832700215992, 44.0867688440501], [-69.5834000256971, 44.0866511348042], [-69.5835150812133, 44.0866415447641], [-69.5836289294676, 44.0866679724093], [-69.5837410569128, 44.0867574331433], [-69.5838865971561, 44.086711671731], [-69.5839953402426, 44.0865760664471], [-69.5840967379498, 44.0863684708381], [-69.5841970589444, 44.0857737361711], [-69.5843280507615, 44.0852418671174], [-69.5845597226676, 44.0850246031214], [-69.5846965799576, 44.0849698826311], [-69.5848422899804, 44.0849421249422], [-69.585000757343, 44.0849413136294], [-69.5851226792505, 44.084994710338], [-69.5851894379864, 44.0850753977625], [-69.5852776535487, 44.0852730207196], [-69.5853501828848, 44.0855427508537], [-69.5853131050536, 44.0859390895554], [-69.5853490858634, 44.0860649504469], [-69.5854095492237, 44.0861006540849], [-69.5856008078987, 44.0860996739106], [-69.5857621141509, 44.0859908066757], [-69.5860933303514, 44.0856559837006], [-69.5861572707215, 44.0855296077254], [-69.5861390251175, 44.0852235888778], [-69.5862958519519, 44.0848986613886], [-69.5865480983854, 44.0847893263019], [-69.5867995486895, 44.0847970393449], [-69.5868898559138, 44.0848505956425], [-69.5871406496651, 44.0848313003231], [-69.5873173505978, 44.0847403584764], [-69.5875639753143, 44.084063839136], [-69.5879922732055, 44.0834043892538], [-69.5880246799649, 44.0832871796378], [-69.5879798959899, 44.0831793688623], [-69.5875496859492, 44.0829745056599], [-69.5874439804835, 44.0829030214127], [-69.5874532028112, 44.0828489538067], [-69.587958186182, 44.082603265275], [-69.5884794006903, 44.082420514454], [-69.5886174512003, 44.0823297687382], [-69.5886949218197, 44.0822303334597], [-69.5887048100387, 44.0820862277608], [-69.5886452838776, 44.0819874983534], [-69.5885321626804, 44.081916054209], [-69.5883582174973, 44.0818899409297], [-69.5876024218648, 44.0819928667602], [-69.5871841118311, 44.0820040199115], [-69.5870785903356, 44.0819505392987], [-69.5870414886798, 44.0818697032522], [-69.5871201651286, 44.0817342493725], [-69.5872969249859, 44.0815712793778], [-69.5876122720195, 44.0813715829298], [-69.589239254349, 44.0804448616476], [-69.5893916759355, 44.0804260677923], [-69.5895654076591, 44.0804701873436], [-69.5897080318694, 44.0806045035793], [-69.5897969786571, 44.080757101685], [-69.589657116855, 44.0810189203748], [-69.5896470522606, 44.0811450203584], [-69.5897061526111, 44.0812797649229], [-69.5898133001527, 44.0812612050853], [-69.5906476736816, 44.0808967607657], [-69.5907927437384, 44.0808059770099], [-69.590964360468, 44.0805980119765], [-69.5910267202328, 44.0804716422467], [-69.591005018774, 44.0804087291334], [-69.5908929887776, 44.0802112363077], [-69.5904464488578, 44.0796193225945], [-69.5903172094204, 44.0795749726944], [-69.5900137850464, 44.079558532431], [-69.5898306865367, 44.0795144646129], [-69.5897489709268, 44.079460863538], [-69.5896528914053, 44.0792182666734], [-69.5896295982747, 44.0787592168046], [-69.5896706185785, 44.0786059486913], [-69.5898083619708, 44.078524205536], [-69.589991911931, 44.0784962486008], [-69.5903557011474, 44.0785393853334], [-69.5909728114158, 44.0785452000557], [-69.5911481931246, 44.0784812673295], [-69.5912559711841, 44.0784086844435], [-69.5913186317866, 44.0782733077783], [-69.59128894243, 44.0781924319957], [-69.5910265140073, 44.0779416945717], [-69.5908407590734, 44.0777085694858], [-69.5907064565179, 44.0769979957026], [-69.5905720651311, 44.0768276272768], [-69.5904930999754, 44.0765399265692], [-69.5903157672787, 44.0761717064213], [-69.5896540257634, 44.0751667447129], [-69.5895078303172, 44.0747893600357], [-69.5894142334216, 44.0744026950217], [-69.5894505504715, 44.0740513759221], [-69.5897319490405, 44.0735817489692], [-69.5900106930976, 44.0732381796054], [-69.5899962291819, 44.0731572247856], [-69.5898307460952, 44.073077049723], [-69.5889599293013, 44.0732976223394], [-69.5888527053142, 44.0733071793123], [-69.5887010256121, 44.0732809499455], [-69.5886115488517, 44.0731913762695], [-69.5885157508365, 44.0729757904693], [-69.5884962280684, 44.0727778157731], [-69.5885334030451, 44.0723544653994], [-69.588573157601, 44.0721921961476], [-69.5887193835865, 44.0721014134405], [-69.5888947525555, 44.0720374850742], [-69.5892135326364, 44.0720718550151], [-69.589342212712, 44.0721792318802], [-69.5895305941119, 44.0722863014537], [-69.5897123748802, 44.0723573903615], [-69.5903415990122, 44.072489190622], [-69.5909038881201, 44.0725222973407], [-69.5910344733317, 44.0724676015906], [-69.5910125894658, 44.0723866852736], [-69.5908472956681, 44.072207471704], [-69.5899647163638, 44.0717528601549], [-69.589533646195, 44.0716110303035], [-69.5890570802745, 44.0714064133272], [-69.5889676045679, 44.071316838094], [-69.5889689962363, 44.0711817810831], [-69.5890849877484, 44.0710731424839], [-69.5893448843597, 44.0709547581536], [-69.5897112825223, 44.0708718361931], [-69.5901863443099, 44.0706893172639], [-69.5903527581147, 44.0707064642558], [-69.5911239352324, 44.0710265968005], [-69.5916473961031, 44.0711589397711], [-69.5917458231523, 44.0711674325014], [-69.5918680826602, 44.0711397899567], [-69.5919753978649, 44.0710221881878], [-69.592063116367, 44.0707786432113], [-69.5922184903876, 44.0705887668818], [-69.5924575774645, 44.0703804503933], [-69.5926371157239, 44.0701094168164], [-69.5925430230332, 44.0697137541432], [-69.5923052720495, 44.0693908660058], [-69.5922830940632, 44.069318953899], [-69.5923083701764, 44.0691927799682], [-69.5923783992893, 44.06909337515], [-69.5925244624799, 44.0689485653566], [-69.5926625365124, 44.0689028313616], [-69.5928982558164, 44.0688655947987], [-69.5931652451501, 44.0688732132354], [-69.5933996996649, 44.0689440228353], [-69.5937796413813, 44.0689690580902], [-69.5939386662192, 44.0689502247237], [-69.5942459701688, 44.0688135768738], [-69.5942765573867, 44.068750392274], [-69.5942260695294, 44.0685795914402], [-69.5941446345329, 44.0684359598795], [-69.594140313244, 44.0682379096442], [-69.5942181145189, 44.0680574363824], [-69.5943354747057, 44.0679307785059], [-69.5947958769683, 44.0676132639712], [-69.5948900612373, 44.0674327022397], [-69.5948565916104, 44.0670907513511], [-69.5947481113194, 44.0667401839469], [-69.5948192460007, 44.0665957584918], [-69.595181726958, 44.0662427385381], [-69.5959079839046, 44.0659778545086], [-69.5960160327897, 44.0658962612812], [-69.5960415391213, 44.065716060406], [-69.5956180371432, 44.0645748373841], [-69.5956693515654, 44.0642054325512], [-69.5958420668363, 44.0637633656523], [-69.5961716823271, 44.0631314085573], [-69.5961672669849, 44.0629243535134], [-69.5962333075933, 44.062545865383], [-69.596295822075, 44.0624375001764], [-69.5965499609259, 44.0622561046741], [-69.5977957604429, 44.061862447], [-69.5979648726137, 44.0617625228612], [-69.5980429234021, 44.0616090592856], [-69.5979564426128, 44.0613123953227], [-69.5979918027456, 44.0609880915337], [-69.5980868956744, 44.0607445002225], [-69.5983028430969, 44.0604912735027], [-69.5984951795174, 44.0603732246388], [-69.5994071037783, 44.0599182721808], [-69.599807751298, 44.0595650369208], [-69.5999018403272, 44.0593394579143], [-69.6001115389202, 44.0590862632305], [-69.6004419887233, 44.0588144241077], [-69.6008467362633, 44.0587132597394], [-69.6011137970213, 44.0586938481498], [-69.6014542238925, 44.0587910930536], [-69.6016503870104, 44.0588981010327], [-69.6017620990288, 44.0589875476082], [-69.6022865973815, 44.0596150218896], [-69.6025427304568, 44.059748721464], [-69.6027319077112, 44.0598197508103], [-69.6029904784047, 44.0598093821242], [-69.6032816023264, 44.0596998062704], [-69.6035056496907, 44.0594015108087], [-69.603647374105, 44.0591036498781], [-69.6037443035361, 44.0586979846644], [-69.6039077440063, 44.0574276393471], [-69.6040435682756, 44.0570487801787], [-69.604606223703, 44.0560194141168], [-69.6053433628194, 44.0545029394678], [-69.6053753030262, 44.0544217386624], [-69.6052253898496, 44.0542964869865], [-69.6054925935702, 44.054178025106], [-69.6056096272511, 44.0540243477666], [-69.6056815000034, 44.0537268542824], [-69.6054375455075, 44.0537911702601], [-69.60549351594, 44.0536558234156], [-69.6055774344853, 44.0535833504722], [-69.6054656328052, 44.0534849064083], [-69.6054760076344, 44.0532777739092], [-69.605515593141, 44.0531425111717], [-69.6055933835506, 44.0530430622591], [-69.6055647694473, 44.0529531789239], [-69.6053911733862, 44.0528010418242], [-69.6053931270052, 44.0526479743937], [-69.6052442235272, 44.0524686941856], [-69.6052494130606, 44.0521355404796], [-69.6054143578583, 44.0517835308054], [-69.6057169594927, 44.0513497658425], [-69.6057689125813, 44.0509353324985], [-69.6060074345343, 44.050799016393], [-69.6063651262562, 44.0506800751107], [-69.6064801106908, 44.0506704604856], [-69.6066614736819, 44.0507055112718], [-69.6068877306053, 44.0508573694847], [-69.6074227448712, 44.0506834596633], [-69.6073022527811, 44.0506120728897], [-69.6072432308852, 44.0504863406106], [-69.6072606671111, 44.0503601992398], [-69.6074122960978, 44.0503864025572], [-69.6076975243956, 44.0505829618105], [-69.6078645261827, 44.0506631032404], [-69.6078777481455, 44.0507350602021], [-69.6079997515455, 44.0507254112047], [-69.608161109033, 44.0506345155778], [-69.6081777409994, 44.0505443929077], [-69.6081181226178, 44.050436668382], [-69.6081570834388, 44.0503554311762], [-69.6090125512257, 44.0501618062634], [-69.60921663621, 44.0502057316887], [-69.609382545183, 44.0503308947023], [-69.6094707844364, 44.0505285000344], [-69.6095702770548, 44.0504919555975], [-69.6095967449001, 44.0502577247165], [-69.6096349907026, 44.0502215069909], [-69.6097099804217, 44.0502301111442], [-69.6098307504802, 44.0503285032405], [-69.6098892022141, 44.0504362331011], [-69.6098415808587, 44.050661571741], [-69.6099312585676, 44.0507331212411], [-69.6100672848944, 44.0507594034253], [-69.6102283619908, 44.0506414997384], [-69.6107568442035, 44.0504405998482], [-69.610806021003, 44.0502152525039], [-69.6105887718686, 44.0499913283827], [-69.6105683805759, 44.0498293749929], [-69.6106550833082, 44.0496488433179], [-69.6106737569294, 44.0493786419522], [-69.6107302371052, 44.0491802640093], [-69.6108082617412, 44.0489907760706], [-69.6110884812292, 44.0485481093279], [-69.6117794869209, 44.0476530739027], [-69.6117733948628, 44.0475540698238], [-69.6119278468722, 44.04740018458], [-69.6120827271895, 44.0471742676782], [-69.6123025786718, 44.0467049127601], [-69.612469085959, 44.0462448449749], [-69.6124254572057, 44.0461370396025], [-69.612501391337, 44.0456324391817], [-69.6127076437124, 44.0450551143006], [-69.6128285242094, 44.0445592777476], [-69.6128382607843, 44.0444061673312], [-69.6130226369109, 44.0442431183911], [-69.6135382555174, 44.0438982196755], [-69.613781176985, 44.0438518987056], [-69.6139644978537, 44.0438509137324], [-69.6140324394198, 44.0438955648304], [-69.6140232295227, 44.0439856485649], [-69.6145149193926, 44.0446852729402], [-69.6149278729298, 44.0455023615879], [-69.6150433248713, 44.0459158966084], [-69.6151709493779, 44.0465634557562], [-69.6151528285535, 44.0467346200937], [-69.6150189714676, 44.0470684672301], [-69.6150015538295, 44.0471946070493], [-69.615165868974, 44.0473917985547], [-69.6156038099488, 44.0476055226517], [-69.6159745082615, 44.0477295707327], [-69.6162391134521, 44.047854194391], [-69.6163226813149, 44.0478627461392], [-69.6163984638077, 44.0478353252588], [-69.6164525117854, 44.0477810131476], [-69.6164051804037, 44.0474301352186], [-69.6162434722546, 44.0470708717028], [-69.61598144237, 44.0462529744519], [-69.6159919624017, 44.0460638459097], [-69.616070339459, 44.045910363364], [-69.6162173656611, 44.0457565132245], [-69.6164385735739, 44.0456472779793], [-69.616713298626, 44.0455827723468], [-69.6168268955608, 44.0455911616354], [-69.6168511115219, 44.0455190035267], [-69.616561533135, 44.0450163749942], [-69.6164857835333, 44.0445576110141], [-69.616351783593, 44.0443872671415], [-69.6163002710349, 44.0442344877303], [-69.6163778316053, 44.0441530394183], [-69.6168969846434, 44.0439251518871], [-69.6173634429994, 44.0437695723275], [-69.6175170753333, 44.0436516984613], [-69.6176270671747, 44.0434260192154], [-69.6177579810784, 44.0432992626026], [-69.6181033348998, 44.0431263306013], [-69.6181882092264, 44.043035836253], [-69.6182416747507, 44.0425133491842], [-69.6184197440698, 44.0422332792755], [-69.618422036185, 44.0421162205267], [-69.6186153189497, 44.041836067947], [-69.6186132095119, 44.0415209594221], [-69.6186916676534, 44.0413764815518], [-69.6187001059335, 44.0412503878708], [-69.6186514573283, 44.0409985544202], [-69.618713904797, 44.0408901742267], [-69.6187464355846, 44.0407549475328], [-69.6187025173065, 44.0406201375403], [-69.6187123281267, 44.0404760259502], [-69.6194660387992, 44.0388063073215], [-69.619553508249, 44.0385537378531], [-69.6195759289487, 44.0380854386959], [-69.6194443683748, 44.0372128172217], [-69.6194924120631, 44.0370324871517], [-69.619625005375, 44.0368066822806], [-69.6196489330424, 44.0367075183323], [-69.6195601683681, 44.0365729463863], [-69.6197903357816, 44.0363916284265], [-69.6198604899086, 44.036274204081], [-69.6198422726349, 44.0359861920732], [-69.6199605575481, 44.0356974412439], [-69.6202067104567, 44.0355160365784], [-69.6202851556769, 44.0353715548369], [-69.6205258643384, 44.0344068799531], [-69.6205961963877, 44.0343074610274], [-69.6205908884919, 44.0341724391806], [-69.6204742091264, 44.0338669541644], [-69.6205128605679, 44.0337587029839], [-69.6203579526843, 44.0334894418996], [-69.6195697066484, 44.0328094576183], [-69.6193524890021, 44.0325855475019], [-69.6194738645408, 44.0325938938208], [-69.6195793267184, 44.0326473426127], [-69.6197179982468, 44.0325565561246], [-69.6197213267979, 44.0322774313853], [-69.6197535540246, 44.0321512083932], [-69.6198666133013, 44.0322226225981], [-69.6199636406541, 44.0324021658825], [-69.6200547339628, 44.0323116362406], [-69.6200290819825, 44.032095691948], [-69.62007551854, 44.0320234124024], [-69.6199540641687, 44.0319700508389], [-69.6198869295561, 44.0318893850194], [-69.6198960350599, 44.0317902986515], [-69.6200036936812, 44.0317176887491], [-69.6200279002613, 44.0316455244458], [-69.620013496385, 44.0315735777706], [-69.6203258857805, 44.0310136686464], [-69.6208839024014, 44.0307855524185], [-69.6209368581685, 44.0307402456113], [-69.6209461497669, 44.0306591650176], [-69.6208633047776, 44.0306055945672], [-69.6204436717115, 44.0307159154371], [-69.6201341076284, 44.0305735409631], [-69.6200821794442, 44.0304927927016], [-69.6192097092696, 44.0303714753341], [-69.6186997284937, 44.0304192544023], [-69.6185327348566, 44.0304111560264], [-69.618359534307, 44.0303310634415], [-69.6181094954422, 44.030287398289], [-69.6179038950557, 44.0302795051468], [-69.6174987656392, 44.0304347557927], [-69.6174236141633, 44.0304081506978], [-69.6173737021627, 44.0301833342861], [-69.6172529597489, 44.0300849496588], [-69.6170951548626, 44.0300227761657], [-69.6168752384282, 44.0299879526581], [-69.6164402241004, 44.0300443212088], [-69.6162498035998, 44.0301083716504], [-69.6158083596075, 44.0301467655834], [-69.6156765805261, 44.0303005343388], [-69.6155330420893, 44.0307874928379], [-69.6154147618248, 44.0310402273343], [-69.6155464118595, 44.0313636412121], [-69.6155965044061, 44.0316064660923], [-69.6155757404226, 44.0320117310847], [-69.6155376017984, 44.0320569546729], [-69.6154319541825, 44.0319854962568], [-69.6152757053509, 44.0317342404954], [-69.6151727942902, 44.0314376810214], [-69.6149970595204, 44.0315646761916], [-69.6147214006678, 44.0316832035111], [-69.6144647439474, 44.0325849292355], [-69.6145042122667, 44.0330078787007], [-69.6148980135914, 44.035148577613], [-69.6149233712031, 44.0355265864004], [-69.6145744163318, 44.0359516263944], [-69.6145497763958, 44.0360958121083], [-69.6141636538942, 44.0365480619267], [-69.614009756659, 44.0366389234426], [-69.6138507682866, 44.0365767519045], [-69.6136533396555, 44.0365688108264], [-69.6133996384963, 44.0367772512782], [-69.6132917769553, 44.0368318518206], [-69.6130418108669, 44.0367971786799], [-69.6129652376784, 44.0368606126622], [-69.6129766948123, 44.0371396576699], [-69.6126845079011, 44.0378524979789], [-69.6125911267915, 44.0379880492966], [-69.6124674410952, 44.0380967544919], [-69.6123846859486, 44.0380521791143], [-69.6125261305281, 44.0377363007336], [-69.6124449764909, 44.0376196920444], [-69.6124779423059, 44.0374124363493], [-69.6118746084827, 44.0376047411609], [-69.6115468771336, 44.0376695189659], [-69.6114701160681, 44.0377149478765], [-69.6113681357543, 44.0378865588545], [-69.6113390388224, 44.0383188784348], [-69.6111446597817, 44.0386080290809], [-69.6108894336422, 44.0388975047363], [-69.6108346584675, 44.0390328490715], [-69.6111056355853, 44.0391754549224], [-69.6110823969822, 44.0392295998045], [-69.6109445022815, 44.0392843560373], [-69.6107907755273, 44.0393932191291], [-69.6105074529643, 44.0395297866696], [-69.6103553476417, 44.0395305993376], [-69.6102643654141, 44.0395580947328], [-69.610472633638, 44.0398991115736], [-69.6104362709883, 44.040232432771], [-69.610296225431, 44.0404582684679], [-69.6100653057214, 44.0406845874518], [-69.6100327564449, 44.0408198117818], [-69.6100524353835, 44.0410267855687], [-69.6101764831312, 44.0413322406129], [-69.6099959726507, 44.0417203518951], [-69.6098040032829, 44.0423606190742], [-69.6097022873385, 44.0425592381996], [-69.6096040079776, 44.0430549492371], [-69.6096084704105, 44.0432620060089], [-69.6095696084307, 44.0433522458044], [-69.6094609109693, 44.0434788736318], [-69.6093157756485, 44.0435516760367], [-69.6092079724939, 44.0436512894769], [-69.6092048555051, 44.0438043643115], [-69.609150075823, 44.0439397068505], [-69.6090279688799, 44.0439763715077], [-69.6091053470905, 44.0433817329989], [-69.6090132794141, 44.042923049104], [-69.6086446811826, 44.042123708346], [-69.608577546479, 44.0420430360219], [-69.6084195343756, 44.0419628449327], [-69.6081919634364, 44.0419460497128], [-69.6080543084007, 44.0419107686874], [-69.6079651228629, 44.0418482202073], [-69.607943326005, 44.0417763087716], [-69.6079973974077, 44.0416859867673], [-69.6081512062968, 44.0416221450754], [-69.6083486498381, 44.0416300955692], [-69.6086075799463, 44.0415476866322], [-69.6086936542301, 44.0414211801044], [-69.6087566469938, 44.0412497802523], [-69.6088062366701, 44.0409884165941], [-69.6088680883956, 44.0409340637219], [-69.6089462891528, 44.0407625845055], [-69.6090442527438, 44.0403118890665], [-69.6091290447403, 44.04021240021], [-69.6091733709955, 44.0397800001298], [-69.6092217208806, 44.0396266822059], [-69.6091641516331, 44.0393748948953], [-69.6091333134523, 44.0389158834013], [-69.6090622442925, 44.038565128424], [-69.608989417384, 44.0383854470744], [-69.608748479961, 44.0382426779323], [-69.6082984615073, 44.0383261047677], [-69.6080614588096, 44.0384534153127], [-69.6078913048821, 44.0386343849031], [-69.6076460386232, 44.0387167240864], [-69.6076092201595, 44.0386628993021], [-69.6077795740551, 44.0384639168011], [-69.6079578687892, 44.038201869555], [-69.6080762830846, 44.0379581466958], [-69.6081751122497, 44.0378585837982], [-69.6083217976766, 44.0377857754223], [-69.609050893335, 44.0377998980224], [-69.6091586683135, 44.0377362976183], [-69.6094473443081, 44.0377797771041], [-69.6096311899382, 44.0376797567195], [-69.6098088550511, 44.0374717296173], [-69.6096070519419, 44.0372657284416], [-69.6093159533376, 44.0368711310169], [-69.608587205419, 44.0372711653521], [-69.6084908674955, 44.0371186200802], [-69.6080018272893, 44.0367790921307], [-69.6072887716833, 44.036692851889], [-69.6064384215892, 44.0366433479551], [-69.6057387442421, 44.0366830733245], [-69.6055237895244, 44.036792252175], [-69.6053868763227, 44.0368289914508], [-69.6050288609545, 44.0368308878801], [-69.6048987368395, 44.0369216112311], [-69.6046975402568, 44.0371567664736], [-69.6045591095648, 44.0372745437005], [-69.6041988369632, 44.0374385112971], [-69.6039123604858, 44.0377641486259], [-69.603828279146, 44.0378186136299], [-69.6036993928678, 44.0378012878521], [-69.6035722332473, 44.0376849159326], [-69.60346992556, 44.0374423636247], [-69.6034572283224, 44.0371903336155], [-69.6034931251019, 44.0368840290166], [-69.6032976745303, 44.0366869847461], [-69.6027962047645, 44.0367346496556], [-69.6027408667204, 44.0368159716234], [-69.6026327788562, 44.037464789112], [-69.6025395578385, 44.0376183409569], [-69.6024317501302, 44.0377179445285], [-69.6023088521151, 44.037790619948], [-69.6021867793574, 44.0377912634127], [-69.6020960499039, 44.0377287184387], [-69.601919426691, 44.0373875194668], [-69.6018830520258, 44.0372616630053], [-69.6017392588916, 44.0372354083059], [-69.6014852396511, 44.0374168154647], [-69.6012404497637, 44.0375081391407], [-69.6011710700388, 44.0375895315286], [-69.6008256703034, 44.0383386370215], [-69.6007681564446, 44.0385910346827], [-69.6007290123706, 44.0386542654342], [-69.6005911940407, 44.0387180131107], [-69.6004107640902, 44.0386559382983], [-69.6004452941734, 44.0383676460764], [-69.6004096368293, 44.0381967691291], [-69.6005346218917, 44.0379440152103], [-69.6004593799318, 44.0379083960332], [-69.6001857128142, 44.0378828254624], [-69.6000200397848, 44.0377756535304], [-69.6003367256831, 44.0375038860325], [-69.6006884026739, 44.0373759913445], [-69.6007954071773, 44.0373124037733], [-69.6008652056438, 44.0371949929661], [-69.6009488474198, 44.0372125599292], [-69.6011353302089, 44.0369864930371], [-69.6013196033285, 44.0368504700179], [-69.6013662736412, 44.0367601918252], [-69.6012261704399, 44.0364818208475], [-69.6010541573905, 44.0362486401417], [-69.6010806264862, 44.0360504225838], [-69.6011592846433, 44.0358069159409], [-69.6011981028272, 44.0357887048134], [-69.6012642989744, 44.0359324123678], [-69.6014790763432, 44.0358052328716], [-69.601580694931, 44.0356336334542], [-69.6016841137641, 44.0352549426878], [-69.601685934598, 44.0351649032191], [-69.6015686111467, 44.0349404305486], [-69.6015702461926, 44.0348323797753], [-69.6016700683096, 44.0347148103428], [-69.6017183462609, 44.0345524941939], [-69.6015170833345, 44.0337792599468], [-69.6015861636193, 44.0337068678123], [-69.60186305625, 44.033552351952], [-69.6019632401768, 44.0334707913948], [-69.6021047321494, 44.0331549280991], [-69.6024124361753, 44.0328471882082], [-69.602459997373, 44.0327298908831], [-69.6024389213987, 44.0326129581678], [-69.6022998138465, 44.0323165779698], [-69.6023018664901, 44.0321725111646], [-69.6023326053473, 44.0321273328034], [-69.6024541601503, 44.0321537013463], [-69.6025902576038, 44.0321529836327], [-69.6026819245798, 44.0321164863614], [-69.6027449676923, 44.0320261193662], [-69.6027874233859, 44.0316747628945], [-69.6028807221534, 44.0315302155268], [-69.6029299822511, 44.0313498858073], [-69.6030617296019, 44.0311511138142], [-69.6031377722744, 44.0311507124171], [-69.6033684285305, 44.0310144438033], [-69.6034081211236, 44.0308521712769], [-69.6033883802257, 44.030636194652], [-69.6033303073292, 44.0304474271727], [-69.6032184237573, 44.0302589455703], [-69.6030696786632, 44.0300886662169], [-69.602897297557, 44.0299725320673], [-69.6027156351307, 44.0299014620477], [-69.6029932951243, 44.0295938789105], [-69.603130695748, 44.0291069684268], [-69.6032850327504, 44.0289440879421], [-69.6034678677566, 44.028862094963], [-69.6035145986036, 44.0288168317914], [-69.6037026379118, 44.0284016779508], [-69.6035361562999, 44.0283665436966], [-69.6032534385882, 44.0285210971972], [-69.6031787408432, 44.0284224545355], [-69.6031434712165, 44.028251573399], [-69.6031295311537, 44.0281075909015], [-69.6031625917339, 44.0279453542883], [-69.6033970097823, 44.0275659698405], [-69.6037642927161, 44.0273299416667], [-69.6040402316535, 44.0272384504659], [-69.6039827807777, 44.0269956592129], [-69.6038787917934, 44.0268161416611], [-69.6036885319038, 44.0267811350927], [-69.6034570580659, 44.0265662723631], [-69.6033833464581, 44.0264496149879], [-69.603430440379, 44.0262873059404], [-69.6036553493419, 44.0259709970462], [-69.6037482003343, 44.0258984779178], [-69.604090347807, 44.025914676327], [-69.6041835443238, 44.0257611257436], [-69.6042197746715, 44.0253737856675], [-69.6043474728271, 44.0249319401505], [-69.6043687724937, 44.024571691111], [-69.6043240969987, 44.0244728849162], [-69.6044422251017, 44.0242021599966], [-69.6044146366436, 44.0240582506588], [-69.6045100842461, 44.0237426247478], [-69.6045197429341, 44.023580510535], [-69.6044164701102, 44.0233559686912], [-69.6042787615664, 44.023464741273], [-69.6039046497451, 44.0236017702271], [-69.6030873401174, 44.02383117366], [-69.6030580315918, 44.0237863119799], [-69.6032900188179, 44.0235149826915], [-69.6035023108155, 44.0235318684629], [-69.6036924301312, 44.0234768451461], [-69.603870531192, 44.0233138417537], [-69.6040179716884, 44.0230879759742], [-69.6041718482522, 44.0229971278211], [-69.6042791445978, 44.02288851801], [-69.604191975552, 44.0226368812912], [-69.6042800801368, 44.0223663134164], [-69.604446982611, 44.0223294158381], [-69.6046455344868, 44.0223373678205], [-69.6047662196036, 44.022318722168], [-69.6048214513213, 44.0222283970254], [-69.6047418689832, 44.0219947274539], [-69.6050966955963, 44.0210744950873], [-69.605069199912, 44.0209395896988], [-69.6048365310743, 44.0206437074222], [-69.6047787420029, 44.0204819501303], [-69.6049769530357, 44.0199587009235], [-69.6053352425112, 44.0193805816543], [-69.6055272494996, 44.0192445131834], [-69.6058248685621, 44.0191799067446], [-69.6059849716515, 44.0190890257784], [-69.6062431849602, 44.0186014689559], [-69.606445830562, 44.0182852722908], [-69.6063198542968, 44.0180518525997], [-69.6063531066176, 44.0178716059375], [-69.6063032511927, 44.0176467847789], [-69.6064234217593, 44.0171959719397], [-69.6065736324424, 44.0168620481314], [-69.607068132757, 44.0163012050535], [-69.6073152563, 44.016065803406], [-69.6073858416136, 44.0158763553694], [-69.6075025203351, 44.0156956647807], [-69.6077728659922, 44.0154061151318], [-69.6080224613072, 44.014459422866], [-69.6080270173503, 44.0141802937373], [-69.6079457420626, 44.0140096584773], [-69.6078193346221, 44.0138482649273], [-69.607653510047, 44.0137591149467], [-69.6073725472843, 44.013733599342], [-69.6068100043647, 44.0137365883661], [-69.6063386602815, 44.0137751045661], [-69.6060932581572, 44.0139114577789], [-69.6052128184821, 44.0143212819309], [-69.6040363287017, 44.014795687269], [-69.6034860558745, 44.0149336489101], [-69.602853641233, 44.0150450273253], [-69.601033685863, 44.0153517300108], [-69.6003176510969, 44.015445529091], [-69.5996715674964, 44.0154399193068], [-69.5992780480984, 44.0153879631927], [-69.5990125181974, 44.015308325274], [-69.5986784137353, 44.015310076399], [-69.5980103460774, 44.0152505497912], [-69.5974121499253, 44.0150826132223], [-69.5964012146803, 44.0146557289561], [-69.5959184831339, 44.01441515221], [-69.5958121722486, 44.0143886971254], [-69.5955992829319, 44.0144258209642], [-69.5953309515171, 44.0145712758509], [-69.595113534673, 44.0148965316314], [-69.5948077728947, 44.0155103597587], [-69.5946706029444, 44.0160242724037], [-69.5946666170664, 44.0162493798594], [-69.5947321386952, 44.0164471160197], [-69.5947660325123, 44.0167170418195], [-69.5947557178302, 44.0174013590022], [-69.5948063129539, 44.0176261822762], [-69.5948799966836, 44.0177428455201], [-69.5948933739878, 44.0178328105278], [-69.5946975386749, 44.0182119746593], [-69.5936628506997, 44.0193157772351], [-69.5933862103968, 44.0195693121714], [-69.5931990316971, 44.019840387116], [-69.5928715369453, 44.0203912990513], [-69.592665988605, 44.0209325722413], [-69.5923210316336, 44.0216096224184], [-69.5921926773379, 44.0220334485613], [-69.5921883156645, 44.0223395869764], [-69.5924596064958, 44.0229954348068], [-69.5926614345102, 44.0237236699061], [-69.5926628318068, 44.0241378207491], [-69.5925539297544, 44.0248316525639], [-69.592374439704, 44.0250936834877], [-69.5920579310019, 44.0254194474949], [-69.5914591704924, 44.0257916902457], [-69.5902414514535, 44.0264282291844], [-69.5898728589941, 44.0266552190494], [-69.5894040099202, 44.0270357845333], [-69.5893193854641, 44.0271532650222], [-69.5892793903912, 44.0272885230779], [-69.5894852689912, 44.0277196257999], [-69.5896476425336, 44.027970885447], [-69.5898382856598, 44.0284380799041], [-69.5898589697154, 44.0286360499057], [-69.5897998807991, 44.0289694825551], [-69.5896363510085, 44.0292314266076], [-69.5892901717829, 44.0295573376451], [-69.5890672876044, 44.0296935387103], [-69.588609472089, 44.0298129420886], [-69.5884028220217, 44.0298950366338], [-69.5880732855223, 44.0301308237721], [-69.5875127921772, 44.0304758364537], [-69.587413319211, 44.0305123671018], [-69.5875322975337, 44.0306738128701], [-69.587288293463, 44.0307651027152], [-69.5872264348347, 44.0308194413382], [-69.587340120295, 44.031314047381], [-69.5874787486474, 44.0317274922175], [-69.5876185982887, 44.0319878720281], [-69.5876241856883, 44.0321589087252], [-69.5875759600475, 44.0323302239748], [-69.5875655282152, 44.0325373568185], [-69.5875863982531, 44.0326362837625], [-69.5883148867922, 44.033226766678], [-69.5883733715697, 44.0333435093594], [-69.5883336705901, 44.033469760184], [-69.5882275997551, 44.0334703063298], [-69.587874218774, 44.0332290349055], [-69.5877823616261, 44.033247511686], [-69.5876667721641, 44.0333111321739], [-69.5878627037933, 44.0334451749577], [-69.5879765445688, 44.0334806038323], [-69.5880586325706, 44.0335792183171], [-69.5882233240039, 44.0341816019906], [-69.5882583648451, 44.0344515229909], [-69.5882599450324, 44.0348476680072], [-69.5882241514724, 44.0351719752046], [-69.5880089268266, 44.0358483418488], [-69.5876521932566, 44.0372817236837], [-69.5872737642116, 44.0381389948996], [-69.5871317223087, 44.0385268734863], [-69.5870696752482, 44.0385632060551], [-69.5866772846764, 44.0384031588937], [-69.586663104514, 44.0383492111017], [-69.5869307187252, 44.0382758082837], [-69.5869622862922, 44.0381946161058], [-69.5868303315584, 44.0378261531094], [-69.5868551283022, 44.0376909751205], [-69.5870188710265, 44.0374470411979], [-69.5872029113789, 44.0372840336358], [-69.5872659834925, 44.037193674203], [-69.5872166337199, 44.0368968144592], [-69.5871364704551, 44.0367171568066], [-69.5871391933696, 44.0365190690051], [-69.5870353257093, 44.0363485356185], [-69.5870217817995, 44.0362405639586], [-69.5871152149775, 44.0361050332105], [-69.5872623814294, 44.0359602209692], [-69.5875620963096, 44.0357425993373], [-69.5877644565351, 44.0353814191632], [-69.5878253106594, 44.0349489419179], [-69.5878297827612, 44.0346518054026], [-69.5877375310913, 44.034157089882], [-69.5876567100446, 44.0339504273697], [-69.587428167906, 44.0335554521141], [-69.5873146111797, 44.0334299868164], [-69.5871353239167, 44.0333228669856], [-69.5868095336891, 44.0331894899782], [-69.5864616591844, 44.033110243351], [-69.5854426210103, 44.0331514832523], [-69.5852818283819, 44.0331793191738], [-69.5851456395469, 44.0331710114944], [-69.584948173326, 44.0331180019802], [-69.584842648821, 44.0330555189892], [-69.5847138704622, 44.033047175563], [-69.5845834578086, 44.0331108660926], [-69.584520490857, 44.0332912579927], [-69.5841947698285, 44.0336800719056], [-69.5839945274617, 44.0338611626204], [-69.5838566687815, 44.0339609068372], [-69.5836877317046, 44.0340337930344], [-69.5833479979404, 44.0343866650114], [-69.5831102240016, 44.034558945936], [-69.583018059716, 44.0345864256914], [-69.5829429219224, 44.034559799661], [-69.5830125760168, 44.0344243908472], [-69.5832899847802, 44.0341978889412], [-69.5834752307919, 44.0339988691732], [-69.5836623248519, 44.033709802542], [-69.5839304725073, 44.0335733816829], [-69.5840165881198, 44.0334468924446], [-69.5839735696466, 44.0332760478287], [-69.584475194354, 44.0327692882499], [-69.5845311402265, 44.03258893498], [-69.5846708739374, 44.032363133924], [-69.5848487919019, 44.032173149211], [-69.5854653475268, 44.031656796981], [-69.5855425759924, 44.0315393546365], [-69.585559238513, 44.0314492365931], [-69.5854869540933, 44.0311975096661], [-69.5853310069254, 44.0309642182123], [-69.5846944598123, 44.0303192293669], [-69.5845281088876, 44.0302570573142], [-69.5839955693682, 44.0303138012344], [-69.5833757620406, 44.0305780675609], [-69.5833352001131, 44.0307763513792], [-69.5830671506315, 44.030921772948], [-69.5826774725463, 44.0310318022511], [-69.5825327943071, 44.0310325399925], [-69.5824123718984, 44.0309611263423], [-69.5822396831792, 44.03080894881], [-69.5821779521074, 44.0303590919485], [-69.5820661342761, 44.0301705892677], [-69.5819465322866, 44.0300631571461], [-69.5820193769548, 44.0298557068019], [-69.5821202594683, 44.0296841255475], [-69.5823349333749, 44.0295839945684], [-69.5827009045578, 44.0294830916659], [-69.5832868591305, 44.0294260810955], [-69.5834014544674, 44.02938047697], [-69.5834641298167, 44.0292901224392], [-69.583427622669, 44.0291462554875], [-69.5832480929254, 44.0290121158589], [-69.5830512456295, 44.028941097466], [-69.5827239177308, 44.0290057906205], [-69.5822495918071, 44.0291522648828], [-69.5813880078702, 44.0293367194943], [-69.5811817349538, 44.0294188017698], [-69.5810724471487, 44.029608429147], [-69.5809413122817, 44.0297171373692], [-69.5805349646523, 44.0299172795207], [-69.579521282144, 44.0301024927571], [-69.5790273850646, 44.030123003724], [-69.5787015098967, 44.0300976462094], [-69.5780957201915, 44.0299206430834], [-69.577816634745, 44.0298140125591], [-69.577718449553, 44.0297424814813], [-69.5776813938983, 44.0296616387108], [-69.5776983326828, 44.0295985298281], [-69.5777818228845, 44.0295620938585], [-69.5781154507556, 44.029623429466], [-69.5783138501287, 44.0296134228684], [-69.5788632375814, 44.0299257614375], [-69.5790224749206, 44.0299789734473], [-69.579250509254, 44.0299688150348], [-69.5795401476672, 44.0298773117764], [-69.5797013136145, 44.0297684518975], [-69.5798926826495, 44.029677446296], [-69.5800832791055, 44.0296674762288], [-69.5802975291417, 44.0296033650213], [-69.5813217754121, 44.0291839978737], [-69.5821045024532, 44.0287118342687], [-69.5822942812461, 44.0287378766754], [-69.5824535184573, 44.0287910884165], [-69.5828118608476, 44.0287082282345], [-69.5831017016065, 44.0285987079999], [-69.583133449697, 44.0285355227214], [-69.5830899755743, 44.0284367048483], [-69.5828500683583, 44.0281498203415], [-69.5826740453762, 44.0277365576251], [-69.5827346294603, 44.0273130882345], [-69.5828137057879, 44.0271056037028], [-69.5831577253659, 44.0264375946643], [-69.5834072930518, 44.0260401677549], [-69.5835383320145, 44.0259224536736], [-69.5837597960495, 44.0258402903851], [-69.5839669532577, 44.0257311894285], [-69.5840280849822, 44.0257218753098], [-69.5840420840775, 44.025757817567], [-69.5839878136145, 44.0258301226017], [-69.5837875109342, 44.0260022109461], [-69.5834076348325, 44.0264723308643], [-69.5831743530067, 44.0268606702683], [-69.5829026219927, 44.0276633659004], [-69.582954387061, 44.027852174264], [-69.5832449160181, 44.0282108277676], [-69.5833916818138, 44.028543206114], [-69.5835552895265, 44.0288034706399], [-69.5838751198693, 44.0292069927621], [-69.5839124488096, 44.0293148433761], [-69.5838948778064, 44.0294319771013], [-69.5838256603414, 44.0295313705443], [-69.5835492154012, 44.0296948430681], [-69.5826051594985, 44.0297806937108], [-69.5825209777556, 44.029826139276], [-69.5824505845299, 44.0299255351736], [-69.5825812542541, 44.0303660378791], [-69.5825609056953, 44.0307172760501], [-69.582673480681, 44.0307437141369], [-69.5828882419287, 44.0306525833358], [-69.5833366896571, 44.0301731119499], [-69.5835139662073, 44.0300371559042], [-69.5836872871771, 44.0300542774934], [-69.5842768065519, 44.0298441850318], [-69.5846335259644, 44.0298333559307], [-69.5851845081452, 44.0301456559169], [-69.5858212524126, 44.0306916040328], [-69.585939943335, 44.0309430900886], [-69.586061846385, 44.0314016414735], [-69.5860528619718, 44.0315187314419], [-69.5857572710105, 44.0319164006148], [-69.5850250518838, 44.0325684001472], [-69.5850092905988, 44.0326315031516], [-69.5850527747868, 44.0327303201684], [-69.5851977216186, 44.0327565872872], [-69.5854709121481, 44.032737180823], [-69.5860277744753, 44.0326532958605], [-69.5863850747548, 44.0326604651962], [-69.5868046619418, 44.0325772808987], [-69.5868963745713, 44.0325047813842], [-69.5869963984618, 44.032405230566], [-69.5870001509673, 44.032153116667], [-69.5867196558278, 44.0311551723622], [-69.5867209284897, 44.031047123581], [-69.5867993644633, 44.0308936630929], [-69.5867421553632, 44.0306688716503], [-69.5867822472263, 44.0305426166082], [-69.5868913030658, 44.0303709918907], [-69.5871999808164, 44.0300362783559], [-69.5876902137551, 44.0297636525818], [-69.5882260312803, 44.029526807408], [-69.5890156574009, 44.029126585868], [-69.5891625295876, 44.0289547639833], [-69.5891502481446, 44.0287387436403], [-69.589078044914, 44.0284960255033], [-69.5889453393186, 44.0282085983454], [-69.5887377704617, 44.027921556802], [-69.5886490997021, 44.0276699179605], [-69.5887099400668, 44.0272374370394], [-69.5888286925141, 44.0269036973829], [-69.5889680663581, 44.0267229117754], [-69.58946648179, 44.0264142231457], [-69.5898234791983, 44.0259622063112], [-69.5901213384905, 44.0257986079106], [-69.5907487749218, 44.025525260999], [-69.5915927707631, 44.0250707222409], [-69.5917844693801, 44.0248986638586], [-69.5919864012129, 44.0246185106669], [-69.5920070470445, 44.0243032827495], [-69.5919136221381, 44.0234574436811], [-69.5917009478564, 44.0228913265408], [-69.5915452907916, 44.0226490373724], [-69.5915717873273, 44.0224508258987], [-69.5915139445192, 44.0221630128856], [-69.5915174037762, 44.0220009327093], [-69.5915895787387, 44.0217304561376], [-69.5921831362041, 44.0206829807555], [-69.5922648150915, 44.0203494293044], [-69.5924382422737, 44.0198713457783], [-69.5927046382239, 44.0194107875376], [-69.5930063594149, 44.0190130704509], [-69.5936914778125, 44.0184332907979], [-69.5940536737676, 44.018080273057], [-69.5941397494394, 44.0179537760718], [-69.5941032224942, 44.0178099105574], [-69.5940079466379, 44.0176393427765], [-69.5939910642011, 44.0171982579887], [-69.5938991519039, 44.0167395580572], [-69.5938411615226, 44.0160465933339], [-69.5939263656228, 44.0154429171296], [-69.5940136073392, 44.0151993699141], [-69.5941303242885, 44.0150186954476], [-69.5942166653335, 44.0148021622545], [-69.5943796826669, 44.014612242345], [-69.5952208869769, 44.0137795428992], [-69.5954579999043, 44.0136702657438], [-69.5956112372093, 44.0136334522416], [-69.5956811137677, 44.0135250462902], [-69.5957208112416, 44.0133627786133], [-69.5957013763056, 44.0131738052128], [-69.5957421559945, 44.0130025266023], [-69.5957284180663, 44.0128765496051], [-69.5958365202108, 44.0127319321381], [-69.5960989682254, 44.0125054763509], [-69.5962440445838, 44.0124326915747], [-69.5964260991004, 44.0124317413848], [-69.5964807032932, 44.0123954424381], [-69.5963923845732, 44.0121798191905], [-69.5965842086101, 44.0120257595858], [-69.596683826886, 44.012007229741], [-69.5969482566732, 44.0120958859483], [-69.5970927969067, 44.0120861263133], [-69.5972396053597, 44.011914292994], [-69.5974792232217, 44.0117059584921], [-69.5980395136589, 44.011324882139], [-69.5980609178176, 44.011243739722], [-69.5982018562136, 44.011224994961], [-69.5984082367516, 44.01120140466], [-69.5984179082622, 44.0112328679724], [-69.5985231092695, 44.011304342941], [-69.5985659705784, 44.0114571792945], [-69.5984036334902, 44.0116741112354], [-69.5983403413043, 44.0118545131031], [-69.5982234610634, 44.0120171885692], [-69.5979530838864, 44.012306713268], [-69.5968225029467, 44.0132399822567], [-69.5967132040883, 44.0134206261856], [-69.5966950341328, 44.0135917834526], [-69.596747097529, 44.0136905515388], [-69.5969043914674, 44.0138247810839], [-69.5975515638875, 44.0142895787775], [-69.5979602494736, 44.0143774753646], [-69.5982847907159, 44.0145108275806], [-69.5995410986188, 44.0148733845068], [-69.5998522644601, 44.0149167704422], [-69.6001790521033, 44.0149240568897], [-69.6003697142631, 44.0148870404171], [-69.6009886166558, 44.0145956774164], [-69.6021852466913, 44.0143372787934], [-69.6029948446594, 44.0140899152422], [-69.6040954927567, 44.0136339285313], [-69.6047752486266, 44.0133872387666], [-69.6049445584836, 44.0132062721147], [-69.605233111019, 44.013249760435], [-69.605531407648, 44.0131401382556], [-69.6058749735413, 44.0129582492718], [-69.6060966332929, 44.0129030528107], [-69.6064462033708, 44.0129282065275], [-69.606697397222, 44.0128638495645], [-69.6067835303029, 44.0127463479211], [-69.6068152668696, 44.0126471393683], [-69.6068413361928, 44.0124129124053], [-69.6069534646471, 44.0120161621625], [-69.60714588214, 44.0118080608322], [-69.60745256672, 44.0116803811912], [-69.6075205299508, 44.0116169964176], [-69.6075382295781, 44.0115178631813], [-69.6077211022722, 44.0114448646446], [-69.6079567684639, 44.0114256066642], [-69.6081405131956, 44.0113615999879], [-69.6081872455537, 44.0112803208654], [-69.6082047600043, 44.0111631860572], [-69.6082953156642, 44.0111356899527], [-69.6086447829037, 44.0111518358267], [-69.6090419696911, 44.0110686889446], [-69.6092100693194, 44.0109237362604], [-69.6093684562596, 44.0105537491249], [-69.6095138084765, 44.0104719434346], [-69.6096296740818, 44.0103272687548], [-69.6096611999122, 44.0102460683504], [-69.6094811838929, 44.010102974925], [-69.6092204231589, 44.0097262177603], [-69.6091692363298, 44.0096004437916], [-69.6091925550515, 44.0095553011742], [-69.6092922523689, 44.0095457669887], [-69.6094353659615, 44.0096260341232], [-69.609681471244, 44.0099038289572], [-69.6098920965752, 44.0100287535329], [-69.6099969896125, 44.0101452387758], [-69.6100567547681, 44.0102709683592], [-69.6099986882749, 44.0105773956804], [-69.6096592425693, 44.0109303429859], [-69.6093744482219, 44.011138943996], [-69.6091610591925, 44.0112391192103], [-69.6091451459022, 44.0112842205267], [-69.6092278829829, 44.0112927837696], [-69.6097393078645, 44.0111730113778], [-69.6099213555806, 44.0111720397209], [-69.6103942768325, 44.0110614725032], [-69.6105073279203, 44.0110608684933], [-69.6108463562286, 44.011275138065], [-69.6109829627863, 44.011328428498], [-69.6110566714575, 44.0114450839947], [-69.611092230567, 44.011642965755], [-69.6111600404993, 44.0116786169565], [-69.6115107429688, 44.0115867057602], [-69.6118000186018, 44.0115491432678], [-69.6121436485912, 44.0113762376252], [-69.6122124424737, 44.0113938759823], [-69.6121491199248, 44.0115292664812], [-69.6120731762316, 44.0115746916106], [-69.6113465583618, 44.0118846990244], [-69.6107608035749, 44.0119418525363], [-69.6106010854764, 44.0119156966798], [-69.6104508381379, 44.0118624786769], [-69.6103153310018, 44.0117641652691], [-69.6101640962994, 44.0117289591104], [-69.6099283411617, 44.0117392204443], [-69.6097217999584, 44.0117853410955], [-69.6093778814336, 44.0119312296616], [-69.609264141165, 44.0119408388033], [-69.6085786869585, 44.0115123260044], [-69.608449151544, 44.0115400272159], [-69.6082649725819, 44.0116760590935], [-69.6079525574816, 44.0117767618837], [-69.6076090718622, 44.0118506150293], [-69.6074480974923, 44.0119685179336], [-69.6074002866125, 44.0120588068526], [-69.6072620991456, 44.0121945925976], [-69.6072448606983, 44.0123387406968], [-69.6073246207543, 44.0125904122188], [-69.6073783276763, 44.0125811250572], [-69.6081186549509, 44.012694231387], [-69.6086294632643, 44.0128940905566], [-69.6091566132621, 44.0132424149001], [-69.6094398832364, 44.0134930024105], [-69.6095958717077, 44.013991863822], [-69.6096050986888, 44.014207896089], [-69.609481233059, 44.0148658120105], [-69.6093992814451, 44.0150868332377], [-69.609180962832, 44.0155066587609], [-69.6083708690287, 44.0169245185723], [-69.6082229079732, 44.0170963739742], [-69.6078424143267, 44.0177106345016], [-69.6077276915688, 44.0181974309692], [-69.6076908694145, 44.0186387974606], [-69.6072378925032, 44.0194875295368], [-69.6071248589837, 44.0199112929425], [-69.6070086277601, 44.0201369970464], [-69.6070064947665, 44.0202720620989], [-69.6069590440596, 44.0203983608358], [-69.6068662973661, 44.0204798864454], [-69.6068040329, 44.0206062655964], [-69.6068408430067, 44.0206600890575], [-69.6068280490224, 44.0210112919623], [-69.6067309951642, 44.0218941473087], [-69.6066593097888, 44.0232000284201], [-69.6067016745008, 44.0234158873247], [-69.6069358512831, 44.0235136807099], [-69.6072994072757, 44.0235657696182], [-69.6073987644067, 44.0235202250827], [-69.6074765134476, 44.023420774612], [-69.6075787340011, 44.0231591308384], [-69.607717835357, 44.0229963288274], [-69.6078165702803, 44.0230048052745]], [[-69.6146149024867, 44.0283975197556], [-69.614613494431, 44.0284875618098], [-69.6150066720445, 44.0286475090565], [-69.6151499251479, 44.0287367723417], [-69.6153089142815, 44.0287629256694], [-69.6157126190257, 44.0287337413904], [-69.6158284970771, 44.0285890608077], [-69.6158322192465, 44.0283459485533], [-69.6159766998463, 44.0283271628141], [-69.6160672440545, 44.0283716900692], [-69.6161506912266, 44.0283712400861], [-69.6161902027883, 44.0283080046658], [-69.616161118665, 44.0281731079933], [-69.6161793260775, 44.0280109495303], [-69.6162718799935, 44.0279114106097], [-69.6162508794794, 44.0278034842967], [-69.6162731201584, 44.02776735054], [-69.6163331758363, 44.027654482579], [-69.6164545078275, 44.0276223159306], [-69.6165074642114, 44.0275770120486], [-69.6165299085858, 44.0275228720436], [-69.6165053818718, 44.0273384327758], [-69.6165803142853, 44.0271939723283], [-69.6167623062817, 44.0271074572807], [-69.616853298553, 44.0271204712302], [-69.6169298015401, 44.0271650763193], [-69.6170756200381, 44.0273128448832], [-69.6171367298479, 44.0273395269692], [-69.6171592500445, 44.0273304000757], [-69.61720283445, 44.0270960767484], [-69.6172555537366, 44.0270282660719], [-69.6171628775562, 44.0268531994353], [-69.6172691110731, 44.0267941022223], [-69.6168793438414, 44.0265486124131], [-69.6167549666966, 44.0262116535624], [-69.6167698943789, 44.026184563527], [-69.6168154683784, 44.0261798157745], [-69.6168767156907, 44.0262200006392], [-69.6171297581804, 44.0264797342294], [-69.6173812752867, 44.0265549056516], [-69.6176105203218, 44.0267382365201], [-69.6177624044642, 44.0267194084986], [-69.6182325342736, 44.0265548025784], [-69.6183683874888, 44.026419016533], [-69.6185398572173, 44.0260714564065], [-69.6186687221745, 44.0260887656011], [-69.6188127765359, 44.0261420088905], [-69.618820882785, 44.0260969432276], [-69.6187754801026, 44.026043168418], [-69.6187991724766, 44.0260340375522], [-69.6186414260874, 44.0258638271116], [-69.618634624232, 44.0258098405287], [-69.6187822942742, 44.0256109667271], [-69.619174908051, 44.0252306956274], [-69.6193536770147, 44.0250226454772], [-69.619397119663, 44.0246262589276], [-69.6193396125937, 44.024383477416], [-69.6192658689889, 44.0242668331297], [-69.6182932092531, 44.0232006887847], [-69.6181463534902, 44.0228773580792], [-69.617987914738, 44.0227521685685], [-69.6178691481491, 44.0226177572444], [-69.6177280236346, 44.0223574200751], [-69.61739182874, 44.0219360747312], [-69.6173014802029, 44.0219095507302], [-69.6172172467271, 44.0219460250325], [-69.617089740097, 44.0223968839449], [-69.6169973532322, 44.0230006153942], [-69.6168962068189, 44.0231362125012], [-69.6167373438325, 44.0230830494012], [-69.6166299804184, 44.0231826660051], [-69.6165741393654, 44.0233630373827], [-69.616216876484, 44.0238061341022], [-69.6160624949781, 44.0239600244662], [-69.615865164545, 44.0240331168404], [-69.6157335289739, 44.0241238608634], [-69.6156315469475, 44.0243675036822], [-69.6154630361546, 44.0245124677], [-69.6154607384794, 44.0246295240784], [-69.6153972053297, 44.0247829241108], [-69.6151129277976, 44.0250455550775], [-69.6150345921087, 44.0251630234779], [-69.6151748255785, 44.0254503772043], [-69.6151885122401, 44.0255673474938], [-69.6151567817605, 44.0256665581144], [-69.6150644118355, 44.0257840993824], [-69.6150215596496, 44.0260904492236], [-69.6150481020845, 44.0268465962324], [-69.6149683394324, 44.0270901187348], [-69.6149189581801, 44.0274055052597], [-69.6149986941744, 44.0276121545282], [-69.6149672597899, 44.0277023591181], [-69.6148912059236, 44.0277387822441], [-69.6148642673167, 44.0280000272351], [-69.6146927424632, 44.0283070656188], [-69.6146149024867, 44.0283975197556]], [[-69.6177360226978, 44.029623162287], [-69.6179211198604, 44.0299102734392], [-69.6180738703568, 44.029936455752], [-69.6182404882821, 44.0299085457521], [-69.6184392077264, 44.0298174349334], [-69.6185837846654, 44.0298076479248], [-69.6186918159439, 44.0297710491989], [-69.6187550647762, 44.0295906395709], [-69.6189137583563, 44.0296257938234], [-69.6189606748843, 44.0295625137454], [-69.6190229251069, 44.0294361282493], [-69.6191457866094, 44.0293634367576], [-69.6191040729328, 44.0291025610489], [-69.6190371446574, 44.0290038866764], [-69.6188643673227, 44.0288517640662], [-69.6190204473619, 44.0285988238212], [-69.6190354985155, 44.0285087050979], [-69.618763862721, 44.027924953286], [-69.6186916235024, 44.0276912539196], [-69.6186149190125, 44.0276646607051], [-69.6185488814712, 44.02753896905], [-69.618503756291, 44.0275122038919], [-69.6182977474925, 44.0275763421554], [-69.6179839570583, 44.0277761166057], [-69.6176385980326, 44.0279400443512], [-69.6175087033302, 44.0280487905475], [-69.6174966847701, 44.0283189580492], [-69.6177507649811, 44.0291278903302], [-69.617899425604, 44.0293611796653], [-69.6178218734605, 44.0294786429503], [-69.6177149178876, 44.0295062324939], [-69.6177360226978, 44.029623162287]], [[-69.62474650924, 44.0221977128056], [-69.6247403296281, 44.0223147906367], [-69.6247031257524, 44.0223735174296], [-69.6248543829877, 44.0222961600282], [-69.625058521743, 44.0222050106528], [-69.625164634878, 44.0221729161865], [-69.625332091336, 44.0221900067133], [-69.6254387236498, 44.0222074299657], [-69.6255994816457, 44.0222920826954], [-69.6256821626464, 44.0222196040933], [-69.6257650801608, 44.0221696291766], [-69.6258714732906, 44.0221645464931], [-69.6260768096032, 44.0221499145215], [-69.6261427568056, 44.0219694857909], [-69.6262238615177, 44.0217844686103], [-69.6262582473652, 44.0215321851189], [-69.6262190912678, 44.0214423642539], [-69.626104141145, 44.0213754718887], [-69.6259055056668, 44.0213225367629], [-69.625822114642, 44.0213274952893], [-69.625670530962, 44.0213733418663], [-69.6253748756201, 44.0214379838247], [-69.6249649787323, 44.0215032526665], [-69.624836444375, 44.0215534737848], [-69.6247161779272, 44.0216486686426], [-69.6246025075803, 44.0217033090519], [-69.6245575582458, 44.0217305660433], [-69.6245657852484, 44.021771037532], [-69.6245661160629, 44.0218025478258], [-69.624619770035, 44.0218247613618], [-69.6246730783269, 44.0218514811923], [-69.6247272498936, 44.0219232126652], [-69.6247515892025, 44.0220131150546], [-69.62474650924, 44.0221977128056]], [[-69.6160895623952, 44.0294339782915], [-69.6162479168795, 44.0295501690931], [-69.6162863369899, 44.0295319540692], [-69.616316787688, 44.0294597622446], [-69.6164165171008, 44.0294502198884], [-69.6164847782713, 44.0294138396056], [-69.6165238970628, 44.0293506034995], [-69.6166385585034, 44.0293139700348], [-69.6167304149841, 44.0292594535627], [-69.6168688975507, 44.0291506646073], [-69.6169077343926, 44.0290604222499], [-69.6169208448379, 44.0287452308111], [-69.6169386792579, 44.0285470577664], [-69.6169023876589, 44.028394196012], [-69.6168361465886, 44.0282865122772], [-69.6167073903621, 44.0282421882918], [-69.6166153475001, 44.0282786988642], [-69.616522972756, 44.0283962439856], [-69.6163295364826, 44.0286583875991], [-69.6160821210438, 44.0288668003695], [-69.6159297093038, 44.0289486522264], [-69.6158369655273, 44.0290301849821], [-69.615805438456, 44.0291113850323], [-69.6157663920324, 44.0292196368385], [-69.6157035783853, 44.0292920038249], [-69.6156957451751, 44.0293640736091], [-69.6157402580519, 44.0294448638459], [-69.6159688930171, 44.029380608231], [-69.6160301140219, 44.0293802781593], [-69.6160895623952, 44.0294339782915]], [[-69.6091488587559, 44.0383395808499], [-69.6091987876687, 44.0384923720952], [-69.6092905118584, 44.0385369019481], [-69.6094116896729, 44.0385632650631], [-69.6096330719853, 44.0384720487993], [-69.6099238946765, 44.0383444485987], [-69.6100851197079, 44.0382445509485], [-69.6100856424483, 44.0381815250268], [-69.6100949548401, 44.0381004399011], [-69.6101650092363, 44.0380100341689], [-69.6102724150359, 44.0379104236558], [-69.6103876155318, 44.0378107713979], [-69.610442145556, 44.0377654610947], [-69.6102904760989, 44.0376942438765], [-69.6101622070917, 44.0376229032904], [-69.6100720437056, 44.037578368497], [-69.6099411245046, 44.037705113757], [-69.6098641624403, 44.0377685477285], [-69.6098328074021, 44.0378677546621], [-69.609823217621, 44.0379218264485], [-69.6098076922882, 44.03796692558], [-69.6097842720369, 44.0380030643126], [-69.6096456673699, 44.0381028381433], [-69.6095548678957, 44.0381483442726], [-69.6094937300613, 44.0381576720662], [-69.6094182954554, 44.0381040511537], [-69.6093499949462, 44.0380233881451], [-69.6092747439332, 44.037987775725], [-69.6091766462565, 44.0380063056717], [-69.6091221162627, 44.0380516126683], [-69.6091054877962, 44.038141738352], [-69.6091488587559, 44.0383395808499]], [[-69.6300721680968, 44.0172175819759], [-69.629768890013, 44.0173299570246], [-69.6296486664479, 44.0175601755513], [-69.629773749252, 44.0177890447841], [-69.6300793741735, 44.0178980636652], [-69.6304073094962, 44.0178307905617], [-69.6305877629108, 44.0176220551431], [-69.630586341592, 44.0174879464871], [-69.6304014867634, 44.0172812269347], [-69.6300721680968, 44.0172175819759]], [[-69.6117513028355, 44.0344902125049], [-69.6117044611286, 44.03456249081], [-69.6116966224543, 44.0346345611859], [-69.6117484503619, 44.0347063112028], [-69.6118600000878, 44.0348587714271], [-69.6118873677002, 44.035092715149], [-69.6119436709126, 44.0353715228663], [-69.612194914709, 44.0353791767612], [-69.6122867623208, 44.0353606777108], [-69.6122876758413, 44.0352976496542], [-69.612249587055, 44.0352348279037], [-69.612220875355, 44.0351359448442], [-69.6122077175801, 44.0349559456924], [-69.6121510784042, 44.0347581753319], [-69.6120145119159, 44.0347138888577], [-69.6119541779985, 44.0346872026135], [-69.6119022571986, 44.0346064479481], [-69.611865152092, 44.0345256166171], [-69.6117899052886, 44.0344900058084], [-69.6117513028355, 44.0344902125049]], [[-69.6091023800887, 44.0342972858874], [-69.6090562472908, 44.0343245412353], [-69.6090781591344, 44.0343694434231], [-69.6091684053869, 44.0344229829255], [-69.6093123793578, 44.0344672315008], [-69.6096309726462, 44.0345015457619], [-69.6098197045141, 44.0345365523324], [-69.609926330897, 44.0345900038053], [-69.610039294521, 44.0346524238799], [-69.6101607592146, 44.0346697821513], [-69.6103730966215, 44.0346866548638], [-69.6104418283694, 44.0346952928993], [-69.6104652481867, 44.0346591540142], [-69.6104196381372, 44.0346233839485], [-69.6103057820408, 44.0345879775324], [-69.6102689612806, 44.0345341535788], [-69.6102463646717, 44.034498260518], [-69.6101720110443, 44.0344356344563], [-69.6097770017953, 44.0343657158085], [-69.6094892396551, 44.0342952228315], [-69.6092844050992, 44.0342873110029], [-69.6091023800887, 44.0342972858874]], [[-69.6059777718648, 44.0516770073749], [-69.6058226968186, 44.0517723664966], [-69.6057639989635, 44.0518311981054], [-69.605734881202, 44.0519213875032], [-69.6057358447473, 44.0520159191179], [-69.6057368541803, 44.0521149521934], [-69.6057527989554, 44.0521868931473], [-69.6057756328873, 44.0522452951553], [-69.6058724440022, 44.0522897979662], [-69.6059080823739, 44.0521500560966], [-69.6059588406851, 44.0520012342113], [-69.6060021627493, 44.0518884581872], [-69.6060822700687, 44.0517484803775], [-69.6061337609132, 44.0516716773144], [-69.6061629973127, 44.0516310086502], [-69.6060808469073, 44.051608935039], [-69.6059777718648, 44.0516770073749]], [[-69.6112139302244, 44.0504291538722], [-69.6111526874866, 44.0504294814866], [-69.6110916261742, 44.0504478176264], [-69.6110445936324, 44.0505020869581], [-69.6110217438655, 44.0505562296434], [-69.6110361379902, 44.05062817817], [-69.6110879792627, 44.0506999282106], [-69.6111484229686, 44.0507356185582], [-69.6112170783013, 44.0507352512908], [-69.6112854583599, 44.0507078788163], [-69.611346121677, 44.0506895447033], [-69.6113706278937, 44.0506443956038], [-69.6113789522051, 44.0505813280653], [-69.6113559555143, 44.0505454374676], [-69.6113567546986, 44.0505094195367], [-69.611335228288, 44.0504645185535], [-69.6112810248618, 44.0504287949158], [-69.6112139302244, 44.0504291538722]], [[-69.603963950168, 44.0275989935336], [-69.6039404376664, 44.0276261245695], [-69.6039249079887, 44.0276712248066], [-69.6038707514747, 44.0277525412007], [-69.6038174860741, 44.0278068434101], [-69.6037546555464, 44.027879203939], [-69.6037549297212, 44.027906213739], [-69.6037841531756, 44.027942071307], [-69.6038602819012, 44.0279506733253], [-69.6039287281914, 44.0279323046526], [-69.6040358703403, 44.0279227339191], [-69.6040674129033, 44.027841537012], [-69.6040839536545, 44.0277424125139], [-69.6041154045981, 44.027652210825], [-69.6040938920858, 44.0276073064195], [-69.6040398968374, 44.0275895867945], [-69.603963950168, 44.0275989935336]], [[-69.6202447039251, 44.0285021471659], [-69.6202449855941, 44.0285291568798], [-69.6202660023816, 44.0286370850547], [-69.6203016167706, 44.028798951954], [-69.6203301322262, 44.0289158437478], [-69.620398762249, 44.0289154711085], [-69.6204377060943, 44.0287982130261], [-69.6204539243942, 44.0287080922836], [-69.6204560898493, 44.0286540598407], [-69.6204114772602, 44.0285642667259], [-69.6202989362841, 44.0284298269655], [-69.6202447039251, 44.0285021471659]], [[-69.6145627491941, 44.0303695586811], [-69.6144939713887, 44.0304689629024], [-69.6144624379952, 44.0305501625967], [-69.6144466180104, 44.0306042692442], [-69.6144596571664, 44.0306582197876], [-69.6145362731899, 44.0306758146094], [-69.6146289320122, 44.0305852808439], [-69.6147363157675, 44.0304856661324], [-69.6147538262912, 44.0303685307351], [-69.6147309297917, 44.030341639993], [-69.6145627491941, 44.0303695586811]], [[-69.6132895964834, 44.0229305423015], [-69.6132652922642, 44.0229936960532], [-69.6132643835954, 44.0230567269269], [-69.6133086086693, 44.0231105102788], [-69.6133925343519, 44.0231190623002], [-69.6134611540335, 44.0231186938864], [-69.6135306717446, 44.0230913111402], [-69.6135396937957, 44.022983221215], [-69.6134650727076, 44.0228935864324], [-69.6133124350922, 44.0228763989676], [-69.6132895964834, 44.0229305423015]], [[-69.6085184051807, 44.0506686267903], [-69.6086855686531, 44.0506497295089], [-69.6088916279223, 44.0506576340393], [-69.6088542411961, 44.0505497941182], [-69.6088329010974, 44.0505228966971], [-69.6087875782411, 44.0504781220389], [-69.6086502693547, 44.0504788536028], [-69.6085658760057, 44.0505423261541], [-69.608526639083, 44.0505965556263], [-69.6084732692773, 44.0506418560393], [-69.6085184051807, 44.0506686267903]], [[-69.6176745734982, 44.0270485083906], [-69.6176587573271, 44.0271026145933], [-69.6176427541606, 44.0271387158049], [-69.6176131205867, 44.0271388759957], [-69.6176349235561, 44.0272107857339], [-69.6176499279919, 44.0272287142227], [-69.6176641537634, 44.0272466415168], [-69.6177093693792, 44.0272824108691], [-69.6177628817981, 44.0272911240945], [-69.6178466244742, 44.0272816687262], [-69.617877446248, 44.0272454882506], [-69.6178854635845, 44.0271914214942], [-69.6178639409224, 44.0271465242387], [-69.6178334466906, 44.027101670091], [-69.6177809165947, 44.0270749455873], [-69.6177205878832, 44.0270482596217], [-69.6176745734982, 44.0270485083906]], [[-69.6145118676806, 44.031333196386], [-69.6144957672157, 44.0313602942114], [-69.614479760998, 44.0313963940705], [-69.6144943589871, 44.0314503389198], [-69.6145171467557, 44.0315042352164], [-69.6146150103569, 44.0315397225862], [-69.6146530563183, 44.0314854972575], [-69.6146771762965, 44.0314043347064], [-69.6146783981883, 44.0312962886123], [-69.6146034354395, 44.0312876875379], [-69.6145118676806, 44.031333196386]], [[-69.6041912856226, 44.0261392289116], [-69.604152956644, 44.02616644375], [-69.6041443534795, 44.0262025030497], [-69.6041672447948, 44.0262293905608], [-69.6042734890854, 44.0262468365074], [-69.6043943652018, 44.026246197151], [-69.6044188631183, 44.0262010511974], [-69.6043810629977, 44.0261652373489], [-69.6042747298473, 44.0261387876195], [-69.6041912856226, 44.0261392289116]], [[-69.5829851527573, 44.0885259508729], [-69.5829377993562, 44.0885532016656], [-69.5829233189682, 44.0885892889721], [-69.5829371557675, 44.0886072250834], [-69.5829525564256, 44.0886251532133], [-69.583006123057, 44.0886338841313], [-69.5830748225643, 44.0886335335371], [-69.5831348449196, 44.0886242229353], [-69.5831592157125, 44.0886015919528], [-69.5831355730445, 44.0885792033411], [-69.5831126643459, 44.0885523093005], [-69.583068684961, 44.088525524593], [-69.5829851527573, 44.0885259508729]]]}, "properties": {"OBJECTID": 7031, "TOWN": "Newcastle", "COUNTY": "Lincoln", "GEOCODE": "15110", "GEOCODENUM": 15110, "CNTYCODE": "15", "LAND": "n", "TAG": "n", "ISLAND": "n", "CIREG": " ", "LURC": "n", "BAXTER": "n", "ISLANDID": "0", "TYPE": "coast", "DOT_REGNUM": 2, "DOT_REGION": "MID-COAST", "GlobalID": "1ffabf56-12d4-47ed-a36c-2666be7e0a60", "created_user": "Emily.Pettit@maine.gov_maine", "created_date": 1709078788387, "last_edited_user": "Emily.Pettit@maine.gov_maine", "last_edited_date": 1709078788387, "Shape__Area": 3398512.3579101562, "Shape__Length": 77056.65983240606}}, {"type": "Feature", "id": 7032, "geometry": {"type": "Polygon", "coordinates": [[[-69.6300721680968, 44.0172175819759], [-69.6304014867634, 44.0172812269347], [-69.630586341592, 44.0174879464871], [-69.6305877629108, 44.0176220551431], [-69.6304073094962, 44.0178307905617], [-69.6300793741735, 44.0178980636652], [-69.629773749252, 44.0177890447841], [-69.6296486664479, 44.0175601755513], [-69.629768890013, 44.0173299570246], [-69.6300721680968, 44.0172175819759]]]}, "properties": {"OBJECTID": 7032, "TOWN": "Newcastle", "COUNTY": "Lincoln", "GEOCODE": "15110", "GEOCODENUM": 15110, "CNTYCODE": "15", "LAND": "y", "TAG": "n", "ISLAND": "y", "CIREG": "y", "LURC": "n", "BAXTER": "n", "ISLANDID": "65-334", "TYPE": "coast", "DOT_REGNUM": 2, "DOT_REGION": "MID-COAST", "GlobalID": "11db6163-e9f6-4daf-89d8-aad4811d0fa4", "created_user": "Emily.Pettit@maine.gov_maine", "created_date": 1709078788387, "last_edited_user": "Emily.Pettit@maine.gov_maine", "last_edited_date": 1709078788387, "Shape__Area": 4150.4842529296875, "Shape__Length": 233.50584574949346}}]}